t,visible,near600,alive,spawned,killed,level,hit_damage,memory,erasure_global,xp_gained,xp_orbs,spawned_hp,damage_dealt,essence_gained
1,0,0,0,0,0,1,0,0.99,0.00,0,0,0,0,0
2,0,0,0,0,0,1,0,0.98,0.00,0,0,0,0,0
3,0,0,0,0,0,1,0,0.97,0.00,0,0,0,0,0
4,0,0,0,0,0,1,0,0.96,0.00,0,0,0,0,0
5,0,0,0,0,0,1,0,0.95,0.00,0,0,0,0,0
6,0,0,0,0,0,1,0,0.94,0.00,0,0,0,0,0
7,0,0,0,0,0,1,0,0.94,0.00,0,0,0,0,0
8,0,0,0,0,0,1,0,0.93,0.00,0,0,0,0,0
9,1,5,5,5,0,1,0,0.93,0.00,0,0,1093,0,0
10,5,5,5,5,0,1,0,0.92,0.00,0,0,1093,0,0
11,5,5,5,5,0,1,0,0.92,0.00,0,0,1093,0,0
12,0,4,6,6,0,1,0,0.92,0.01,0,0,1148,0,0
13,0,5,10,10,0,1,0,0.92,0.01,0,0,1368,0,0
14,0,0,10,10,0,1,0,0.92,0.01,0,0,1368,0,0
15,5,6,16,16,0,1,0,0.92,0.01,0,0,1682,0,0
16,6,7,17,17,0,1,0,0.91,0.01,0,0,1710,0,0
17,3,7,13,17,0,1,5,0.91,0.01,0,0,1710,19,0
18,2,5,13,17,0,1,5,0.90,0.01,0,0,1710,29,0
19,1,5,13,18,1,1,5,0.90,0.01,0,1,1821,38,1
20,1,5,13,18,1,1,5,0.90,0.01,0,1,1821,38,1
21,1,7,13,18,1,1,5,0.90,0.01,0,1,1821,48,1
22,3,7,13,18,1,1,5,0.91,0.01,0,1,1821,67,1
23,2,7,12,19,2,1,5,0.90,0.01,8,1,1849,77,2
24,5,7,12,19,2,1,5,0.90,0.01,8,1,1849,77,2
25,6,8,13,20,2,1,5,0.90,0.01,8,1,1998,77,10
26,7,9,14,21,2,1,16,0.90,0.01,8,1,2031,77,10
27,5,9,14,21,2,1,16,0.90,0.01,8,1,2031,77,10
28,1,4,15,22,2,1,16,0.90,0.01,8,1,2065,77,10
29,3,6,21,28,2,1,16,0.91,0.01,8,1,2240,77,10
30,3,9,24,31,2,1,21,0.91,0.01,8,1,2414,86,10
31,4,9,19,31,2,1,21,0.91,0.01,8,1,2414,96,10
32,3,4,16,32,2,1,21,0.91,0.01,8,1,2640,115,10
33,6,9,18,37,2,1,21,0.90,0.01,8,1,3189,125,10
34,3,6,17,38,2,1,21,0.91,0.02,8,1,3223,125,10
35,1,7,22,44,2,1,21,0.90,0.02,8,1,3529,125,10
36,2,8,24,46,2,1,21,0.90,0.02,8,1,3598,125,10
37,5,10,24,46,2,1,21,0.90,0.02,8,1,3598,134,20
38,9,14,25,47,2,1,21,0.90,0.02,8,1,3632,154,20
39,10,15,25,47,2,1,28,0.91,0.02,8,1,3632,173,20
40,7,9,19,47,3,1,28,0.90,0.02,8,3,3632,182,21
41,5,12,21,50,3,1,28,0.90,0.02,8,3,3895,192,21
42,7,14,21,50,3,1,28,0.90,0.02,8,3,3895,192,21
43,10,17,21,50,3,1,28,0.90,0.02,8,3,3895,192,21
44,12,18,22,51,3,2,28,0.90,0.02,37,3,4010,211,21
45,13,17,21,51,4,2,40,0.90,0.02,37,4,4010,230,22
46,12,16,21,51,4,2,40,0.89,0.02,37,4,4010,240,22
47,8,17,22,52,4,2,40,0.89,0.02,46,3,4068,259,22
48,10,17,22,52,4,2,40,0.88,0.02,46,3,4068,269,22
49,11,17,21,52,5,2,89,0.88,0.02,54,3,4068,288,32
50,11,17,22,53,5,2,116,0.88,0.02,54,3,4097,307,32
51,8,12,22,53,5,2,116,0.89,0.02,54,3,4097,317,32
52,8,12,23,57,5,2,116,0.88,0.02,54,3,4213,326,32
53,8,10,26,60,5,2,116,0.88,0.02,54,3,4312,336,32
54,7,15,30,65,5,2,116,0.88,0.02,54,3,4895,346,32
55,8,14,25,66,5,2,116,0.88,0.02,54,3,4925,355,32
56,8,8,25,66,5,2,116,0.89,0.03,54,3,4925,365,32
57,3,15,32,74,5,2,116,0.89,0.03,54,3,5696,374,32
58,7,13,32,79,5,2,116,0.89,0.03,54,3,5989,394,32
59,8,14,32,79,5,2,116,0.89,0.03,54,3,5989,413,32
60,11,24,33,80,5,2,116,0.89,0.03,54,3,6048,422,32
61,8,14,30,80,5,2,137,0.88,0.03,54,3,6048,442,32
62,8,23,31,81,5,2,137,0.88,0.03,54,3,6107,451,32
63,11,25,31,81,5,2,137,0.88,0.03,54,3,6107,470,32
64,25,32,32,82,5,2,165,0.88,0.03,54,3,6166,490,32
65,28,31,32,82,5,2,202,0.88,0.03,54,3,6166,499,32
66,11,31,32,82,5,2,202,0.88,0.03,54,3,6166,509,32
67,2,23,33,83,5,2,202,0.89,0.03,54,3,6285,528,32
68,2,14,33,83,5,2,202,0.89,0.03,54,3,6285,547,32
69,8,13,34,84,5,2,202,0.90,0.03,54,3,6404,557,32
70,12,16,43,93,5,2,202,0.90,0.03,54,3,7478,566,32
71,14,20,44,94,5,2,202,0.90,0.03,54,3,7598,576,38
72,15,25,44,94,5,2,202,0.90,0.03,54,3,7598,595,38
73,12,25,45,95,5,2,202,0.90,0.03,54,3,7718,614,38
74,15,22,44,95,6,2,202,0.90,0.03,54,4,7718,624,39
75,14,28,44,96,7,2,202,0.90,0.03,54,5,7838,643,40
76,14,29,43,96,8,2,284,0.90,0.03,71,4,7838,662,41
77,13,26,43,97,9,2,317,0.90,0.03,80,4,7959,672,42
78,6,15,47,101,9,2,317,0.90,0.04,88,3,8261,691,42
79,14,23,54,110,9,2,317,0.90,0.04,88,3,8895,701,42
80,16,22,68,126,10,2,317,0.90,0.04,88,4,9477,720,43
81,13,54,69,127,10,2,344,0.90,0.04,97,3,9537,739,43
82,28,56,69,127,10,2,350,0.90,0.04,97,3,9537,739,43
83,32,47,70,128,10,2,399,0.90,0.04,97,3,9598,758,43
84,26,39,63,128,11,2,405,0.90,0.04,97,5,9598,778,44
85,30,35,64,129,11,2,405,0.90,0.04,97,5,9659,787,44
86,19,29,64,129,11,2,405,0.90,0.04,110,3,9659,806,44
87,11,22,61,130,11,2,411,0.90,0.04,110,3,9690,816,44
88,10,22,57,135,11,2,428,0.89,0.04,110,3,10370,835,44
89,17,21,56,140,12,2,433,0.89,0.04,110,5,10891,845,45
90,18,28,52,147,12,2,450,0.89,0.04,123,3,11658,864,45
91,15,21,48,147,13,2,461,0.88,0.04,123,5,11658,883,46
92,18,35,49,148,13,2,478,0.88,0.04,123,5,11689,893,46
93,16,25,49,148,13,3,501,0.88,0.04,136,3,11689,912,46
94,10,26,48,149,13,3,535,0.88,0.04,136,3,11720,922,46
95,12,31,44,149,13,3,569,0.88,0.04,136,3,11720,941,46
96,14,31,45,150,13,3,620,0.88,0.04,136,3,11751,960,46
97,10,27,44,150,14,3,642,0.88,0.04,136,5,11751,970,47
98,8,19,37,151,15,3,665,0.87,0.04,155,4,11788,989,48
99,4,23,45,159,15,3,671,0.87,0.04,162,3,12211,998,48
100,8,14,45,160,16,3,676,0.87,0.05,162,5,12242,1018,49
101,13,21,53,168,16,3,688,0.86,0.05,175,3,12598,1027,49
102,14,21,50,170,16,3,702,0.89,0.05,175,3,12698,1046,49
103,12,21,44,175,16,3,713,0.89,0.05,175,3,13261,1066,49
104,10,23,47,180,16,3,730,0.89,0.05,175,3,13669,1075,49
105,11,18,48,183,17,3,758,0.88,0.05,175,5,13972,1094,50
106,11,21,52,187,17,3,763,0.89,0.05,188,3,14223,1104,50
107,18,29,53,188,17,3,790,0.88,0.05,188,3,14286,1123,50
108,21,30,53,188,17,3,845,0.88,0.05,188,3,14286,1142,50
109,21,32,54,189,17,3,874,0.88,0.05,188,3,14349,1152,50
110,18,34,54,190,17,3,924,0.88,0.05,188,3,14413,1171,50
111,20,35,54,190,17,3,979,0.88,0.05,188,3,14413,1181,50
112,23,34,55,191,17,3,1103,0.88,0.05,188,3,14476,1200,50
113,26,37,55,191,17,3,1212,0.88,0.05,188,3,14476,1210,50
114,28,41,56,192,17,3,1366,0.88,0.05,188,3,14539,1229,50
115,34,42,56,192,17,3,1535,0.88,0.05,188,3,14539,1248,50
116,34,43,56,193,18,3,1770,0.88,0.05,199,3,14603,1258,51
117,37,44,56,193,18,3,2103,0.88,0.05,199,3,14603,1277,51
118,39,45,57,194,18,3,2405,0.88,0.05,199,3,14635,1286,51
119,41,44,58,195,18,3,2521,0.88,0.05,199,3,14667,1306,51
120,43,44,58,195,18,3,2594,0.88,0.05,199,3,14667,1325,51
121,43,44,58,196,19,3,2733,0.88,0.06,199,4,14699,1334,52
122,44,45,58,196,19,3,3043,0.88,0.06,207,3,14699,1354,52
123,45,47,59,197,19,3,3143,0.88,0.06,207,3,14731,1363,52
124,38,47,58,197,19,3,3143,0.88,0.06,207,3,14731,1373,52
125,43,47,58,198,20,3,3143,0.88,0.06,207,5,14764,1392,53
126,46,47,58,198,20,3,3231,0.88,0.06,220,3,14764,1411,53
127,47,48,58,199,21,3,3242,0.88,0.06,220,5,14829,1430,54
128,45,53,59,200,21,3,3242,0.88,0.06,220,5,14867,1440,54
129,9,23,59,200,21,3,3242,0.88,0.06,220,5,14867,1450,54
130,11,16,71,212,21,3,3248,0.88,0.06,220,5,16210,1469,54
131,21,28,87,228,21,3,3259,0.88,0.06,220,5,16948,1488,54
132,13,25,90,231,21,3,3259,0.88,0.06,220,5,17066,1498,54
133,8,16,101,244,21,3,3265,0.88,0.06,220,5,17911,1517,54
134,9,21,86,261,21,3,3271,0.85,0.06,220,5,18807,1526,54
135,15,28,89,267,21,3,3271,0.85,0.06,220,5,19213,1546,63
136,20,33,90,268,21,3,3311,0.85,0.06,220,5,19344,1565,63
137,23,35,91,269,21,3,3438,0.85,0.06,220,5,19476,1574,63
138,18,28,94,274,21,3,3516,0.86,0.06,220,5,19950,1594,63
139,8,30,86,283,21,3,3516,0.86,0.06,220,5,20444,1603,63
140,11,27,70,286,21,3,3523,0.88,0.06,220,5,20642,1622,63
141,20,32,62,287,21,4,3538,0.88,0.06,295,5,20708,1642,63
142,20,37,62,287,21,4,3560,0.87,0.06,295,5,20708,1651,63
143,21,31,63,288,21,4,3590,0.85,0.07,295,5,20741,1670,63
144,19,32,66,296,21,4,3590,0.85,0.07,295,5,21026,1680,63
145,6,25,63,299,21,4,3607,0.86,0.07,295,5,21148,1699,63
146,15,31,63,308,21,4,3618,0.85,0.07,295,5,21987,1709,63
147,15,31,62,308,21,4,3618,0.85,0.07,295,5,21987,1728,63
148,20,32,63,309,21,4,3618,0.85,0.07,295,5,22120,1747,63
149,26,32,59,309,21,4,3618,0.85,0.07,295,5,22120,1757,63
150,27,38,60,310,21,4,3648,0.85,0.07,295,5,22187,1776,63
151,28,44,60,310,21,4,3722,0.85,0.07,295,5,22187,1795,63
152,35,45,61,311,21,4,3865,0.85,0.07,295,5,22221,1805,63
153,38,48,60,311,22,4,4031,0.85,0.07,295,7,22221,1824,64
154,42,49,61,312,22,4,4236,0.85,0.07,306,5,22254,1834,64
155,44,50,61,313,22,4,4488,0.85,0.07,306,5,22288,1853,64
156,49,50,61,313,22,4,4844,0.85,0.07,306,5,22288,1872,64
157,50,51,62,314,22,4,5307,0.85,0.07,306,5,22322,1882,64
158,50,51,62,314,22,4,5732,0.85,0.07,306,5,22322,1901,64
159,51,53,63,315,22,4,6230,0.85,0.07,306,5,22356,1910,64
160,51,52,62,315,23,4,6696,0.84,0.07,315,5,22356,1930,65
161,51,53,63,316,23,4,7225,0.84,0.07,315,5,22492,1949,65
162,50,53,63,317,24,4,7734,0.84,0.07,315,6,22526,1958,66
163,51,53,63,317,24,4,8222,0.85,0.07,324,5,22526,1978,66
164,46,55,64,318,24,4,8234,0.84,0.08,324,5,22560,1987,66
165,25,55,64,318,24,4,8234,0.86,0.08,324,5,22560,1997,66
166,27,57,65,319,24,4,8234,0.84,0.08,324,5,22628,2016,66
167,30,57,65,319,24,4,8359,0.84,0.08,324,5,22628,2035,66
168,47,63,65,320,25,4,8470,0.84,0.08,333,5,22697,2054,67
169,54,60,64,320,26,4,8582,0.85,0.08,333,6,22697,2064,68
170,55,59,65,321,26,4,8582,0.85,0.08,333,6,22766,2083,68
171,55,60,65,322,27,4,8582,0.85,0.08,333,8,22835,2093,69
172,56,61,65,322,27,4,8779,0.85,0.08,350,6,22835,2112,69
173,58,61,66,323,27,4,9019,0.84,0.08,350,6,22904,2131,69
174,60,62,66,323,27,4,9027,0.84,0.08,350,6,22904,2141,69
175,53,62,67,324,27,4,9027,0.85,0.08,350,6,22973,2150,69
176,62,63,67,324,27,4,9083,0.85,0.08,350,6,22973,2170,69
177,61,63,67,325,28,4,9274,0.85,0.08,350,7,23043,2189,70
178,51,53,57,332,45,4,9496,0.84,0.08,358,24,23364,3218,99
179,51,53,57,332,45,5,9658,0.84,0.08,513,6,23364,3242,99
180,52,54,58,333,45,5,9911,0.85,0.08,694,6,23434,3281,104
181,52,55,58,333,45,5,9922,0.84,0.08,703,5,23434,3329,104
182,51,53,59,334,45,5,9922,0.84,0.08,703,5,23504,3358,104
183,6,7,59,334,45,5,9922,0.85,0.08,703,5,23504,3358,104
184,7,20,77,352,45,5,9922,0.86,0.09,703,5,24708,3358,104
185,9,37,94,369,45,5,9922,0.86,0.09,703,5,25945,3372,104
186,21,38,95,371,46,5,9922,0.86,0.09,703,6,26086,3401,105
187,28,39,96,372,46,5,9922,0.86,0.09,712,5,26156,3430,105
188,30,39,95,372,47,6,9954,0.86,0.09,761,5,26156,3468,106
189,20,75,95,373,48,6,9954,0.86,0.09,761,6,26192,3557,107
190,41,63,94,373,49,6,9954,0.85,0.09,761,7,26192,3567,108
191,7,54,95,374,49,6,9954,0.85,0.09,761,7,26227,3567,108
192,4,16,96,375,49,6,9954,0.86,0.09,761,7,26263,3586,108
193,4,28,109,389,50,6,9954,0.85,0.09,761,9,27359,3622,109
194,15,28,120,400,50,6,9960,0.85,0.09,778,7,27830,3631,109
195,18,29,113,407,51,6,10010,0.85,0.09,787,7,28478,3741,110
196,22,30,118,418,52,6,10010,0.85,0.09,787,8,29861,3830,111
197,28,38,102,422,53,6,10010,0.84,0.09,787,9,30250,3876,112
198,18,29,103,423,53,6,10016,0.84,0.09,787,9,30302,3960,112
199,23,31,109,432,54,6,10016,0.83,0.09,787,10,31188,3999,113
200,27,38,98,443,54,6,10036,0.82,0.09,787,10,31915,4082,113
201,23,41,76,446,55,6,10072,0.82,0.09,787,11,32145,4162,114
202,26,43,74,446,56,6,10084,0.83,0.09,797,12,32145,4217,115
203,32,52,75,447,56,6,10084,0.83,0.09,814,10,32189,4250,115
204,33,52,72,447,59,6,10196,0.83,0.09,823,12,32189,4349,118
205,23,46,73,448,59,6,10254,0.82,0.10,841,10,32232,4414,118
206,8,40,71,449,60,6,10254,0.83,0.10,841,11,32377,4485,119
207,12,25,73,458,60,6,10254,0.85,0.10,841,11,33235,4485,119
208,21,41,73,465,60,6,10254,0.84,0.10,841,11,33802,4528,119
209,26,41,73,465,60,6,10278,0.84,0.10,841,11,33802,4636,119
210,36,46,74,466,60,6,10301,0.82,0.10,841,11,33875,4715,119
211,37,40,74,466,60,6,10317,0.82,0.10,841,11,33875,4794,119
212,30,34,77,469,60,6,10317,0.82,0.10,841,11,34095,4813,119
213,20,32,90,482,60,6,10317,0.83,0.10,841,11,34771,4813,119
214,19,42,88,485,60,6,10317,0.83,0.10,841,11,35101,4813,119
215,34,43,89,486,60,6,10317,0.83,0.10,841,11,35248,4813,119
216,42,47,89,486,60,6,10328,0.83,0.10,841,11,35248,4822,119
217,45,47,88,487,61,6,10439,0.83,0.10,841,12,35396,4907,120
218,44,47,86,487,63,6,10690,0.83,0.10,851,13,35396,4962,122
219,44,52,86,488,64,6,10981,0.83,0.10,878,11,35543,5041,123
220,44,53,86,489,65,6,11239,0.83,0.10,878,12,35692,5131,124
221,46,53,86,489,65,6,11571,0.83,0.10,887,11,35692,5196,124
222,53,56,86,490,66,6,11983,0.83,0.10,897,11,35729,5261,125
223,53,54,84,490,68,6,12359,0.83,0.10,908,12,35729,5345,127
224,54,55,85,491,68,6,12734,0.83,0.10,917,11,35766,5410,127
225,52,53,83,491,70,6,13144,0.83,0.11,938,11,35766,5485,129
226,51,53,82,492,71,6,13403,0.83,0.11,938,12,35803,5560,130
227,46,52,79,493,71,6,13403,0.84,0.11,938,12,35953,5588,130
228,50,53,75,493,72,6,13527,0.83,0.11,947,12,35953,5687,131
229,31,52,72,494,74,6,13645,0.83,0.11,957,13,36103,5762,133
230,29,49,68,494,77,7,13836,0.83,0.11,1003,11,36103,5855,136
231,46,49,68,496,79,7,13994,0.83,0.11,1021,11,36298,5917,138
232,27,45,59,499,86,7,14095,0.83,0.11,1040,17,36411,6113,145
233,18,42,51,499,86,7,14143,0.83,0.11,1079,12,36411,6221,145
234,15,22,51,504,86,7,14143,0.83,0.11,1088,11,37280,6236,145
235,15,25,65,518,86,7,14151,0.84,0.11,1088,11,38619,6281,145
236,25,40,81,535,86,7,14151,0.84,0.11,1088,11,40394,6310,145
237,23,35,85,541,86,7,14191,0.84,0.11,1088,11,41266,6404,145
238,23,38,90,548,87,7,14215,0.84,0.11,1088,13,42040,6515,146
239,29,48,90,549,88,7,14247,0.84,0.11,1100,13,42192,6596,147
240,28,56,99,558,88,7,14271,0.84,0.11,1112,11,42717,6661,147
241,37,52,114,575,88,7,14271,0.83,0.11,1112,11,44788,6706,147
242,32,53,121,592,88,7,14288,0.83,0.11,1112,11,46817,6810,147
243,20,46,113,601,88,7,14288,0.83,0.11,1112,11,47614,6834,147
244,22,48,113,614,89,7,14293,0.80,0.12,1112,13,48322,6889,148
245,32,53,124,627,89,7,14293,0.81,0.12,1123,11,49254,6918,148
246,36,57,125,630,91,7,14321,0.81,0.12,1147,11,49345,7016,150
247,38,59,125,632,93,7,14358,0.81,0.12,1159,13,49406,7087,152
248,38,71,126,634,94,7,14433,0.81,0.12,1182,11,49466,7140,153
249,47,75,126,635,95,7,14597,0.81,0.12,1194,11,49497,7227,154
250,49,79,126,636,96,7,14747,0.81,0.12,1194,13,49527,7318,155
251,54,81,125,636,97,7,15029,0.81,0.12,1212,12,49527,7385,156
252,59,82,125,637,98,7,15304,0.81,0.12,1218,13,49558,7476,157
253,66,79,121,638,103,7,15611,0.81,0.12,1230,20,49588,7737,162
254,66,80,119,639,105,7,15866,0.81,0.12,1307,14,49619,7815,164
255,68,84,119,640,106,8,16057,0.81,0.12,1352,11,49649,7885,165
256,70,81,116,641,110,8,16321,0.81,0.12,1369,17,49680,7971,169
257,61,75,114,643,113,8,16364,0.81,0.13,1469,15,49818,8064,172
258,59,75,109,651,115,8,16415,0.81,0.13,1502,16,50372,8142,174
259,25,59,116,661,115,8,16415,0.81,0.13,1514,14,51240,8221,174
260,36,48,118,678,115,8,16433,0.81,0.13,1538,11,53565,8259,174
261,48,71,127,691,115,8,16479,0.81,0.13,1538,11,54525,8348,174
262,65,74,126,691,116,8,16579,0.81,0.13,1562,11,54525,8457,175
263,89,99,134,699,116,8,16677,0.81,0.13,1562,11,54771,8537,175
264,71,104,136,701,116,8,16702,0.81,0.13,1562,11,54833,8626,175
265,37,79,134,701,118,8,16702,0.81,0.13,1562,13,54833,8699,177
266,8,43,134,701,118,8,16702,0.81,0.13,1562,13,54833,8704,177
267,1,8,134,701,118,8,16702,0.81,0.13,1562,13,54833,8704,177
268,1,2,128,702,118,8,16702,0.81,0.13,1562,13,54942,8704,177
269,6,11,128,711,118,8,16702,0.81,0.13,1562,13,56395,8704,177
270,7,23,128,723,118,8,16702,0.81,0.14,1562,13,57991,8704,177
271,17,33,128,734,118,8,16708,0.80,0.14,1562,13,58881,8768,177
272,32,45,114,747,119,8,16708,0.80,0.14,1562,15,60519,8846,178
273,29,37,101,764,120,8,16708,0.79,0.14,1562,18,62071,8885,179
274,33,47,109,780,120,8,16708,0.79,0.14,1562,18,63213,8904,179
275,35,49,112,797,120,8,16721,0.81,0.14,1562,18,64943,8998,179
276,47,51,122,814,123,8,16721,0.81,0.14,1580,23,65911,9128,182
277,43,52,124,827,123,8,16721,0.80,0.14,1580,23,66398,9167,182
278,35,48,113,839,124,8,16721,0.80,0.14,1589,24,67142,9217,183
279,28,50,125,856,124,8,16748,0.79,0.14,1589,24,68910,9316,183
280,35,55,125,868,124,8,16748,0.79,0.14,1589,24,70281,9395,183
281,47,56,128,880,125,8,16792,0.78,0.14,1589,26,70965,9496,184
282,36,47,118,888,125,8,16809,0.81,0.14,1589,26,71490,9575,184
283,37,46,128,905,125,8,16809,0.80,0.15,1589,26,74397,9650,184
284,27,32,129,912,125,8,16826,0.78,0.15,1589,26,75035,9703,184
285,23,32,122,921,127,8,16826,0.78,0.15,1589,30,75754,9780,186
286,18,32,124,935,128,8,16831,0.78,0.15,1601,30,76724,9814,187
287,19,38,116,948,129,8,16837,0.80,0.15,1607,31,77840,9867,188
288,32,52,110,965,129,8,16852,0.80,0.15,1613,30,80729,9951,188
289,42,67,124,982,130,8,16935,0.80,0.15,1619,31,82304,10042,198
290,55,77,128,987,131,8,16993,0.80,0.15,1631,32,82626,10101,199
291,73,82,128,988,131,8,17044,0.80,0.15,1668,29,82658,10190,199
292,64,84,128,989,131,8,17044,0.80,0.15,1668,29,82691,10255,199
293,72,93,128,990,132,8,17085,0.80,0.15,1676,31,82723,10337,200
294,81,102,131,995,134,8,17278,0.80,0.15,1698,32,82884,10446,202
295,75,83,126,995,139,8,17367,0.80,0.15,1716,41,82884,10684,207
296,58,70,114,1003,139,9,17367,0.80,0.16,1789,31,83631,10699,207
297,43,53,124,1020,140,9,17367,0.80,0.16,1802,33,85426,10721,208
298,18,39,130,1026,140,9,17367,0.79,0.16,1802,33,86266,10740,208
299,35,45,130,1026,140,9,17367,0.79,0.16,1802,33,86266,10783,208
300,43,65,129,1027,142,9,17438,0.80,0.16,1821,36,86528,10878,210
301,68,78,128,1028,144,9,17475,0.80,0.16,1845,37,86587,10954,212
302,80,90,129,1031,146,9,17556,0.80,0.16,1894,35,86684,11109,214
303,85,95,126,1031,149,9,17678,0.80,0.16,1906,42,86684,11213,217
304,89,98,126,1032,150,9,17779,0.80,0.16,1979,35,86744,11307,218
305,35,89,126,1033,151,9,17779,0.79,0.16,1979,38,86809,11328,219
306,8,64,127,1034,151,9,17779,0.79,0.16,1988,37,86892,11371,219
307,7,45,130,1037,151,9,17779,0.78,0.16,1988,37,87321,11380,219
308,9,52,128,1038,151,9,17824,0.78,0.16,1988,37,87585,11484,219
309,16,55,131,1041,151,9,17901,0.78,0.17,1988,37,88147,11564,225
310,43,54,129,1042,154,9,17971,0.78,0.17,2025,43,88263,11625,228
311,51,84,128,1042,155,9,18123,0.78,0.17,2100,40,88263,11713,230
312,51,79,122,1043,162,10,18524,0.78,0.17,2238,36,88314,11942,244
313,53,76,120,1044,165,10,18846,0.78,0.17,2328,28,88356,12119,250
314,43,65,111,1044,174,10,19133,0.78,0.17,2377,40,88356,12656,268
315,31,49,104,1045,175,10,19133,0.77,0.17,2450,31,88399,12823,270
316,27,40,97,1049,175,10,19133,0.77,0.17,2450,31,88682,12859,270
317,16,39,103,1066,186,10,19133,0.76,0.17,2489,51,90247,12969,292
318,15,43,105,1083,187,10,19141,0.77,0.17,2489,54,91315,13072,294
319,27,48,106,1097,188,10,19141,0.77,0.17,2527,53,92382,13122,296
320,29,45,116,1109,188,10,19184,0.76,0.17,2613,41,93208,13248,296
321,34,41,118,1120,188,10,19265,0.76,0.17,2686,30,94649,13344,296
322,35,43,115,1137,188,10,19362,0.75,0.17,2701,28,95795,13465,296
323,22,51,122,1153,188,10,19371,0.76,0.17,2701,28,97008,13599,296
324,35,47,125,1163,188,10,19371,0.77,0.17,2701,28,97810,13666,296
325,23,41,124,1172,188,10,19398,0.77,0.17,2701,28,98619,13772,296
326,24,53,127,1188,188,10,19398,0.78,0.17,2701,28,100309,13792,296
327,26,57,125,1190,188,10,19407,0.76,0.17,2701,28,100452,13891,296
328,26,62,125,1191,189,10,19416,0.76,0.18,2713,28,100524,13937,309
329,38,70,124,1191,189,10,19470,0.76,0.18,2713,28,100524,14038,309
330,38,63,124,1192,190,10,19500,0.76,0.18,2726,28,100597,14102,311
331,9,38,118,1196,190,10,19500,0.76,0.18,2726,28,100857,14111,311
332,11,30,128,1213,190,10,19500,0.76,0.18,2726,28,102463,14111,311
333,19,41,132,1229,190,10,19500,0.76,0.18,2726,28,103357,14121,311
334,15,30,132,1229,190,10,19531,0.77,0.18,2726,28,103357,14204,311
335,9,31,131,1235,191,10,19531,0.77,0.18,2726,29,103997,14214,313
336,12,23,115,1244,191,10,19549,0.76,0.18,2726,29,105151,14263,313
337,18,30,107,1261,191,10,19549,0.76,0.18,2736,28,107480,14318,313
338,21,42,106,1275,193,11,19549,0.76,0.18,3025,32,109401,14415,317
339,36,62,106,1275,193,11,19563,0.76,0.18,3050,28,109401,14434,317
340,35,51,105,1276,193,11,19587,0.77,0.18,3050,28,109576,14592,317
341,15,47,108,1288,193,11,19587,0.76,0.18,3050,28,110983,14707,317
342,16,47,108,1299,193,11,19587,0.76,0.18,3050,28,111785,14756,317
343,22,42,106,1300,193,11,19596,0.77,0.18,3050,28,111838,14862,317
344,19,46,115,1315,193,11,19631,0.77,0.18,3050,28,112926,14968,317
345,20,45,119,1332,195,11,19631,0.77,0.18,3050,31,114539,15056,319
346,16,51,117,1341,199,11,19631,0.76,0.18,3060,34,115136,15179,323
347,22,61,115,1341,200,11,19680,0.76,0.19,3112,30,115136,15259,324
348,38,74,115,1342,201,11,19737,0.77,0.19,3132,28,115190,15370,325
349,53,73,114,1342,202,11,19800,0.77,0.19,3142,28,115190,15460,326
350,52,73,113,1343,204,11,19941,0.76,0.19,3157,29,115243,15670,328
351,60,75,112,1344,206,11,20109,0.76,0.19,3167,31,115332,15823,330
352,64,72,110,1344,208,11,20214,0.76,0.19,3182,31,115332,16007,332
353,64,72,109,1346,210,11,20439,0.76,0.19,3202,32,115756,16141,334
354,59,74,103,1346,215,11,20725,0.76,0.19,3222,35,115756,16398,339
355,57,75,102,1349,219,11,21260,0.76,0.19,3272,36,115966,16787,343
356,53,71,98,1350,224,11,21771,0.76,0.19,3344,30,116020,17163,348
357,47,66,93,1352,231,12,22359,0.76,0.19,3396,33,116131,17510,355
358,43,67,89,1353,236,12,22945,0.76,0.19,3488,31,116176,17843,360
359,42,66,88,1355,239,12,23510,0.76,0.19,3520,32,116312,18051,363
360,46,66,88,1356,240,12,24202,0.76,0.19,3545,30,116357,18346,364
361,49,69,91,1359,240,12,24870,0.76,0.19,3557,28,116812,18628,364
362,50,68,89,1359,242,12,25542,0.76,0.19,3582,30,116812,18922,366
363,47,66,87,1360,245,12,26159,0.76,0.19,3650,29,116857,19245,369
364,43,64,84,1362,250,12,26725,0.76,0.19,3680,37,116995,19503,374
365,44,65,83,1362,251,12,27185,0.76,0.19,3765,28,116995,19609,375
366,46,67,85,1365,252,12,27630,0.75,0.20,3765,31,117142,19789,380
367,45,65,83,1365,254,12,27887,0.75,0.20,3816,30,117142,19890,392
368,49,65,83,1366,255,12,28250,0.75,0.20,3828,30,117198,20000,393
369,48,64,84,1370,257,12,28390,0.75,0.20,3840,34,117814,20070,395
370,32,39,82,1376,258,12,28390,0.74,0.20,3840,36,118116,20176,396
371,15,30,90,1393,258,12,28390,0.74,0.20,3890,30,119637,20196,396
372,20,37,103,1409,258,12,28390,0.74,0.20,3890,30,122848,20278,396
373,23,48,119,1426,258,12,28397,0.75,0.20,3906,28,124599,20347,396
374,37,57,108,1443,259,12,28404,0.76,0.20,3906,30,127897,20417,397
375,38,47,90,1454,259,12,28426,0.76,0.20,3906,30,129368,20517,397
376,28,46,98,1471,260,12,28426,0.76,0.20,3916,30,130914,20573,398
377,35,48,108,1488,260,12,28433,0.76,0.20,3916,30,132756,20654,398
378,31,50,120,1504,260,12,28446,0.76,0.20,3916,30,135757,20746,398
379,19,43,121,1521,261,12,28446,0.76,0.20,3926,30,137199,20835,399
380,29,51,109,1537,261,12,28446,0.76,0.20,3926,30,138669,20856,399
381,34,58,123,1551,261,12,28446,0.76,0.20,3945,28,139872,20943,399
382,34,49,132,1564,261,12,28460,0.76,0.20,3945,28,140761,21032,399
383,29,36,136,1577,261,12,28460,0.76,0.20,3945,28,141767,21109,399
384,24,45,133,1594,262,12,28460,0.76,0.20,3945,30,143361,21133,400
385,25,39,135,1611,262,12,28474,0.76,0.21,3945,30,144722,21167,400
386,21,35,136,1620,262,12,28488,0.75,0.21,3954,29,145592,21239,400
387,28,43,125,1637,262,12,28488,0.75,0.21,3964,28,146839,21328,400
388,29,45,131,1653,262,12,28488,0.75,0.21,3964,28,147899,21410,400
389,35,55,131,1670,262,12,28488,0.75,0.21,3964,28,149340,21477,400
390,22,52,124,1685,262,12,28488,0.75,0.21,3964,28,151262,21486,400
391,27,59,119,1686,262,12,28488,0.75,0.21,3964,28,151363,21599,400
392,44,78,119,1687,262,12,28514,0.75,0.21,3964,28,151564,21713,400
393,53,76,120,1688,262,12,28603,0.75,0.21,3964,28,151766,21848,400
394,48,56,119,1691,262,12,28634,0.75,0.21,3964,28,152070,21989,400
395,39,54,130,1706,262,12,28634,0.75,0.21,3964,28,153632,22074,400
396,36,49,136,1719,262,12,28634,0.75,0.21,3964,28,154658,22132,400
397,27,31,136,1722,262,12,28641,0.75,0.21,3964,28,154811,22197,400
398,29,40,137,1733,263,12,28641,0.75,0.21,3964,30,155650,22242,401
399,32,53,136,1733,264,12,28705,0.75,0.21,3974,30,155650,22295,402
400,45,59,135,1734,266,12,28792,0.75,0.21,3984,32,155712,22387,404
401,39,52,137,1741,266,12,28809,0.75,0.21,3994,30,156130,22478,404
402,23,37,123,1753,266,12,28845,0.75,0.21,4004,28,157583,22568,404
403,30,48,121,1770,267,12,28845,0.75,0.21,4004,30,160106,22607,405
404,35,52,132,1786,267,12,28845,0.74,0.22,4004,30,162029,22655,405
405,24,50,127,1803,267,12,28859,0.74,0.22,4015,28,164717,22779,405
406,27,56,133,1820,268,12,28874,0.74,0.22,4015,30,166851,22838,407
407,39,67,135,1824,268,12,28941,0.74,0.22,4015,30,167573,22965,418
408,61,78,136,1825,268,12,29237,0.74,0.22,4034,28,167785,23079,418
409,73,85,135,1826,269,12,29577,0.74,0.22,4034,30,167998,23268,419
410,66,71,128,1826,269,12,29736,0.74,0.22,4053,28,167998,23329,419
411,41,50,122,1832,269,12,29736,0.74,0.22,4053,28,168784,23383,419
412,45,61,119,1832,269,12,29736,0.74,0.22,4053,28,168784,23419,419
413,60,74,118,1833,271,12,29736,0.74,0.22,4053,32,168874,23522,421
414,57,80,116,1834,274,12,29749,0.73,0.22,4073,34,168953,23626,424
415,20,70,116,1834,274,12,29749,0.73,0.22,4073,34,168953,23650,424
416,3,55,117,1835,274,13,29749,0.73,0.22,4104,28,169244,23705,424
417,3,41,121,1848,274,13,29749,0.72,0.22,4104,28,171193,23747,424
418,22,62,120,1851,276,13,29749,0.72,0.22,4104,32,171759,23800,439
419,24,75,121,1852,276,13,29781,0.72,0.22,4130,28,171814,23955,439
420,24,48,119,1852,277,13,29944,0.72,0.22,4130,30,171814,24053,440
421,28,44,130,1866,277,13,29957,0.71,0.22,4140,28,173269,24154,440
422,34,44,138,1879,278,13,29957,0.73,0.23,4140,30,175315,24222,441
423,25,46,131,1887,279,13,29957,0.74,0.23,4140,32,177011,24310,442
424,32,58,138,1902,279,13,29957,0.74,0.23,4159,30,180077,24406,442
425,28,60,117,1911,279,13,29957,0.73,0.23,4170,28,182155,24484,442
426,45,70,124,1919,280,13,29964,0.73,0.23,4170,30,183281,24588,452
427,50,77,124,1920,281,13,30108,0.73,0.23,4189,30,183506,24753,453
428,52,64,103,1921,281,13,30211,0.73,0.23,4189,30,183733,24972,453
429,45,60,104,1931,281,13,30211,0.73,0.23,4199,28,184996,25119,453
430,50,63,109,1941,281,13,30211,0.74,0.23,4199,28,188350,25152,453
431,35,64,116,1949,281,13,30211,0.74,0.23,4199,28,189431,25188,453
432,39,71,117,1950,281,13,30211,0.74,0.23,4225,28,189527,25220,453
433,46,81,118,1951,281,13,30333,0.74,0.23,4225,28,189623,25330,453
434,43,70,118,1951,281,13,30630,0.75,0.23,4225,28,189623,25446,453
435,39,61,127,1963,282,13,30664,0.76,0.23,4225,31,190803,25520,458
436,44,60,129,1979,282,13,30679,0.76,0.23,4225,31,192367,25593,458
437,40,64,136,1991,283,13,30679,0.77,0.23,4266,30,193465,25783,459
438,25,61,136,1998,284,13,30740,0.78,0.23,4266,32,193887,25898,460
439,51,65,137,2001,284,13,30772,0.78,0.23,4295,28,194099,26003,460
440,60,77,137,2001,284,13,30979,0.78,0.24,4295,28,194099,26104,460
441,63,76,134,2002,287,13,31486,0.78,0.24,4310,31,194170,26428,463
442,51,64,118,2010,311,13,31835,0.78,0.24,4501,42,194656,28482,487
443,49,68,124,2020,315,13,32123,0.78,0.24,4612,29,196185,28676,491
444,55,76,123,2021,316,14,32182,0.77,0.24,5206,30,196304,28823,497
445,52,84,123,2021,316,14,32182,0.76,0.24,5206,30,196304,28889,497
446,29,80,124,2022,316,14,32213,0.75,0.24,5206,30,196376,29006,497
447,27,47,125,2023,316,14,32243,0.74,0.24,5225,28,196449,29149,497
448,23,41,140,2038,316,14,32243,0.74,0.24,5225,28,198645,29195,497
449,7,24,139,2040,317,14,32243,0.73,0.24,5225,30,198791,29221,498
450,8,12,140,2044,317,14,32243,0.72,0.24,5225,30,199745,29265,498
451,9,20,134,2060,317,14,32243,0.72,0.24,5225,30,202751,29297,498
452,15,44,131,2077,317,14,32243,0.72,0.24,5235,28,206418,29347,509
453,26,65,140,2086,317,14,32284,0.72,0.24,5235,28,208608,29458,509
454,33,61,140,2086,317,14,32385,0.71,0.24,5235,28,208608,29579,509
455,22,51,130,2103,317,14,32385,0.69,0.24,5235,28,210542,29670,509
456,26,47,119,2119,317,14,32385,0.70,0.24,5235,28,212851,29719,509
457,19,45,121,2136,318,14,32385,0.71,0.24,5235,30,215110,29863,510
458,20,45,136,2153,318,14,32385,0.71,0.24,5235,30,219246,29954,510
459,24,44,138,2169,318,14,32385,0.72,0.25,5235,30,221621,30000,510
460,27,50,134,2185,318,14,32385,0.72,0.25,5235,30,225864,30070,510
461,36,56,138,2203,318,14,32385,0.72,0.25,5246,28,227588,30169,510
462,49,70,141,2210,318,14,32525,0.72,0.25,5246,28,228708,30270,510
463,61,77,141,2210,318,14,32621,0.72,0.25,5246,28,228708,30391,510
464,73,84,140,2210,319,14,32718,0.72,0.25,5283,30,228708,30510,511
465,79,100,140,2210,319,14,32846,0.72,0.25,5293,28,228708,30661,511
466,74,86,136,2211,322,14,32985,0.72,0.25,5293,34,229222,30819,515
467,42,51,134,2215,322,14,32985,0.70,0.25,5329,29,230157,30883,515
468,23,44,138,2232,324,14,32985,0.70,0.25,5334,32,234849,30935,517
469,20,34,141,2245,324,14,32985,0.69,0.25,5334,32,236813,30968,517
470,19,33,141,2252,324,14,33014,0.69,0.25,5345,30,237373,31074,517
471,18,39,137,2264,324,14,33014,0.70,0.25,5355,28,238254,31127,517
472,23,58,140,2272,325,14,33032,0.70,0.25,5366,28,240251,31243,519
473,48,66,141,2274,326,14,33113,0.70,0.25,5366,30,240408,31396,520
474,69,81,141,2275,327,14,33211,0.69,0.25,5376,30,240488,31520,522
475,68,89,142,2276,327,14,33240,0.69,0.25,5387,28,240567,31672,522
476,77,97,142,2276,327,14,33240,0.69,0.25,5387,28,240567,31766,522
477,23,78,142,2276,327,14,33240,0.70,0.26,5387,28,240567,31831,522
478,1,59,142,2276,327,14,33240,0.70,0.26,5387,28,240567,31868,522
479,0,33,142,2277,327,14,33240,0.71,0.26,5387,28,240648,31873,522
480,0,11,142,2285,327,14,33240,0.71,0.26,5387,28,242103,31873,522
481,8,18,142,2293,327,14,33240,0.71,0.26,5387,28,243483,31873,522
482,9,44,142,2294,327,14,33240,0.70,0.26,5387,28,243551,31892,522
483,9,61,142,2295,327,14,33240,0.70,0.26,5387,28,243664,31954,522
484,51,64,141,2295,328,14,33287,0.70,0.26,5392,29,243664,32061,523
485,57,65,140,2298,330,14,33327,0.70,0.26,5398,32,244404,32174,526
486,15,67,108,2308,330,14,33327,0.71,0.26,5398,32,246479,32244,526
487,20,34,99,2324,330,14,33343,0.71,0.26,5419,28,249489,32325,526
488,19,82,98,2326,330,14,33390,0.72,0.26,5419,28,249880,32427,530
489,27,87,99,2327,330,14,33467,0.72,0.26,5419,28,249963,32518,530
490,74,85,99,2327,330,14,33668,0.72,0.26,5419,28,249963,32686,530
491,25,81,103,2331,330,14,33668,0.72,0.26,5419,28,250243,32823,530
492,11,80,114,2343,331,14,33668,0.70,0.26,5419,31,252556,32905,531
493,6,73,118,2350,331,14,33668,0.70,0.26,5419,31,254207,33036,531
494,17,80,130,2363,331,14,33668,0.71,0.26,5439,28,256087,33092,531
495,24,84,132,2365,331,14,33668,0.71,0.27,5439,28,256228,33147,531
496,74,86,131,2365,332,14,33681,0.70,0.27,5439,31,256228,33212,532
497,73,84,128,2366,334,14,33735,0.70,0.27,5439,35,256300,33306,534
498,71,85,125,2367,336,14,33755,0.69,0.27,5480,32,256586,33651,536
499,77,91,125,2367,336,14,33765,0.69,0.27,5501,28,256586,33747,536
500,88,103,125,2368,337,14,34218,0.70,0.27,5501,30,256873,33847,538
501,89,110,126,2369,337,14,34248,0.70,0.27,5515,28,257162,33943,538
502,36,98,126,2369,337,14,34248,0.70,0.27,5515,28,257162,33999,538
503,11,71,126,2374,337,14,34248,0.68,0.27,5515,28,258229,34049,538
504,10,33,138,2391,337,14,34248,0.68,0.27,5515,28,259999,34083,538
505,17,20,144,2397,337,14,34248,0.69,0.27,5515,28,261548,34160,538
506,11,24,144,2412,337,14,34248,0.69,0.27,5515,28,265831,34245,538
507,9,34,130,2429,337,14,34297,0.70,0.27,5515,28,269388,34366,538
508,18,38,136,2445,337,14,34357,0.70,0.27,5515,28,271171,34467,538
509,25,36,141,2462,337,14,34448,0.70,0.27,5515,28,273059,34566,538
510,26,45,111,2479,337,14,34513,0.70,0.27,5515,28,277314,34695,538
511,23,42,105,2495,337,14,34543,0.70,0.27,5515,28,279578,34808,538
512,17,39,108,2512,337,14,34574,0.69,0.28,5515,28,282093,34909,538
513,12,44,107,2529,337,14,34582,0.69,0.28,5515,28,284758,35016,538
514,22,46,118,2546,337,14,34582,0.69,0.28,5515,28,287204,35114,538
515,28,62,124,2563,337,15,34582,0.69,0.28,5981,28,289811,35193,538
516,42,82,132,2572,338,15,34651,0.69,0.28,5992,28,291722,35291,540
517,57,83,133,2574,339,15,34857,0.68,0.28,6003,28,291950,35419,541
518,50,70,144,2586,339,15,34897,0.68,0.28,6003,28,293442,35557,541
519,38,73,145,2596,339,15,34912,0.67,0.28,6003,28,294669,35612,541
520,30,62,145,2608,339,15,34933,0.67,0.28,6003,28,297284,35701,541
521,30,56,145,2614,339,15,34949,0.66,0.28,6003,28,298121,35802,541
522,41,68,145,2625,339,15,34949,0.66,0.28,6003,28,299096,35875,541
523,53,81,145,2625,339,15,34990,0.66,0.28,6003,28,299096,36005,541
524,52,90,144,2626,341,15,35192,0.66,0.28,6017,30,299249,36223,543
525,56,101,145,2627,341,15,35504,0.66,0.28,6028,28,299741,36439,543
526,62,102,143,2627,343,15,35945,0.66,0.28,6028,32,299741,37008,545
527,76,103,144,2630,345,15,36329,0.66,0.29,6063,30,301228,37272,548
528,84,106,144,2631,346,15,36901,0.66,0.29,6074,30,301725,37529,549
529,95,105,143,2633,349,15,37457,0.66,0.29,6098,33,302379,37786,553
530,98,109,145,2636,349,15,37856,0.66,0.29,6136,28,303880,37942,553
531,99,107,142,2636,352,15,38478,0.66,0.29,6177,29,303880,38430,557
532,97,104,139,2639,358,15,39146,0.66,0.29,6239,34,305388,39067,564
533,100,113,145,2649,362,15,39954,0.66,0.29,6318,30,306525,39563,569
534,100,111,146,2655,367,15,40661,0.66,0.29,6421,28,307096,39943,576
535,100,112,145,2657,370,15,41530,0.66,0.29,6446,30,307287,40346,579
536,100,109,141,2659,376,15,42793,0.66,0.29,6492,36,307415,41157,586
537,103,111,142,2664,380,16,44580,0.66,0.29,6566,33,307734,41871,590
538,106,114,146,2670,382,16,46261,0.66,0.29,6624,28,308409,42249,592
539,109,114,146,2670,382,16,47979,0.66,0.30,6624,28,308409,42431,592
540,109,113,144,2670,384,16,49927,0.66,0.30,6624,33,308409,43205,595
541,105,111,141,2672,389,16,51931,0.66,0.30,6705,33,308733,44318,602
542,115,118,148,2681,391,16,52228,0.66,0.30,6747,32,309692,44839,604
543,111,114,144,2681,395,16,53019,0.66,0.30,6793,34,309692,45297,608
544,109,112,142,2683,399,16,54732,0.66,0.30,6834,36,309986,45662,612
545,109,113,143,2689,404,16,55529,0.66,0.30,6895,37,310999,45875,617
546,113,114,146,2692,404,16,55644,0.66,0.30,6957,28,311987,46057,617
547,111,114,144,2695,407,16,55771,0.66,0.30,6962,32,312185,46314,620
548,111,116,147,2703,409,16,55810,0.66,0.30,6990,32,313892,46509,622
549,65,69,139,2710,409,16,55810,0.65,0.30,6990,32,314456,46664,622
550,35,46,146,2725,409,16,55838,0.65,0.31,7017,28,316960,46778,622
551,23,33,147,2730,409,16,55852,0.65,0.31,7017,28,318704,46888,622
552,22,27,143,2734,410,16,55859,0.65,0.31,7017,30,318973,47055,623
553,23,26,98,2743,410,16,55880,0.65,0.31,7031,28,319816,47179,623
554,33,43,85,2760,410,16,55880,0.65,0.31,7031,28,324657,47257,623
555,36,43,88,2777,411,16,55892,0.65,0.31,7031,30,327436,47397,625
556,46,58,93,2794,411,16,56000,0.65,0.31,7031,30,329991,47515,625
557,61,74,105,2811,411,16,56038,0.66,0.31,7045,28,333731,47642,625
558,63,74,121,2829,411,16,56102,0.66,0.31,7045,28,337746,47745,625
559,53,67,135,2846,411,16,56126,0.66,0.31,7045,28,340671,47860,625
560,36,62,134,2862,411,16,56126,0.66,0.31,7045,28,343427,47967,625
561,42,57,147,2877,411,16,56126,0.66,0.31,7045,28,346392,48099,625
562,34,54,146,2881,412,16,56146,0.66,0.32,7045,30,346726,48226,626
563,25,39,126,2887,412,16,56174,0.66,0.32,7045,30,348178,48347,626
564,23,37,120,2904,412,16,56174,0.66,0.32,7045,30,350487,48427,626
565,29,46,126,2921,412,16,56181,0.66,0.32,7059,28,352523,48550,626
566,45,55,129,2938,412,16,56191,0.66,0.32,7059,28,357348,48673,626
567,56,68,129,2956,412,16,56191,0.66,0.32,7059,28,365865,48769,626
568,42,70,146,2973,412,16,56248,0.66,0.32,7059,28,368807,48887,626
569,34,69,146,2990,412,16,56248,0.66,0.32,7059,28,371368,48955,626
570,41,50,147,3007,412,16,56248,0.65,0.32,7059,28,375259,49042,626
571,49,64,148,3024,412,16,56274,0.65,0.32,7059,28,378569,49186,626
572,55,76,148,3026,412,16,56346,0.65,0.32,7059,28,379717,49292,626
573,80,90,148,3027,413,16,56480,0.65,0.33,7073,28,380294,49459,637
574,92,99,153,3033,414,16,56784,0.65,0.33,7073,31,380722,49710,639
575,100,105,162,3043,414,16,57107,0.65,0.33,7101,28,381436,49872,639
576,101,106,163,3045,414,16,57476,0.65,0.33,7101,28,381580,50004,639
577,84,88,155,3045,415,16,57490,0.65,0.33,7101,31,381580,50132,640
578,84,93,149,3051,415,16,57490,0.72,0.33,7128,28,385095,50210,646
579,95,99,149,3053,415,16,57788,0.72,0.33,7128,28,386270,50464,646
580,99,104,146,3054,418,16,58174,0.72,0.33,7142,33,386860,50822,649
581,81,90,149,3061,419,16,58249,0.72,0.33,7142,36,389340,51054,650
582,65,77,149,3066,419,16,58249,0.65,0.33,7212,28,389897,51133,650
583,35,49,140,3079,419,16,58295,0.64,0.33,7212,28,394171,51263,650
584,41,52,149,3093,419,16,58355,0.64,0.33,7212,28,396392,51367,650
585,47,50,149,3097,419,16,58382,0.64,0.34,7212,28,397367,51463,650
586,40,51,147,3110,419,16,58390,0.64,0.34,7212,28,399362,51565,650
587,48,56,149,3119,420,16,58416,0.64,0.34,7212,30,400041,51694,652
588,32,59,149,3126,420,16,58497,0.64,0.34,7226,28,401102,51837,652
589,50,60,148,3126,421,16,58649,0.72,0.34,7226,31,401102,52078,662
590,67,79,149,3127,421,16,59024,0.72,0.34,7254,28,401178,52393,662
591,47,70,148,3129,422,16,59081,0.72,0.34,7254,31,401438,52620,682
592,36,80,144,3142,425,16,59081,0.72,0.34,7273,37,403709,52683,688
593,57,96,146,3147,428,16,59294,0.72,0.34,7360,33,404851,52934,696
594,70,109,143,3147,430,16,59809,0.72,0.34,7409,31,404851,53224,700
595,60,72,143,3148,430,16,59819,0.72,0.34,7439,29,404969,53321,700
596,46,71,148,3161,432,16,59854,0.63,0.34,7454,34,410765,53398,704
597,46,49,150,3165,432,16,59870,0.63,0.34,7454,34,413264,53526,704
598,36,49,149,3173,432,17,59870,0.63,0.34,7510,28,414361,53547,704
599,44,41,147,3183,433,17,59870,0.63,0.35,7510,30,415813,53593,706
600,29,34,137,3194,433,17,59887,0.62,0.35,7510,30,417584,53724,706
601,34,44,144,3211,433,17,59898,0.61,0.35,7521,28,419944,53866,706
602,44,58,146,3226,433,17,59944,0.62,0.35,7521,28,422299,53952,706
603,20,53,141,3239,433,17,59996,0.63,0.35,7521,28,424331,54080,706
604,26,46,148,3256,433,17,59996,0.63,0.35,7521,28,427269,54199,706
605,38,47,140,3266,433,17,60018,0.62,0.35,7521,28,429254,54301,706
606,38,60,149,3283,433,17,60029,0.61,0.35,7521,28,432097,54408,706
607,33,61,129,3292,433,17,60045,0.60,0.35,7521,28,433431,54472,706
608,33,55,139,3309,433,17,60109,0.61,0.35,7521,28,436259,54602,706
609,32,48,141,3326,433,17,60109,0.63,0.35,7521,28,439116,54712,706
610,36,47,128,3340,433,17,60123,0.63,0.35,7521,28,441270,54839,706
611,30,47,134,3357,433,17,60211,0.63,0.35,7521,28,444215,54951,706
612,24,52,143,3374,433,17,60244,0.63,0.35,7521,28,446510,55045,706
613,30,56,126,3386,433,17,60273,0.63,0.35,7521,28,449412,55179,706
614,50,72,142,3403,434,17,60330,0.63,0.35,7528,30,451910,55250,708
615,70,96,150,3412,435,17,60358,0.63,0.35,7542,31,453911,55373,710
616,89,111,150,3412,435,17,60358,0.63,0.36,7564,28,453911,55412,710
617,102,115,151,3413,435,17,60512,0.63,0.36,7564,28,454122,55519,710
618,124,130,151,3413,435,17,60837,0.63,0.36,7564,28,454122,55663,710
619,126,139,151,3413,435,17,61014,0.63,0.36,7564,28,454122,55853,710
620,124,136,151,3413,435,17,61059,0.63,0.36,7564,28,454122,56069,710
621,95,111,151,3413,435,17,61059,0.62,0.36,7564,28,454122,56176,710
622,33,85,151,3413,435,17,61059,0.63,0.36,7564,28,454122,56244,710
623,47,111,151,3413,435,17,61059,0.63,0.36,7564,28,454122,56308,710
624,95,125,152,3414,435,17,61136,0.63,0.36,7564,28,454339,56437,710
625,113,140,152,3414,435,17,61144,0.62,0.36,7564,28,454339,56558,710
626,123,141,151,3414,436,17,61160,0.62,0.36,7564,30,454339,56656,711
627,120,133,150,3414,437,17,61160,0.62,0.36,7564,32,454339,56710,712
628,98,106,148,3415,437,17,61177,0.61,0.36,7581,29,454559,56765,712
629,49,108,147,3416,437,17,61177,0.62,0.36,7586,28,454780,56812,712
630,107,124,146,3416,437,17,61177,0.62,0.36,7586,28,454780,56845,712
631,134,142,147,3417,437,17,61264,0.61,0.36,7586,28,454965,56969,712
632,142,143,148,3418,437,17,61296,0.60,0.36,7586,28,455151,57092,712
633,130,134,139,3418,446,17,61312,0.60,0.37,7586,55,455151,58802,725
634,133,134,139,3419,447,17,61426,0.60,0.37,7779,31,455338,59090,726
635,131,133,138,3420,449,17,62503,0.60,0.37,7801,32,455451,61046,728
636,121,121,126,3420,461,17,63849,0.60,0.37,7823,61,455451,63400,741
637,81,92,98,3433,502,18,64731,0.60,0.37,8594,33,457528,71212,787
638,85,105,110,3450,507,18,65495,0.60,0.37,8704,33,460219,72646,793
639,71,98,105,3467,529,18,66192,0.60,0.37,9121,39,463451,75835,816
640,78,95,106,3483,544,18,66793,0.60,0.37,9287,61,466662,77640,836
641,90,110,119,3500,548,18,67542,0.60,0.37,9287,71,470229,79251,840
642,97,111,120,3507,554,18,68193,0.60,0.37,9394,72,471320,80543,847
643,101,112,119,3509,557,18,68879,0.60,0.37,9566,57,471628,81207,850
644,100,110,115,3512,564,19,69670,0.60,0.37,9751,52,472323,82815,858
645,103,116,121,3521,567,19,70362,0.60,0.37,9979,31,474098,83934,861
646,102,116,123,3530,574,19,71335,0.60,0.37,9986,44,475828,85129,868
647,105,113,120,3531,578,19,72799,0.60,0.37,10015,52,476062,86237,873
648,102,114,121,3539,585,19,74061,0.60,0.37,10206,46,478896,90941,881
649,100,119,122,3542,587,19,74700,0.62,0.37,10344,35,479565,91956,926
650,72,102,122,3542,587,19,74726,0.62,0.38,10395,28,479565,92065,926
651,10,93,135,3555,587,19,74726,0.61,0.38,10395,28,482525,92138,926
652,28,46,152,3572,587,19,74737,0.61,0.38,10395,28,486859,92242,926
653,28,49,155,3575,587,19,74737,0.61,0.38,10395,28,487218,92379,926
654,32,81,155,3575,587,19,74749,0.61,0.38,10395,28,487218,92494,926
655,47,134,155,3575,587,19,74795,0.61,0.38,10395,28,487218,92646,926
656,112,137,154,3575,588,19,74795,0.61,0.38,10395,30,487218,92702,928
657,104,117,154,3575,588,19,74812,0.60,0.38,10395,30,487218,92717,928
658,46,54,154,3575,588,19,74812,0.60,0.38,10395,30,487218,92786,928
659,2,2,154,3575,588,19,74812,0.58,0.38,10409,28,487218,92806,928
660,0,0,154,3576,588,19,74812,0.58,0.38,10409,28,487340,92811,928
661,0,4,147,3584,588,19,74812,0.58,0.38,10409,28,488617,92816,928
662,5,15,138,3599,588,19,74812,0.58,0.38,10409,28,491234,92831,928
663,11,37,151,3616,588,19,74812,0.58,0.38,10409,28,495493,92909,928
664,23,41,153,3619,589,19,74841,0.58,0.38,10409,31,495988,92991,929
665,22,32,154,3620,589,19,74850,0.57,0.38,10432,28,496112,93147,929
666,18,75,154,3620,589,19,74850,0.58,0.39,10432,28,496112,93221,929
667,78,131,154,3620,589,19,74886,0.58,0.39,10432,28,496112,93313,929
668,110,121,154,3620,589,19,75194,0.61,0.39,10432,28,496112,93470,929
669,111,112,154,3621,590,19,75469,0.60,0.39,10432,31,496322,93578,930
670,107,114,154,3631,590,19,75469,0.61,0.39,10453,28,498295,93748,930
671,33,109,154,3635,590,19,75469,0.61,0.39,10453,28,499268,93850,930
672,10,17,152,3640,590,19,75469,0.60,0.39,10453,28,501560,93987,930
673,15,18,150,3648,590,19,75469,0.60,0.39,10453,28,502794,94080,930
674,14,26,155,3655,590,19,75481,0.60,0.39,10453,28,504331,94217,930
675,15,30,155,3659,590,19,75492,0.60,0.39,10453,28,505489,94332,930
676,18,31,155,3659,590,19,75589,0.60,0.39,10453,28,505489,94444,930
677,23,41,154,3659,591,19,75701,0.60,0.39,10461,29,505489,94553,932
678,27,81,155,3660,591,19,75806,0.60,0.39,10468,28,505748,94700,932
679,30,112,155,3660,591,19,76056,0.60,0.39,10468,28,505748,94877,932
680,31,124,154,3660,592,19,76324,0.60,0.39,10468,30,505748,95095,933
681,47,123,153,3660,593,19,76715,0.60,0.39,10483,30,505748,95320,934
682,84,125,154,3661,593,19,77330,0.60,0.39,10497,28,506011,95752,934
683,93,127,155,3662,593,19,78138,0.60,0.40,10497,28,506275,96139,934
684,117,127,155,3663,594,19,79030,0.60,0.40,10497,30,506540,96533,935
685,124,128,155,3663,594,19,80444,0.60,0.40,10512,28,506540,97321,935
686,123,129,154,3664,596,19,82279,0.60,0.40,10512,32,506735,98310,937
687,121,128,152,3665,599,19,84022,0.60,0.40,10567,30,506931,99203,941
688,121,127,150,3666,602,19,85905,0.60,0.40,10597,32,507200,100322,944
689,124,128,147,3666,605,19,87603,0.60,0.40,10626,34,507200,100763,948
690,117,139,143,3667,610,19,87632,0.60,0.40,10669,43,507335,100996,955
691,42,142,144,3669,611,19,87646,0.60,0.40,10669,46,507696,101159,956
692,23,58,144,3669,611,19,87766,0.60,0.40,10777,31,507696,101327,956
693,21,40,156,3681,611,19,87793,0.60,0.40,10799,28,509706,101422,956
694,4,31,156,3681,611,19,87793,0.58,0.40,10799,28,509706,101476,956
695,4,37,156,3681,611,19,87793,0.58,0.40,10799,28,509706,101532,956
696,15,43,156,3681,611,19,87804,0.58,0.40,10799,28,509706,101622,956
697,36,149,155,3681,612,19,87867,0.59,0.40,10799,30,509706,101714,957
698,145,155,155,3682,613,19,87994,0.60,0.40,10814,30,509983,101814,958
699,124,153,155,3683,614,19,88335,0.59,0.41,10814,33,510262,101986,959
700,122,154,155,3683,614,19,88347,0.59,0.41,10847,28,510262,102145,959
701,123,153,156,3684,614,19,88375,0.59,0.41,10847,28,510402,102278,959
702,90,144,157,3685,614,19,88375,0.59,0.41,10847,28,510608,102475,959
703,98,151,155,3685,616,19,88548,0.59,0.41,10847,32,510608,102798,961
704,123,154,155,3685,616,19,88584,0.59,0.41,10874,28,510608,102906,961
705,132,155,156,3686,616,19,88632,0.59,0.41,10874,28,510817,103038,961
706,131,149,149,3687,624,19,89391,0.59,0.41,10922,37,511026,103602,969
707,130,146,146,3687,627,20,90105,0.58,0.41,11032,28,511026,104252,972
708,141,146,146,3688,628,20,91154,0.58,0.41,11046,28,511169,104514,973
709,78,144,146,3689,629,20,91581,0.58,0.41,11046,31,511409,104734,974
710,4,85,146,3690,630,20,91581,0.58,0.41,11046,33,511987,104838,975
711,1,47,154,3698,630,20,91581,0.58,0.41,11068,30,514141,104884,975
712,4,44,157,3701,630,20,91581,0.58,0.41,11083,28,514770,104908,975
713,4,75,158,3702,630,20,91581,0.58,0.41,11083,28,514945,105026,975
714,10,87,157,3702,631,20,91591,0.58,0.41,11095,28,514945,105110,976
715,12,105,157,3702,631,20,91627,0.58,0.42,11095,28,514945,105245,976
716,45,108,189,3734,631,20,91714,0.58,0.42,11095,28,520598,105380,976
717,72,116,189,3734,631,20,91773,0.57,0.42,11095,28,520598,105559,976
718,78,183,189,3734,631,20,91997,0.57,0.42,11095,28,520598,105693,976
719,116,186,189,3734,631,20,92432,0.58,0.42,11095,28,520598,105834,976
720,144,178,189,3734,631,20,93335,0.58,0.42,11095,28,520598,106329,976
721,139,155,187,3734,633,20,94303,0.58,0.42,11110,30,520598,107338,978
722,141,154,186,3734,634,20,95981,0.58,0.42,11139,28,520598,108254,979
723,136,146,179,3734,641,20,97306,0.58,0.42,11154,42,520598,109271,988
724,129,138,171,3734,649,20,98578,0.58,0.42,11286,40,520598,110266,996
725,120,129,162,3734,658,20,100803,0.58,0.42,11444,36,520598,111165,1006
726,113,122,155,3734,665,20,103083,0.58,0.42,11611,31,520598,111897,1014
727,109,122,155,3739,670,20,104385,0.58,0.42,11695,31,522798,112361,1020
728,108,126,159,3746,673,20,105789,0.58,0.42,11769,28,524657,112810,1024
729,107,121,154,3747,679,20,107973,0.58,0.42,11856,32,524882,113521,1033
730,106,123,157,3753,682,20,110287,0.58,0.42,11929,31,526517,114530,1037
731,105,122,156,3756,686,20,112471,0.58,0.42,11987,34,527363,115452,1041
732,104,125,158,3761,689,20,114017,0.58,0.43,12069,31,530468,116220,1044
733,103,125,158,3764,692,20,116012,0.58,0.43,12135,30,531009,116914,1047
734,108,125,158,3765,693,20,117959,0.58,0.43,12172,28,531165,117719,1048
735,111,125,158,3766,694,20,119487,0.57,0.43,12194,28,531321,118240,1049
736,111,125,158,3767,695,20,121157,0.57,0.43,12194,31,531479,118748,1050
737,104,118,152,3768,702,21,123207,0.57,0.43,12334,34,531742,119517,1059
738,96,116,149,3775,712,21,124986,0.57,0.43,12510,40,532881,120208,1070
739,95,117,150,3785,721,21,126622,0.57,0.43,12700,40,534691,120794,1079
740,102,122,158,3794,722,21,127889,0.57,0.43,12791,29,536837,121269,1080
741,106,121,155,3795,726,21,129232,0.57,0.43,12883,29,537028,121618,1086
742,108,128,131,3803,727,21,130726,0.57,0.43,12905,28,539276,121953,1087
743,117,134,136,3808,727,21,132335,0.57,0.43,12905,28,540369,122414,1087
744,120,134,137,3809,727,21,134192,0.57,0.43,12905,28,540563,122931,1087
745,118,135,137,3810,728,21,135252,0.57,0.43,12917,28,540833,123510,1088
746,130,136,138,3811,728,21,136186,0.57,0.43,12917,28,541158,123772,1088
747,135,136,138,3812,729,21,137323,0.57,0.43,12947,28,541354,124210,1089
748,135,137,139,3813,729,21,138036,0.57,0.44,12947,28,541518,124543,1089
749,137,137,139,3813,729,21,138069,0.56,0.44,12947,28,541518,124716,1089
750,122,130,139,3814,730,21,138103,0.56,0.44,12947,30,541682,124909,1090
751,18,36,149,3825,730,21,138103,0.56,0.44,12947,30,544042,125012,1090
752,21,30,159,3836,730,21,138103,0.55,0.44,12959,28,546970,125053,1090
753,19,30,160,3837,730,21,138115,0.54,0.44,12959,28,547635,125246,1090
754,20,28,145,3837,730,21,138115,0.55,0.44,12959,28,547635,125343,1090
755,12,25,78,3852,730,21,138132,0.54,0.44,12959,28,551131,125437,1090
756,15,30,63,3869,730,21,138132,0.53,0.44,12959,28,558921,125574,1090
757,24,44,79,3885,730,21,138132,0.53,0.44,12959,28,563936,125671,1090
758,29,54,96,3902,730,21,138185,0.55,0.44,12959,28,572079,125825,1090
759,40,61,112,3919,730,21,138185,0.55,0.44,12959,28,576198,125938,1090
760,39,67,127,3936,730,21,138284,0.52,0.44,12959,28,579934,126108,1090
761,37,61,139,3952,730,21,138304,0.52,0.44,12959,28,586039,126233,1090
762,37,49,146,3969,730,21,138354,0.53,0.44,12959,28,590872,126360,1090
763,25,53,159,3986,730,21,138354,0.53,0.44,12959,28,595196,126532,1090
764,27,43,161,3998,730,21,138372,0.54,0.45,12959,28,600525,126684,1090
765,26,48,153,4010,730,21,138484,0.55,0.45,12959,28,605722,126841,1090
766,35,51,146,4027,730,21,138504,0.55,0.45,12959,28,610586,126957,1090
767,28,52,135,4044,730,21,138504,0.55,0.45,12959,28,617059,127071,1090
768,26,62,131,4061,730,21,138504,0.55,0.45,12959,28,623321,127144,1090
769,28,61,133,4077,730,21,138534,0.55,0.45,12959,28,630630,127276,1090
770,55,87,143,4094,730,21,138625,0.72,0.45,12959,28,637145,127386,1090
771,83,107,160,4111,730,21,138787,0.72,0.45,12959,28,641879,127557,1090
772,82,82,161,4112,730,21,138923,0.72,0.45,12959,28,642233,127714,1090
773,57,63,162,4122,730,21,138966,0.54,0.45,12959,28,645659,127859,1090
774,39,55,162,4133,730,21,138966,0.54,0.45,12959,28,648753,127972,1090
775,32,42,162,4139,730,21,138966,0.53,0.45,12959,28,650626,128084,1090
776,25,37,162,4147,730,21,138981,0.52,0.45,12959,28,652805,128278,1090
777,24,36,144,4160,730,21,138981,0.51,0.45,12959,28,658693,128394,1090
778,23,36,132,4176,730,21,139021,0.53,0.45,12959,28,665840,128549,1090
779,28,41,118,4193,730,21,139021,0.53,0.45,12959,28,671426,128680,1090
780,22,40,113,4210,730,21,139032,0.54,0.46,12959,28,677628,128782,1090
781,27,49,114,4227,730,21,139042,0.54,0.46,12959,28,684566,128930,1090
782,40,64,117,4243,730,22,139067,0.54,0.46,13789,28,689500,129065,1090
783,51,86,134,4260,730,22,139163,0.54,0.46,13789,28,697771,129272,1090
784,63,103,150,4277,731,22,139582,0.54,0.46,13789,30,704891,129627,1091
785,94,112,162,4290,731,22,139744,0.54,0.46,13789,30,711980,129778,1091
786,87,105,162,4298,731,22,139762,0.54,0.46,13804,28,716439,129902,1091
787,100,117,161,4302,731,22,139906,0.72,0.46,13804,28,717743,130073,1103
788,114,131,162,4303,731,22,140366,0.72,0.46,13804,28,717930,130322,1103
789,103,112,161,4305,731,22,140901,0.72,0.46,13804,28,718305,130643,1103
790,86,96,159,4315,732,22,140952,0.54,0.46,13804,30,721629,130848,1104
791,78,101,163,4319,732,22,141069,0.53,0.46,13816,28,723062,131016,1104
792,85,104,162,4320,733,22,141349,0.53,0.46,14703,30,723378,131334,1105
793,93,114,163,4322,733,22,141879,0.53,0.46,14715,28,724012,131774,1105
794,95,97,163,4324,734,22,142273,0.53,0.46,14715,30,724559,132249,1106
795,74,75,163,4327,734,22,142311,0.53,0.47,14728,28,725299,132388,1106
796,35,49,163,4331,734,22,142311,0.52,0.47,14728,28,726862,132479,1106
797,37,52,149,4335,734,22,142311,0.51,0.47,14728,28,727633,132576,1106
798,45,68,162,4349,735,22,142311,0.51,0.47,14728,30,731663,132873,1116
799,55,82,160,4350,738,22,142644,0.51,0.47,14740,34,731896,133174,1120
800,56,61,163,4354,738,22,142776,0.51,0.47,14759,31,732791,133340,1120
801,49,65,159,4358,739,22,142960,0.72,0.47,14778,30,734236,133543,1122
802,60,88,163,4363,739,22,143290,0.72,0.47,14790,28,736899,133828,1122
803,68,91,164,4365,739,22,143845,0.72,0.47,14790,28,740043,134442,1122
804,46,55,130,4369,742,22,143845,0.72,0.47,14790,34,741503,134704,1125
805,39,55,137,4386,742,22,143845,0.52,0.47,14790,34,751229,134840,1125
806,46,65,144,4403,742,22,143876,0.53,0.47,14827,28,759021,135083,1125
807,64,80,144,4420,742,22,143886,0.53,0.47,14827,28,768353,135424,1125
808,61,80,125,4436,742,22,143904,0.53,0.47,14827,28,775940,135618,1125
809,40,62,124,4453,742,22,143935,0.53,0.47,14827,28,780989,135914,1125
810,57,66,134,4470,742,22,143953,0.53,0.47,14827,28,786711,136108,1125
811,37,58,144,4487,742,22,143953,0.52,0.48,14827,28,794280,136279,1125
812,35,51,154,4503,742,22,143963,0.52,0.48,14827,28,799650,136544,1125
813,22,44,152,4513,742,22,143963,0.51,0.48,14827,28,807290,136797,1125
814,27,43,154,4525,742,22,143963,0.51,0.48,14827,28,812515,136944,1125
815,39,46,146,4535,742,22,143963,0.50,0.48,14827,28,821815,137127,1125
816,32,51,135,4551,742,22,143974,0.49,0.48,14827,28,827817,137290,1125
817,26,47,113,4568,742,22,143974,0.52,0.48,14827,28,836044,137600,1125
818,40,51,117,4585,742,22,143974,0.52,0.48,14827,28,842056,137756,1125
819,42,56,133,4602,743,22,143974,0.50,0.48,14827,30,850352,137929,1127
820,49,60,143,4619,743,22,143974,0.52,0.48,14827,30,854189,138137,1127
821,52,64,138,4635,743,22,143974,0.52,0.48,14840,28,863798,138395,1127
822,52,77,139,4652,743,22,143974,0.51,0.48,14840,28,873715,138587,1127
823,68,93,155,4669,743,22,144036,0.51,0.48,14840,28,887698,138898,1127
824,94,115,165,4679,743,22,144278,0.51,0.48,14840,28,894433,139222,1127
825,97,105,166,4681,743,22,144609,0.51,0.48,14840,28,895531,139535,1127
826,68,79,165,4690,743,22,144609,0.50,0.48,14840,28,898202,139703,1127
827,33,42,165,4699,743,22,144609,0.49,0.49,14840,28,903561,139855,1127
828,13,31,165,4705,743,22,144609,0.51,0.49,14840,28,905111,139971,1127
829,32,50,145,4718,743,22,144609,0.51,0.49,14840,28,908938,140154,1127
830,56,85,160,4734,744,22,144696,0.72,0.49,14840,30,918732,140344,1139
831,83,105,165,4739,744,22,144814,0.72,0.49,14853,28,920067,140573,1139
832,59,80,165,4741,746,22,144858,0.72,0.49,14853,32,920933,140891,1141
833,52,72,163,4754,746,22,144858,0.51,0.49,14878,28,925215,141114,1141
834,41,57,156,4770,746,22,144858,0.51,0.49,14878,28,930193,141288,1141
835,37,55,155,4786,746,22,144922,0.51,0.49,14878,28,934634,141594,1141
836,29,42,151,4803,746,22,144922,0.51,0.49,14878,28,942962,141798,1141
837,22,41,150,4820,746,22,144922,0.50,0.49,14878,28,951488,141997,1141
838,20,36,157,4837,746,22,144922,0.51,0.49,14878,28,959134,142109,1141
839,16,34,153,4853,746,22,144922,0.51,0.49,14878,28,966364,142269,1141
840,25,30,148,4870,746,22,144922,0.51,0.49,14878,28,976948,142489,1141
841,27,41,136,4887,746,22,144962,0.51,0.49,14878,28,987297,142688,1141
842,30,61,131,4904,746,22,144962,0.51,0.50,14878,28,994746,142838,1141
843,55,74,148,4921,746,22,145023,0.51,0.50,14878,28,1006663,143084,1150
844,74,93,164,4937,746,22,145178,0.51,0.50,14878,28,1016814,143418,1150
845,57,81,155,4947,746,22,145234,0.51,0.50,14878,28,1020005,143620,1150
846,40,70,151,4964,746,22,145234,0.50,0.50,14878,28,1029335,143809,1150
847,41,88,148,4981,746,22,145234,0.50,0.50,14878,28,1041788,144009,1150
848,55,113,165,4998,746,22,145314,0.50,0.50,14878,28,1051970,144232,1156
849,91,115,167,5000,746,22,145466,0.50,0.50,14878,28,1052625,144507,1156
850,71,87,167,5004,747,22,145692,0.50,0.50,14878,31,1053911,144801,1157
851,37,50,167,5005,747,22,145692,0.51,0.50,14894,29,1054188,144969,1157
852,17,28,166,5014,747,22,145692,0.50,0.50,14902,28,1058904,145083,1157
853,10,26,143,5024,747,22,145692,0.50,0.50,14902,28,1063606,145161,1157
854,29,49,150,5040,747,22,145705,0.50,0.50,14902,28,1069047,145365,1157
855,40,57,154,5057,747,22,145716,0.50,0.50,14902,28,1078755,145679,1157
856,48,63,138,5074,747,22,145797,0.50,0.50,14902,28,1091956,145898,1157
857,62,85,124,5091,747,22,145837,0.50,0.50,14902,28,1099632,146220,1157
858,71,101,140,5108,747,22,146021,0.50,0.51,14902,28,1109452,146515,1157
859,85,119,155,5124,747,22,146487,0.50,0.51,14902,28,1122000,146844,1157
860,107,129,154,5140,747,22,146654,0.50,0.51,14902,28,1129082,147191,1157
861,94,115,166,5157,747,22,146731,0.50,0.51,14902,28,1136491,147530,1157
862,60,69,167,5161,747,22,146731,0.50,0.51,14902,28,1137925,147734,1157
863,49,60,167,5167,747,22,146731,0.50,0.51,14902,28,1140803,147924,1157
864,50,66,167,5172,747,23,146731,0.50,0.51,15788,28,1142198,148213,1157
865,67,87,168,5173,747,23,146869,0.50,0.51,15788,28,1142552,148414,1157
866,82,88,166,5173,749,23,147227,0.50,0.51,15788,32,1142552,148840,1160
867,76,82,161,5179,749,23,147324,0.50,0.51,15801,30,1144365,149284,1160
868,75,77,145,5190,750,23,147324,0.49,0.51,15814,30,1149153,149480,1162
869,77,83,136,5208,750,23,147324,0.49,0.51,15814,30,1160207,149638,1162
870,71,83,141,5225,750,23,147353,0.49,0.51,15827,28,1166901,149950,1162
871,72,94,154,5242,750,23,147426,0.49,0.52,15827,28,1174584,150174,1162
872,78,85,163,5257,750,23,147426,0.49,0.52,15827,28,1183478,150403,1162
873,62,77,161,5262,750,23,147426,0.49,0.52,15827,28,1186981,150710,1162
874,66,95,166,5269,750,23,147551,0.49,0.52,16771,28,1189714,150951,1162
875,106,122,166,5271,750,23,147798,0.49,0.52,16771,28,1192848,151207,1162
876,120,124,165,5273,750,23,148224,0.49,0.52,16771,28,1195993,151708,1162
877,108,125,166,5276,750,23,148531,0.49,0.52,16771,28,1196584,151925,1162
878,117,128,168,5279,751,23,149036,0.49,0.52,16771,31,1197772,152358,1163
879,133,141,169,5280,751,23,149547,0.49,0.52,16804,28,1197970,152852,1163
880,155,160,173,5284,751,23,150338,0.48,0.52,16804,28,1198744,153058,1163
881,170,176,181,5292,751,23,150576,0.48,0.52,16804,28,1200292,153534,1163
882,170,176,181,5292,751,23,151607,0.48,0.53,16804,28,1200292,153993,1163
883,169,175,181,5292,751,23,154240,0.48,0.53,16804,28,1200292,155190,1163
884,157,170,181,5292,751,23,154824,0.48,0.53,16804,28,1200292,155788,1163
885,124,150,181,5292,751,23,154865,0.48,0.53,16804,28,1200292,156051,1163
886,118,152,181,5292,751,23,154865,0.48,0.53,16804,28,1200292,156419,1163
887,126,159,181,5292,751,23,155813,0.48,0.53,16804,28,1200292,157098,1163
888,158,163,179,5292,753,23,157443,0.48,0.53,16804,33,1200292,157895,1166
889,162,162,178,5292,754,23,158286,0.48,0.53,16868,31,1200292,158132,1167
890,162,162,178,5292,754,24,160317,0.48,0.53,16920,28,1200292,159259,1167
891,160,160,176,5292,756,24,162436,0.48,0.53,16964,30,1200292,160196,1170
892,160,160,176,5292,756,24,164625,0.48,0.54,16998,28,1200292,160503,1170
893,159,159,175,5292,757,24,167294,0.48,0.54,16998,30,1200292,162374,1171
894,155,155,171,5292,761,24,170312,0.48,0.54,17024,34,1200292,165488,1177
895,152,152,168,5292,764,24,173437,0.48,0.54,17069,33,1200292,167653,1183
896,151,154,169,5295,765,24,176908,0.48,0.54,17104,31,1204179,169144,1184
897,151,152,168,5296,767,24,180561,0.48,0.54,17156,30,1205867,171443,1186
898,149,152,167,5298,770,24,184278,0.48,0.54,17169,34,1208088,172290,1189
899,151,154,169,5301,771,24,188139,0.48,0.54,17211,30,1210848,173745,1190
900,164,165,180,5312,771,24,191208,0.48,0.54,17227,28,1214489,174039,1190
901,167,167,182,5314,771,24,194146,0.48,0.54,17227,28,1214875,174779,1190
902,161,161,176,5314,777,24,197059,0.48,0.55,17297,32,1214875,177506,1198
903,157,158,173,5314,780,24,200627,0.48,0.55,17364,31,1214875,178373,1202
904,152,152,167,5314,786,24,204136,0.48,0.55,17423,36,1214875,180058,1208
905,146,157,168,5317,788,24,204147,0.47,0.55,17450,37,1220076,180505,1212
906,140,162,169,5319,789,24,204147,0.47,0.55,17490,35,1221163,180828,1213
907,141,164,170,5320,789,24,204147,0.47,0.55,17553,28,1221707,181000,1213
908,141,163,170,5325,794,24,205205,0.47,0.55,17663,31,1225649,181485,1221
909,144,162,168,5326,797,24,206426,0.47,0.55,17696,34,1227405,182107,1224
910,125,155,163,5330,806,24,207345,0.47,0.55,17776,40,1228815,182655,1235
911,48,124,165,5338,812,24,207345,0.46,0.55,17860,40,1233694,182989,1242
912,47,54,171,5345,812,24,207345,0.46,0.56,17935,30,1238681,183121,1242
913,48,52,171,5347,812,24,207345,0.45,0.56,17947,28,1242241,183334,1242
914,47,53,170,5351,813,24,207345,0.45,0.56,17947,30,1247376,183464,1243
915,5,53,165,5356,813,24,207345,0.44,0.56,17947,30,1251634,183694,1243
916,46,64,171,5366,813,24,207399,0.44,0.56,17964,28,1255003,183943,1243
917,56,64,171,5366,813,24,207532,0.44,0.56,17964,28,1255003,184222,1243
918,51,61,165,5368,819,24,208548,0.44,0.56,18009,34,1255841,184788,1251
919,58,67,170,5374,820,24,209570,0.44,0.56,18054,30,1259585,185268,1252
920,41,79,161,5380,835,24,210398,0.44,0.56,18145,49,1262662,186178,1273
921,67,83,167,5391,840,24,210589,0.44,0.56,18263,42,1269699,186494,1279
922,77,86,166,5395,845,24,211013,0.44,0.57,18371,36,1270960,186656,1286
923,82,91,169,5401,848,24,211494,0.44,0.57,18448,30,1274754,187018,1289
924,84,99,171,5404,849,24,212225,0.44,0.57,18461,30,1277981,187284,1290
925,94,113,176,5411,851,24,212389,0.44,0.57,18474,30,1279784,187642,1292
926,100,106,182,5417,851,24,212389,0.44,0.57,18474,30,1281136,187877,1292
927,77,81,186,5421,851,24,212389,0.44,0.57,18484,28,1282050,188040,1292
928,30,37,164,5425,851,24,212389,0.43,0.57,18484,28,1285327,188122,1292
929,33,51,160,5437,851,24,212389,0.43,0.57,18484,28,1297947,188147,1292
930,56,91,171,5450,852,24,212389,0.43,0.57,18484,30,1306250,188365,1294
931,91,105,171,5451,853,24,212608,0.43,0.57,18511,30,1306486,188684,1295
932,106,125,171,5452,854,24,212941,0.44,0.58,18542,29,1308381,188956,1297
933,107,123,171,5453,854,24,213351,0.43,0.58,18550,28,1309093,189212,1297
934,72,112,157,5454,854,24,213351,0.42,0.58,18550,28,1309688,189480,1297
935,50,114,162,5470,855,24,213361,0.42,0.58,18550,30,1320453,189660,1298
936,81,130,170,5480,857,24,213451,0.42,0.58,18567,32,1325778,189950,1301
937,95,135,171,5482,858,24,213766,0.42,0.58,18597,31,1326260,190229,1302
938,85,113,172,5488,861,25,213941,0.41,0.58,18664,32,1328961,190589,1309
939,79,116,173,5489,861,25,214087,0.72,0.58,18693,28,1330194,191058,1322
940,91,122,172,5491,864,25,214455,0.72,0.58,18715,32,1330673,191536,1330
941,89,119,172,5492,865,25,214914,0.72,0.58,18748,31,1331915,192261,1332
942,75,108,180,5502,865,25,214914,0.43,0.58,18748,31,1334308,192478,1332
943,75,113,178,5502,867,25,214914,0.43,0.58,18782,34,1334308,192712,1338
944,90,121,177,5502,868,25,215023,0.43,0.59,18848,30,1334308,193138,1340
945,97,123,174,5502,871,25,215474,0.43,0.59,18882,30,1334308,193692,1346
946,95,124,170,5502,875,25,216213,0.43,0.59,18902,30,1334308,195242,1356
947,99,130,173,5505,875,25,217266,0.43,0.59,18912,28,1337220,195913,1356
948,102,126,170,5506,879,25,218586,0.43,0.59,18917,31,1337538,197079,1366
949,100,123,172,5511,882,25,219628,0.43,0.59,18937,30,1343915,197695,1372
950,101,125,171,5512,884,25,220731,0.43,0.59,18947,31,1344235,198299,1378
951,104,134,172,5514,885,25,222220,0.43,0.59,18974,28,1344877,199454,1382
952,114,139,172,5515,886,25,224029,0.43,0.59,18974,29,1347450,200132,1384
953,117,139,172,5518,889,25,225877,0.43,0.59,19017,28,1350507,201226,1394
954,118,140,174,5522,891,25,227643,0.43,0.59,19039,28,1352322,202059,1398
955,122,144,175,5524,892,25,229332,0.43,0.59,19044,28,1352801,202838,1402
956,122,143,174,5524,893,25,231436,0.43,0.59,19060,28,1352801,203756,1406
957,123,143,173,5524,894,25,233768,0.43,0.59,19077,28,1352801,204469,1408
958,122,145,174,5528,897,25,236841,0.43,0.59,19092,28,1356088,205935,1414
959,118,139,167,5530,906,25,239950,0.43,0.60,19131,37,1357891,207370,1436
960,115,141,169,5539,913,25,242775,0.43,0.60,19214,32,1364505,209023,1456
961,116,147,173,5549,919,25,245628,0.43,0.60,19261,30,1372863,210517,1476
962,120,146,174,5553,922,25,248089,0.43,0.60,19286,28,1376992,211934,1484
963,124,143,170,5554,927,25,250649,0.43,0.60,19333,28,1379668,212758,1496
964,129,149,174,5558,927,25,254316,0.43,0.60,19333,28,1382568,214330,1496
965,133,148,173,5558,928,25,258401,0.43,0.60,19333,31,1382568,216211,1498
966,132,149,174,5559,928,25,262540,0.43,0.60,19384,28,1383243,217433,1498
967,133,148,173,5559,929,25,266703,0.43,0.60,19384,30,1383243,218848,1500
968,137,147,174,5561,930,25,271198,0.43,0.60,19406,28,1388671,219851,1504
969,137,150,175,5562,930,25,275764,0.43,0.60,19406,28,1389012,220835,1504
970,136,149,175,5563,931,25,280138,0.43,0.60,19439,28,1389354,222040,1505
971,136,151,177,5565,931,25,284710,0.43,0.60,19439,28,1389833,222778,1505
972,141,151,176,5565,932,25,289367,0.43,0.60,19444,28,1389833,224021,1506
973,143,150,175,5565,933,25,294043,0.43,0.60,19444,30,1389833,225072,1507
974,143,150,175,5565,933,25,299069,0.43,0.61,19456,28,1389833,226566,1507
975,141,149,174,5566,935,25,304481,0.43,0.61,19470,29,1390181,228796,1509
976,139,150,175,5567,935,25,309544,0.43,0.61,19475,28,1390529,230546,1509
977,141,150,175,5567,935,25,314198,0.43,0.61,19475,28,1390529,231593,1509
978,145,159,184,5576,935,25,319355,0.43,0.61,19475,28,1403159,232738,1509
979,148,159,184,5576,935,25,324786,0.43,0.61,19475,28,1403159,233493,1509
980,153,158,183,5576,936,25,330542,0.43,0.61,19475,31,1403159,235318,1511
981,151,156,181,5576,938,25,336086,0.43,0.61,19543,30,1403159,238090,1514
982,149,154,179,5576,940,25,341524,0.43,0.61,19590,30,1403159,240291,1516
983,146,151,176,5576,943,25,346890,0.43,0.61,19642,28,1403159,242434,1521
984,145,150,175,5576,944,25,352144,0.43,0.61,19642,29,1403159,244832,1522
985,139,146,171,5578,950,25,357550,0.43,0.61,19753,34,1403878,247155,1529
986,138,148,174,5584,953,25,363383,0.43,0.61,19893,30,1410723,249553,1533
987,139,149,174,5588,957,25,369257,0.43,0.61,20092,29,1413617,251657,1540
988,142,151,176,5590,957,25,375325,0.43,0.62,20098,28,1414776,253700,1540
989,141,149,175,5593,961,25,381336,0.43,0.62,20139,31,1417204,256044,1546
990,142,151,176,5594,961,25,387368,0.43,0.62,20189,28,1417643,258331,1546
991,145,151,176,5594,961,25,393048,0.42,0.62,20189,28,1417643,260573,1546
992,144,149,175,5595,963,25,398703,0.42,0.62,20224,31,1418084,262362,1548
993,144,150,175,5596,964,25,404672,0.42,0.62,20291,30,1418527,264198,1549
994,142,149,174,5598,967,25,410987,0.42,0.62,20341,32,1419638,266634,1553
995,143,148,175,5600,968,25,417217,0.42,0.62,20391,28,1420380,269125,1555
996,140,147,174,5604,973,26,423241,0.42,0.62,20543,32,1425302,271467,1562
997,139,145,173,5608,978,26,429233,0.42,0.62,20634,34,1427096,273418,1569
998,139,150,175,5613,981,26,435001,0.42,0.62,20775,34,1431746,275613,1575
999,139,149,177,5617,983,26,440869,0.42,0.62,20991,28,1433653,277985,1578
1000,146,152,177,5617,983,26,446704,0.42,0.62,20991,28,1433653,279910,1578
1001,146,152,177,5618,984,26,452437,0.42,0.62,21025,28,1435170,281896,1579
1002,146,152,177,5618,984,26,458072,0.42,0.63,21025,28,1435170,283972,1579
1003,146,152,177,5618,984,26,464215,0.42,0.63,21025,28,1435170,286424,1579
1004,145,152,177,5619,985,26,470340,0.42,0.63,21039,28,1436701,288942,1581
1005,144,151,176,5619,986,26,476333,0.42,0.63,21039,31,1436701,291031,1582
1006,145,151,177,5620,986,26,482422,0.42,0.63,21204,28,1437163,293354,1582
1007,146,152,177,5620,986,26,488497,0.42,0.63,21204,28,1437163,295613,1582
1008,146,152,177,5620,986,26,494764,0.42,0.63,21204,28,1437163,298154,1582
1009,145,152,177,5621,987,26,500847,0.42,0.63,21238,28,1437942,300748,1584
1010,143,149,174,5621,990,26,506711,0.42,0.63,21318,30,1437942,302804,1587
1011,143,152,177,5624,990,26,512616,0.42,0.63,21429,28,1439506,305218,1587
1012,145,152,177,5624,990,26,518498,0.42,0.63,21429,28,1439506,307324,1587
1013,143,150,175,5626,994,26,524490,0.42,0.63,21442,35,1440451,309870,1593
1014,143,151,177,5629,995,26,530380,0.42,0.63,21526,29,1442823,312261,1595
1015,145,153,178,5630,995,26,536438,0.42,0.63,21538,28,1444408,314359,1595
1016,143,149,174,5630,999,26,542281,0.42,0.63,21563,36,1444408,316774,1601
1017,138,147,174,5635,1004,26,547811,0.42,0.64,21736,31,1449279,318795,1610
1018,139,149,177,5642,1008,26,553125,0.42,0.64,21839,30,1454088,320974,1616
1019,132,145,173,5647,1017,26,558225,0.42,0.64,21957,34,1459722,323043,1628
1020,136,152,178,5653,1018,26,563025,0.42,0.64,22012,28,1463917,324572,1629
1021,143,152,178,5654,1019,26,567794,0.42,0.64,22047,28,1464403,326203,1630
1022,133,145,172,5660,1031,27,572113,0.42,0.64,22454,32,1472940,328933,1648
1023,135,150,176,5666,1033,27,576168,0.42,0.64,22498,33,1479396,330449,1651
1024,138,151,177,5668,1034,27,580334,0.42,0.64,22621,29,1480214,331736,1652
1025,143,152,177,5670,1036,27,584471,0.42,0.64,22716,31,1481035,333082,1654
1026,143,153,178,5673,1038,27,588629,0.42,0.64,22851,28,1482544,334821,1656
1027,143,150,176,5674,1041,27,592841,0.42,0.64,22921,31,1482958,336553,1660
1028,142,151,178,5677,1042,27,597019,0.42,0.64,22966,30,1487924,338144,1661
1029,141,149,177,5678,1044,27,601390,0.42,0.64,23022,29,1489587,339579,1664
1030,141,153,179,5680,1044,27,605799,0.42,0.64,23033,28,1491670,341090,1664
1031,143,154,178,5682,1047,27,610359,0.42,0.64,23080,31,1492899,342998,1669
1032,144,154,178,5684,1049,27,615040,0.42,0.65,23149,30,1494130,345139,1671
1033,143,152,176,5685,1052,27,619714,0.42,0.65,23162,37,1495814,346850,1674
1034,141,154,178,5689,1054,27,623883,0.42,0.65,23399,31,1498097,348532,1677
1035,142,154,179,5691,1055,27,627709,0.42,0.65,23600,28,1501491,349833,1678
1036,142,154,179,5691,1055,27,631753,0.42,0.65,23600,28,1501491,351410,1678
1037,142,153,178,5691,1056,27,635973,0.42,0.65,23607,29,1501491,352984,1679
1038,142,154,178,5692,1057,27,640471,0.42,0.65,23614,31,1503202,354591,1680
1039,143,155,179,5693,1057,27,644716,0.42,0.65,23649,28,1503717,355940,1680
1040,142,154,179,5694,1058,27,649149,0.41,0.65,23666,28,1504235,357247,1681
1041,141,153,177,5694,1060,27,653502,0.41,0.65,23679,30,1504235,358745,1683
1042,142,154,179,5696,1060,27,657921,0.41,0.65,23693,28,1505189,360168,1683
1043,140,153,178,5698,1063,27,662581,0.41,0.65,23705,32,1506060,361783,1687
1044,142,156,180,5700,1063,27,667347,0.41,0.65,23730,28,1507225,363093,1687
1045,145,156,180,5700,1063,27,672049,0.41,0.65,23730,28,1507225,364420,1687
1046,144,156,180,5701,1064,27,676975,0.41,0.66,23744,28,1507870,366020,1688
1047,143,155,179,5701,1065,27,682269,0.41,0.66,23744,30,1507870,367765,1689
1048,143,155,179,5703,1066,27,687098,0.41,0.66,23830,28,1509169,369373,1693
1049,133,155,180,5704,1066,27,691091,0.41,0.66,23830,28,1509613,370217,1693
1050,137,157,182,5706,1066,27,695248,0.41,0.66,23830,28,1510092,371043,1693
1051,152,158,182,5706,1066,27,699335,0.41,0.66,23830,28,1510092,371815,1693
1052,153,158,182,5706,1066,27,703309,0.41,0.66,23830,28,1510092,372437,1693
1053,137,155,181,5706,1067,27,707357,0.41,0.66,23830,31,1510092,373408,1694
1054,137,155,181,5706,1067,27,711593,0.41,0.66,23861,28,1510092,374388,1694
1055,137,156,180,5706,1067,27,716555,0.41,0.66,23861,28,1510092,375944,1694
1056,147,152,178,5709,1072,27,721038,0.41,0.66,23963,30,1513491,377684,1702
1057,147,156,180,5711,1072,27,725780,0.41,0.66,23975,28,1515862,378657,1702
1058,151,157,180,5712,1073,27,729918,0.41,0.66,23975,31,1516532,379358,1704
1059,151,155,179,5714,1076,27,733883,0.41,0.66,24044,32,1517012,380308,1707
1060,151,156,181,5716,1076,27,737966,0.41,0.67,24077,28,1518148,380876,1707
1061,150,156,181,5717,1077,27,741815,0.41,0.67,24092,28,1518611,381886,1708
1062,150,155,180,5718,1079,27,745212,0.41,0.67,24106,30,1519075,382728,1710
1063,148,154,179,5719,1081,27,749406,0.41,0.67,24119,34,1519540,383899,1712
1064,148,156,181,5722,1082,27,753547,0.41,0.67,24226,28,1521502,385008,1714
1065,147,154,180,5724,1085,27,757190,0.41,0.67,24267,28,1523128,386105,1717
1066,150,157,181,5725,1085,27,760973,0.41,0.67,24267,28,1523598,387042,1717
1067,153,158,181,5725,1085,27,765279,0.41,0.67,24267,28,1523598,388226,1717
1068,152,157,180,5725,1086,27,769458,0.41,0.67,24267,31,1523598,389502,1718
1069,151,158,181,5727,1087,27,773468,0.41,0.67,24440,28,1525974,390689,1719
1070,151,157,180,5727,1088,27,777398,0.41,0.67,24440,29,1525974,391828,1721
1071,150,156,179,5728,1090,27,781474,0.41,0.67,24480,31,1526674,393203,1723
1072,150,158,181,5731,1091,28,785664,0.41,0.67,24679,28,1529295,394396,1724
1073,149,159,182,5735,1094,28,788928,0.41,0.67,24797,29,1535070,395513,1728
1074,166,174,197,5751,1095,28,791594,0.41,0.67,24809,31,1538849,396260,1730
1075,170,175,198,5753,1096,28,793668,0.41,0.68,24868,30,1539318,397120,1731
1076,169,174,197,5753,1097,28,796686,0.41,0.68,24883,30,1539318,397779,1732
1077,169,174,197,5753,1097,28,800469,0.41,0.68,24895,28,1539318,398690,1732
1078,169,174,197,5753,1097,28,803745,0.41,0.68,24895,28,1539318,399333,1732
1079,154,172,197,5753,1097,28,806996,0.41,0.68,24895,28,1539318,400276,1732
1080,154,172,197,5753,1097,28,809796,0.41,0.68,24895,28,1539318,400907,1732
1081,169,175,198,5754,1097,28,812992,0.41,0.68,24895,28,1541294,401730,1732
1082,168,173,196,5754,1099,28,815730,0.41,0.68,24900,31,1541294,402559,1734
1083,168,173,196,5754,1099,28,819956,0.41,0.68,24935,28,1541294,403517,1734
1084,168,173,196,5754,1099,28,824054,0.41,0.68,24935,28,1541294,405013,1734
1085,167,172,195,5754,1100,28,827284,0.41,0.68,24956,29,1541294,406295,1735
1086,167,172,195,5754,1100,28,830661,0.41,0.68,24966,28,1541294,406911,1735
1087,165,170,193,5754,1102,28,834636,0.41,0.68,25002,31,1541294,408264,1738
1088,162,167,190,5754,1105,28,838685,0.41,0.68,25037,34,1541294,410012,1741
1089,162,167,190,5754,1105,28,841908,0.40,0.69,25095,28,1541294,411304,1741
1090,175,179,205,5772,1108,28,842327,0.40,0.69,25095,31,1545541,411801,1744
1091,184,185,213,5786,1114,28,842723,0.39,0.69,25130,30,1548870,412517,1752
1092,180,180,208,5786,1119,28,843663,0.39,0.69,25160,29,1548870,413198,1760
1093,177,177,205,5786,1122,28,846300,0.39,0.69,25185,29,1548870,414342,1764
1094,177,177,205,5786,1122,28,850220,0.39,0.69,25190,28,1548870,416223,1764
1095,175,177,203,5786,1124,28,853939,0.40,0.69,25207,30,1548870,418065,1767
1096,176,178,204,5788,1125,28,857524,0.40,0.69,25248,28,1549317,419305,1768
1097,176,176,204,5788,1125,28,861137,0.38,0.69,25248,28,1549317,420921,1768
1098,175,175,203,5788,1126,28,861574,0.66,0.69,25248,29,1549317,421520,1769
1099,181,174,210,5796,1127,28,861574,0.64,0.69,25248,30,1551215,421934,1770
1100,88,70,202,5796,1129,28,861593,0.34,0.69,25253,31,1551215,422520,1772
1101,0,27,195,5796,1129,28,861593,0.32,0.69,25258,30,1551215,422575,1772
1102,0,0,185,5796,1129,28,861593,0.32,0.69,25263,29,1551215,422575,1772
1103,0,8,181,5804,1129,28,861593,0.31,0.70,25263,29,1557201,422575,1772
1104,5,19,168,5815,1129,28,861593,0.31,0.70,25268,28,1570263,422687,1772
1105,19,36,167,5833,1129,28,861606,0.31,0.70,25268,28,1602063,423015,1772
1106,27,50,178,5850,1130,28,861679,0.72,0.70,25329,29,1624430,423360,1773
1107,45,61,182,5864,1131,28,861991,0.72,0.70,25339,29,1635386,423831,1775
1108,46,66,148,5874,1131,28,862125,0.72,0.70,25339,29,1649700,424248,1775
1109,42,69,129,5891,1131,28,862125,0.31,0.70,25348,28,1668586,424545,1775
1110,48,65,145,5910,1131,28,862159,0.33,0.70,25348,28,1694616,424866,1775
1111,46,66,157,5928,1131,28,862171,0.33,0.70,25348,28,1736375,425187,1775
1112,55,66,144,5945,1131,28,862171,0.33,0.70,25348,28,1755211,425499,1775
1113,57,72,154,5962,1131,28,862171,0.33,0.70,25348,28,1790490,425820,1775
1114,77,100,171,5980,1132,29,862292,0.33,0.70,26596,29,1811341,426228,1777
1115,94,125,184,5993,1132,29,862784,0.33,0.70,26605,28,1838318,426700,1777
1116,100,114,186,5995,1132,29,863232,0.33,0.70,26605,28,1839300,427071,1777
1117,77,88,177,6002,1132,29,863285,0.33,0.71,26605,28,1854842,427446,1777
1118,60,76,177,6014,1132,29,863285,0.33,0.71,26605,28,1866158,427730,1777
1119,42,55,182,6026,1132,29,863285,0.33,0.71,26605,28,1883314,427999,1777
1120,41,62,173,6034,1132,29,863338,0.72,0.71,26628,28,1896585,428538,1777
1121,61,83,185,6046,1132,29,863500,0.72,0.71,26628,28,1917145,429011,1777
1122,93,107,185,6046,1132,29,863921,0.72,0.71,26628,28,1917145,429572,1777
1123,71,78,175,6050,1132,29,864132,0.72,0.71,26628,28,1922521,430102,1777
1124,56,77,169,6064,1132,29,864132,0.32,0.71,26628,28,1937702,430436,1777
1125,56,71,160,6081,1132,29,864132,0.32,0.71,26628,28,1952993,430760,1777
1126,32,80,161,6098,1132,29,864200,0.32,0.71,26628,28,1967196,431171,1777
1127,53,78,163,6116,1132,29,864233,0.32,0.71,26628,28,1984247,431641,1777
1128,74,94,175,6133,1132,29,864290,0.32,0.71,26628,28,2014134,432072,1777
1129,109,126,185,6143,1132,29,864843,0.32,0.71,26628,28,2045294,432482,1777
1130,116,128,184,6143,1132,29,865953,0.32,0.71,26628,28,2045294,433371,1777
1131,117,122,182,6145,1132,29,866661,0.31,0.72,26628,28,2046325,434214,1777
1132,112,119,186,6149,1132,29,866733,0.31,0.72,26628,28,2052755,434688,1777
1133,95,108,184,6167,1133,29,866733,0.32,0.72,26628,30,2101390,435243,1779
1134,118,125,185,6178,1134,29,866777,0.31,0.72,26643,30,2121528,435822,1780
1135,118,122,186,6179,1134,29,866856,0.31,0.72,26658,28,2123389,436269,1780
1136,94,95,186,6180,1134,29,866856,0.31,0.72,26658,28,2125256,436835,1780
1137,83,89,186,6185,1134,29,866856,0.31,0.72,26658,28,2133444,437110,1780
1138,48,61,185,6202,1134,29,866856,0.31,0.72,26658,28,2158174,437517,1780
1139,55,69,186,6217,1134,29,866879,0.32,0.72,26658,28,2171006,437954,1780
1140,59,74,186,6225,1134,29,866879,0.31,0.72,26658,28,2178628,438272,1780
1141,66,85,186,6235,1134,29,866901,0.72,0.72,26658,28,2184921,438638,1789
1142,84,91,186,6236,1134,29,867270,0.72,0.72,26658,28,2185465,439046,1789
1143,123,129,188,6238,1134,29,868173,0.72,0.72,26658,28,2186541,439837,1789
1144,90,109,186,6241,1134,29,868505,0.72,0.72,26658,28,2189555,440807,1789
1145,77,91,183,6254,1135,29,868505,0.31,0.73,26658,30,2211138,441337,1790
1146,81,88,186,6264,1135,29,868505,0.30,0.73,26673,28,2230497,441954,1790
1147,81,84,186,6267,1136,29,868505,0.31,0.73,26673,30,2232158,442203,1791
1148,89,91,187,6270,1136,29,868582,0.31,0.73,26680,29,2235213,442659,1791
1149,92,97,187,6270,1136,29,869041,0.31,0.73,26687,28,2235213,443167,1791
1150,152,165,186,6270,1137,29,869639,0.30,0.73,26687,30,2235213,443671,1793
1151,176,180,188,6272,1137,29,869662,0.30,0.73,26687,30,2236317,444156,1793
1152,166,171,188,6272,1137,29,869713,0.30,0.73,26702,28,2236317,444661,1793
1153,170,178,193,6278,1138,29,869764,0.30,0.73,26702,30,2239622,444997,1795
1154,162,168,193,6278,1138,29,869764,0.30,0.73,26717,28,2239622,445691,1795
1155,130,133,193,6278,1138,29,869764,0.30,0.73,26717,28,2239622,446001,1795
1156,61,63,192,6278,1138,29,869764,0.29,0.73,26717,28,2239622,446016,1795
1157,46,46,187,6279,1138,29,869764,0.28,0.73,26717,28,2240194,446016,1795
1158,0,7,187,6285,1138,29,869764,0.28,0.73,26717,28,2256854,446016,1795
1159,0,7,185,6294,1138,29,869764,0.28,0.74,26717,28,2275773,446016,1795
1160,5,17,186,6305,1138,29,869764,0.29,0.74,26717,28,2292553,446016,1795
1161,56,69,187,6306,1138,29,869764,0.29,0.74,26717,28,2294292,446016,1795
1162,83,153,188,6307,1138,29,869764,0.28,0.74,26717,28,2296039,446247,1795
1163,178,178,188,6307,1138,29,869835,0.28,0.74,26717,28,2296039,446619,1795
1164,144,144,188,6307,1138,29,869835,0.28,0.74,26717,28,2296039,446909,1795
1165,125,160,188,6316,1138,29,869835,0.28,0.74,26717,28,2307632,447188,1795
1166,173,178,188,6317,1138,29,870730,0.28,0.74,26717,28,2308222,447682,1803
1167,176,179,188,6317,1138,29,872852,0.28,0.74,26717,28,2308222,448666,1803
1168,174,179,188,6317,1138,29,874193,0.28,0.74,26717,28,2308222,449267,1803
1169,72,171,188,6317,1138,29,874193,0.28,0.74,26717,28,2308222,449750,1803
1170,55,140,188,6317,1138,29,874193,0.29,0.74,26717,28,2308222,450100,1803
1171,12,72,188,6317,1138,29,874193,0.29,0.74,26717,28,2308222,450303,1803
1172,3,77,188,6324,1138,29,874193,0.29,0.75,26717,28,2323230,450613,1803
1173,56,79,188,6326,1138,29,874193,0.29,0.75,26717,28,2329302,450613,1803
1174,57,82,188,6329,1138,29,874193,0.30,0.75,26717,28,2333279,450798,1803
1175,57,67,188,6330,1138,29,874193,0.29,0.75,26717,28,2334236,450969,1803
1176,56,58,188,6331,1138,29,874204,0.29,0.75,26717,28,2335197,451324,1803
1177,58,61,189,6334,1138,29,874204,0.29,0.75,26717,28,2336803,451576,1803
1178,80,109,189,6335,1139,29,874224,0.29,0.75,26736,28,2337340,451956,1804
1179,81,175,189,6335,1139,29,874413,0.29,0.75,26736,28,2337340,452526,1804
1180,172,176,189,6338,1140,29,875956,0.29,0.75,26736,29,2342750,453493,1805
1181,175,180,189,6341,1140,29,877812,0.29,0.76,26745,28,2344378,454233,1805
1182,177,179,188,6341,1141,29,879746,0.29,0.76,26745,30,2344378,455801,1806
1183,177,180,189,6342,1141,29,882696,0.29,0.76,26764,28,2350918,457827,1806
1184,178,179,188,6342,1142,29,885140,0.29,0.76,26779,28,2350918,460119,1807
1185,176,178,189,6345,1144,29,888223,0.29,0.76,26796,28,2355039,462907,1809
1186,176,178,189,6345,1144,29,893386,0.29,0.76,26796,28,2355039,468101,1809
1187,176,178,189,6345,1144,29,898942,0.29,0.76,26796,28,2355039,472648,1809
1188,175,178,188,6345,1145,29,904076,0.29,0.76,26805,28,2355039,478147,1811
1189,177,179,188,6346,1145,29,906009,0.27,0.76,26805,28,2356985,478547,1811
1190,170,178,188,6348,1146,29,906009,0.26,0.77,26805,29,2359218,478901,1812
1191,169,178,187,6349,1146,29,906094,0.26,0.77,26805,29,2360619,479720,1812
1192,174,181,189,6352,1147,29,909240,0.26,0.77,26814,31,2364833,481228,1813
1193,178,186,192,6355,1147,29,912292,0.27,0.77,26844,28,2367354,482304,1813
1194,180,182,192,6355,1147,29,913004,0.27,0.77,26844,28,2367354,482689,1813
1195,179,181,191,6355,1148,29,914734,0.27,0.77,26844,30,2367354,483436,1814
1196,174,178,189,6355,1150,29,914836,0.27,0.77,26844,32,2367354,484415,1817
1197,44,164,190,6356,1150,29,914836,0.27,0.77,26860,30,2368612,486381,1817
1198,43,44,189,6356,1151,29,914836,0.68,0.77,26878,29,2368612,486575,1819
1199,2,48,189,6363,1153,29,914836,0.68,0.78,26878,31,2388059,486648,1821
1200,3,48,190,6365,1153,29,914836,0.27,0.78,26878,31,2397284,486648,1821
1201,6,49,190,6371,1153,29,914836,0.26,0.78,26887,30,2425063,486658,1821
1202,9,52,190,6373,1153,29,914836,0.26,0.78,26906,28,2430984,487062,1821
1203,51,59,190,6373,1153,29,914848,0.27,0.78,26906,28,2430984,487444,1821
1204,58,175,190,6373,1153,29,914848,0.27,0.78,26906,28,2430984,487777,1821
1205,168,176,190,6373,1153,29,915041,0.27,0.78,26906,28,2430984,488175,1821
1206,171,174,190,6373,1153,29,915041,0.27,0.78,26906,28,2430984,488426,1821
1207,171,174,191,6374,1153,29,915041,0.27,0.78,26906,28,2431575,488633,1821
1208,165,166,191,6374,1153,29,915041,0.27,0.79,26906,28,2431575,488805,1821
1209,162,162,191,6374,1153,29,915041,0.26,0.79,26906,28,2431575,488820,1821
1210,164,166,191,6378,1153,29,915041,0.26,0.79,26906,28,2438914,488820,1821
1211,165,170,191,6378,1153,29,915074,0.26,0.79,26906,28,2438914,489485,1821
1212,171,176,190,6378,1154,29,916599,0.26,0.79,26906,30,2438914,490148,1822
1213,172,184,191,6379,1154,29,916599,0.27,0.79,26906,30,2439517,490428,1822
1214,177,185,191,6379,1154,29,916599,0.26,0.79,26913,29,2439517,490718,1822
1215,178,184,191,6379,1154,29,916640,0.26,0.79,26920,28,2439517,491088,1822
1216,174,174,191,6379,1154,29,916640,0.66,0.79,26920,28,2439517,491283,1822
1217,127,170,191,6380,1154,29,916640,0.26,0.80,26920,28,2440433,491432,1822
1218,3,5,191,6380,1154,29,916640,0.25,0.80,26920,28,2440433,491432,1822
1219,1,2,191,6381,1154,29,916640,0.25,0.80,26920,28,2441047,491432,1822
1220,3,5,191,6385,1154,29,916640,0.25,0.80,26920,28,2445739,491536,1822
1221,7,14,189,6394,1154,29,916640,0.24,0.80,26920,28,2458814,491807,1822
1222,15,20,192,6402,1154,29,916640,0.22,0.80,26920,28,2469990,491969,1822
1223,20,22,192,6405,1154,29,916690,0.23,0.80,26920,28,2471861,492299,1822
1224,19,20,192,6407,1154,29,916739,0.23,0.80,26920,28,2473112,492691,1822
1225,10,10,192,6408,1154,29,916763,0.24,0.80,26920,28,2473740,492993,1822
1226,10,18,86,6416,1154,29,916763,0.24,0.81,26920,28,2487918,493238,1822
1227,20,30,100,6434,1154,29,916763,0.24,0.81,26920,28,2506176,493466,1822
1228,38,45,118,6452,1154,29,916800,0.24,0.81,26920,28,2538939,493832,1822
1229,50,61,131,6469,1154,29,916901,0.24,0.81,26920,28,2568691,494269,1822
1230,69,73,133,6487,1154,29,916980,0.24,0.81,26920,28,2589615,494634,1822
1231,66,82,124,6505,1154,29,917047,0.24,0.81,26920,28,2624113,494963,1822
1232,63,84,140,6523,1154,29,917047,0.24,0.81,26920,28,2659368,495295,1822
1233,57,80,153,6540,1154,29,917111,0.23,0.81,26920,28,2705746,495718,1822
1234,63,86,159,6558,1154,29,917141,0.23,0.81,26920,28,2751696,496038,1822
1235,53,83,167,6576,1154,29,917176,0.23,0.82,26920,28,2818204,496402,1822
1236,50,78,176,6593,1154,29,917200,0.22,0.82,26920,28,2861088,496811,1822
1237,74,104,191,6611,1154,29,917393,0.22,0.82,26920,28,2905289,497189,1822
1238,64,75,184,6618,1154,29,917438,0.22,0.82,26920,28,2918534,497579,1822
1239,47,66,187,6631,1154,29,917704,0.22,0.82,26920,28,2945943,497919,1822
1240,45,71,183,6641,1154,29,917717,0.21,0.82,26920,28,2963061,498361,1822
1241,67,100,193,6654,1154,29,917942,0.21,0.82,26920,28,2986902,498736,1822
1242,88,102,193,6654,1154,29,918215,0.21,0.82,26920,28,2986902,499151,1822
1243,91,111,193,6656,1154,29,918316,0.21,0.82,26920,28,2990717,499598,1822
1244,110,129,193,6656,1154,29,918920,0.72,0.82,26920,28,2990717,500156,1822
1245,123,133,193,6658,1154,29,919866,0.72,0.82,26920,28,2994558,500885,1822
1246,108,114,184,6663,1154,29,920143,0.72,0.83,26920,28,3003961,501465,1822
1247,92,110,168,6676,1154,29,920143,0.21,0.83,26920,28,3042948,501857,1822
1248,84,125,178,6693,1155,29,920143,0.21,0.83,26920,31,3074876,502255,1824
1249,101,143,193,6708,1155,29,920802,0.21,0.83,26959,28,3107209,503028,1832
1250,119,146,192,6708,1156,29,922504,0.21,0.83,26959,31,3107209,504179,1836
1251,134,162,195,6711,1156,29,924423,0.21,0.83,26999,28,3109534,504641,1836
1252,124,134,193,6713,1156,29,925023,0.21,0.83,26999,28,3111080,505013,1836
1253,99,116,190,6714,1156,29,925097,0.20,0.83,26999,28,3111866,505375,1836
1254,94,93,183,6718,1156,29,925134,0.20,0.83,26999,28,3117551,505701,1836
1255,93,106,194,6729,1156,29,925240,0.20,0.83,26999,28,3156064,506091,1836
1256,104,120,194,6729,1156,29,926681,0.20,0.83,26999,28,3156064,507017,1836
1257,107,118,194,6729,1156,29,929327,0.20,0.83,26999,28,3156064,508947,1836
1258,83,89,194,6733,1156,29,929663,0.20,0.83,26999,28,3171666,509349,1836
1259,88,91,193,6744,1157,29,929911,0.20,0.83,26999,30,3200417,509939,1840
1260,83,100,184,6761,1157,29,929961,0.20,0.84,26999,30,3278025,510554,1840
1261,101,111,190,6779,1157,29,929961,0.20,0.84,27018,28,3316460,510852,1840
1262,103,111,194,6795,1157,29,930004,0.20,0.84,27018,28,3352246,511722,1840
1263,109,123,190,6812,1157,29,930140,0.20,0.84,27018,28,3409752,512291,1840
1264,123,134,194,6821,1157,29,930496,0.20,0.84,27018,28,3429845,512663,1840
1265,126,138,194,6822,1157,29,931214,0.20,0.84,27018,28,3436396,513330,1840
1266,125,138,194,6828,1157,29,931883,0.20,0.84,27018,28,3464779,513936,1840
1267,104,116,191,6841,1157,29,932078,0.20,0.84,27018,28,3525881,514448,1840
1268,95,100,195,6848,1157,29,932178,0.20,0.84,27018,28,3543253,515024,1840
1269,98,104,195,6860,1157,29,932361,0.20,0.84,27018,28,3572360,515727,1840
1270,99,107,195,6868,1157,29,932403,0.19,0.84,27018,28,3590450,516078,1840
1271,104,107,195,6881,1157,29,932403,0.19,0.84,27018,28,3608022,516431,1840
1272,58,71,192,6894,1157,29,932422,0.19,0.84,27018,28,3665114,516791,1840
1273,55,74,192,6910,1157,29,932440,0.19,0.85,27018,28,3706373,517137,1840
1274,78,84,195,6923,1157,29,932509,0.19,0.85,27018,28,3740585,517531,1840
1275,80,88,195,6928,1157,29,932542,0.19,0.85,27018,28,3752790,517862,1840
1276,67,82,195,6938,1157,29,932561,0.19,0.85,27018,28,3776355,518225,1840
1277,69,76,195,6947,1157,29,932561,0.20,0.85,27018,28,3796412,518552,1840
1278,40,48,195,6952,1157,29,932561,0.21,0.85,27018,28,3814647,518809,1840
1279,31,44,195,6960,1157,29,932580,0.29,0.85,27018,28,3838266,519211,1840
1280,17,22,195,6964,1157,29,932580,0.29,0.85,27018,28,3844470,519529,1840
1281,24,55,190,6973,1157,29,932636,0.29,0.85,27018,28,3871036,519930,1840
1282,70,81,196,6984,1157,29,932861,0.29,0.85,27018,28,3889770,520470,1840
1283,93,115,196,6993,1157,29,933308,0.29,0.85,27018,28,3898658,521041,1840
1284,115,124,198,6999,1157,29,934884,0.29,0.85,27018,28,3908969,522224,1840
1285,123,132,196,7002,1157,29,937144,0.29,0.85,27018,28,3915545,524144,1840
1286,124,133,197,7006,1158,29,940543,0.29,0.86,27018,29,3923908,526296,1841
1287,126,140,195,7006,1159,29,944234,0.29,0.86,27038,28,3923908,529345,1842
1288,130,146,196,7012,1159,29,948523,0.28,0.86,27038,28,3938966,532060,1842
1289,139,151,196,7015,1159,29,952650,0.28,0.86,27038,28,3958935,535281,1842
1290,140,151,196,7017,1160,29,957050,0.28,0.86,27048,28,3966958,538636,1844
1291,142,154,197,7019,1160,29,961306,0.28,0.86,27048,28,3971248,541364,1844
1292,144,153,195,7019,1161,29,965824,0.28,0.86,27064,28,3971248,546231,1846
1293,146,156,198,7022,1161,29,970549,0.28,0.86,27064,28,3976915,549619,1846
1294,147,156,196,7023,1162,29,975266,0.28,0.86,27074,28,3978542,552951,1852
1295,147,155,195,7023,1163,29,980001,0.72,0.86,27074,30,3978542,556017,1857
1296,149,157,196,7025,1163,29,985115,0.72,0.86,27084,28,3981816,558873,1857
1297,151,158,197,7028,1163,29,990553,0.72,0.86,27084,28,3988662,561593,1857
1298,159,163,197,7035,1163,29,994517,0.72,0.86,27084,28,3998274,562154,1857
1299,163,163,197,7036,1163,29,999262,0.72,0.87,27084,28,4000572,563141,1857
1300,162,165,197,7039,1163,29,1003281,0.72,0.87,27084,28,4005552,563669,1857
1301,151,163,182,7043,1163,29,1003559,0.17,0.87,27084,28,4012863,564429,1857
1302,141,154,197,7063,1163,29,1003915,0.17,0.87,27084,28,4065429,564908,1857
1303,140,150,196,7067,1164,29,1004244,0.18,0.87,27084,30,4074745,565599,1858
1304,137,146,197,7072,1164,29,1004559,0.18,0.87,27100,28,4083621,566430,1858
1305,144,148,196,7072,1165,29,1005812,0.18,0.87,27115,28,4083621,567394,1860
1306,131,133,197,7074,1165,29,1007219,0.19,0.87,27115,28,4088320,568305,1860
1307,127,128,198,7080,1165,29,1007370,0.18,0.87,27115,28,4093891,569391,1860
1308,120,126,186,7084,1165,29,1007596,0.18,0.87,27115,28,4108762,570166,1860
1309,118,126,196,7099,1165,29,1008113,0.19,0.87,27115,28,4137617,570624,1860
1310,128,144,197,7101,1166,29,1009556,0.18,0.87,27131,28,4139521,571205,1861
1311,138,147,197,7101,1166,29,1011199,0.18,0.87,27131,28,4139521,572319,1861
1312,143,149,196,7103,1166,29,1012935,0.19,0.87,27131,28,4146229,573302,1861
1313,154,157,197,7105,1167,29,1016821,0.19,0.88,27131,29,4148919,574275,1862
1314,158,161,198,7106,1167,29,1020662,0.18,0.88,27141,28,4150655,576323,1862
1315,159,160,197,7106,1168,29,1024866,0.18,0.88,27141,30,4150655,577880,1863
1316,159,160,198,7107,1168,29,1030159,0.18,0.88,27151,28,4152405,579452,1863
1317,162,163,200,7109,1168,29,1034478,0.18,0.88,27151,28,4154305,580375,1863
1318,162,163,200,7109,1168,29,1038672,0.18,0.88,27151,28,4154305,581404,1863
1319,162,163,198,7110,1168,29,1044154,0.18,0.88,27151,28,4160705,582948,1863
1320,161,163,198,7110,1168,29,1049295,0.18,0.88,27151,28,4160705,586657,1863
1321,162,163,198,7110,1168,29,1054972,0.18,0.88,27151,28,4160705,590502,1863
1322,160,161,197,7110,1169,29,1061623,0.18,0.88,27151,30,4160705,594414,1864
1323,159,163,197,7112,1171,29,1067064,0.18,0.88,27171,29,4164286,595542,1867
1324,162,164,198,7113,1171,29,1072307,0.18,0.88,27181,28,4166482,597995,1867
1325,162,164,198,7113,1171,29,1078556,0.18,0.88,27181,28,4166482,601711,1867
1326,162,164,198,7113,1171,29,1084405,0.18,0.89,27181,28,4166482,606116,1867
1327,166,167,201,7116,1171,29,1089877,0.18,0.89,27181,28,4170597,607339,1867
1328,166,167,201,7116,1171,29,1095560,0.18,0.89,27181,28,4170597,609534,1867
1329,165,167,200,7116,1171,29,1101810,0.18,0.89,27181,28,4170597,612033,1867
1330,164,166,199,7116,1172,29,1107105,0.18,0.89,27181,29,4170597,615139,1869
1331,164,166,199,7116,1172,29,1112633,0.18,0.89,27191,28,4170597,616459,1869
1332,164,166,199,7116,1172,29,1119007,0.18,0.89,27191,28,4170597,618872,1869
1333,164,165,198,7116,1173,29,1123300,0.18,0.89,27191,30,4170597,619548,1870
1334,163,164,197,7117,1175,29,1128426,0.18,0.89,27217,29,4172867,621721,1873
1335,163,166,199,7121,1177,29,1134390,0.18,0.89,27247,28,4180527,623195,1876
1336,161,163,196,7121,1180,29,1139923,0.18,0.89,27272,29,4180527,625207,1881
1337,161,166,198,7126,1182,29,1145108,0.18,0.89,27297,28,4190006,627196,1884
1338,169,172,204,7132,1182,29,1150949,0.18,0.89,27297,28,4195663,628270,1884
1339,169,170,202,7132,1184,29,1156329,0.18,0.90,27317,28,4195663,630136,1887
1340,168,169,200,7132,1185,29,1160962,0.18,0.90,27317,29,4195663,631169,1888
1341,164,165,195,7132,1189,29,1165746,0.18,0.90,27327,34,4195663,634513,1895
1342,171,174,204,7142,1190,29,1171416,0.18,0.90,27367,29,4207760,636154,1897
1343,162,167,198,7149,1203,29,1175904,0.18,0.90,27508,31,4224565,641111,1919
1344,166,170,200,7151,1203,29,1180333,0.18,0.90,27529,28,4232023,642037,1919
1345,155,165,195,7157,1214,29,1185337,0.18,0.90,27579,36,4246481,644474,1939
1346,158,171,201,7164,1215,29,1189435,0.18,0.90,27639,30,4256427,645550,1941
1347,163,170,199,7168,1221,29,1194177,0.18,0.90,27679,32,4260183,649349,1949
1348,163,166,194,7169,1227,29,1199059,0.18,0.90,27722,36,4262885,650621,1958
1349,162,169,198,7176,1230,29,1203673,0.18,0.90,27795,28,4278610,652839,1962
1350,170,172,200,7178,1230,29,1208435,0.18,0.90,27795,28,4284586,655941,1962
1351,174,175,203,7186,1235,29,1213417,0.18,0.90,27820,33,4292026,659572,1972
1352,170,175,203,7186,1235,29,1217421,0.18,0.91,27851,28,4292026,660613,1972
1353,170,175,203,7186,1235,29,1222049,0.17,0.91,27851,28,4292026,662062,1972
1354,173,178,202,7186,1236,29,1225446,0.17,0.91,27851,29,4292026,663652,1973
1355,176,185,206,7191,1237,29,1225859,0.16,0.91,27861,30,4297727,664205,1975
1356,163,188,207,7193,1238,29,1226677,0.16,0.91,27877,30,4299584,664685,1977
1357,173,186,207,7193,1238,29,1228776,0.16,0.91,27893,28,4299584,665842,1977
1358,177,178,201,7193,1244,29,1231996,0.16,0.91,27893,38,4299584,667988,1988
1359,184,186,211,7203,1244,29,1232554,0.17,0.91,27939,32,4310014,668400,1988
1360,184,193,219,7211,1244,29,1233325,0.17,0.91,27965,28,4317454,669172,1988
1361,184,193,219,7211,1244,29,1235817,0.17,0.91,27965,28,4317454,670088,1988
1362,193,200,219,7211,1244,29,1238390,0.16,0.91,27965,28,4317454,671086,1988
1363,204,209,219,7211,1244,29,1238565,0.15,0.91,27965,28,4317454,671655,1988
1364,209,215,223,7215,1244,29,1238631,0.15,0.91,27965,28,4321739,672491,1988
1365,152,156,223,7215,1244,29,1238659,0.14,0.92,27965,28,4321739,672783,1988
1366,60,72,223,7215,1244,29,1238714,0.13,0.92,27965,28,4321739,672917,1988
1367,58,65,222,7215,1244,29,1238742,0.13,0.92,27965,28,4321739,673191,1988
1368,52,52,219,7215,1244,29,1238742,0.13,0.92,27965,28,4321739,673437,1988
1369,30,31,203,7215,1245,29,1238742,0.67,0.92,27965,30,4321739,673628,1990
1370,28,29,175,7219,1248,29,1238742,0.67,0.92,27965,36,4331634,674011,1995
1371,39,46,135,7237,1248,29,1238742,0.23,0.92,27978,34,4402688,674133,1995
1372,50,62,98,7254,1248,29,1238802,0.15,0.92,27986,33,4443898,674583,1995
1373,67,79,104,7272,1248,29,1238878,0.13,0.92,28007,30,4526207,675049,1995
1374,68,82,116,7289,1248,29,1238934,0.12,0.92,28007,30,4583943,675393,1995
1375,59,75,132,7307,1248,29,1239106,0.12,0.92,28017,28,4627082,675781,1995
1376,67,136,184,7359,1248,29,1239348,0.12,0.92,28017,28,4749726,676280,1995
1377,132,153,201,7376,1248,29,1239912,0.12,0.92,28017,28,4812210,676576,1995
1378,144,164,202,7377,1248,29,1240737,0.13,0.93,28017,28,4813403,676995,1995
1379,125,150,202,7377,1248,29,1240964,0.14,0.93,28017,28,4813403,677422,1995
1380,102,150,208,7383,1248,29,1241066,0.14,0.93,28017,28,4820472,677908,1995
1381,50,133,208,7383,1248,29,1241141,0.14,0.93,28017,28,4820472,678265,1995
1382,33,121,208,7383,1248,29,1241223,0.14,0.93,28017,28,4820472,678754,1995
1383,33,98,208,7383,1248,29,1241278,0.14,0.93,28017,28,4820472,679165,1995
1384,29,92,202,7386,1248,29,1241353,0.14,0.93,28017,28,4824121,679703,1995
1385,36,103,198,7403,1248,29,1241401,0.14,0.93,28017,28,4877295,680235,1995
1386,53,84,203,7418,1249,29,1241673,0.14,0.93,28017,30,4925114,680796,1996
1387,61,131,201,7435,1249,29,1241836,0.14,0.93,28034,28,4998657,681217,1996
1388,81,148,203,7439,1249,29,1241929,0.14,0.93,28034,28,5011605,681648,1996
1389,134,162,203,7440,1249,29,1242763,0.14,0.93,28034,28,5014699,681996,1996
1390,60,153,203,7440,1249,29,1243968,0.14,0.93,28034,28,5014699,682668,1996
1391,64,168,205,7448,1249,29,1245284,0.14,0.94,28034,28,5068268,683101,1996
1392,51,79,205,7448,1249,29,1246313,0.13,0.94,28034,28,5068268,683478,1996
1393,41,64,205,7448,1249,29,1246313,0.13,0.94,28034,28,5068268,683893,1996
1394,41,57,204,7448,1249,29,1246313,0.13,0.94,28034,28,5068268,684212,1996
1395,40,64,203,7458,1249,29,1246313,0.13,0.94,28034,28,5089492,684243,1996
1396,49,65,203,7459,1249,29,1246328,0.13,0.94,28034,28,5090759,684492,1996
1397,54,75,203,7470,1249,29,1246328,0.13,0.94,28034,28,5120035,684894,1996
1398,52,85,200,7483,1249,29,1246492,0.10,0.94,28034,28,5156168,685307,1996
1399,54,81,203,7493,1249,29,1246507,0.11,0.94,28034,28,5188414,685722,1996
1400,38,80,203,7494,1249,29,1246507,0.11,0.94,28034,28,5192908,686110,1996
1401,30,81,204,7498,1249,29,1246507,0.12,0.94,28034,28,5219337,686384,1996
1402,25,83,155,7511,1249,29,1246507,0.12,0.94,28034,28,5274947,686630,1996
1403,16,84,154,7529,1249,29,1246647,0.12,0.95,28034,28,5336705,687170,1996
1404,33,96,167,7546,1249,29,1246689,0.13,0.95,28034,28,5383705,687529,1996
1405,41,118,179,7564,1249,29,1246912,0.13,0.95,28034,28,5434401,687922,1996
1406,93,141,196,7582,1249,29,1247302,0.13,0.95,28034,28,5527177,688394,1996
1407,107,154,204,7591,1249,29,1248316,0.13,0.95,28034,28,5548853,688869,1996
1408,120,154,204,7595,1249,29,1249530,0.12,0.95,28034,28,5563103,689530,1996
1409,133,162,202,7604,1249,29,1251090,0.12,0.95,28034,28,5589599,690357,1996
1410,157,185,212,7614,1249,29,1253996,0.12,0.95,28034,28,5609353,691703,1996
1411,168,186,212,7614,1249,29,1258600,0.12,0.95,28034,28,5609353,694101,1996
1412,178,188,209,7614,1251,29,1263590,0.12,0.95,28044,30,5609353,697432,1999
1413,181,188,209,7614,1251,29,1269381,0.12,0.95,28060,28,5609353,700577,1999
1414,182,188,209,7614,1251,29,1275866,0.12,0.95,28060,28,5609353,703926,1999
1415,183,188,209,7614,1251,29,1282408,0.12,0.95,28060,28,5609353,708151,1999
1416,182,187,208,7614,1252,29,1289470,0.12,0.96,28060,30,5609353,712127,2001
1417,181,188,206,7614,1253,29,1296405,0.12,0.96,28086,28,5609353,715747,2003
1418,181,188,206,7614,1253,29,1303399,0.12,0.96,28086,28,5609353,720048,2003
1419,188,195,213,7622,1254,29,1310330,0.12,0.96,28103,28,5619822,723783,2005
1420,188,193,210,7622,1257,29,1317284,0.12,0.96,28143,29,5619822,727421,2010
1421,187,193,209,7622,1258,29,1324681,0.12,0.96,28161,28,5619822,731746,2011
1422,190,195,211,7624,1258,29,1331613,0.12,0.96,28161,28,5622439,735355,2011
1423,192,196,211,7624,1258,29,1336567,0.12,0.96,28161,28,5622439,736542,2011
1424,167,178,221,7634,1258,29,1336887,0.11,0.96,28161,28,5635487,737246,2011
1425,138,160,221,7634,1258,29,1336972,0.09,0.96,28161,28,5635487,737655,2011
1426,116,135,221,7634,1258,29,1337001,0.09,0.96,28161,28,5635487,738344,2011
1427,65,131,215,7634,1258,29,1337001,0.08,0.96,28161,28,5635487,738638,2011
1428,119,129,215,7634,1258,29,1337057,0.11,0.96,28161,28,5635487,739527,2011
1429,119,135,215,7634,1258,29,1337057,0.11,0.97,28161,28,5635487,740926,2011
1430,117,143,213,7634,1260,29,1337094,0.11,0.97,28170,31,5635487,742868,2014
1431,127,175,213,7634,1260,29,1337131,0.11,0.97,28202,27,5635487,743693,2014
1432,167,191,213,7634,1260,29,1337131,0.09,0.97,28211,26,5635487,744228,2014
1433,184,200,213,7634,1260,29,1337200,0.11,0.97,28211,26,5635487,744491,2014
1434,192,209,215,7636,1260,29,1337200,0.11,0.97,28211,26,5638140,744745,2014
1435,185,209,223,7644,1260,29,1337259,0.11,0.97,28211,26,5648574,745090,2014
1436,171,170,223,7644,1260,29,1337259,0.11,0.97,28211,26,5648574,745338,2014
1437,141,141,222,7644,1260,29,1337259,0.10,0.97,28211,26,5648574,745564,2014
1438,124,127,222,7644,1260,29,1337259,0.10,0.97,28211,26,5648574,745737,2014
1439,129,134,221,7644,1261,29,1337284,0.10,0.97,28211,28,5648574,745914,2016
1440,134,147,220,7644,1262,29,1337284,0.10,0.97,28228,28,5648574,746296,2017
1441,130,130,220,7644,1262,29,1337826,0.10,0.98,28239,26,5648574,747451,2017
1442,70,70,219,7644,1262,29,1337826,0.09,0.98,28239,26,5648574,747852,2017
1443,70,122,213,7644,1262,29,1338138,0.09,0.98,28239,26,5648574,748460,2017
1444,70,130,210,7644,1262,29,1341136,0.09,0.98,28239,26,5648574,749237,2017
1445,86,147,209,7644,1262,29,1343969,0.09,0.98,28239,26,5648574,751290,2017
1446,165,168,209,7644,1262,29,1347128,0.09,0.98,28239,26,5648574,753016,2017
1447,149,171,209,7644,1262,29,1347128,0.09,0.98,28239,26,5648574,753299,2017
1448,121,170,208,7644,1262,29,1347128,0.08,0.98,28239,26,5648574,753483,2017
1449,69,75,207,7646,1262,29,1347128,0.08,0.98,28239,26,5657820,753672,2017
1450,0,70,207,7647,1262,29,1347128,0.08,0.99,28239,26,5662458,753942,2017
1451,0,65,207,7647,1262,29,1347128,0.08,0.99,28239,26,5662458,753942,2017
1452,5,15,206,7661,1262,29,1347128,0.07,0.99,28239,26,5704112,753942,2017
1453,19,27,202,7677,1262,29,1347128,0.07,0.99,28239,26,5759306,754060,2017
1454,30,43,197,7695,1262,29,1347234,0.08,0.99,28239,26,5830507,754533,2017
1455,19,53,186,7713,1262,29,1347273,0.08,0.99,28239,26,5906426,754849,2017
1456,40,139,204,7731,1262,29,1347572,0.08,0.99,28239,26,6012648,755250,2017
1457,124,150,207,7734,1262,29,1348326,0.08,0.99,28239,26,6030270,755731,2017
1458,140,150,209,7736,1262,29,1349245,0.08,1.00,28239,26,6032947,756082,2017
1459,200,206,209,7736,1262,29,1350683,0.08,1.00,28239,26,6032947,756624,2017
1460,206,208,209,7736,1262,29,1355083,0.08,1.00,28239,26,6032947,758188,2017
1461,209,210,211,7738,1262,29,1360600,0.08,1.00,28239,26,6035656,759617,2017
1462,203,209,210,7738,1263,29,1365036,0.08,1.00,28239,29,6035656,760495,2019
1463,204,209,210,7738,1263,29,1372207,0.08,1.00,28261,26,6035656,761617,2019
1464,202,209,210,7738,1263,29,1379235,0.08,1.00,28261,26,6035656,762078,2019
1465,202,208,210,7738,1263,29,1385854,0.07,1.00,28261,26,6035656,763242,2019
1466,198,207,209,7738,1264,29,1394303,0.07,1.00,28271,26,6035656,765855,2020
1467,199,207,209,7738,1264,29,1403121,0.07,1.00,28271,26,6035656,768829,2020
1468,198,207,209,7738,1264,29,1413295,0.07,1.00,28271,26,6035656,773459,2020
1469,198,207,209,7738,1264,29,1423121,0.07,1.00,28271,26,6035656,778855,2020
1470,196,205,207,7738,1266,29,1432168,0.07,1.00,28276,28,6035656,783564,2022
1471,203,206,208,7739,1266,29,1443075,0.07,1.00,28292,26,6039209,787310,2022
1472,205,208,210,7741,1266,29,1452155,0.07,1.00,28292,26,6041880,790177,2022
1473,202,208,210,7741,1266,29,1462512,0.07,1.00,28292,26,6041880,793106,2022
1474,199,206,208,7741,1268,29,1472427,0.07,1.00,28300,29,6041880,796764,2025
1475,203,206,207,7741,1269,29,1481262,0.07,1.00,28319,27,6041880,798530,2027
1476,209,211,212,7746,1269,29,1489156,0.07,1.00,28324,26,6050875,798961,2027
1477,210,210,212,7746,1269,29,1495375,0.07,1.00,28324,26,6050875,799453,2027
1478,210,210,212,7746,1269,29,1502126,0.07,1.00,28324,26,6050875,800597,2027
1479,209,210,211,7746,1270,29,1509884,0.07,1.00,28324,27,6050875,803742,2029
1480,210,210,211,7746,1270,29,1519412,0.07,1.00,28329,26,6050875,805772,2029
1481,230,230,231,7766,1270,29,1528372,0.07,1.00,28329,26,6077756,806236,2029
1482,229,230,231,7766,1270,29,1535201,0.07,1.00,28329,26,6077756,806797,2029
1483,228,229,231,7766,1270,29,1541828,0.06,1.00,28329,26,6077756,807494,2029
1484,228,229,231,7766,1270,29,1548296,0.06,1.00,28329,26,6077756,808260,2029
1485,227,229,231,7766,1270,29,1555273,0.06,1.00,28329,26,6077756,809643,2029
1486,225,229,231,7766,1270,29,1563977,0.06,1.00,28329,26,6077756,811740,2029
1487,225,229,231,7766,1270,29,1572404,0.06,1.00,28329,26,6077756,813021,2029
1488,225,229,231,7766,1270,29,1581759,0.06,1.00,28329,26,6077756,816198,2029
1489,225,229,231,7766,1270,29,1589923,0.06,1.00,28329,26,6077756,816691,2029
1490,245,249,251,7787,1271,29,1599278,0.06,1.00,28345,26,6109174,819830,2030
1491,245,249,251,7787,1271,29,1609692,0.06,1.00,28345,26,6109174,820395,2030
1492,241,249,251,7787,1271,29,1618987,0.05,1.00,28345,26,6109174,820917,2030
1493,245,249,251,7787,1271,29,1628428,0.05,1.00,28345,26,6109174,821438,2030
1494,245,249,251,7787,1271,29,1637591,0.05,1.00,28345,26,6109174,822904,2030
1495,244,248,250,7787,1272,29,1646547,0.05,1.00,28345,28,6109174,827407,2031
1496,243,247,249,7787,1273,29,1656816,0.05,1.00,28355,28,6109174,834552,2032
1497,241,245,247,7787,1275,29,1667903,0.05,1.00,28371,29,6109174,836969,2036
1498,240,244,246,7787,1276,29,1677786,0.05,1.00,28387,28,6109174,841246,2037
1499,240,244,246,7787,1276,29,1688154,0.05,1.00,28403,26,6109174,842711,2037
