t,visible,near600,alive,spawned,killed,level,hit_damage,memory,erasure_global,xp_gained,xp_orbs,spawned_hp,damage_dealt,essence_gained
1,0,0,0,0,0,1,0,0.99,0.00,0,0,0,0,0
2,0,0,0,0,0,1,0,0.99,0.00,0,0,0,0,0
3,0,0,0,0,0,1,0,0.97,0.00,0,0,0,0,0
4,0,0,0,0,0,1,0,0.97,0.00,0,0,0,0,0
5,0,0,0,0,0,1,0,0.96,0.00,0,0,0,0,0
6,0,0,0,0,0,1,0,0.96,0.00,0,0,0,0,6
7,0,0,0,0,0,1,0,0.96,0.00,0,0,0,0,6
8,0,0,0,0,0,1,0,0.96,0.00,0,0,0,0,6
9,4,4,4,4,0,1,0,0.95,0.00,0,0,109,0,6
10,5,5,5,5,0,1,0,0.94,0.00,0,0,137,0,6
11,5,5,5,5,0,1,0,0.93,0.00,0,0,137,19,6
12,5,6,6,6,0,1,0,0.92,0.01,0,0,170,29,6
13,5,6,6,6,0,1,0,0.92,0.01,0,0,170,29,6
14,1,1,6,6,0,1,0,0.93,0.01,0,0,170,29,6
15,1,5,10,10,0,1,0,0.92,0.01,0,0,401,29,6
16,6,7,12,12,0,1,0,0.92,0.01,0,0,622,38,6
17,6,7,12,12,0,1,45,0.92,0.01,0,0,622,58,6
18,6,6,12,12,0,1,45,0.92,0.01,0,0,622,77,6
19,7,7,13,13,0,1,45,0.92,0.01,0,0,733,77,6
20,7,8,13,13,0,1,51,0.92,0.01,0,0,733,96,6
21,6,8,13,13,0,1,56,0.92,0.01,0,0,733,106,6
22,2,5,12,13,1,1,56,0.91,0.01,0,1,733,125,7
23,1,6,17,18,1,1,56,0.91,0.01,0,1,1291,125,7
24,0,3,20,21,1,1,56,0.91,0.01,0,1,1496,125,7
25,1,4,20,21,1,1,56,0.91,0.01,0,1,1496,125,16
26,2,7,21,22,1,1,56,0.91,0.01,0,1,1542,125,16
27,4,4,20,22,2,1,56,0.90,0.01,0,2,1542,134,17
28,5,5,21,23,2,1,56,0.90,0.01,0,2,1589,134,17
29,3,7,22,25,2,1,89,0.89,0.01,0,2,1645,154,17
30,3,8,19,28,2,1,89,0.90,0.01,0,2,1852,173,17
31,3,7,18,29,2,1,89,0.91,0.01,0,2,1880,173,17
32,1,5,16,31,2,1,89,0.91,0.01,0,2,1937,173,17
33,2,7,16,31,2,1,89,0.91,0.01,0,2,1937,173,17
34,3,9,16,31,2,1,89,0.91,0.02,0,2,1937,173,17
35,1,5,18,33,2,1,89,0.91,0.02,0,2,1999,173,17
36,3,7,24,39,2,1,89,0.91,0.02,0,2,2175,173,17
37,5,10,23,42,2,1,89,0.90,0.02,0,2,2346,192,17
38,2,10,25,44,2,1,89,0.90,0.02,0,2,2460,202,17
39,6,12,25,44,2,1,94,0.90,0.02,0,2,2460,221,42
40,6,11,24,44,3,1,99,0.90,0.02,9,2,2460,240,43
41,5,12,25,46,4,1,99,0.90,0.02,9,3,2689,250,44
42,0,7,25,46,4,1,99,0.90,0.02,17,2,2689,250,44
43,0,7,29,55,4,1,99,0.90,0.02,17,2,3326,250,44
44,6,10,30,56,4,1,99,0.90,0.02,17,2,3361,250,44
45,6,13,30,56,4,1,99,0.89,0.02,17,2,3361,259,44
46,7,11,30,56,4,1,99,0.89,0.02,17,2,3361,278,44
47,6,12,33,61,4,1,99,0.89,0.02,17,2,3811,298,44
48,11,13,28,62,4,1,99,0.89,0.02,17,2,3927,307,44
49,12,14,29,63,4,1,99,0.89,0.02,17,2,4043,326,44
50,14,15,30,64,4,1,121,0.89,0.02,17,2,4274,336,44
51,13,19,29,64,5,1,173,0.89,0.02,17,3,4274,355,45
52,13,25,30,65,5,1,186,0.89,0.02,26,2,4507,374,45
53,17,25,30,65,5,1,207,0.90,0.02,26,2,4507,384,45
54,15,22,30,65,5,1,214,0.90,0.02,26,2,4507,403,45
55,13,16,29,66,5,1,214,0.90,0.02,26,2,4741,413,45
56,4,15,29,67,5,1,214,0.90,0.03,26,2,4975,422,45
57,3,9,29,72,5,1,214,0.90,0.03,26,2,6029,432,45
58,2,9,35,79,5,1,214,0.91,0.03,26,2,6616,432,45
59,4,8,35,79,5,1,214,0.91,0.03,26,2,6616,432,45
60,10,17,45,90,5,1,214,0.90,0.03,26,2,7449,442,45
61,12,15,39,90,5,1,214,0.89,0.03,26,2,7449,461,45
62,12,14,42,95,5,1,214,0.89,0.03,26,2,7970,470,45
63,6,10,36,99,5,1,214,0.89,0.03,26,2,8177,490,45
64,7,18,49,112,5,1,247,0.89,0.03,26,2,9072,509,45
65,12,16,40,113,5,1,247,0.90,0.03,26,2,9102,518,45
66,8,15,43,116,5,1,247,0.90,0.03,26,2,9369,538,45
67,5,13,39,120,5,1,247,0.90,0.03,26,2,9595,547,45
68,7,15,45,127,5,1,247,0.90,0.03,26,2,9845,547,45
69,11,18,45,134,5,1,264,0.90,0.03,26,2,10089,566,45
70,12,15,41,136,5,1,264,0.90,0.03,26,2,10155,576,45
71,19,20,45,142,5,1,269,0.90,0.03,26,2,10513,595,45
72,11,19,41,143,5,1,291,0.89,0.03,26,2,10633,605,45
73,9,17,38,145,5,1,291,0.89,0.03,26,2,10813,624,45
74,4,17,38,147,5,1,291,0.89,0.03,26,2,10933,624,45
75,6,21,44,154,5,1,298,0.89,0.03,26,2,11173,643,45
76,6,16,39,154,5,1,298,0.88,0.03,26,2,11173,653,45
77,6,24,40,155,5,1,298,0.88,0.03,26,2,11223,672,45
78,13,27,40,155,5,1,309,0.88,0.04,26,2,11223,691,45
79,13,27,41,156,5,1,320,0.88,0.04,26,2,11253,701,45
80,11,17,37,156,6,1,320,0.87,0.04,26,4,11253,720,46
81,3,31,62,181,6,1,320,0.89,0.04,26,4,12846,720,46
82,12,32,58,181,6,1,320,0.89,0.04,26,4,12846,730,46
83,23,32,58,182,6,1,355,0.89,0.04,26,4,12876,749,46
84,26,42,56,182,6,1,368,0.89,0.04,26,4,12876,758,46
85,34,43,57,183,6,1,394,0.89,0.04,26,4,12907,778,46
86,40,45,57,183,6,1,453,0.89,0.04,26,4,12907,797,46
87,41,48,58,184,6,1,510,0.87,0.04,26,4,12968,806,46
88,39,55,58,185,7,1,582,0.87,0.04,26,6,13090,826,47
89,40,53,58,185,7,2,596,0.87,0.04,42,4,13090,835,47
90,43,55,60,187,7,2,614,0.88,0.04,42,4,13172,950,47
91,44,47,59,187,8,2,654,0.88,0.04,58,4,13172,1037,48
92,37,46,59,188,9,2,661,0.88,0.04,74,4,13295,1094,49
93,39,52,59,188,9,2,814,0.88,0.04,91,2,13295,1114,49
94,32,50,59,189,10,2,940,0.88,0.04,99,2,13419,1258,50
95,34,48,57,189,12,2,1030,0.89,0.04,116,2,13419,1411,52
96,22,45,56,190,14,2,1150,0.88,0.04,116,4,13543,1488,54
97,16,38,51,190,19,3,1216,0.88,0.04,134,7,13543,1680,59
98,12,32,50,191,21,3,1252,0.89,0.04,176,6,13574,1858,61
99,9,13,49,192,23,3,1252,0.89,0.04,209,6,13605,2021,63
100,7,22,59,208,24,3,1259,0.89,0.05,241,4,14608,2040,64
101,10,38,59,210,26,3,1259,0.89,0.05,257,6,14733,2102,66
102,9,34,55,210,30,4,1272,0.89,0.05,290,6,14733,2210,70
103,11,43,54,211,32,4,1272,0.89,0.05,315,6,14795,2302,72
104,13,44,54,211,32,4,1286,0.89,0.05,341,3,14795,2446,72
105,30,47,53,212,34,4,1311,0.88,0.05,341,7,14858,2618,74
106,23,40,46,212,41,4,1338,0.89,0.05,357,18,14858,2959,81
107,18,39,45,213,43,4,1352,0.89,0.05,398,15,14921,3098,87
108,24,37,44,214,45,4,1363,0.89,0.05,448,15,14984,3197,89
109,28,38,44,214,45,5,1385,0.89,0.05,483,10,14984,3278,89
110,27,40,44,215,46,5,1452,0.89,0.05,508,8,15047,3398,90
111,12,28,31,215,58,5,1496,0.88,0.05,592,22,15047,3881,105
112,14,25,31,216,59,6,1507,0.88,0.05,819,4,15085,3953,106
113,8,22,37,223,60,6,1507,0.87,0.05,819,6,15441,4006,107
114,11,28,42,228,60,6,1507,0.87,0.05,835,4,15680,4015,107
115,16,28,42,228,60,6,1507,0.87,0.05,835,4,15680,4054,107
116,16,32,42,229,61,6,1518,0.87,0.05,835,6,15712,4087,108
117,13,27,42,229,61,6,1529,0.87,0.05,843,5,15712,4193,108
118,8,24,48,239,65,6,1529,0.86,0.05,852,8,16437,4294,112
119,9,23,56,247,65,6,1529,0.88,0.05,852,8,17069,4322,112
120,14,21,57,253,66,6,1529,0.87,0.05,860,9,17486,4402,113
121,10,27,66,264,66,6,1558,0.88,0.06,868,8,18641,4571,113
122,18,29,68,268,67,6,1558,0.88,0.06,868,10,18909,4593,114
123,23,31,68,269,68,6,1558,0.88,0.06,885,10,19081,4602,115
124,25,44,66,269,70,6,1569,0.88,0.06,896,12,19081,4788,117
125,28,42,67,270,70,6,1576,0.88,0.06,912,10,19253,5076,117
126,24,48,66,270,71,6,1605,0.86,0.06,918,11,19253,5321,118
127,18,48,65,271,73,6,1605,0.86,0.06,918,15,19426,5405,120
128,20,30,66,272,73,6,1605,0.86,0.06,986,7,19465,5513,120
129,14,24,64,279,75,6,1605,0.87,0.06,986,12,19699,5648,122
130,15,21,71,286,75,6,1605,0.87,0.06,1007,9,19926,5790,122
131,9,21,78,296,75,7,1605,0.88,0.06,1023,7,21359,5857,122
132,19,26,89,309,76,7,1605,0.88,0.06,1023,9,22464,5900,123
133,21,31,79,314,76,7,1605,0.88,0.06,1023,9,23026,6052,123
134,10,23,71,318,76,7,1605,0.88,0.06,1023,9,23300,6120,123
135,12,23,70,326,76,7,1605,0.88,0.06,1023,9,23615,6192,123
136,14,30,62,328,78,7,1605,0.88,0.06,1032,10,23694,6297,125
137,16,28,60,329,81,7,1605,0.88,0.06,1041,12,23733,6401,128
138,18,33,57,329,84,7,1605,0.89,0.06,1041,15,23733,6600,131
139,23,40,58,330,84,7,1605,0.89,0.06,1041,15,23865,6821,131
140,17,36,58,330,84,7,1605,0.89,0.06,1041,15,23865,6831,131
141,9,19,59,331,84,7,1605,0.89,0.06,1041,15,23997,6845,131
142,6,14,74,346,84,7,1627,0.89,0.06,1041,15,25197,6874,131
143,14,24,88,360,84,7,1627,0.88,0.07,1041,15,26092,6934,131
144,16,31,86,363,84,7,1627,0.89,0.07,1041,15,26364,6973,131
145,17,37,83,364,86,7,1627,0.88,0.07,1050,16,26541,7174,133
146,15,36,79,365,91,7,1627,0.88,0.07,1086,17,26719,7328,138
147,21,44,79,365,91,7,1627,0.88,0.07,1103,15,26719,7434,138
148,31,46,78,366,93,7,1639,0.88,0.07,1103,17,26759,7597,140
149,34,38,77,366,94,7,1668,0.89,0.07,1112,17,26759,7812,141
150,29,32,71,367,94,7,1721,0.90,0.07,1112,17,26893,7979,141
151,18,23,69,369,95,7,1721,0.91,0.07,1112,19,27161,8003,142
152,16,28,81,381,95,7,1721,0.91,0.07,1112,19,28347,8012,142
153,21,31,81,382,95,7,1721,0.91,0.07,1112,19,28482,8012,149
154,27,35,81,382,95,7,1721,0.91,0.07,1112,19,28482,8022,149
155,22,28,80,383,96,7,1721,0.92,0.07,1112,20,28617,8079,150
156,18,23,82,389,96,7,1721,0.93,0.07,1112,20,29229,8099,150
157,16,31,75,398,96,7,1727,0.93,0.07,1112,20,30155,8132,150
158,14,22,65,401,97,7,1727,0.93,0.07,1112,21,30602,8337,151
159,12,26,69,411,97,7,1727,0.92,0.07,1121,20,31486,8423,151
160,9,24,60,418,97,7,1727,0.91,0.07,1121,20,32050,8447,151
161,10,24,59,426,99,7,1727,0.91,0.07,1121,22,32451,8562,153
162,15,37,59,427,100,7,1727,0.91,0.07,1139,21,32485,8625,154
163,22,42,59,427,100,7,1727,0.91,0.07,1147,20,32485,8745,154
164,8,30,59,428,101,7,1727,0.90,0.08,1147,21,32519,8778,155
165,7,27,62,433,101,7,1727,0.89,0.08,1147,21,32697,8788,155
166,3,25,62,440,101,7,1727,0.88,0.08,1147,21,33197,8798,155
167,12,23,68,447,101,7,1727,0.88,0.08,1147,21,33849,8807,155
168,17,20,65,455,101,7,1727,0.87,0.08,1147,21,34714,8913,155
169,23,34,72,470,101,7,1727,0.85,0.08,1147,21,36517,8980,155
170,18,35,72,475,104,7,1727,0.85,0.08,1147,27,37171,9212,158
171,20,36,75,479,104,7,1735,0.85,0.08,1147,27,37447,9378,158
172,17,38,75,479,104,7,1742,0.85,0.08,1156,26,37447,9458,158
173,19,51,73,480,105,7,1761,0.85,0.08,1167,26,37516,9503,168
174,20,55,73,480,105,7,1795,0.85,0.08,1167,26,37516,9537,168
175,12,49,72,481,106,7,1807,0.84,0.08,1167,28,37586,9633,169
176,8,14,67,481,108,7,1807,0.83,0.08,1167,32,37586,9705,171
177,0,12,67,482,108,7,1807,0.85,0.08,1167,32,37725,9705,171
178,4,14,81,497,108,7,1807,0.86,0.08,1167,32,38810,9734,171
179,12,23,93,513,108,7,1819,0.86,0.08,1167,32,39694,9921,171
180,21,33,95,526,108,7,1834,0.86,0.08,1167,32,40509,10039,171
181,25,37,93,527,108,7,1834,0.86,0.08,1167,32,40579,10179,180
182,27,40,91,528,111,7,1834,0.86,0.08,1167,38,40649,10347,183
183,24,45,89,528,112,7,1834,0.86,0.08,1196,35,40649,10452,184
184,13,30,77,529,113,7,1834,0.86,0.09,1196,37,40691,10548,185
185,2,26,81,540,113,7,1834,0.85,0.09,1196,37,41712,10572,185
186,7,27,88,550,113,7,1834,0.85,0.09,1196,37,42643,10606,185
187,13,39,89,551,113,7,1834,0.85,0.09,1196,37,42685,10644,185
188,13,69,88,551,114,7,1846,0.86,0.09,1196,38,42685,10697,186
189,53,74,89,552,114,7,1846,0.85,0.09,1205,37,42737,10721,186
190,54,65,89,552,114,7,1846,0.85,0.09,1205,37,42737,10798,186
191,51,58,90,553,114,7,1846,0.84,0.09,1205,37,42789,10877,186
192,34,44,91,554,114,7,1846,0.83,0.09,1205,37,42841,10887,186
193,0,31,94,558,115,7,1859,0.83,0.09,1205,39,43143,10897,187
194,8,37,103,567,115,7,1859,0.84,0.09,1205,39,43730,10897,187
195,8,38,102,567,115,8,1859,0.84,0.09,1379,39,43730,10935,187
196,36,43,103,568,115,8,1870,0.84,0.09,1379,39,43801,10969,187
197,38,42,103,568,115,8,1870,0.84,0.09,1379,39,43801,11021,187
198,36,37,103,570,115,8,1878,0.84,0.09,1379,39,43916,11134,187
199,10,41,100,574,115,8,1878,0.85,0.09,1379,39,44333,11151,187
200,3,37,85,576,117,8,1903,0.85,0.09,1379,41,44405,11310,189
201,6,18,84,582,117,8,1903,0.85,0.09,1379,41,44768,11337,189
202,12,18,67,589,117,8,1903,0.82,0.09,1379,41,45569,11346,189
203,13,29,72,606,118,8,1903,0.82,0.09,1379,42,47919,11457,190
204,23,39,86,622,118,8,1903,0.82,0.09,1379,42,49486,11481,190
205,26,39,89,626,118,8,1903,0.83,0.10,1379,42,50012,11617,190
206,7,30,90,633,119,8,1928,0.83,0.10,1379,44,50811,11701,191
207,6,23,98,645,119,8,1941,0.84,0.10,1379,44,51908,11732,191
208,7,29,113,662,119,8,1941,0.84,0.10,1379,44,53063,11734,191
209,21,39,123,677,119,8,1941,0.84,0.10,1379,44,54904,11796,191
210,30,36,104,681,119,8,1965,0.84,0.10,1379,44,55310,11873,191
211,23,30,85,687,119,8,1965,0.84,0.10,1379,44,56065,11948,191
212,24,35,86,701,119,8,2024,0.84,0.10,1379,44,57053,12044,191
213,16,32,77,710,120,8,2024,0.84,0.10,1379,46,58113,12212,192
214,19,36,80,718,120,8,2024,0.84,0.10,1379,46,59544,12239,192
215,24,43,81,719,120,8,2024,0.84,0.10,1379,46,59691,12374,202
216,33,45,78,719,123,8,2085,0.84,0.10,1379,49,59691,12445,205
217,36,45,77,720,125,8,2143,0.84,0.10,1388,50,59728,12517,207
218,32,39,77,720,125,8,2143,0.84,0.10,1398,49,59728,12570,207
219,27,41,79,731,125,8,2151,0.84,0.10,1398,49,60970,12649,207
220,11,23,74,738,125,8,2151,0.84,0.10,1398,49,61451,12659,207
221,17,32,83,754,126,8,2151,0.84,0.10,1398,51,62729,12668,208
222,22,40,87,759,126,8,2151,0.84,0.10,1398,51,63006,12745,208
223,29,39,86,759,126,8,2177,0.84,0.10,1398,51,63006,12769,208
224,17,36,85,765,129,8,2177,0.84,0.10,1398,57,63333,12908,211
225,8,25,86,775,131,8,2177,0.84,0.11,1450,55,64293,13002,213
226,9,27,97,791,131,8,2191,0.83,0.11,1464,53,65161,13031,213
227,17,32,101,806,131,8,2229,0.83,0.11,1464,53,66233,13243,213
228,25,39,98,820,133,8,2229,0.83,0.11,1464,57,67167,13422,215
229,27,38,97,826,135,8,2235,0.82,0.11,1464,60,67504,13611,217
230,18,35,91,833,135,8,2235,0.82,0.11,1481,58,68431,13705,217
231,16,42,89,841,135,8,2235,0.81,0.11,1481,58,69538,13735,217
232,21,50,90,842,135,8,2270,0.81,0.11,1481,58,69584,13786,217
233,25,52,90,842,135,8,2282,0.81,0.11,1481,58,69584,13799,217
234,14,40,82,843,137,8,2282,0.81,0.11,1481,60,69659,13965,219
235,13,27,79,853,138,8,2282,0.82,0.11,1481,62,70176,14051,220
236,16,28,96,870,138,8,2282,0.82,0.11,1495,60,71060,14071,220
237,17,29,102,886,143,8,2329,0.81,0.11,1495,70,72003,14328,225
238,27,42,108,903,143,8,2329,0.81,0.11,1584,60,72803,14354,225
239,26,42,110,909,143,8,2368,0.81,0.11,1584,60,73571,14599,225
240,29,47,102,925,143,8,2375,0.81,0.11,1584,60,75179,14773,225
241,33,45,104,942,144,8,2388,0.81,0.11,1584,61,76463,14877,226
242,24,46,108,959,144,8,2388,0.80,0.11,1584,61,78327,15017,226
243,25,51,120,975,144,8,2415,0.81,0.11,1584,61,79988,15213,226
244,30,55,123,981,144,8,2447,0.81,0.12,1584,61,80328,15394,226
245,20,58,120,984,145,8,2447,0.80,0.12,1584,63,80540,15480,227
246,37,70,126,990,145,8,2447,0.80,0.12,1603,61,80963,15499,234
247,41,74,124,990,146,8,2454,0.80,0.12,1612,62,80963,15643,235
248,47,66,119,998,150,8,2465,0.81,0.12,1622,70,81204,16139,239
249,36,48,114,1010,156,8,2465,0.81,0.12,1622,77,82327,16384,245
250,25,43,116,1023,157,8,2465,0.81,0.12,1622,79,83214,16432,246
251,19,37,118,1034,158,8,2465,0.81,0.12,1622,81,83960,16485,247
252,16,27,112,1043,161,8,2465,0.80,0.12,1622,87,85167,16632,250
253,15,33,127,1058,161,8,2575,0.80,0.12,1622,87,86266,16771,250
254,27,61,127,1069,161,8,2575,0.80,0.12,1622,87,86654,16946,250
255,44,82,126,1069,162,8,2575,0.80,0.12,1622,90,86654,17139,251
256,74,86,120,1069,168,8,2591,0.80,0.12,1630,101,86654,17716,257
257,72,81,117,1072,174,8,2612,0.80,0.13,1646,112,86960,18062,263
258,73,90,118,1073,174,8,2627,0.80,0.13,1646,112,87037,18180,263
259,76,99,121,1076,174,8,2627,0.80,0.13,1646,112,87344,18262,263
260,29,74,122,1077,174,8,2690,0.80,0.13,1673,107,87591,18419,263
261,33,63,131,1086,174,9,2697,0.80,0.13,1768,96,87863,18781,263
262,30,61,127,1086,178,9,2697,0.80,0.13,1768,100,87863,19040,267
263,44,60,124,1087,179,9,2697,0.80,0.13,1783,100,88110,19141,268
264,61,79,124,1089,179,9,2697,0.80,0.13,1783,100,88607,19153,268
265,78,89,123,1090,181,9,2697,0.80,0.13,1783,103,88855,19206,270
266,80,88,120,1091,185,9,2712,0.80,0.13,1800,106,88933,19465,274
267,74,84,112,1092,194,9,2732,0.80,0.13,1834,122,89011,20003,283
268,64,77,104,1097,207,9,2754,0.80,0.13,1985,130,89276,20521,296
269,47,63,89,1109,234,9,2775,0.80,0.13,2180,160,89885,21541,323
270,54,77,103,1126,237,10,2823,0.80,0.14,2524,118,91174,21822,326
271,64,81,108,1134,240,10,2856,0.80,0.14,2639,108,92399,22197,329
272,63,78,105,1137,246,10,2911,0.80,0.14,2691,114,93152,22650,335
273,69,84,111,1146,249,10,2980,0.80,0.14,2726,116,93435,22785,338
274,69,84,111,1156,259,11,3076,0.80,0.14,2976,113,94143,23374,351
275,71,87,113,1162,263,11,3178,0.80,0.14,3042,115,94448,23887,355
276,60,85,111,1167,270,11,3193,0.79,0.14,3161,115,94669,24476,362
277,56,80,111,1173,275,11,3231,0.79,0.14,3187,123,94909,25098,367
278,17,61,121,1185,277,11,3251,0.79,0.14,3233,120,95432,25658,369
279,15,47,128,1201,278,11,3273,0.80,0.14,3251,119,96480,25735,370
280,15,27,128,1210,279,11,3325,0.80,0.14,3251,122,96842,25856,371
281,11,27,126,1219,281,11,3325,0.81,0.14,3275,123,97478,25971,373
282,18,32,123,1230,281,11,3325,0.81,0.14,3287,121,98382,26250,373
283,23,37,128,1244,282,11,3325,0.81,0.15,3287,124,99648,26408,374
284,23,40,117,1252,283,11,3325,0.80,0.15,3287,126,100669,26755,375
285,38,57,117,1269,288,11,3325,0.80,0.15,3348,128,102805,27085,387
286,45,74,128,1281,289,11,3340,0.80,0.15,3379,126,103554,27119,388
287,43,73,126,1287,295,11,3340,0.80,0.15,3391,137,104272,27388,394
288,32,78,121,1299,297,11,3358,0.80,0.15,3397,141,105007,27802,396
289,28,69,122,1308,301,12,3373,0.80,0.15,3455,146,105692,28010,400
290,18,50,129,1318,301,12,3373,0.79,0.15,3529,139,106416,28213,400
291,21,54,129,1319,301,12,3373,0.79,0.15,3529,139,106529,28395,400
292,36,70,130,1320,301,12,3373,0.79,0.15,3529,139,106577,28628,400
293,48,78,127,1320,304,12,3379,0.79,0.15,3529,148,106577,28894,403
294,51,84,120,1327,318,12,3379,0.79,0.15,3583,172,106842,29421,417
295,50,87,116,1331,326,12,3396,0.79,0.15,3751,173,107513,30241,425
296,55,77,110,1336,337,12,3411,0.78,0.16,3919,167,107922,30852,436
297,56,68,123,1354,341,12,3411,0.78,0.16,3932,175,108958,31158,440
298,17,32,130,1362,341,12,3411,0.78,0.16,3947,172,109544,31329,440
299,11,14,124,1366,344,12,3411,0.77,0.16,3947,178,110001,31389,443
300,13,19,116,1375,344,12,3423,0.77,0.16,3965,175,110782,31684,443
301,14,27,118,1392,346,12,3423,0.78,0.16,3965,179,113386,31784,445
302,17,29,123,1408,349,12,3423,0.79,0.16,3965,186,114732,32323,448
303,13,29,104,1419,351,12,3423,0.79,0.16,3965,190,115398,32495,450
304,13,29,101,1436,351,12,3423,0.79,0.16,3986,188,116718,32668,450
305,26,52,117,1453,351,12,3423,0.79,0.16,3986,188,118561,32745,450
306,39,71,128,1466,353,12,3423,0.79,0.16,3986,192,119401,32900,452
307,46,74,124,1472,363,12,3423,0.79,0.16,4053,202,120236,33425,462
308,59,79,129,1481,367,13,3438,0.79,0.16,4169,194,120830,33797,466
309,50,67,124,1483,373,13,3438,0.79,0.17,4200,203,120979,34222,472
310,51,72,121,1490,381,13,3438,0.79,0.17,4240,216,122437,34916,486
311,54,67,115,1490,387,13,3479,0.79,0.17,4391,210,122437,35336,498
312,57,69,112,1491,390,13,3541,0.79,0.17,4487,206,122498,35649,504
313,61,72,113,1492,390,13,3668,0.79,0.17,4664,192,122569,35687,504
314,54,66,104,1492,398,13,3800,0.79,0.17,4722,210,122569,36402,520
315,57,66,104,1493,398,13,3875,0.79,0.17,4807,204,122611,36663,520
316,58,66,102,1493,399,14,3991,0.79,0.17,5026,196,122611,36913,522
317,60,67,103,1494,399,14,4070,0.79,0.17,5085,192,122654,37137,522
318,61,67,103,1495,400,14,4189,0.79,0.17,5097,193,122705,37366,524
319,63,67,103,1495,400,14,4295,0.79,0.17,5097,193,122705,37720,524
320,62,67,103,1496,401,14,4420,0.79,0.17,5121,193,122791,38033,526
321,61,65,101,1496,403,14,4547,0.79,0.17,5121,198,122791,38351,530
322,60,65,101,1497,404,14,4644,0.79,0.17,5121,201,122833,38595,532
323,59,64,99,1498,407,14,4766,0.79,0.17,5262,202,122919,39388,538
324,60,64,99,1512,421,14,4779,0.78,0.17,5359,218,123380,41127,566
325,56,61,96,1515,427,14,4779,0.78,0.17,5597,217,123532,41673,578
326,55,58,94,1516,430,14,4808,0.78,0.17,5790,207,123575,41726,584
327,54,57,94,1518,432,15,4815,0.78,0.17,5965,201,124007,41795,588
328,53,60,95,1520,433,15,4896,0.78,0.18,6016,195,124180,41947,590
329,52,58,93,1520,435,15,4964,0.78,0.18,6082,197,124180,42229,594
330,40,60,94,1523,437,15,5059,0.78,0.18,6127,198,124440,42753,598
331,36,56,90,1523,441,15,5076,0.78,0.18,6251,202,124440,43233,606
332,46,56,90,1527,445,15,5121,0.78,0.18,6433,204,125049,43498,614
333,49,61,96,1534,446,15,5121,0.78,0.18,6545,198,125572,43553,616
334,51,61,96,1534,446,15,5121,0.78,0.18,6545,198,125572,43553,616
335,53,60,97,1536,447,15,5121,0.78,0.18,6561,198,125697,43660,618
336,47,55,93,1540,455,15,5134,0.78,0.18,6583,210,126152,44439,634
337,50,56,95,1543,456,15,5296,0.78,0.18,6661,201,126345,44605,636
338,51,58,95,1544,457,15,5315,0.78,0.18,6667,203,126398,44942,638
339,49,56,91,1544,461,15,5327,0.78,0.18,6680,206,126398,45362,646
340,49,58,93,1548,463,15,5427,0.78,0.18,6749,204,126855,45389,649
341,50,60,97,1553,464,15,5427,0.78,0.18,6759,204,127384,45569,650
342,55,59,95,1553,465,15,5427,0.78,0.18,6779,206,127384,45638,651
343,54,59,94,1554,467,16,5524,0.78,0.18,6842,203,127561,45785,653
344,52,60,94,1556,469,16,5607,0.77,0.18,6882,203,127915,46282,655
345,48,58,91,1591,507,16,5665,0.78,0.18,7056,265,129679,50696,693
346,37,51,85,1600,522,16,5707,0.77,0.18,7694,246,130597,52219,708
347,27,47,92,1613,528,17,5817,0.77,0.19,7888,247,131337,52940,714
348,26,45,108,1630,529,17,5817,0.77,0.19,7888,248,133268,53035,715
349,15,42,116,1646,536,17,5824,0.77,0.19,7888,259,136548,53554,722
350,31,54,123,1663,539,17,5824,0.77,0.19,7946,256,139190,53791,725
351,28,52,114,1673,547,17,5856,0.77,0.19,7966,262,139708,55814,733
352,31,62,111,1676,550,17,5856,0.77,0.19,8006,265,139887,56375,736
353,40,66,112,1677,550,17,5868,0.77,0.19,8114,256,139941,56411,736
354,35,59,105,1681,561,17,5881,0.77,0.19,8153,268,140623,57292,747
355,44,62,104,1684,564,17,5906,0.77,0.19,8246,265,140797,57566,750
356,54,62,104,1687,567,17,5984,0.77,0.19,8343,258,141031,57926,753
357,57,66,106,1689,567,17,6074,0.77,0.19,8393,253,141139,58292,753
358,54,63,102,1691,573,17,6175,0.77,0.19,8393,261,141319,58884,759
359,58,65,104,1695,575,17,6377,0.77,0.19,8440,257,141530,59292,761
360,57,63,102,1695,577,17,6542,0.77,0.19,8461,258,141530,59854,763
361,58,65,104,1698,578,17,6732,0.77,0.19,8473,257,141718,60323,764
362,59,64,103,1698,579,17,6958,0.76,0.19,8498,256,141718,60763,765
363,54,61,100,1701,585,17,7185,0.76,0.19,8498,272,141907,61599,774
364,53,62,101,1704,587,17,7450,0.76,0.19,8539,273,142237,62232,776
365,51,56,99,1708,593,17,7665,0.76,0.19,8653,278,142974,62755,786
366,47,55,97,1711,598,17,7905,0.76,0.20,8779,282,143528,63204,791
367,47,60,100,1716,600,17,8170,0.76,0.20,8882,278,143929,63253,793
368,54,64,92,1724,604,17,8196,0.76,0.20,9015,274,144533,63758,797
369,26,39,86,1731,604,17,8264,0.76,0.20,9045,270,145699,64137,797
370,23,44,90,1747,607,17,8291,0.75,0.20,9045,279,147851,64893,800
371,26,45,104,1764,607,18,8291,0.74,0.20,9095,273,149491,65428,800
372,30,49,117,1781,610,18,8291,0.74,0.20,9095,281,152021,66002,804
373,24,44,128,1797,611,18,8291,0.75,0.20,9095,283,153060,66348,805
374,22,32,113,1808,612,18,8291,0.76,0.20,9095,285,154031,66470,806
375,12,35,114,1824,616,18,8341,0.76,0.20,9095,293,155644,66875,810
376,23,42,103,1841,619,18,8355,0.76,0.20,9125,293,156783,67098,813
377,20,29,93,1858,632,18,8386,0.76,0.20,9182,313,158861,68191,826
378,25,34,95,1874,635,18,8386,0.75,0.20,9293,306,160085,68569,829
379,22,41,85,1891,644,18,8415,0.75,0.20,9330,320,161264,69654,839
380,18,34,87,1907,648,18,8415,0.74,0.20,9330,328,162395,70043,843
381,20,38,85,1924,652,18,8415,0.73,0.20,9361,331,163556,70360,848
382,24,36,84,1941,654,18,8415,0.73,0.20,9394,331,164565,70577,850
383,10,37,91,1957,662,18,8415,0.73,0.20,9471,338,166775,71174,858
384,10,55,106,1974,664,18,8415,0.73,0.20,9481,341,168040,71347,861
385,30,66,115,1983,664,18,8415,0.73,0.21,9509,337,168901,71395,861
386,63,72,112,1983,667,18,8415,0.73,0.21,9524,341,168901,71656,864
387,41,50,100,1992,688,18,8435,0.73,0.21,9544,379,169406,74431,886
388,40,56,113,2009,691,18,8463,0.74,0.21,9681,365,170866,75110,889
389,48,67,108,2010,692,18,8463,0.74,0.21,9727,361,170916,75225,890
390,60,69,105,2011,696,18,8517,0.74,0.21,9727,370,170966,76171,895
391,45,61,101,2011,700,18,8530,0.75,0.21,9776,371,170966,76597,899
392,4,33,107,2020,703,18,8530,0.75,0.21,9786,376,171714,76619,903
393,15,40,123,2037,703,18,8530,0.75,0.21,9796,375,173691,76750,903
394,21,45,135,2052,706,18,8530,0.75,0.21,9796,381,175919,77155,906
395,15,38,136,2060,708,18,8544,0.75,0.21,9821,381,176918,77462,908
396,26,48,136,2062,708,18,8544,0.75,0.21,9821,381,177020,77699,914
397,40,49,135,2062,709,18,8544,0.75,0.21,9821,384,177020,77847,915
398,32,46,134,2064,712,18,8582,0.75,0.21,9838,388,177277,78422,918
399,12,36,136,2075,717,18,8610,0.72,0.21,9875,395,178427,78931,923
400,11,25,109,2089,718,18,8610,0.73,0.21,9949,389,180545,79273,924
401,20,34,99,2106,718,18,8610,0.73,0.21,9949,389,182878,80348,924
402,22,42,103,2122,728,18,8647,0.74,0.21,9949,414,184854,81502,935
403,21,61,115,2137,731,18,8647,0.74,0.21,9979,417,186826,82291,939
404,37,64,113,2137,733,18,8685,0.74,0.22,10058,411,186826,82677,941
405,44,66,106,2138,741,18,8749,0.74,0.22,10124,420,186878,83767,950
406,48,69,106,2141,744,18,8827,0.74,0.22,10171,419,187230,83806,953
407,45,68,103,2147,753,18,8919,0.74,0.22,10221,431,187652,84550,963
408,49,72,104,2150,755,19,9010,0.74,0.22,10323,417,187942,84942,965
409,52,72,104,2152,757,19,9112,0.74,0.22,10414,406,188368,85671,968
410,49,71,103,2156,762,19,9240,0.74,0.22,10439,414,188724,86368,973
411,53,73,105,2162,766,19,9397,0.74,0.22,10475,418,189170,86912,977
412,57,71,102,2162,769,19,9566,0.74,0.22,10558,412,189170,87439,980
413,55,73,103,2166,772,19,9771,0.74,0.22,10595,414,189422,88204,985
414,54,73,103,2171,777,19,9963,0.73,0.22,10647,418,189964,88883,990
415,26,59,100,2177,785,19,10016,0.74,0.22,10745,422,190290,89508,998
416,25,51,103,2192,787,19,10016,0.73,0.22,10832,418,191445,89809,1001
417,33,61,106,2201,788,19,10016,0.73,0.22,10832,420,192271,90101,1014
418,38,70,103,2201,791,19,10080,0.73,0.22,10856,423,192271,90337,1017
419,29,61,98,2202,797,19,10183,0.73,0.22,10875,432,192381,90800,1024
420,16,45,101,2216,799,19,10196,0.74,0.22,11006,420,193939,90960,1026
421,22,50,115,2232,801,19,10196,0.74,0.22,11006,424,195246,91118,1028
422,22,57,123,2245,804,19,10196,0.74,0.23,11022,427,196405,91479,1031
423,26,54,116,2245,811,19,10196,0.74,0.23,11032,439,196405,91996,1039
424,36,75,115,2246,813,19,10196,0.74,0.23,11092,434,196517,92291,1041
425,50,72,111,2247,818,19,10263,0.74,0.23,11105,442,196629,93464,1047
426,15,32,118,2254,818,19,10263,0.74,0.23,11153,437,197813,93475,1047
427,8,22,134,2271,818,19,10263,0.74,0.23,11153,437,199840,93486,1047
428,16,33,139,2281,818,19,10263,0.74,0.23,11153,437,201019,93491,1047
429,24,42,138,2281,819,19,10263,0.73,0.23,11153,439,201019,93745,1049
430,82,105,138,2281,819,19,10263,0.74,0.23,11153,439,201019,94290,1049
431,53,66,95,2281,862,19,10276,0.74,0.23,11153,526,201019,97921,1101
432,32,54,79,2283,880,19,10381,0.74,0.23,11672,508,201478,99512,1123
433,29,55,93,2300,883,20,10396,0.73,0.23,12076,460,203603,99668,1126
434,25,59,104,2316,883,20,10396,0.72,0.23,12555,399,205376,99759,1126
435,32,51,115,2334,885,20,10396,0.72,0.23,12615,396,207356,100290,1128
436,26,45,117,2351,894,20,10415,0.70,0.23,12615,414,209250,101287,1137
437,27,54,118,2367,895,20,10415,0.71,0.23,12701,407,210803,101665,1138
438,26,48,116,2384,899,20,10445,0.71,0.23,12701,415,212194,102612,1142
439,30,52,107,2407,903,20,10445,0.72,0.23,12706,422,215148,103124,1146
440,34,48,105,2423,908,20,10553,0.73,0.24,12727,428,216746,104006,1151
441,36,59,114,2439,915,20,10665,0.73,0.24,12815,432,218824,105929,1158
442,49,65,111,2441,920,20,10807,0.73,0.24,12923,428,219299,106953,1163
443,48,59,103,2446,929,20,10903,0.73,0.24,12944,444,220145,107956,1183
444,45,64,113,2463,933,20,10918,0.73,0.24,12991,444,221508,108360,1188
445,52,65,108,2469,944,20,10931,0.73,0.24,13068,456,221960,109423,1199
446,60,71,112,2476,947,20,10996,0.73,0.24,13120,452,222521,109676,1204
447,70,88,109,2485,959,21,11025,0.73,0.24,13225,456,223104,110923,1220
448,72,77,95,2487,975,21,11075,0.73,0.24,13813,450,223225,112630,1238
449,75,77,94,2488,977,21,11102,0.73,0.24,13914,441,223298,113552,1251
450,75,78,95,2492,980,21,11197,0.72,0.24,13981,438,223640,113862,1254
451,62,74,89,2493,987,21,11226,0.72,0.24,14005,449,223729,115265,1261
452,45,72,86,2494,991,21,11241,0.72,0.24,14070,450,223819,116172,1265
453,61,74,85,2495,993,21,11270,0.72,0.24,14125,449,224066,116436,1267
454,64,75,84,2496,995,21,11299,0.72,0.24,14232,439,224313,116557,1269
455,16,50,90,2504,997,21,11299,0.72,0.24,14247,441,225504,116713,1273
456,18,59,102,2517,998,21,11299,0.72,0.24,14247,443,226822,117116,1274
457,24,68,102,2518,999,21,11299,0.72,0.24,14247,445,226914,117668,1283
458,47,76,101,2519,1001,21,11299,0.72,0.24,14247,449,227006,118284,1285
459,29,59,96,2519,1006,21,11299,0.69,0.25,14257,457,227006,118842,1290
460,24,41,110,2535,1008,21,11299,0.69,0.25,14270,460,229296,119389,1293
461,33,43,124,2552,1011,21,11299,0.70,0.25,14283,464,231728,119915,1296
462,29,49,138,2568,1013,21,11312,0.71,0.25,14330,462,233361,120187,1298
463,16,31,141,2572,1014,21,11312,0.72,0.25,14340,462,233713,120318,1299
464,6,29,138,2585,1015,21,11312,0.72,0.25,14345,463,234897,120434,1301
465,13,19,133,2600,1017,21,11320,0.72,0.25,14345,467,236513,120771,1303
466,16,31,113,2617,1019,21,11328,0.72,0.25,14345,471,238305,120993,1305
467,12,36,106,2634,1022,21,11328,0.72,0.25,14356,475,240051,121209,1310
468,32,50,113,2650,1022,21,11328,0.72,0.25,14371,472,242369,121296,1310
469,45,68,128,2667,1023,21,11328,0.72,0.25,14377,473,244749,121601,1311
470,36,67,130,2674,1028,21,11337,0.72,0.25,14387,481,245309,122500,1317
471,24,55,138,2684,1030,21,11367,0.72,0.25,14426,479,246089,123034,1319
472,30,54,138,2688,1034,21,11367,0.72,0.25,14436,487,246404,123481,1323
473,31,47,142,2692,1034,21,11367,0.72,0.25,14465,484,247290,123539,1323
474,14,35,141,2694,1035,21,11367,0.72,0.25,14501,481,247818,124431,1324
475,6,27,138,2704,1035,21,11367,0.71,0.25,14517,479,249780,124556,1324
476,8,21,131,2716,1035,21,11367,0.71,0.25,14517,479,251141,124596,1324
477,14,36,137,2733,1037,21,11396,0.71,0.26,14526,483,254008,125116,1327
478,18,47,142,2738,1037,21,11449,0.71,0.26,14564,479,255344,125380,1327
479,16,52,141,2738,1038,21,11449,0.71,0.26,14564,482,255344,125633,1329
480,11,39,141,2740,1040,21,11449,0.69,0.26,14614,487,255883,126173,1332
481,4,20,142,2743,1041,21,11449,0.69,0.26,14627,488,256086,126234,1334
482,1,15,142,2750,1041,21,11449,0.69,0.26,14640,486,256968,126238,1334
483,3,15,137,2758,1041,22,11449,0.68,0.26,14677,481,257785,126240,1334
484,14,27,122,2772,1042,22,11449,0.71,0.26,14718,477,260133,126380,1335
485,17,37,113,2788,1045,22,11449,0.71,0.26,14800,473,262242,126797,1338
486,20,35,86,2805,1050,22,11449,0.71,0.26,14813,484,263877,127901,1344
487,25,36,91,2822,1052,22,11449,0.70,0.26,14902,473,265283,128387,1346
488,13,30,95,2839,1061,22,11473,0.70,0.26,14963,483,268553,129428,1356
489,16,36,88,2856,1064,22,11473,0.71,0.26,15011,480,271190,129672,1360
490,10,36,83,2872,1070,22,11473,0.71,0.26,15032,489,274976,130074,1366
491,13,28,84,2889,1075,22,11473,0.71,0.26,15062,497,279055,130478,1371
492,21,34,89,2906,1076,22,11473,0.71,0.26,15083,495,281415,131142,1372
493,24,43,92,2922,1080,22,11473,0.70,0.26,15099,502,283581,132026,1376
494,35,57,106,2939,1083,22,11473,0.70,0.26,15139,503,287010,132619,1379
495,43,68,120,2956,1086,22,11487,0.70,0.27,15166,505,291258,133019,1382
496,49,71,132,2971,1089,22,11487,0.70,0.27,15206,505,294661,133925,1385
497,45,61,140,2984,1092,22,11502,0.70,0.27,15226,508,298103,134950,1388
498,28,42,127,2991,1094,22,11512,0.70,0.27,15253,509,300345,135787,1390
499,21,39,124,3007,1096,22,11572,0.70,0.27,15299,506,304672,137406,1393
500,18,42,124,3024,1098,22,11572,0.70,0.27,15315,510,309699,137768,1395
501,20,47,130,3041,1099,22,11602,0.70,0.27,15315,513,315502,138295,1396
502,35,63,141,3057,1099,22,11602,0.70,0.27,15342,510,318196,138494,1396
503,43,65,139,3060,1104,22,11602,0.70,0.27,15342,520,318448,138938,1401
504,40,68,137,3065,1111,22,11612,0.70,0.27,15342,535,320416,139960,1408
505,46,75,134,3067,1116,22,11612,0.70,0.27,15389,538,320782,142410,1413
506,32,72,132,3068,1119,22,11612,0.70,0.27,15409,542,321075,142966,1417
507,12,38,139,3078,1121,22,11612,0.69,0.27,15416,545,324141,143159,1420
508,9,32,130,3083,1121,22,11612,0.69,0.27,15416,545,324643,143276,1420
509,14,25,133,3097,1125,22,11628,0.68,0.27,15416,553,327025,143870,1424
510,18,36,144,3108,1125,22,11628,0.72,0.27,15416,553,329766,144242,1428
511,20,44,142,3108,1127,22,11641,0.72,0.27,15416,559,329766,144449,1431
512,22,46,141,3111,1128,22,11763,0.72,0.28,15454,556,330964,144611,1432
513,10,20,136,3114,1136,22,11855,0.68,0.28,15490,574,331864,145739,1442
514,11,24,121,3130,1137,22,11855,0.68,0.28,15651,554,335392,145986,1443
515,14,27,98,3147,1137,22,11855,0.68,0.28,15651,554,339375,146341,1443
516,15,40,103,3164,1138,22,11855,0.68,0.28,15651,557,341556,146728,1444
517,20,39,100,3180,1141,22,11879,0.68,0.28,15651,566,344526,147240,1447
518,25,55,96,3197,1142,22,11879,0.69,0.28,15712,559,347545,147644,1449
519,39,80,112,3214,1143,22,11893,0.69,0.28,15719,561,349983,147870,1450
520,68,84,112,3215,1144,22,11964,0.69,0.28,15725,562,350136,148324,1451
521,71,87,112,3217,1146,22,12103,0.68,0.28,15732,567,350558,148864,1453
522,73,90,110,3224,1155,22,12229,0.68,0.28,15732,590,352262,150695,1466
523,68,89,109,3230,1162,22,12382,0.68,0.28,15778,598,353298,151699,1474
524,67,90,110,3241,1172,22,12519,0.68,0.28,15872,609,355746,153404,1484
525,70,90,111,3247,1177,22,12657,0.68,0.28,15953,606,356570,155047,1490
526,76,91,109,3251,1183,22,12796,0.68,0.28,16006,612,356993,156221,1498
527,80,92,110,3256,1187,22,12962,0.68,0.28,16046,617,357623,157471,1502
528,73,87,105,3264,1199,22,13156,0.68,0.28,16190,628,360035,159776,1514
529,77,91,107,3269,1202,23,13377,0.68,0.28,16252,630,360531,161488,1517
530,72,84,105,3278,1213,23,13571,0.68,0.29,16358,650,362148,163899,1528
531,74,91,109,3285,1216,23,13806,0.68,0.29,16460,648,363717,165283,1533
532,70,90,106,3290,1224,23,14027,0.68,0.29,16581,658,364998,167252,1541
533,71,89,107,3303,1236,23,14193,0.68,0.29,16638,682,366936,169561,1554
534,70,87,108,3306,1238,23,14359,0.67,0.29,16773,670,367420,170005,1567
535,56,81,105,3319,1248,23,14388,0.66,0.29,16832,689,369165,172245,1579
536,65,90,108,3331,1251,24,14388,0.66,0.29,17922,676,371262,172940,1582
537,81,94,108,3332,1252,24,14416,0.66,0.29,17963,672,371360,173544,1583
538,71,79,105,3334,1257,24,14444,0.66,0.29,18045,672,371556,174810,1588
539,31,49,115,3351,1261,24,14452,0.66,0.29,18111,672,374707,176158,1592
540,19,34,128,3368,1265,24,14452,0.65,0.29,18150,673,377216,177452,1597
541,16,32,139,3384,1270,24,14452,0.65,0.29,18172,682,379706,178252,1603
542,12,33,139,3398,1277,24,14452,0.66,0.29,18229,689,381360,179328,1611
543,10,28,129,3414,1279,24,14452,0.66,0.29,18257,690,384083,179735,1613
544,15,25,110,3430,1281,24,14452,0.66,0.29,18287,691,386975,180178,1616
545,25,34,93,3447,1285,24,14452,0.65,0.29,18287,699,389342,180760,1620
546,23,44,102,3464,1286,24,14452,0.66,0.29,18327,695,392523,181244,1621
547,16,50,102,3480,1290,24,14467,0.67,0.30,18335,704,395696,182668,1625
548,19,35,108,3497,1297,24,14540,0.68,0.30,18404,714,399054,183695,1632
549,22,41,113,3514,1298,24,14540,0.67,0.30,18462,709,401949,184275,1633
550,19,56,120,3530,1301,24,14554,0.67,0.30,18469,717,404679,184970,1637
551,35,77,136,3547,1302,24,14554,0.67,0.30,18531,711,409922,185115,1647
552,50,97,140,3552,1303,24,14554,0.67,0.30,18558,709,411460,185483,1648
553,43,72,134,3553,1308,24,14586,0.68,0.30,18558,724,411803,186538,1655
554,23,61,144,3569,1310,24,14586,0.68,0.30,18613,721,415034,187894,1658
555,10,32,144,3574,1313,24,14586,0.67,0.30,18620,727,415845,188528,1662
556,6,15,142,3581,1313,24,14586,0.67,0.30,18645,723,418134,189040,1662
557,8,19,129,3590,1314,24,14586,0.66,0.30,18645,725,420504,189449,1663
558,14,28,120,3607,1317,24,14594,0.65,0.30,18645,732,424472,190119,1666
559,14,37,117,3623,1319,24,14594,0.65,0.30,18645,736,428986,191228,1669
560,18,49,128,3640,1324,24,14594,0.65,0.30,18656,744,432321,191712,1674
561,50,74,137,3657,1332,24,14594,0.65,0.30,18667,758,435557,193225,1683
562,58,73,140,3667,1339,24,14594,0.66,0.30,18756,760,438226,195964,1690
563,45,86,133,3668,1347,24,14657,0.66,0.30,18801,770,438314,199201,1701
564,32,60,140,3678,1349,24,14657,0.67,0.30,18825,772,439655,199402,1703
565,19,37,136,3686,1350,24,14657,0.67,0.31,18825,774,441035,200022,1704
566,16,34,135,3699,1357,24,14657,0.67,0.31,18825,788,443272,200852,1711
567,24,31,134,3712,1360,24,14657,0.67,0.31,18847,790,444727,201232,1714
568,25,33,102,3728,1365,24,14657,0.66,0.31,18847,800,449910,202095,1719
569,18,33,98,3745,1366,24,14657,0.66,0.31,18914,794,455775,202935,1720
570,20,44,106,3770,1369,24,14657,0.64,0.31,18914,800,461759,203392,1723
571,43,50,112,3787,1370,24,14657,0.66,0.31,18914,802,466279,203844,1724
572,44,55,120,3804,1371,24,14657,0.66,0.31,18914,805,470699,206187,1725
573,57,67,117,3821,1377,24,14657,0.66,0.31,18941,818,472782,207747,1732
574,59,72,115,3838,1396,24,14657,0.66,0.31,19093,851,477992,210759,1756
575,69,87,124,3856,1405,24,14668,0.66,0.31,19288,849,481156,212236,1765
576,67,81,137,3875,1411,24,14675,0.64,0.31,19457,842,483644,214777,1772
577,63,99,129,3894,1428,25,14718,0.64,0.31,19569,868,486351,218430,1793
578,71,106,135,3914,1442,25,14737,0.64,0.32,19942,872,489249,221868,1809
579,53,96,119,3929,1473,25,14737,0.72,0.32,20093,934,490955,226241,1845
580,56,97,117,3942,1488,25,14755,0.72,0.32,20412,932,493281,228510,1864
581,49,85,134,3967,1496,25,14782,0.64,0.32,20735,911,497758,230932,1872
582,31,46,133,3984,1507,25,14802,0.64,0.32,20779,930,500513,232861,1884
583,31,40,142,4002,1510,25,14802,0.64,0.32,20792,937,503972,234153,1887
584,22,28,144,4012,1515,25,14802,0.64,0.32,20848,947,506498,235204,1893
585,22,37,141,4025,1517,25,14802,0.65,0.32,20848,952,508517,236217,1895
586,34,56,143,4042,1523,25,14838,0.65,0.32,20876,965,511782,238005,1902
587,52,62,141,4049,1532,25,14874,0.65,0.32,21003,977,512583,239308,1911
588,37,66,146,4058,1536,25,14900,0.65,0.32,21158,972,514819,240525,1915
589,44,78,139,4072,1543,25,14900,0.72,0.32,21208,987,520637,241796,1929
590,57,86,138,4082,1554,25,14916,0.72,0.33,21398,1000,522673,244087,1940
591,57,73,141,4095,1561,26,14951,0.72,0.33,21653,1002,525169,245313,1948
592,29,47,122,4109,1564,26,14951,0.66,0.33,21672,1006,528126,246048,1951
593,24,35,125,4126,1565,26,14951,0.65,0.33,21672,1009,531591,247038,1953
594,4,28,131,4143,1574,26,14951,0.65,0.33,21672,1028,538255,248364,1962
595,8,26,133,4160,1577,26,14951,0.65,0.33,21707,1032,542421,248753,1965
596,16,31,120,4177,1578,26,14951,0.65,0.33,21707,1035,547539,249629,1966
597,29,38,104,4194,1581,26,14968,0.65,0.33,21808,1036,551755,251263,1970
598,30,48,100,4212,1584,26,14968,0.65,0.33,21822,1043,557846,252667,1973
599,22,36,110,4229,1587,26,14968,0.65,0.33,21851,1047,561974,254000,1976
600,26,39,99,4246,1594,26,14989,0.65,0.33,21992,1057,565498,255326,1984
601,14,28,97,4263,1603,26,14989,0.62,0.34,22001,1075,569238,256990,1993
602,19,39,109,4280,1603,26,14989,0.62,0.34,22073,1066,576208,257652,1993
603,38,59,115,4297,1604,26,14989,0.72,0.34,22073,1069,581556,258759,2002
604,52,72,125,4314,1611,26,15004,0.72,0.34,22119,1080,584871,260191,2011
605,68,73,135,4332,1619,26,15029,0.72,0.34,22186,1092,589305,262237,2020
606,45,58,130,4349,1623,26,15029,0.63,0.34,22207,1098,593141,264001,2026
607,35,46,132,4372,1630,26,15029,0.63,0.34,22236,1109,595708,265454,2033
608,26,37,132,4389,1636,26,15043,0.61,0.34,22279,1117,600332,266723,2039
609,27,38,121,4406,1639,26,15043,0.62,0.34,22336,1117,603501,268281,2042
610,23,40,112,4423,1653,26,15111,0.62,0.34,22780,1134,608955,271653,2059
611,42,64,128,4440,1654,26,15133,0.62,0.34,23009,1124,616045,272468,2060
612,54,80,135,4458,1665,26,15141,0.62,0.35,23036,1150,618777,275217,2075
613,66,87,136,4472,1678,26,15177,0.62,0.35,23181,1164,621527,277532,2089
614,73,96,140,4487,1689,27,15247,0.62,0.35,23395,1167,624979,279248,2102
615,81,102,140,4500,1701,27,15270,0.62,0.35,23610,1176,626638,282720,2115
616,76,100,137,4513,1716,27,15339,0.62,0.35,23939,1185,630083,286592,2132
617,82,106,143,4527,1724,27,15450,0.62,0.35,24296,1163,631728,287983,2140
618,90,108,144,4535,1731,27,15594,0.62,0.35,24474,1155,633554,290474,2147
619,92,110,145,4543,1738,27,15772,0.62,0.35,24591,1158,635697,292950,2156
620,92,110,145,4549,1744,27,15934,0.62,0.35,24815,1147,638015,295191,2164
621,85,107,140,4557,1756,27,16090,0.62,0.35,24975,1164,639918,298248,2179
622,92,111,147,4569,1761,27,16212,0.61,0.35,25037,1169,643604,299478,2186
623,78,114,157,4582,1764,27,16220,0.61,0.35,25293,1159,645275,300982,2189
624,41,91,157,4586,1768,27,16220,0.61,0.36,25366,1161,645599,301797,2194
625,30,88,154,4586,1768,28,16220,0.61,0.36,25457,1157,645599,301881,2194
626,41,94,151,4586,1769,28,16220,0.61,0.36,25462,1159,645599,302345,2195
627,41,88,148,4587,1773,28,16220,0.62,0.36,25462,1168,645686,302882,2200
628,3,45,143,4595,1775,28,16220,0.63,0.36,25462,1173,647435,303408,2202
629,8,16,139,4608,1780,28,16238,0.64,0.36,25462,1187,650180,304499,2208
630,13,18,143,4625,1785,28,16245,0.65,0.36,25634,1192,653205,305723,2213
631,21,31,109,4639,1788,28,16257,0.65,0.36,25664,1196,657583,307645,2217
632,22,40,80,4656,1795,28,16271,0.66,0.36,25686,1212,663902,309409,2224
633,17,45,76,4673,1798,28,16271,0.66,0.36,25813,1215,671579,310830,2227
634,20,40,72,4690,1801,28,16271,0.66,0.37,25820,1223,675927,312221,2232
635,23,42,87,4707,1801,28,16271,0.66,0.37,25882,1219,680428,313191,2232
636,20,40,101,4724,1804,28,16327,0.66,0.37,25882,1227,685004,315866,2235
637,13,46,102,4741,1811,28,16335,0.66,0.37,25891,1241,687967,317303,2242
638,23,65,115,4759,1816,28,16335,0.66,0.37,25961,1247,691755,318127,2247
639,39,82,130,4776,1818,28,16335,0.66,0.37,26252,1238,696765,318994,2249
640,38,81,123,4794,1834,28,16351,0.66,0.37,26296,1266,703257,321533,2268
641,52,87,135,4810,1838,28,16351,0.65,0.37,26579,1240,707538,323246,2278
642,50,89,130,4821,1854,28,16351,0.72,0.37,26598,1279,710420,326547,2332
643,63,94,127,4826,1861,28,16395,0.72,0.37,26705,1285,713104,328663,2348
644,53,88,134,4838,1866,28,16415,0.72,0.37,26845,1277,715380,330478,2360
645,27,43,130,4858,1883,28,16455,0.63,0.37,26951,1303,720449,334394,2400
646,10,34,140,4875,1886,28,16455,0.61,0.37,26951,1311,725332,335426,2408
647,14,36,146,4892,1887,28,16455,0.60,0.37,26951,1314,732628,337350,2412
648,16,46,144,4908,1894,28,16470,0.60,0.38,26951,1333,736901,339053,2428
649,23,60,152,4917,1895,28,16470,0.60,0.38,27094,1319,739599,339524,2430
650,65,90,147,4918,1901,28,16470,0.61,0.38,27121,1332,740072,342237,2444
651,73,116,134,4919,1915,28,16525,0.62,0.38,27301,1343,741024,347849,2474
652,56,85,118,4929,1941,29,16607,0.72,0.38,27493,1384,743266,353725,2538
653,65,79,130,4954,1954,29,16607,0.72,0.38,27524,1415,750040,361018,2574
654,54,85,147,4979,1960,29,16607,0.66,0.38,27868,1394,755164,363169,2588
655,23,40,148,4992,1966,29,16675,0.67,0.38,27903,1403,762226,366162,2602
656,15,30,139,5007,1973,29,16675,0.67,0.38,27903,1417,767814,367091,2618
657,21,35,134,5024,1974,29,16675,0.66,0.38,27903,1420,770979,368236,2620
658,15,33,138,5041,1974,29,16675,0.65,0.38,27913,1419,776352,368754,2620
659,10,22,103,5057,1980,29,16675,0.64,0.38,28253,1428,782801,370107,2634
660,18,32,97,5074,1983,29,16675,0.63,0.38,28345,1422,786408,371532,2642
661,21,29,92,5091,1991,29,16728,0.62,0.38,28469,1436,790418,373949,2662
662,14,33,103,5107,1994,29,16797,0.61,0.38,28534,1434,794845,375234,2668
663,14,36,93,5124,1998,29,16797,0.59,0.38,28554,1443,798801,376249,2676
664,12,37,94,5141,2001,29,16831,0.59,0.38,28962,1428,805083,377422,2684
665,18,47,96,5158,2004,29,16831,0.59,0.39,29120,1422,809720,379357,2690
666,22,66,107,5174,2009,29,16831,0.59,0.39,29231,1425,814705,381969,2702
667,56,84,115,5191,2018,29,16831,0.59,0.39,29300,1437,822177,383492,2722
668,67,89,127,5208,2023,29,16831,0.59,0.39,29446,1436,826297,388152,2734
669,37,73,133,5224,2033,29,16900,0.59,0.39,29508,1455,831097,391498,2758
670,25,55,148,5241,2034,29,16900,0.58,0.39,29508,1458,837692,392136,2760
671,32,59,154,5251,2035,29,16928,0.57,0.39,29530,1458,842048,395388,2761
672,47,67,151,5254,2040,30,16945,0.57,0.39,29567,1469,843254,398402,2777
673,48,69,142,5260,2053,30,17003,0.57,0.39,29629,1492,844668,400872,2792
674,17,50,146,5273,2062,30,17003,0.58,0.39,29667,1512,847147,403078,2802
675,13,21,146,5285,2072,30,17022,0.58,0.39,29684,1530,850732,405474,2812
676,16,25,138,5298,2072,30,17022,0.59,0.39,29702,1528,853478,407123,2812
677,11,38,130,5315,2074,30,17040,0.59,0.39,29702,1533,856257,408039,2815
678,18,31,101,5332,2080,30,17068,0.59,0.39,29717,1544,859158,409808,2821
679,8,19,75,5349,2090,30,17068,0.60,0.39,29753,1559,863903,412085,2832
680,10,23,78,5365,2093,30,17068,0.60,0.39,29789,1559,869054,412707,2835
681,19,30,83,5382,2095,30,17068,0.59,0.40,29800,1562,873857,414686,2837
682,14,43,91,5399,2102,30,17068,0.59,0.40,29856,1570,877869,416015,2845
683,33,60,106,5415,2103,30,17068,0.59,0.40,29886,1569,881126,416251,2846
684,54,77,119,5432,2107,30,17142,0.59,0.40,29907,1574,884862,417476,2851
685,71,108,140,5459,2113,30,17262,0.59,0.40,29977,1576,890943,419759,2857
686,73,103,130,5473,2137,30,17414,0.59,0.40,30085,1607,895381,425046,2885
687,71,94,135,5489,2148,31,17430,0.59,0.40,32171,1616,897736,428015,2902
688,47,66,140,5506,2152,31,17465,0.59,0.40,32311,1607,900467,430854,2907
689,13,41,144,5523,2159,31,17500,0.59,0.40,32375,1616,903745,431965,2914
690,16,36,154,5539,2161,31,17500,0.59,0.40,32416,1616,908197,432568,2916
691,11,24,122,5545,2164,31,17500,0.59,0.40,32438,1621,909400,433753,2920
692,5,31,105,5562,2167,31,17500,0.59,0.40,32460,1625,912483,434140,2923
693,14,37,103,5579,2167,31,17500,0.59,0.40,32460,1625,916579,434665,2923
694,15,45,104,5595,2169,31,17536,0.59,0.40,32460,1630,920222,436205,2925
695,27,49,112,5612,2172,31,17536,0.59,0.40,32470,1637,923905,436994,2929
696,26,61,123,5629,2177,31,17536,0.58,0.40,32515,1646,927830,438144,2935
697,42,87,139,5646,2178,31,17551,0.58,0.40,32515,1648,931491,439097,2937
698,70,108,149,5662,2184,31,17580,0.58,0.41,32545,1657,934739,440314,2944
699,52,89,139,5674,2200,31,17625,0.58,0.41,32663,1679,937339,445330,2962
700,28,52,136,5689,2206,31,17625,0.59,0.41,32846,1670,940749,446743,2968
701,10,37,148,5706,2208,31,17625,0.58,0.41,32943,1662,944544,447358,2970
702,10,26,138,5715,2212,31,17625,0.58,0.41,32952,1673,945809,448494,2976
703,4,24,123,5732,2219,31,17625,0.58,0.41,32989,1688,949280,450078,2984
704,11,27,99,5749,2225,31,17644,0.58,0.41,33086,1687,954065,452312,2991
705,12,42,112,5765,2228,31,17644,0.72,0.41,33172,1679,958157,452854,3005
706,28,59,125,5782,2232,31,17676,0.72,0.41,33172,1687,960921,454516,3009
707,49,81,136,5799,2238,31,17692,0.72,0.41,33223,1694,965859,457457,3017
708,76,96,141,5819,2253,31,17724,0.72,0.41,33303,1713,970086,461459,3050
709,76,98,144,5833,2264,31,17786,0.72,0.41,33389,1722,974251,465164,3064
710,63,77,144,5846,2277,31,17803,0.72,0.41,33525,1730,976793,468557,3078
711,45,58,144,5863,2282,31,17812,0.58,0.41,33636,1726,981043,469480,3083
712,18,46,138,5880,2284,31,17812,0.57,0.41,33703,1721,984591,470027,3085
713,20,37,148,5896,2285,31,17812,0.58,0.41,33703,1723,989590,470592,3086
714,21,44,145,5913,2291,31,17812,0.58,0.42,33715,1733,997565,471920,3094
715,45,80,155,5930,2293,31,17812,0.57,0.42,33763,1729,1003575,474037,3096
716,69,79,149,5934,2303,31,17827,0.57,0.42,33775,1747,1007288,476378,3106
717,64,82,146,5944,2316,31,17932,0.57,0.42,33853,1761,1010954,481734,3122
718,51,74,137,5956,2337,31,18022,0.57,0.42,33956,1786,1017700,486072,3147
719,58,84,144,5971,2344,32,18204,0.57,0.42,34219,1757,1023108,488054,3155
720,87,101,155,5985,2347,32,18388,0.57,0.42,34394,1734,1026740,490239,3160
721,97,105,156,5988,2349,32,18587,0.57,0.42,34451,1729,1027190,492064,3162
722,98,107,155,5991,2353,32,18846,0.57,0.42,34463,1737,1028092,494152,3166
723,97,107,152,5994,2359,32,19165,0.57,0.42,34488,1745,1029057,497205,3172
724,100,111,154,6001,2364,32,19469,0.57,0.42,34541,1749,1032299,500006,3177
725,103,108,154,6005,2368,32,19879,0.57,0.42,34674,1740,1035335,501801,3182
726,88,109,152,6009,2374,32,20213,0.57,0.42,34738,1746,1038076,506930,3189
727,39,80,149,6015,2383,32,20213,0.57,0.42,34850,1757,1040857,512473,3200
728,2,39,159,6027,2383,32,20257,0.57,0.42,34902,1751,1043902,513241,3200
729,6,38,159,6037,2383,32,20257,0.57,0.42,34902,1751,1050517,513671,3200
730,8,59,159,6050,2383,32,20257,0.57,0.43,34902,1751,1058599,514060,3213
731,19,76,159,6050,2383,32,20272,0.57,0.43,34902,1751,1058599,514403,3213
732,21,39,158,6054,2384,32,20272,0.56,0.43,34902,1754,1061914,517770,3214
733,18,28,155,6062,2385,32,20272,0.56,0.43,34902,1757,1065762,520638,3215
734,11,39,159,6072,2385,32,20272,0.56,0.43,34925,1754,1069984,521301,3215
735,13,41,159,6073,2385,32,20272,0.56,0.43,34925,1754,1070821,522186,3215
736,14,46,157,6074,2388,32,20272,0.56,0.43,34925,1761,1071010,522766,3218
737,9,39,156,6080,2391,32,20272,0.55,0.43,34952,1766,1074486,524481,3221
738,7,39,157,6089,2393,32,20272,0.54,0.43,34952,1771,1078895,525188,3225
739,15,44,157,6093,2395,32,20272,0.72,0.43,34965,1773,1080166,525952,3227
740,23,56,159,6095,2395,32,20272,0.72,0.43,34987,1770,1081124,527072,3227
741,5,17,143,6103,2399,32,20272,0.72,0.43,35041,1772,1085449,528635,3232
742,5,16,103,6120,2400,32,20272,0.57,0.43,35064,1772,1091539,529705,3233
743,8,23,96,6136,2406,32,20285,0.56,0.43,35087,1782,1096320,531631,3241
744,12,39,107,6153,2406,32,20285,0.56,0.43,35140,1775,1100554,531681,3241
745,35,59,123,6170,2407,32,20285,0.56,0.43,35171,1773,1104555,532150,3242
746,33,66,127,6187,2420,32,20285,0.56,0.43,35177,1809,1109871,536522,3255
747,28,83,134,6203,2429,32,20285,0.72,0.44,35192,1829,1115021,539515,3264
748,58,82,144,6220,2436,32,20382,0.72,0.44,35253,1839,1119892,545086,3271
749,42,66,155,6241,2445,32,20402,0.55,0.44,35261,1856,1129914,548683,3281
750,12,24,126,6250,2451,32,20540,0.55,0.44,35261,1874,1135404,552592,3288
751,14,42,139,6266,2452,32,20617,0.55,0.44,35421,1856,1143438,553982,3290
752,22,74,155,6283,2453,32,20694,0.55,0.44,35421,1858,1153289,556266,3291
753,40,85,153,6288,2460,32,20772,0.55,0.44,35433,1870,1155119,559554,3299
754,48,104,158,6295,2462,32,20811,0.55,0.44,35470,1869,1159667,562721,3312
755,50,112,153,6296,2468,32,20826,0.72,0.44,35822,1873,1159868,564674,3319
756,66,122,154,6297,2468,32,20887,0.72,0.44,35883,1863,1160070,566163,3319
757,78,119,148,6298,2475,32,20978,0.72,0.44,35913,1875,1160272,570747,3328
758,89,117,148,6303,2480,32,21069,0.72,0.44,35949,1883,1163392,573711,3363
759,97,116,146,6307,2486,32,21160,0.72,0.44,36004,1894,1166315,578297,3370
760,31,96,140,6316,2491,32,21160,0.55,0.44,36029,1904,1168657,583641,3375
761,16,41,140,6333,2497,32,21160,0.55,0.44,36029,1919,1186684,588584,3381
762,26,43,152,6350,2497,32,21160,0.55,0.44,36095,1911,1190173,589524,3381
763,30,51,161,6360,2498,32,21160,0.55,0.45,36121,1911,1193271,591123,3382
764,43,56,161,6360,2498,32,21175,0.55,0.45,36141,1909,1193271,594378,3382
765,35,54,155,6362,2506,32,21316,0.55,0.45,36141,1925,1193618,599347,3391
766,23,60,155,6368,2512,32,21451,0.55,0.45,36204,1932,1197271,602813,3399
767,29,69,157,6375,2517,33,21451,0.72,0.45,36442,1925,1205350,606677,3405
768,36,72,156,6379,2522,33,21481,0.72,0.45,36567,1928,1206377,609366,3411
769,17,80,155,6384,2528,33,21497,0.72,0.45,36623,1932,1213406,612294,3418
770,10,55,155,6390,2534,33,21572,0.55,0.45,36729,1934,1215874,616122,3425
771,8,16,158,6396,2537,33,21572,0.54,0.45,36754,1937,1217996,617108,3428
772,13,20,121,6412,2537,33,21572,0.54,0.45,36805,1931,1224971,617348,3428
773,10,39,129,6429,2538,33,21572,0.54,0.45,36805,1933,1232635,618930,3429
774,16,56,141,6446,2543,33,21572,0.54,0.45,36821,1941,1237432,620208,3435
775,33,55,152,6463,2549,33,21572,0.54,0.45,36836,1955,1241745,622400,3441
776,19,33,156,6476,2555,33,21572,0.52,0.45,36864,1965,1245649,625259,3447
777,9,23,109,6493,2556,33,21572,0.52,0.45,36911,1962,1250375,626804,3449
778,14,30,94,6510,2567,33,21602,0.51,0.45,36932,1983,1255548,630065,3461
779,24,52,102,6527,2571,33,21602,0.51,0.46,37014,1978,1261164,631123,3467
780,43,72,116,6543,2573,33,21618,0.51,0.46,37039,1978,1270044,631847,3469
781,41,83,128,6560,2578,33,21666,0.52,0.46,37059,1985,1276583,634564,3475
782,23,50,144,6577,2579,33,21760,0.54,0.46,37071,1985,1282057,636765,3477
783,20,28,142,6595,2582,33,21811,0.53,0.46,37118,1986,1289134,638395,3480
784,10,26,136,6611,2585,33,21836,0.53,0.46,37124,1992,1295567,639926,3484
785,8,29,128,6628,2586,33,21836,0.53,0.46,37124,1995,1304699,640978,3485
786,7,21,135,6645,2587,33,21836,0.53,0.46,37124,1997,1309480,641922,3486
787,13,34,138,6662,2589,33,21836,0.53,0.46,37124,2002,1315010,642799,3488
788,18,60,154,6678,2589,33,21836,0.53,0.46,37124,2002,1321206,643998,3488
789,33,79,158,6687,2594,33,21869,0.53,0.46,37155,2011,1324056,645899,3494
790,21,48,157,6696,2600,33,21869,0.53,0.46,37241,2018,1326127,649232,3500
791,7,16,134,6709,2608,33,21869,0.53,0.46,37280,2037,1330561,650939,3508
792,6,27,140,6726,2615,33,21869,0.53,0.46,37319,2048,1337373,653482,3515
793,16,40,154,6742,2616,33,21869,0.52,0.46,37460,2032,1343165,653788,3517
794,20,30,157,6751,2622,33,21898,0.52,0.47,37460,2048,1346495,657431,3524
795,5,26,140,6761,2626,33,21898,0.52,0.47,37460,2056,1349738,658967,3529
796,18,27,131,6778,2629,33,21898,0.52,0.47,37474,2060,1357200,660748,3532
797,22,34,105,6794,2634,33,21913,0.53,0.47,37529,2067,1361131,662977,3539
798,14,33,100,6811,2639,33,21913,0.52,0.47,37552,2079,1366221,665668,3545
799,19,30,96,6828,2644,33,21913,0.53,0.47,37662,2080,1371031,667492,3550
800,12,38,102,6845,2646,33,21913,0.53,0.47,37701,2079,1376182,668790,3552
801,12,56,110,6861,2651,33,21913,0.53,0.47,37720,2088,1380517,669543,3558
802,50,76,120,6878,2656,33,21913,0.53,0.47,37740,2099,1384788,674078,3563
803,46,73,111,6895,2682,33,21952,0.53,0.47,37868,2148,1389243,682400,3594
804,50,91,122,6912,2688,33,21991,0.52,0.47,37900,2159,1393977,689028,3600
805,48,84,134,6929,2693,33,21991,0.53,0.47,38014,2158,1410228,690688,3607
806,26,48,145,6945,2698,33,21991,0.52,0.47,38023,2167,1415614,693443,3613
807,15,43,150,6962,2702,33,22040,0.53,0.47,38023,2175,1421376,697425,3618
808,14,34,155,6979,2704,33,22040,0.53,0.47,38067,2172,1432007,698175,3620
809,9,27,140,6993,2706,33,22040,0.53,0.47,38067,2176,1440108,699289,3623
810,14,26,107,7009,2709,33,22040,0.53,0.48,38067,2185,1448515,699949,3629
811,18,35,105,7026,2711,33,22079,0.53,0.48,38091,2187,1454165,702019,3631
812,21,40,102,7043,2718,33,22079,0.72,0.48,38091,2203,1462359,704926,3649
813,31,58,114,7060,2722,33,22079,0.72,0.48,38206,2196,1473873,707632,3653
814,35,76,122,7076,2730,33,22097,0.72,0.48,38261,2204,1488965,710660,3662
815,40,60,118,7093,2739,33,22097,0.72,0.48,38299,2224,1497674,716195,3673
816,23,48,122,7110,2739,33,22136,0.51,0.48,38305,2223,1507219,719571,3673
817,25,53,135,7127,2740,33,22136,0.51,0.48,38305,2226,1516692,721149,3675
818,34,75,150,7144,2742,33,22136,0.51,0.48,38337,2229,1529763,722520,3688
819,73,93,159,7159,2748,33,22215,0.51,0.48,38337,2242,1539985,724408,3694
820,75,98,164,7165,2749,33,22248,0.51,0.48,38337,2244,1543104,726776,3695
821,31,68,163,7170,2751,33,22280,0.51,0.48,38362,2246,1544803,730302,3697
822,17,39,155,7176,2751,33,22280,0.51,0.48,38371,2245,1548673,731491,3697
823,20,57,162,7186,2753,33,22280,0.51,0.48,38371,2251,1554969,733089,3699
824,36,71,163,7189,2755,33,22280,0.51,0.48,38371,2257,1556316,734703,3701
825,36,56,152,7192,2769,33,22298,0.51,0.48,38371,2285,1557952,738600,3715
826,12,30,143,7201,2771,33,22340,0.51,0.49,38421,2283,1560895,740866,3718
827,18,33,127,7218,2773,33,22340,0.51,0.49,38427,2286,1566854,742343,3720
828,13,39,127,7234,2778,33,22340,0.50,0.49,38440,2294,1572348,744292,3725
829,24,54,138,7251,2784,33,22340,0.50,0.49,38503,2296,1579075,747602,3731
830,32,59,140,7268,2799,33,22373,0.50,0.49,38548,2319,1583517,752221,3748
831,55,65,155,7285,2801,33,22391,0.50,0.49,38656,2306,1587845,752741,3752
832,38,60,149,7302,2808,33,22402,0.49,0.49,38675,2317,1595344,755857,3760
833,29,40,135,7318,2816,33,22413,0.50,0.49,38707,2328,1603176,759553,3771
834,21,41,125,7335,2817,33,22413,0.50,0.49,38733,2327,1611064,761248,3773
835,27,38,117,7352,2822,33,22413,0.50,0.49,38739,2336,1618014,764167,3779
836,25,37,119,7369,2825,33,22413,0.50,0.49,38752,2342,1627443,766717,3783
837,21,35,122,7386,2827,33,22413,0.50,0.49,38789,2341,1634658,769871,3785
838,28,43,123,7403,2830,33,22413,0.50,0.49,38789,2350,1642881,773152,3789
839,27,43,127,7420,2833,33,22585,0.50,0.49,38798,2356,1649969,775829,3792
840,21,55,135,7437,2836,33,22585,0.49,0.49,38808,2363,1655981,779445,3796
841,35,74,150,7454,2837,33,22585,0.49,0.50,38832,2362,1666656,781272,3797
842,54,98,160,7470,2840,34,22609,0.49,0.50,38848,2366,1674438,783730,3800
843,35,77,159,7484,2851,34,22660,0.48,0.50,38877,2385,1683260,790886,3814
844,22,76,157,7498,2858,34,22700,0.48,0.50,38971,2390,1693141,797401,3822
845,40,108,162,7511,2863,34,22718,0.48,0.50,39117,2386,1696815,800832,3828
846,65,120,165,7519,2867,34,22734,0.48,0.50,39214,2380,1701774,803877,3833
847,30,83,151,7526,2886,34,22734,0.50,0.50,39287,2411,1705264,809146,3859
848,35,75,166,7550,2887,34,22734,0.50,0.50,39307,2410,1714360,813055,3860
849,22,40,167,7556,2890,34,22734,0.51,0.50,39307,2416,1719765,814881,3863
850,9,24,164,7569,2895,34,22734,0.50,0.50,39326,2426,1732241,817410,3870
851,17,25,150,7584,2900,34,22734,0.49,0.50,39335,2437,1748776,819686,3877
852,24,39,126,7602,2901,34,22734,0.50,0.50,39368,2435,1756740,822018,3878
853,30,40,108,7619,2903,34,22734,0.50,0.50,39368,2439,1771061,824285,3881
854,37,44,101,7636,2907,34,22734,0.49,0.51,39376,2447,1775636,826248,3885
855,39,52,117,7654,2907,34,22734,0.49,0.51,39432,2441,1785096,829171,3885
856,37,47,121,7671,2914,34,22734,0.50,0.51,39432,2456,1793427,831756,3893
857,20,32,114,7688,2920,34,22734,0.49,0.51,39432,2468,1811677,833414,3903
858,12,37,107,7706,2927,34,22746,0.48,0.51,39440,2483,1825516,836894,3912
859,21,32,104,7723,2929,34,22763,0.48,0.51,39472,2484,1836927,838949,3914
860,12,29,107,7740,2934,34,22763,0.48,0.51,39513,2494,1843428,840773,3923
861,14,29,101,7758,2936,34,22784,0.65,0.51,39564,2491,1856231,843391,3925
862,6,28,112,7775,2937,34,22801,0.65,0.51,39672,2480,1867651,844134,3926
863,19,39,103,7792,2939,34,22801,0.48,0.51,39717,2479,1877174,845201,3929
864,35,41,95,7810,2940,34,22801,0.48,0.52,39796,2476,1884745,847059,3931
865,23,50,98,7827,2944,34,22833,0.47,0.52,39818,2485,1892453,850026,3935
866,25,46,107,7844,2947,34,22870,0.47,0.52,39915,2484,1902742,852236,3939
867,27,38,105,7861,2952,34,22921,0.46,0.52,39915,2495,1918891,855622,3947
868,31,46,104,7879,2953,34,22921,0.47,0.52,39915,2497,1928440,857962,3948
869,33,46,115,7896,2955,34,22930,0.46,0.52,39915,2501,1939537,862568,3951
870,38,76,127,7913,2958,34,22930,0.46,0.52,39915,2509,1952568,867225,3955
871,48,89,143,7931,2960,34,22930,0.48,0.52,39915,2515,1965163,871161,3957
872,65,110,157,7948,2963,34,22930,0.72,0.52,39941,2522,1972898,875581,3961
873,76,116,154,7963,2981,34,22950,0.72,0.52,40314,2542,1979429,881756,3982
874,80,114,155,7981,2997,34,22979,0.72,0.53,40630,2556,1989270,889491,4002
875,70,101,149,8000,3009,34,22988,0.46,0.53,40813,2562,1995152,898454,4019
876,53,75,152,8017,3014,34,23017,0.46,0.53,40829,2571,2007043,901145,4025
877,26,55,160,8035,3018,34,23091,0.46,0.53,40829,2579,2017062,904000,4030
878,54,98,168,8044,3019,34,23190,0.46,0.53,40845,2580,2022411,906519,4031
879,63,108,169,8047,3021,34,23199,0.46,0.53,40845,2585,2023000,910277,4033
880,78,129,168,8052,3027,34,23219,0.46,0.53,40878,2600,2028093,914248,4052
881,71,123,153,8057,3047,34,23261,0.46,0.53,41125,2641,2032399,920140,4078
882,45,89,154,8074,3063,35,23290,0.46,0.53,41605,2632,2043345,925867,4102
883,39,57,166,8094,3065,35,23341,0.46,0.53,41677,2631,2059852,929263,4105
884,16,41,163,8100,3069,35,23341,0.45,0.54,41718,2635,2063079,932759,4111
885,11,26,152,8106,3070,35,23341,0.46,0.54,41718,2637,2066018,933926,4112
886,10,26,122,8123,3071,35,23341,0.46,0.54,41718,2638,2072942,934419,4114
887,19,23,102,8140,3075,35,23341,0.45,0.54,41718,2646,2081415,936198,4122
888,21,40,114,8157,3077,35,23357,0.45,0.54,41718,2650,2092318,938491,4125
889,23,63,130,8175,3079,35,23357,0.45,0.54,41743,2652,2105680,938920,4127
890,45,95,147,8192,3079,35,23357,0.45,0.54,43465,2651,2114012,939698,4127
891,79,110,157,8209,3086,35,23357,0.45,0.54,43514,2660,2121298,943353,4137
892,61,97,159,8226,3098,35,23370,0.45,0.54,43522,2686,2129708,948241,4150
893,31,72,171,8243,3103,35,23388,0.44,0.54,43630,2694,2143700,952474,4158
894,25,57,166,8260,3105,35,23388,0.46,0.54,43795,2691,2150912,955091,4160
895,32,45,170,8277,3105,35,23398,0.44,0.55,43795,2691,2158253,957864,4160
896,14,36,169,8289,3108,35,23398,0.45,0.55,43795,2698,2167026,960740,4164
897,24,51,157,8307,3108,35,23398,0.46,0.55,43795,2698,2178255,962806,4164
898,38,70,168,8324,3111,35,23398,0.46,0.55,43994,2704,2191455,964423,4178
899,47,86,165,8331,3120,35,23421,0.46,0.55,44066,2724,2194750,968042,4189
900,38,89,164,8342,3131,36,23421,0.46,0.55,44286,2735,2197266,972321,4202
901,48,110,168,8351,3136,36,23441,0.46,0.55,44364,2742,2202935,975456,4211
902,95,123,163,8358,3147,36,23584,0.45,0.55,44930,2725,2208091,980946,4229
903,91,114,148,8377,3181,36,23819,0.44,0.55,45122,2774,2213722,999126,4270
904,64,130,162,8402,3192,36,23893,0.45,0.55,45407,2761,2222588,1012949,4285
905,54,132,163,8416,3205,36,23893,0.45,0.56,45495,2782,2233839,1018869,4301
906,49,94,168,8425,3209,36,23893,0.43,0.56,45605,2785,2239210,1022682,4306
907,41,61,168,8427,3211,36,23931,0.44,0.56,45605,2791,2240629,1027731,4308
908,45,83,170,8431,3213,37,23931,0.44,0.56,47397,2795,2243695,1031070,4310
909,57,98,171,8434,3215,37,23931,0.43,0.56,47488,2797,2245345,1034263,4313
910,40,83,171,8436,3217,37,23931,0.44,0.56,47505,2802,2246448,1038003,4316
911,7,38,171,8437,3217,37,23931,0.44,0.56,47522,2801,2246934,1039396,4316
912,7,17,168,8450,3219,37,23931,0.45,0.56,47522,2805,2252085,1040553,4320
913,10,19,148,8465,3223,37,23948,0.45,0.56,47522,2816,2258877,1043288,4327
914,21,29,134,8483,3226,37,23948,0.42,0.56,47538,2820,2271634,1045690,4330
915,24,39,118,8500,3232,37,23962,0.43,0.57,47581,2828,2287070,1050401,4338
916,23,40,94,8517,3239,37,24000,0.43,0.57,47615,2841,2293007,1055867,4349
917,25,42,95,8535,3243,37,24027,0.43,0.57,47675,2844,2310169,1061133,4355
918,20,40,100,8551,3252,37,24027,0.42,0.57,47736,2860,2321994,1065512,4368
919,26,51,97,8568,3260,37,24027,0.42,0.57,47736,2883,2335966,1071078,4392
920,26,78,109,8585,3265,37,24044,0.72,0.57,47905,2878,2349156,1073888,4425
921,44,97,121,8602,3270,37,24123,0.72,0.57,47999,2878,2368925,1075897,4439
922,29,79,129,8619,3279,37,24276,0.72,0.57,48061,2892,2378041,1081782,4461
923,10,50,135,8636,3284,37,24276,0.43,0.57,48120,2896,2390287,1085131,4471
924,25,34,146,8652,3285,37,24276,0.43,0.57,48120,2899,2398898,1086348,4473
925,24,30,148,8669,3289,37,24276,0.44,0.57,48120,2911,2409103,1089033,4485
926,18,39,137,8686,3292,37,24293,0.44,0.57,48142,2916,2421947,1092605,4493
927,14,39,129,8703,3298,37,24359,0.44,0.57,48221,2922,2438113,1095346,4511
928,31,48,140,8720,3299,37,24359,0.44,0.58,48368,2908,2447473,1098836,4513
929,30,59,133,8737,3300,37,24359,0.44,0.58,48408,2905,2458438,1102459,4515
930,29,55,132,8753,3302,37,24393,0.44,0.58,48408,2909,2466064,1106114,4521
931,20,41,129,8770,3306,37,24393,0.43,0.58,48416,2917,2474475,1110560,4533
932,12,30,132,8787,3312,37,24393,0.43,0.58,48441,2928,2483936,1113237,4555
933,18,35,140,8805,3313,37,24416,0.43,0.58,48475,2927,2491032,1114160,4557
934,15,39,145,8822,3314,37,24416,0.43,0.58,48492,2928,2497827,1115829,4561
935,16,37,125,8839,3315,37,24416,0.42,0.58,48522,2926,2506981,1116900,4565
936,8,31,116,8855,3315,37,24416,0.41,0.58,48539,2923,2517177,1118828,4565
937,12,28,108,8872,3316,37,24416,0.43,0.58,48539,2925,2524818,1119646,4567
938,15,27,112,8889,3318,37,24416,0.43,0.58,48539,2930,2533877,1120741,4573
939,19,46,124,8906,3318,37,24416,0.43,0.58,48539,2930,2545849,1122464,4573
940,26,65,135,8923,3324,37,24416,0.43,0.58,48547,2946,2559802,1124666,4591
941,47,89,151,8940,3325,37,24435,0.43,0.58,48614,2940,2572739,1126192,4595
942,80,123,160,8956,3332,37,24488,0.43,0.58,48662,2950,2589108,1131301,4613
943,85,124,166,8972,3342,37,24488,0.43,0.59,48873,2943,2606565,1138802,4635
944,92,138,172,8983,3347,37,24574,0.43,0.59,48944,2948,2615931,1144318,4652
945,89,132,168,8987,3355,37,24610,0.43,0.59,49013,2956,2620026,1150284,4676
946,85,138,172,8994,3357,37,24610,0.43,0.59,49107,2953,2628107,1157743,4682
947,95,137,171,9000,3364,37,24698,0.43,0.59,49133,2969,2631383,1163948,4702
948,92,118,160,9006,3381,37,24859,0.43,0.59,49234,2996,2635516,1173164,4741
949,43,77,159,9023,3399,37,24859,0.42,0.59,49452,3021,2647116,1180630,4765
950,23,41,173,9037,3399,37,24906,0.41,0.59,49527,3011,2654110,1182660,4765
951,14,21,168,9039,3402,37,24918,0.40,0.59,49527,3017,2654881,1185368,4769
952,14,14,132,9045,3404,37,24918,0.40,0.59,49534,3021,2659300,1186646,4771
953,7,19,112,9062,3404,37,24918,0.40,0.59,49540,3020,2667486,1187856,4771
954,14,31,89,9078,3406,37,24918,0.40,0.59,49554,3022,2673278,1188628,4774
955,25,44,76,9095,3407,37,24976,0.42,0.59,49554,3024,2681626,1191739,4775
956,38,53,79,9112,3410,37,24991,0.42,0.59,49554,3030,2693176,1196847,4778
957,40,55,89,9129,3417,37,24991,0.40,0.59,49571,3049,2702475,1201206,4787
958,32,53,92,9146,3418,37,24991,0.40,0.60,49615,3046,2712594,1205316,4789
959,23,45,102,9163,3423,37,24991,0.40,0.60,49615,3056,2723664,1208239,4796
960,22,57,111,9180,3428,37,25010,0.40,0.60,49615,3070,2731468,1210513,4802
961,52,77,121,9196,3433,37,25010,0.40,0.60,49682,3071,2747124,1213509,4807
962,70,96,134,9213,3437,37,25082,0.40,0.60,49736,3074,2757021,1216979,4812
963,84,109,142,9230,3446,37,25135,0.40,0.60,49801,3084,2766483,1222073,4821
964,109,133,150,9247,3454,38,25242,0.40,0.60,49917,3084,2777740,1227325,4830
965,127,141,158,9264,3463,38,25382,0.40,0.60,50043,3084,2790155,1232710,4845
966,130,144,164,9281,3474,38,25608,0.40,0.60,50112,3097,2800840,1239069,4856
967,142,157,172,9292,3477,38,25867,0.40,0.60,50262,3082,2806389,1245251,4860
968,145,152,167,9296,3486,38,26178,0.40,0.60,50313,3097,2808221,1254571,4869
969,143,155,169,9305,3493,38,26506,0.40,0.60,50370,3106,2816528,1261654,4878
970,140,151,166,9311,3502,38,26902,0.40,0.60,50433,3115,2819601,1270785,4889
971,144,155,168,9320,3509,38,27263,0.39,0.60,50464,3128,2828490,1278601,4898
972,137,150,162,9327,3522,38,27676,0.39,0.60,50529,3146,2831309,1287736,4915
973,137,156,168,9341,3530,38,28141,0.39,0.61,50656,3148,2838487,1294783,4925
974,138,155,169,9349,3537,38,28657,0.39,0.61,50750,3152,2843889,1301263,4935
975,142,153,165,9355,3547,38,29258,0.39,0.61,50920,3160,2851181,1308598,4949
976,94,157,170,9365,3552,38,29602,0.40,0.61,51004,3162,2858781,1312747,4963
977,94,153,169,9370,3558,38,29653,0.40,0.61,51157,3163,2860878,1320128,4974
978,113,152,165,9376,3568,38,29794,0.40,0.61,51282,3177,2866841,1325725,4987
979,95,154,171,9387,3573,38,30106,0.40,0.61,51485,3167,2874585,1329720,4995
980,20,102,173,9393,3577,38,30106,0.40,0.61,51587,3165,2882710,1332970,4999
981,5,26,175,9400,3578,38,30106,0.41,0.61,51587,3168,2885357,1334470,5000
982,8,14,174,9407,3579,38,30106,0.41,0.61,51587,3171,2889272,1335012,5002
983,6,10,174,9410,3581,38,30106,0.42,0.61,51587,3175,2891769,1336549,5005
984,8,16,157,9419,3581,38,30106,0.41,0.61,51600,3173,2896045,1336654,5005
985,12,22,99,9436,3584,38,30106,0.41,0.61,51695,3169,2905433,1339102,5009
986,20,38,79,9453,3585,38,30158,0.41,0.61,51806,3159,2912833,1341139,5010
987,23,51,93,9470,3588,38,30158,0.41,0.62,51821,3166,2922043,1344078,5014
988,43,68,107,9487,3591,38,30196,0.41,0.62,51871,3168,2931113,1345343,5018
989,53,75,118,9503,3593,38,30214,0.40,0.62,51938,3164,2938248,1349490,5021
990,39,62,114,9520,3599,38,30243,0.39,0.62,51938,3182,2955533,1356142,5029
991,34,74,121,9537,3601,38,30243,0.40,0.62,52050,3173,2964644,1358150,5033
992,55,96,138,9554,3601,38,30260,0.40,0.62,52064,3171,2973127,1359945,5033
993,84,126,154,9571,3602,38,30312,0.40,0.62,52064,3173,2983087,1362545,5034
994,37,116,165,9588,3608,38,30329,0.40,0.62,52081,3185,2993696,1368829,5042
995,29,58,175,9603,3610,38,30329,0.39,0.62,52090,3190,3001148,1372123,5045
996,9,23,169,9608,3614,38,30364,0.38,0.62,52123,3198,3004430,1374500,5052
997,4,27,170,9619,3614,38,30364,0.38,0.62,52176,3192,3010809,1375047,5052
998,8,18,155,9630,3615,38,30364,0.37,0.62,52184,3194,3016734,1376065,5053
999,13,21,108,9647,3616,38,30364,0.40,0.62,52227,3191,3032693,1377960,5054
1000,16,27,95,9664,3621,38,30381,0.37,0.62,52353,3192,3047719,1380529,5063
1001,24,36,100,9681,3624,38,30381,0.40,0.62,52474,3185,3073605,1382970,5067
1002,20,44,106,9698,3625,38,30381,0.40,0.63,52481,3187,3089389,1384637,5068
1003,13,32,102,9715,3630,38,30381,0.40,0.63,52533,3195,3105840,1387731,5075
1004,22,43,98,9731,3632,38,30381,0.39,0.63,52589,3193,3115175,1389527,5078
1005,28,60,113,9748,3634,38,30381,0.72,0.63,52615,3194,3125310,1390860,5091
1006,47,81,129,9765,3635,38,30381,0.72,0.63,52629,3195,3140710,1393443,5092
1007,45,73,137,9782,3642,38,30416,0.72,0.63,52629,3209,3150192,1398305,5100
1008,33,59,137,9799,3647,38,30508,0.39,0.63,52725,3208,3163220,1404717,5106
1009,19,56,141,9816,3648,38,30508,0.38,0.63,52725,3211,3187547,1406878,5107
1010,16,37,151,9833,3648,38,30508,0.38,0.63,52742,3209,3205917,1409257,5107
1011,12,30,137,9850,3651,38,30508,0.39,0.63,52742,3217,3222778,1411860,5112
1012,13,26,131,9866,3652,38,30508,0.38,0.63,52782,3215,3243808,1413409,5113
1013,18,44,146,9883,3652,38,30508,0.37,0.63,52782,3215,3258606,1414166,5113
1014,38,51,158,9900,3652,38,30600,0.38,0.63,52782,3215,3278384,1417769,5113
1015,53,80,173,9917,3653,38,30600,0.38,0.63,52782,3218,3305469,1422453,5115
1016,71,96,174,9922,3655,38,30600,0.38,0.63,52800,3222,3307458,1427352,5124
1017,47,91,161,9927,3666,38,30600,0.38,0.64,52861,3243,3309454,1436467,5143
1018,39,102,167,9944,3677,39,30600,0.38,0.64,53071,3245,3324442,1439817,5160
1019,50,116,170,9957,3687,39,30600,0.38,0.64,53127,3258,3334032,1443653,5171
1020,107,108,171,9965,3694,39,30600,0.37,0.64,53273,3252,3345989,1452163,5181
1021,79,94,174,9973,3698,39,30679,0.36,0.64,53301,3259,3355963,1464779,5187
1022,35,86,172,9982,3704,39,30679,0.36,0.64,53301,3277,3360429,1466376,5196
1023,67,109,175,9993,3707,39,30679,0.36,0.64,53407,3274,3374817,1467120,5201
1024,52,107,177,9996,3708,39,30679,0.36,0.64,53407,3277,3379853,1468157,5203
1025,6,35,177,9997,3709,39,30704,0.37,0.64,53407,3280,3380262,1469133,5204
1026,3,11,175,10003,3712,39,30722,0.35,0.64,53451,3284,3384842,1470679,5209
1027,2,2,177,10006,3713,39,30722,0.35,0.64,53486,3283,3386905,1471271,5211
1028,3,4,179,10008,3713,39,30722,0.35,0.64,53486,3283,3387733,1471400,5211
1029,4,5,178,10014,3714,39,30722,0.36,0.64,53493,3285,3391252,1473240,5212
1030,5,16,110,10027,3716,39,30722,0.37,0.64,53520,3288,3402542,1473524,5214
1031,20,26,79,10044,3718,39,30722,0.37,0.65,53520,3294,3415822,1474013,5217
1032,24,35,71,10061,3723,39,30722,0.37,0.65,53520,3308,3426851,1479402,5225
1033,26,40,65,10078,3727,39,30722,0.37,0.65,53520,3318,3437074,1482514,5232
1034,19,43,76,10095,3728,39,30747,0.37,0.65,53536,3319,3449501,1486181,5233
1035,14,48,86,10112,3731,39,30747,0.37,0.65,53536,3328,3460670,1487428,5237
1036,20,43,98,10129,3731,39,30747,0.37,0.65,53544,3327,3475395,1489017,5237
1037,19,47,114,10146,3731,39,30747,0.65,0.65,53704,3315,3490108,1491212,5237
1038,21,29,114,10162,3733,39,30747,0.65,0.65,53978,3300,3507924,1492614,5240
1039,30,37,117,10179,3733,39,30747,0.35,0.65,54086,3286,3525877,1494961,5240
1040,24,46,112,10196,3736,39,30747,0.36,0.65,54094,3291,3536685,1499335,5244
1041,26,43,122,10213,3739,39,30812,0.37,0.65,54115,3297,3547675,1501808,5247
1042,29,42,129,10230,3739,39,30845,0.37,0.65,54210,3286,3556298,1504447,5247
1043,24,44,124,10247,3743,39,30914,0.37,0.65,54285,3288,3567418,1510084,5252
1044,19,42,134,10264,3744,39,30948,0.38,0.65,54396,3278,3580001,1513588,5254
1045,26,44,136,10281,3745,39,30979,0.38,0.65,54430,3277,3594149,1515549,5255
1046,27,54,137,10298,3746,39,30979,0.38,0.66,54464,3276,3613943,1519092,5257
1047,21,42,138,10314,3747,39,31141,0.37,0.66,54464,3278,3633412,1524161,5258
1048,24,41,144,10331,3747,39,31211,0.37,0.66,54490,3275,3648401,1527637,5258
1049,17,35,145,10348,3750,39,31401,0.37,0.66,54490,3281,3664215,1531642,5262
1050,20,39,148,10365,3750,39,31496,0.36,0.66,54567,3272,3685695,1534205,5262
1051,29,41,138,10382,3750,39,31560,0.35,0.66,54596,3268,3698721,1539170,5262
1052,37,64,150,10399,3753,39,31580,0.35,0.66,54622,3273,3726451,1541717,5265
1053,52,88,165,10416,3755,39,31580,0.35,0.66,54683,3271,3738278,1543558,5267
1054,95,118,179,10431,3756,39,31597,0.35,0.66,54704,3270,3759154,1551182,5269
1055,95,111,169,10432,3767,39,31687,0.35,0.66,54711,3291,3762775,1558798,5282
1056,90,113,170,10443,3777,39,31727,0.36,0.66,54821,3297,3771441,1565791,5294
1057,78,95,179,10454,3779,39,31790,0.36,0.66,55084,3270,3782479,1576663,5298
1058,83,109,176,10456,3784,39,31830,0.36,0.66,55152,3275,3786137,1583396,5304
1059,83,115,172,10461,3793,39,31850,0.36,0.66,55296,3275,3791274,1590425,5315
1060,94,121,171,10470,3803,39,31960,0.36,0.67,55473,3276,3800021,1595994,5327
1061,113,139,186,10492,3810,39,32212,0.36,0.67,55582,3276,3813150,1602811,5338
1062,119,134,181,10492,3815,39,32645,0.36,0.67,55653,3278,3813150,1610250,5345
1063,74,126,175,10496,3825,40,32770,0.36,0.67,58564,3288,3818280,1618777,5362
1064,73,101,179,10506,3831,40,32865,0.36,0.67,58639,3295,3823234,1623968,5370
1065,36,53,181,10510,3833,40,32938,0.34,0.67,58653,3297,3827921,1628467,5372
1066,19,28,179,10511,3836,40,32953,0.35,0.67,58653,3303,3828864,1630101,5375
1067,11,32,173,10518,3837,41,32953,0.36,0.67,60739,3303,3834341,1630597,5376
1068,25,47,181,10528,3838,41,32953,0.36,0.67,60739,3305,3841316,1631267,5377
1069,43,56,181,10529,3838,41,32953,0.36,0.67,60761,3302,3842268,1632760,5377
1070,37,47,177,10533,3839,41,32953,0.36,0.67,60771,3303,3845355,1635963,5378
1071,20,33,145,10542,3843,41,32953,0.36,0.67,60781,3313,3852688,1638686,5384
1072,19,39,111,10559,3843,41,32953,0.35,0.67,60799,3311,3867628,1640843,5384
1073,18,41,110,10576,3843,41,32953,0.35,0.67,60836,3306,3881879,1644384,5384
1074,27,40,104,10593,3846,41,32953,0.35,0.68,60895,3307,3899269,1647268,5388
1075,24,42,99,10610,3847,41,32953,0.34,0.68,60945,3304,3914581,1649994,5389
1076,25,41,109,10627,3850,41,32953,0.34,0.68,60955,3312,3938734,1652883,5392
1077,26,47,119,10644,3852,41,32953,0.34,0.68,61043,3308,3956495,1656110,5395
1078,36,76,136,10661,3852,41,32989,0.72,0.68,61065,3305,3980389,1658126,5403
1079,58,102,147,10678,3858,41,33118,0.72,0.68,61065,3323,4001844,1661019,5411
1080,54,100,156,10694,3858,41,33136,0.72,0.68,61065,3323,4027737,1664075,5411
1081,88,128,173,10712,3858,41,33136,0.72,0.68,61065,3323,4052402,1667634,5420
1082,113,142,182,10721,3858,41,33262,0.72,0.68,61065,3323,4063200,1673120,5420
1083,89,114,174,10721,3866,41,33280,0.32,0.68,61074,3340,4063200,1681659,5428
1084,30,63,177,10734,3871,41,33291,0.32,0.68,61096,3348,4072365,1686354,5435
1085,24,39,180,10751,3872,41,33303,0.32,0.68,61096,3351,4090227,1689466,5437
1086,34,40,177,10765,3877,41,33303,0.34,0.68,61096,3357,4110403,1695789,5447
1087,38,62,181,10781,3880,41,33327,0.34,0.68,61110,3360,4135145,1700176,5450
1088,53,69,181,10783,3882,41,33363,0.34,0.69,61175,3356,4142422,1704843,5453
1089,35,51,173,10785,3892,41,33413,0.34,0.69,61204,3364,4143335,1709665,5466
1090,24,47,174,10802,3894,41,33413,0.33,0.69,61204,3367,4179417,1714125,5469
1091,23,42,153,10820,3896,41,33413,0.33,0.69,61204,3373,4199469,1715485,5472
1092,23,38,131,10837,3902,41,33437,0.33,0.69,61204,3380,4211842,1719586,5482
1093,20,48,128,10854,3903,41,33485,0.33,0.69,61204,3381,4235653,1724866,5483
1094,36,59,125,10872,3908,41,33485,0.32,0.69,61222,3384,4255077,1728499,5490
1095,59,86,132,10889,3908,41,33496,0.32,0.69,61222,3384,4275838,1732396,5498
1096,79,100,145,10906,3912,41,33496,0.32,0.69,61222,3388,4309645,1738075,5503
1097,80,102,148,10923,3926,41,33533,0.32,0.69,61222,3409,4338265,1746966,5521
1098,42,101,159,10943,3932,41,33685,0.32,0.69,61231,3414,4365815,1752564,5530
1099,35,87,161,10960,3934,41,33685,0.33,0.69,61240,3415,4386467,1761946,5532
1100,31,114,169,10977,3939,41,33685,0.33,0.69,61240,3420,4414424,1766861,5538
1101,95,149,182,10991,3940,41,33685,0.33,0.69,61296,3415,4427958,1771050,5540
1102,99,135,164,10996,3963,41,34041,0.32,0.70,61320,3450,4431754,1797625,5570
1103,83,126,174,11016,3973,41,34141,0.32,0.70,61576,3430,4447580,1811313,5582
1104,62,109,191,11035,3975,41,34156,0.32,0.70,61659,3424,4459228,1823665,5584
1105,15,55,190,11035,3976,41,34172,0.32,0.70,61659,3425,4459228,1827073,5585
1106,2,18,184,11038,3977,41,34172,0.33,0.70,61659,3428,4468662,1828278,5586
1107,5,19,166,11051,3977,41,34172,0.32,0.70,61659,3428,4492935,1828649,5586
1108,16,28,154,11068,3978,41,34172,0.32,0.70,61659,3429,4520937,1831877,5587
1109,29,42,134,11085,3978,41,34184,0.33,0.70,61659,3429,4580524,1837601,5587
1110,18,39,125,11102,3980,41,34445,0.32,0.70,61659,3431,4601592,1842050,5590
1111,18,37,116,11120,3980,41,34445,0.32,0.70,61659,3431,4629044,1846161,5590
1112,21,44,113,11137,3982,41,34445,0.33,0.70,61659,3434,4650015,1851251,5594
1113,29,57,126,11155,3987,41,34445,0.33,0.70,61659,3443,4669465,1853656,5601
1114,50,85,143,11173,3988,41,34445,0.33,0.70,61698,3440,4686498,1856274,5602
1115,45,82,151,11190,3997,41,34523,0.32,0.70,61767,3442,4710668,1862474,5616
1116,52,81,168,11209,3999,41,34547,0.32,0.70,61822,3438,4749144,1868487,5618
1117,39,73,183,11226,4001,41,34592,0.32,0.71,61822,3440,4791674,1874375,5620
1118,37,66,185,11228,4001,41,34658,0.32,0.71,61822,3440,4799717,1880068,5620
1119,21,69,185,11231,4001,41,34658,0.31,0.71,61822,3440,4811843,1884543,5620
1120,30,81,181,11231,4005,41,34658,0.31,0.71,61822,3446,4811843,1887738,5626
1121,60,102,175,11235,4015,41,34658,0.31,0.71,61822,3458,4824536,1893920,5640
1122,95,133,178,11246,4023,41,34710,0.31,0.71,61969,3453,4834461,1904805,5652
1123,85,134,177,11257,4035,41,34784,0.31,0.71,62006,3463,4853850,1917625,5671
1124,77,104,191,11273,4037,41,34858,0.32,0.71,62006,3465,4876209,1927390,5673
1125,38,52,184,11274,4043,41,34883,0.33,0.71,62024,3479,4879816,1932888,5680
1126,34,52,185,11277,4044,41,34883,0.33,0.71,62042,3478,4886141,1935062,5681
1127,48,70,185,11277,4044,41,34900,0.33,0.71,62042,3478,4886141,1936946,5681
1128,72,104,179,11278,4051,41,34900,0.33,0.71,62052,3487,4887143,1942510,5691
1129,92,117,164,11285,4073,41,34931,0.32,0.72,62204,3495,4896032,1952184,5724
1130,114,141,174,11304,4082,41,35195,0.31,0.72,62474,3488,4908321,1975841,5737
1131,131,153,182,11315,4085,41,35284,0.31,0.72,62670,3472,4921374,1992106,5741
1132,137,163,186,11321,4087,42,35553,0.31,0.72,62692,3473,4925816,2011195,5743
1133,117,143,179,11325,4098,42,35674,0.31,0.72,62757,3487,4927790,2025808,5757
1134,51,81,181,11333,4103,42,35674,0.31,0.72,62757,3499,4934096,2034206,5765
1135,23,37,179,11343,4104,42,35674,0.31,0.72,62767,3501,4944185,2036744,5766
1136,15,21,181,11354,4104,42,35674,0.31,0.72,62775,3500,4950630,2038158,5766
1137,18,25,148,11363,4104,42,35719,0.31,0.72,62775,3500,4956767,2041006,5766
1138,21,36,115,11381,4106,42,35765,0.31,0.73,62788,3502,4986486,2044171,5768
1139,28,41,96,11399,4107,42,35765,0.31,0.73,62795,3503,5014079,2047062,5769
1140,26,50,86,11416,4108,42,35765,0.31,0.73,62835,3500,5036573,2050685,5770
1141,26,45,99,11434,4108,42,35765,0.31,0.73,62857,3497,5081014,2052374,5770
1142,30,46,111,11451,4108,42,35830,0.31,0.73,62857,3497,5110874,2055008,5770
1143,37,50,121,11469,4109,42,35872,0.31,0.73,62963,3487,5141741,2059872,5771
1144,32,53,121,11486,4111,42,35895,0.31,0.73,62963,3491,5171106,2063668,5773
1145,37,58,139,11504,4111,42,35895,0.31,0.73,62993,3487,5189677,2067395,5773
1146,48,66,145,11522,4112,42,35911,0.31,0.73,62993,3490,5215034,2073182,5775
1147,42,63,144,11539,4115,42,35928,0.31,0.74,63005,3496,5241878,2077766,5779
1148,49,61,151,11557,4116,42,35928,0.30,0.74,63017,3497,5253981,2081180,5780
1149,34,49,158,11574,4116,42,35928,0.30,0.74,63017,3497,5294935,2087136,5780
1150,19,48,152,11592,4120,42,35958,0.44,0.74,63141,3489,5323857,2089782,5785
1151,22,33,154,11610,4121,42,35958,0.29,0.74,63177,3485,5340207,2091987,5787
1152,17,36,151,11627,4123,42,36097,0.29,0.74,63177,3489,5372529,2097171,5790
1153,23,49,151,11646,4123,42,36097,0.28,0.74,63195,3487,5402330,2100337,5790
1154,33,47,146,11663,4124,42,36125,0.28,0.74,63195,3489,5444048,2104369,5791
1155,25,48,139,11681,4125,42,36125,0.27,0.74,63195,3492,5470310,2108199,5792
1156,31,61,144,11699,4125,42,36266,0.27,0.75,63222,3488,5490134,2113876,5792
1157,52,80,154,11716,4129,42,36427,0.27,0.75,63270,3493,5508562,2120215,5798
1158,62,103,163,11734,4138,42,36562,0.27,0.75,63464,3506,5528360,2128171,5812
1159,81,130,170,11751,4148,42,36594,0.27,0.75,63693,3509,5566629,2139898,5826
1160,108,140,183,11768,4152,42,36766,0.28,0.75,63789,3510,5604412,2150186,5832
1161,126,146,184,11774,4157,42,36766,0.27,0.75,63865,3515,5608706,2158992,5839
1162,127,142,175,11778,4170,42,36800,0.27,0.75,63902,3542,5614286,2175907,5854
1163,108,132,169,11793,4191,42,36930,0.28,0.75,64078,3576,5631375,2194797,5884
1164,62,124,179,11814,4202,42,37143,0.28,0.75,64142,3594,5647853,2207904,5898
1165,42,79,187,11832,4204,42,37143,0.27,0.75,64211,3591,5681045,2213470,5900
1166,22,44,183,11846,4204,42,37143,0.28,0.76,64211,3591,5699889,2216181,5900
1167,31,54,188,11858,4204,42,37159,0.28,0.76,64234,3588,5710758,2221755,5900
1168,40,75,186,11861,4207,42,37159,0.28,0.76,64295,3591,5713876,2225284,5904
1169,25,54,181,11865,4215,42,37206,0.28,0.76,64327,3608,5719140,2229228,5916
1170,15,33,179,11882,4216,42,37206,0.28,0.76,64355,3607,5740063,2230830,5917
1171,21,76,162,11900,4216,42,37206,0.28,0.76,64365,3606,5776109,2234145,5917
1172,73,102,175,11917,4219,42,37253,0.28,0.76,64365,3614,5797953,2237795,5921
1173,84,108,176,11930,4231,42,37329,0.28,0.76,64444,3643,5823342,2245769,5936
1174,94,120,181,11945,4240,42,37375,0.28,0.76,64662,3655,5844572,2256372,5947
1175,98,121,178,11955,4253,42,37455,0.28,0.77,65123,3648,5858447,2268043,5964
1176,96,132,177,11965,4264,42,37591,0.28,0.77,65508,3641,5872841,2280186,5979
1177,110,135,180,11978,4274,42,37857,0.28,0.77,65754,3641,5895531,2290225,5995
1178,117,139,182,11988,4282,43,38018,0.28,0.77,66187,3636,5911366,2298282,6007
1179,132,143,185,11996,4286,43,38318,0.28,0.77,66387,3631,5921327,2308677,6012
1180,122,134,175,12001,4300,43,38567,0.28,0.77,66612,3643,5931050,2319270,6031
1181,112,134,173,12015,4316,43,38963,0.28,0.77,66845,3651,5951006,2328436,6055
1182,123,147,188,12031,4317,43,39302,0.28,0.77,66994,3641,5972495,2335431,6057
1183,107,145,184,12037,4322,43,39393,0.28,0.77,67206,3635,5982323,2349759,6064
1184,103,162,214,12087,4336,43,39466,0.27,0.78,67215,3661,6008887,2377687,6082
1185,99,149,192,12087,4358,43,39481,0.27,0.78,67350,3674,6008887,2395993,6111
1186,97,137,179,12087,4371,43,39571,0.27,0.78,67548,3666,6008887,2405454,6127
1187,117,145,172,12101,4389,43,39700,0.27,0.78,67693,3682,6025038,2419280,6152
1188,97,137,189,12132,4395,43,39831,0.27,0.78,68151,3662,6064851,2434796,6162
1189,80,152,189,12139,4395,43,39846,0.27,0.78,69253,3566,6072502,2444017,6162
1190,13,86,188,12142,4396,43,39846,0.27,0.78,69737,3503,6085934,2448526,6163
1191,3,20,187,12147,4396,44,39980,0.46,0.78,70043,3470,6100972,2450131,6163
1192,9,9,190,12152,4397,44,39980,0.46,0.78,70043,3471,6107718,2452101,6165
1193,6,11,175,12157,4398,44,39980,0.26,0.79,70043,3473,6112862,2453896,6166
1194,15,27,149,12174,4398,44,39992,0.27,0.79,70062,3471,6129118,2455244,6166
1195,23,44,166,12192,4399,44,40024,0.26,0.79,70062,3473,6151803,2459098,6170
1196,30,73,179,12209,4403,44,40024,0.26,0.79,70081,3479,6179330,2462190,6182
1197,50,89,185,12221,4409,44,40041,0.72,0.79,70166,3486,6223835,2467240,6194
1198,65,104,185,12227,4415,44,40074,0.72,0.79,70211,3493,6248308,2473925,6208
1199,56,90,179,12232,4426,44,40074,0.72,0.79,70387,3492,6262466,2485028,6234
1200,45,83,160,12252,4433,44,40181,0.26,0.79,70521,3495,6314569,2490354,6250
1201,32,68,147,12269,4434,44,40265,0.26,0.79,70561,3492,6352445,2497231,6252
1202,25,70,158,12287,4434,44,40265,0.26,0.79,70596,3489,6402557,2499002,6252
1203,28,42,166,12304,4434,44,40265,0.26,0.79,70596,3489,6431600,2503523,6252
1204,23,45,155,12321,4435,44,40265,0.25,0.79,70596,3490,6456056,2508550,6254
1205,13,58,161,12339,4438,44,40265,0.25,0.79,70606,3492,6473871,2510541,6264
1206,30,74,177,12357,4439,44,40265,0.25,0.80,70635,3490,6501186,2512151,6266
1207,44,95,190,12372,4439,44,40265,0.25,0.80,70644,3489,6521486,2517810,6266
1208,62,111,188,12374,4443,44,40265,0.25,0.80,70644,3493,6522844,2523177,6276
1209,69,115,185,12379,4451,44,40330,0.25,0.80,70673,3498,6531703,2530712,6300
1210,95,109,177,12385,4465,44,40448,0.25,0.80,70731,3509,6545370,2544314,6336
1211,100,110,186,12403,4473,44,40553,0.25,0.80,70827,3511,6586368,2562405,6358
1212,100,108,186,12411,4480,44,40617,0.25,0.80,70935,3509,6595974,2573470,6376
1213,83,94,189,12417,4482,44,40652,0.25,0.80,70955,3508,6600112,2579389,6380
1214,20,46,191,12429,4482,44,40665,0.24,0.80,70955,3508,6639582,2581848,6380
1215,17,49,178,12446,4484,44,40665,0.24,0.80,70955,3510,6693742,2582647,6386
1216,28,48,175,12463,4484,44,40665,0.23,0.80,70965,3509,6731537,2584813,6386
1217,18,55,172,12481,4485,44,40665,0.22,0.80,70965,3510,6766846,2587548,6388
1218,17,76,178,12498,4485,44,40665,0.23,0.80,70974,3509,6791701,2589445,6388
1219,43,108,189,12516,4486,44,40665,0.23,0.81,70974,3510,6814866,2590972,6390
1220,101,121,191,12519,4486,44,40827,0.22,0.81,70984,3509,6818749,2595027,6390
1221,98,114,194,12532,4487,44,40827,0.22,0.81,70984,3510,6849183,2601019,6394
1222,67,91,184,12547,4487,44,40839,0.23,0.81,70994,3509,6866942,2602657,6394
1223,26,63,183,12568,4487,44,40893,0.24,0.81,70994,3509,6914364,2606274,6394
1224,15,39,187,12583,4492,44,40906,0.24,0.81,70994,3514,6945794,2610073,6408
1225,19,63,192,12600,4492,44,40906,0.24,0.81,70994,3514,6981573,2612323,6408
1226,55,95,192,12601,4492,44,40906,0.23,0.81,70994,3514,6982653,2614897,6408
1227,91,116,191,12601,4493,44,40938,0.23,0.81,70994,3515,6982653,2619548,6409
1228,65,91,192,12604,4493,44,41010,0.23,0.81,70994,3515,6985917,2624862,6409
1229,10,44,192,12609,4493,44,41046,0.22,0.81,70994,3515,6996547,2627350,6409
1230,13,30,173,12622,4493,44,41046,0.22,0.81,70994,3515,7018974,2629792,6409
1231,25,66,185,12640,4493,44,41153,0.22,0.81,70994,3515,7041035,2632485,6409
1232,37,46,192,12651,4493,44,41275,0.23,0.81,70994,3515,7059335,2638629,6409
1233,20,39,187,12664,4494,44,41288,0.23,0.82,70994,3516,7077644,2640993,6411
1234,30,43,177,12681,4494,44,41288,0.23,0.82,70994,3516,7116138,2642794,6411
1235,43,53,191,12703,4495,44,41393,0.23,0.82,70994,3517,7157702,2648534,6412
1236,58,82,192,12708,4495,44,41711,0.23,0.82,70994,3517,7165903,2658848,6412
1237,81,96,190,12710,4498,44,42218,0.23,0.82,71017,3519,7167398,2668766,6418
1238,111,125,189,12716,4505,44,42581,0.23,0.82,71087,3522,7175927,2679663,6429
1239,121,132,172,12721,4526,44,42787,0.23,0.82,71127,3545,7181919,2694398,6460
1240,110,128,167,12737,4547,44,42839,0.23,0.82,71340,3557,7215682,2712710,6493
1241,93,115,154,12754,4577,44,42892,0.23,0.82,71618,3568,7249699,2734093,6540
1242,91,117,155,12772,4594,44,42994,0.23,0.82,71894,3554,7287938,2743450,6568
1243,85,114,155,12789,4611,44,43130,0.23,0.82,72059,3554,7332800,2750742,6596
1244,96,123,167,12806,4616,44,43365,0.23,0.82,72388,3525,7370303,2757642,6603
1245,116,140,183,12824,4618,44,43504,0.23,0.82,72426,3525,7416402,2763130,6605
1246,117,151,190,12836,4622,44,43837,0.23,0.83,72442,3527,7439124,2770302,6611
1247,130,151,191,12839,4624,44,44255,0.23,0.83,72462,3527,7444841,2777452,6615
1248,133,154,192,12841,4625,44,44542,0.23,0.83,72522,3521,7450268,2786294,6617
1249,122,148,186,12844,4633,44,44804,0.23,0.83,72536,3528,7458442,2798307,6631
1250,121,149,187,12851,4639,44,45169,0.23,0.83,72605,3527,7472094,2806649,6642
1251,127,155,191,12857,4641,44,45499,0.23,0.83,72664,3523,7485409,2811756,6644
1252,127,158,194,12860,4641,44,45782,0.23,0.83,72703,3518,7491692,2820997,6644
1253,126,157,192,12861,4643,44,45931,0.23,0.83,72703,3521,7492481,2828806,6646
1254,137,157,193,12863,4644,44,45995,0.23,0.83,72739,3518,7494063,2836965,6647
1255,135,159,193,12865,4645,44,46266,0.23,0.83,72749,3520,7497635,2841629,6649
1256,130,158,193,12866,4646,44,46646,0.23,0.83,72749,3523,7498431,2854150,6650
1257,139,159,193,12867,4647,44,47181,0.23,0.83,72749,3525,7499229,2861419,6652
1258,132,156,191,12868,4650,44,47660,0.23,0.83,72758,3527,7500031,2870037,6656
1259,140,161,194,12873,4650,44,47976,0.23,0.83,72798,3523,7504860,2874221,6656
1260,146,163,196,12881,4656,44,48326,0.23,0.84,72837,3533,7510986,2883249,6665
1261,140,160,193,12881,4659,44,48770,0.23,0.84,72847,3538,7510986,2893691,6669
1262,138,155,188,12882,4665,44,49376,0.23,0.84,72856,3546,7512610,2901044,6678
1263,108,157,193,12889,4667,44,49451,0.23,0.84,72984,3539,7548484,2910939,6691
1264,133,191,226,12925,4670,44,49484,0.22,0.84,73379,3525,7575814,2934027,6696
1265,137,185,219,12925,4677,44,49586,0.22,0.84,73485,3521,7575814,2950151,6709
1266,147,178,210,12925,4685,45,49857,0.22,0.84,73709,3501,7575814,2962708,6724
1267,134,176,206,12937,4701,45,49919,0.23,0.84,73758,3533,7584722,2980639,6750
1268,122,164,194,12947,4723,45,50026,0.72,0.84,74018,3530,7592175,2997706,6830
1269,119,157,187,12948,4731,45,50314,0.72,0.84,74170,3526,7593006,3010229,6841
1270,124,158,189,12956,4737,45,50505,0.72,0.84,74205,3528,7608943,3019538,6847
1271,112,148,180,12962,4752,45,50760,0.72,0.84,74336,3532,7615640,3029047,6865
1272,113,152,186,12975,4759,45,50982,0.72,0.84,74446,3522,7639170,3035862,6875
1273,77,131,200,12994,4762,45,51066,0.21,0.85,74561,3518,7681081,3046625,6878
1274,44,61,194,13006,4763,45,51085,0.20,0.85,74601,3514,7711084,3050318,6879
1275,14,27,195,13016,4763,45,51085,0.19,0.85,74601,3514,7726515,3051726,6879
1276,11,22,194,13023,4764,45,51085,0.19,0.85,74601,3516,7736719,3053632,6881
1277,12,27,181,13040,4765,45,51085,0.18,0.85,74601,3518,7762257,3055850,6882
1278,24,39,138,13057,4766,45,51085,0.18,0.85,74601,3520,7816293,3060212,6884
1279,30,51,116,13075,4767,45,51104,0.19,0.85,74601,3522,7857823,3065952,6885
1280,43,58,118,13092,4767,45,51158,0.19,0.85,74601,3522,7908444,3074205,6885
1281,39,51,118,13110,4770,45,51158,0.19,0.85,74601,3528,7941778,3080598,6891
1282,23,41,128,13127,4770,45,51214,0.19,0.85,74601,3528,7985195,3083327,6891
1283,30,51,137,13146,4770,45,51214,0.19,0.85,74601,3528,8018045,3087119,6891
1284,35,56,145,13163,4772,45,51257,0.19,0.85,74601,3532,8057564,3093408,6895
1285,33,60,153,13181,4772,45,51271,0.19,0.85,74601,3532,8101585,3100230,6895
1286,47,65,149,13198,4772,45,51304,0.19,0.86,74601,3532,8165364,3107404,6895
1287,49,85,153,13216,4772,45,51304,0.18,0.86,74601,3532,8202884,3116404,6895
1288,66,99,164,13233,4778,45,51353,0.18,0.86,74601,3544,8243198,3126926,6906
1289,72,124,175,13251,4785,45,51415,0.18,0.86,74617,3556,8306219,3137222,6920
1290,94,138,187,13268,4789,45,51443,0.18,0.86,74663,3556,8350802,3144994,6925
1291,113,150,191,13281,4796,45,51443,0.18,0.86,74673,3568,8374172,3157052,6937
1292,109,141,195,13288,4798,45,51443,0.18,0.86,74693,3568,8394370,3164425,6940
1293,55,149,198,13301,4799,45,51443,0.17,0.86,74693,3570,8442956,3170954,6941
1294,80,152,193,13301,4803,45,51474,0.17,0.86,74693,3577,8442956,3177817,6947
1295,91,162,193,13304,4806,45,51668,0.17,0.86,74744,3571,8447850,3183828,6953
1296,97,158,189,13307,4813,45,51770,0.17,0.86,74754,3582,8452396,3194867,6963
1297,134,154,185,13315,4825,45,51809,0.17,0.86,74804,3592,8466999,3207676,6980
1298,135,156,188,13327,4834,45,51834,0.17,0.86,74912,3587,8514625,3218646,6994
1299,127,159,188,13337,4843,45,52058,0.17,0.86,74993,3592,8530065,3229120,7007
1300,136,164,194,13346,4846,45,52248,0.17,0.87,75115,3577,8543984,3236606,7010
1301,106,167,195,13350,4848,45,52287,0.17,0.87,75177,3571,8549071,3241915,7013
1302,103,166,194,13352,4851,45,52426,0.17,0.87,75187,3576,8555565,3251010,7017
1303,161,168,190,13355,4858,45,52612,0.17,0.87,75212,3588,8565338,3276361,7026
1304,172,186,213,13380,4860,45,52640,0.17,0.87,75281,3585,8587528,3306459,7030
1305,121,152,213,13380,4860,45,52654,0.16,0.87,75317,3579,8587528,3314646,7030
1306,18,42,211,13380,4860,45,52716,0.17,0.87,75347,3576,8587528,3317166,7030
1307,3,8,200,13380,4860,45,52716,0.17,0.87,75347,3576,8587528,3317936,7030
1308,4,4,197,13383,4860,45,52716,0.17,0.87,75347,3576,8590370,3318601,7030
1309,5,6,197,13383,4860,45,52716,0.72,0.87,75347,3576,8590370,3319769,7030
1310,7,18,196,13383,4861,45,52716,0.72,0.87,75347,3578,8590370,3321069,7031
1311,16,22,197,13385,4862,45,52716,0.72,0.87,75357,3578,8592284,3321746,7032
1312,20,39,195,13391,4865,45,52716,0.72,0.87,75357,3584,8601216,3322767,7035
1313,25,53,191,13394,4872,45,52716,0.72,0.88,75357,3598,8608914,3327292,7044
1314,35,40,190,13405,4880,45,52730,0.72,0.88,75382,3606,8632579,3332893,7053
1315,19,33,133,13417,4881,45,52730,0.17,0.88,75413,3602,8660889,3335392,7054
1316,17,43,102,13435,4881,45,52745,0.16,0.88,75413,3602,8699200,3338225,7054
1317,32,66,117,13452,4882,45,52745,0.16,0.88,75413,3604,8746892,3343666,7056
1318,66,76,128,13470,4889,45,52745,0.16,0.88,75423,3616,8812977,3351927,7067
1319,77,84,139,13488,4891,45,52764,0.17,0.88,75484,3608,8866008,3358407,7071
1320,65,85,156,13509,4891,45,52923,0.16,0.88,75494,3606,8912297,3364678,7071
1321,46,65,174,13529,4891,45,53189,0.16,0.88,75494,3606,8960193,3371914,7071
1322,36,51,188,13546,4891,45,53189,0.17,0.88,75494,3606,8986977,3378899,7071
1323,32,46,154,13561,4891,45,53189,0.17,0.88,75494,3606,9026300,3381320,7071
1324,39,68,170,13578,4891,45,53189,0.17,0.88,75494,3606,9071334,3383783,7071
1325,70,106,187,13596,4891,45,53189,0.17,0.88,75494,3606,9115332,3388495,7071
1326,113,145,196,13609,4895,45,53295,0.17,0.89,75494,3614,9166290,3395821,7077
1327,138,160,197,13612,4897,45,53380,0.17,0.89,75520,3613,9172849,3403179,7080
1328,143,166,196,13614,4900,45,53430,0.17,0.89,75555,3612,9179933,3415498,7084
1329,141,166,194,13618,4906,45,53590,0.17,0.89,75576,3620,9194153,3427108,7094
1330,140,162,187,13623,4918,45,53724,0.17,0.89,75660,3631,9201790,3439690,7116
1331,139,157,184,13632,4930,45,53887,0.17,0.89,75779,3633,9221940,3446755,7136
1332,139,167,193,13647,4936,45,54021,0.17,0.89,75915,3623,9278384,3452681,7146
1333,146,170,196,13653,4939,45,54231,0.17,0.89,75971,3618,9291764,3459124,7150
1334,147,166,193,13657,4946,45,54408,0.17,0.89,76022,3621,9296722,3467549,7159
1335,152,170,196,13663,4949,45,54601,0.17,0.89,76080,3618,9308325,3476786,7164
1336,137,165,195,13666,4953,45,54722,0.17,0.89,76116,3620,9311444,3487798,7169
1337,74,182,247,13718,4953,45,54772,0.17,0.89,76136,3616,9435881,3505464,7169
1338,193,207,236,13718,4964,45,54908,0.17,0.89,76147,3633,9435881,3533730,7189
1339,191,208,233,13722,4971,45,54981,0.17,0.90,76201,3639,9439944,3562978,7201
1340,173,204,231,13724,4975,45,55194,0.17,0.90,76292,3633,9441930,3585913,7208
1341,151,189,218,13724,4988,45,55194,0.17,0.90,76382,3644,9441930,3601041,7230
1342,142,188,212,13726,4996,45,55235,0.16,0.90,76392,3655,9443908,3624961,7241
1343,131,158,205,13730,5007,45,55284,0.14,0.90,76462,3662,9447850,3651336,7255
1344,97,123,196,13730,5016,45,55392,0.15,0.90,76472,3679,9447850,3666391,7270
1345,76,121,197,13742,5019,45,55479,0.15,0.90,76536,3679,9474429,3670120,7274
1346,74,139,200,13747,5021,45,55503,0.15,0.90,76598,3679,9483354,3679059,7277
1347,31,105,200,13747,5021,45,55601,0.13,0.90,76679,3671,9483354,3688025,7277
1348,31,91,200,13749,5021,45,55651,0.14,0.90,76679,3671,9488759,3693169,7277
1349,59,108,195,13754,5026,45,55675,0.14,0.90,76679,3682,9503404,3699734,7286
1350,78,127,175,13759,5051,45,55951,0.13,0.90,76743,3720,9513746,3728431,7327
1351,84,133,179,13776,5064,45,56263,0.13,0.90,77013,3699,9557116,3743897,7350
1352,74,123,189,13795,5073,45,56444,0.14,0.91,77185,3697,9614261,3752459,7365
1353,29,74,198,13809,5077,45,56518,0.14,0.91,77231,3703,9656044,3757921,7372
1354,26,59,191,13822,5077,45,56518,0.14,0.91,77319,3694,9685287,3759403,7372
1355,28,57,200,13841,5077,45,56518,0.13,0.91,77319,3694,9760522,3762873,7372
1356,26,48,193,13854,5077,45,56543,0.15,0.91,77319,3694,9811641,3766730,7372
1357,24,51,173,13871,5077,45,56592,0.15,0.91,77319,3694,9904149,3770891,7372
1358,35,65,154,13889,5079,45,56616,0.14,0.91,77319,3700,9961946,3774485,7375
1359,79,122,170,13906,5080,45,57031,0.14,0.91,77319,3702,10016031,3785631,7376
1360,97,139,188,13926,5082,45,57151,0.14,0.91,77319,3706,10082931,3805082,7379
1361,94,143,198,13939,5085,45,57258,0.13,0.91,77330,3714,10113978,3816201,7384
1362,97,135,196,13942,5090,46,57416,0.13,0.91,77412,3717,10124741,3825770,7393
1363,108,138,192,13947,5099,46,57442,0.14,0.91,77453,3730,10132132,3841372,7411
1364,122,151,190,13961,5115,46,57632,0.14,0.91,77588,3736,10147734,3866716,7433
1365,127,153,196,13973,5120,46,57855,0.72,0.92,77774,3709,10178655,3887297,7454
1366,127,154,192,13982,5129,46,58108,0.72,0.92,77811,3719,10204741,3905645,7464
1367,122,154,191,13993,5139,46,58162,0.72,0.92,77904,3717,10236435,3926414,7475
1368,128,167,200,14004,5140,46,58175,0.72,0.92,77992,3702,10276843,3943009,7476
1369,143,167,198,14005,5143,46,58229,0.72,0.92,77997,3707,10286124,3956987,7480
1370,148,169,200,14008,5144,46,58566,0.72,0.92,78008,3706,10314047,3975473,7481
1371,144,159,191,14010,5155,46,59132,0.72,0.92,78008,3721,10326898,3991270,7492
1372,132,150,186,14019,5169,46,59606,0.72,0.92,78039,3739,10347999,4004932,7510
1373,139,162,195,14032,5173,46,60248,0.72,0.92,78137,3732,10397962,4014778,7516
1374,142,169,198,14039,5177,46,60764,0.72,0.92,78220,3729,10418593,4023572,7522
1375,145,170,199,14043,5180,46,61394,0.72,0.92,78245,3733,10431018,4032587,7525
1376,150,171,200,14046,5182,46,61960,0.72,0.92,78305,3730,10438143,4042227,7527
1377,153,171,197,14048,5187,46,62595,0.72,0.92,78378,3733,10450059,4054917,7532
1378,151,172,198,14053,5191,46,63257,0.72,0.93,78518,3728,10476335,4064181,7537
1379,144,170,197,14058,5197,46,63956,0.72,0.93,78623,3735,10495528,4073081,7544
1380,147,171,201,14063,5198,46,64600,0.72,0.93,78700,3728,10523807,4080049,7546
1381,145,170,199,14064,5201,46,65376,0.72,0.93,78760,3729,10526823,4089695,7551
1382,153,172,201,14067,5202,46,66096,0.72,0.93,78827,3724,10542573,4097734,7553
1383,154,173,202,14068,5202,46,66872,0.72,0.93,78860,3720,10552297,4104259,7553
1384,154,172,201,14068,5203,46,67589,0.72,0.93,78905,3717,10552297,4115441,7555
1385,155,173,202,14069,5203,46,68402,0.72,0.93,78946,3712,10562086,4122946,7555
1386,152,171,200,14070,5206,46,69177,0.72,0.93,78960,3719,10571908,4132606,7560
1387,153,170,200,14073,5209,46,69996,0.72,0.93,78974,3726,10594693,4138330,7563
1388,146,170,199,14076,5213,46,70759,0.72,0.93,78974,3737,10615704,4145953,7568
1389,150,169,201,14080,5215,46,71642,0.71,0.93,78991,3740,10622524,4152756,7570
1390,153,171,202,14082,5216,46,72354,0.71,0.93,79140,3728,10629366,4160811,7571
1391,135,181,203,14083,5216,46,72588,0.71,0.94,79261,3716,10633736,4188535,7571
1392,137,186,256,14137,5217,46,72681,0.11,0.94,79292,3716,10695564,4209365,7572
1393,125,188,243,14137,5230,47,72735,0.11,0.94,81850,3728,10695564,4234531,7587
1394,125,195,236,14137,5237,47,72850,0.11,0.94,81895,3728,10695564,4247800,7594
1395,71,180,234,14137,5239,47,72888,0.11,0.94,81910,3727,10695564,4250720,7596
1396,6,69,233,14137,5240,47,72951,0.10,0.94,81915,3727,10695564,4253823,7597
1397,3,39,233,14137,5240,47,72951,0.11,0.94,81965,3721,10695564,4254761,7597
1398,3,69,230,14137,5240,47,72976,0.11,0.94,81979,3719,10695564,4255643,7597
1399,3,106,230,14138,5241,47,73019,0.11,0.94,81993,3719,10697489,4257282,7598
1400,0,30,229,14138,5242,47,73019,0.11,0.94,82015,3718,10697489,4257758,7600
1401,0,0,212,14138,5243,47,73019,0.10,0.94,82023,3719,10697489,4257968,7601
1402,9,16,204,14156,5243,47,73019,0.10,0.94,82023,3719,10732429,4259413,7601
1403,17,25,202,14170,5243,47,73034,0.11,0.94,82023,3719,10783107,4262747,7601
1404,30,36,184,14185,5243,47,73034,0.10,0.95,82023,3719,10839812,4267112,7601
1405,15,55,146,14203,5243,47,73055,0.11,0.95,82023,3719,10892507,4270068,7601
1406,18,36,107,14221,5243,47,73055,0.13,0.95,82023,3719,10936594,4273477,7601
1407,16,38,100,14238,5243,47,73055,0.14,0.95,82023,3719,10981209,4278439,7601
1408,16,33,117,14256,5243,47,73139,0.15,0.95,82023,3719,11039954,4283133,7601
1409,17,42,128,14274,5243,47,73202,0.16,0.95,82136,3717,11099433,4287144,7601
1410,18,39,134,14291,5243,47,73259,0.17,0.95,82193,3716,11156063,4292090,7601
1411,26,38,142,14309,5243,47,73290,0.17,0.95,82231,3714,11208334,4295745,7601
1412,33,41,144,14327,5243,47,73290,0.16,0.95,82279,3709,11289917,4300835,7601
1413,27,49,144,14344,5243,47,73322,0.22,0.95,82362,3695,11376527,4306088,7601
1414,26,54,139,14362,5243,47,73322,0.22,0.95,82717,3663,11420296,4309511,7601
1415,23,47,136,14380,5243,47,73322,0.13,0.95,83326,3630,11505198,4313774,7601
1416,26,52,137,14397,5243,47,73322,0.12,0.96,83454,3612,11576634,4317124,7601
1417,24,56,142,14415,5243,47,73322,0.11,0.96,83497,3606,11621125,4322250,7601
1418,30,49,143,14433,5243,47,73359,0.10,0.96,83522,3602,11698233,4328863,7601
1419,33,49,143,14450,5243,47,73374,0.10,0.96,83522,3602,11807103,4333504,7601
1420,22,43,152,14468,5243,47,73374,0.10,0.96,83522,3602,11899861,4337731,7601
1421,28,42,152,14486,5243,47,73374,0.11,0.96,83522,3602,11968797,4343262,7601
1422,23,45,155,14503,5243,47,73390,0.11,0.96,83522,3602,12034675,4347306,7601
1423,35,53,165,14521,5243,47,73432,0.11,0.96,83522,3602,12107796,4352502,7601
1424,70,87,180,14539,5243,47,73466,0.72,0.96,83522,3602,12169217,4358910,7609
1425,104,120,193,14556,5244,47,73466,0.72,0.96,83522,3604,12249568,4372959,7611
1426,114,123,204,14571,5247,47,73569,0.72,0.96,83522,3610,12291699,4385120,7615
1427,78,86,189,14580,5247,47,73590,0.10,0.96,83539,3608,12326898,4388880,7615
1428,15,71,203,14604,5247,47,73590,0.09,0.96,83539,3608,12389799,4390513,7615
1429,22,100,205,14612,5247,47,73590,0.09,0.97,83539,3608,12450712,4392882,7615
1430,69,130,204,14612,5248,47,73590,0.09,0.97,83539,3610,12450712,4399281,7616
1431,132,153,192,14614,5262,47,73689,0.08,0.97,83544,3637,12458839,4446682,7641
1432,120,159,201,14624,5263,47,73793,0.08,0.97,83570,3635,12494620,4466712,7643
1433,36,163,207,14630,5263,47,73793,0.09,0.97,83580,3633,12509005,4474057,7643
1434,19,97,209,14632,5263,47,73793,0.09,0.97,83580,3633,12511791,4476823,7643
1435,0,21,209,14632,5263,47,73793,0.10,0.97,83580,3633,12511791,4477740,7643
1436,0,12,205,14637,5263,47,73793,0.08,0.97,83580,3633,12520786,4478461,7643
1437,8,28,203,14643,5263,47,73793,0.09,0.97,83580,3633,12556884,4479102,7643
1438,11,109,205,14646,5264,47,73842,0.72,0.97,83580,3635,12583403,4481519,7656
1439,49,123,206,14648,5264,47,73842,0.72,0.97,83580,3635,12589997,4482811,7656
1440,18,122,203,14653,5265,47,73842,0.10,0.97,83580,3637,12615728,4493093,7657
1441,12,114,196,14661,5265,47,73842,0.10,0.97,83580,3637,12632823,4494421,7657
1442,18,141,198,14675,5265,47,73842,0.10,0.98,83580,3637,12691959,4495350,7657
1443,104,153,206,14684,5265,47,73872,0.10,0.98,83580,3637,12728271,4497523,7657
1444,137,150,204,14689,5272,47,73910,0.10,0.98,83580,3651,12749879,4517713,7668
1445,27,141,195,14695,5278,47,73963,0.09,0.98,83602,3659,12802447,4537193,7676
1446,14,35,189,14711,5278,47,73963,0.09,0.98,83602,3659,12861610,4541330,7676
1447,17,24,193,14729,5279,47,74001,0.09,0.98,83602,3661,12925061,4544198,7677
1448,23,35,182,14744,5280,47,74017,0.08,0.98,83602,3663,12987924,4547825,7678
1449,17,46,191,14761,5280,47,74017,0.07,0.98,83602,3663,13100493,4550611,7678
1450,36,65,207,14777,5280,48,74017,0.07,0.98,86207,3663,13157411,4554425,7678
1451,51,89,206,14777,5281,48,74042,0.07,0.98,86207,3665,13157411,4559666,7679
1452,18,65,203,14779,5281,48,74235,0.07,0.98,86207,3665,13163985,4567454,7679
1453,7,23,184,14785,5281,48,74235,0.08,0.98,86217,3663,13185841,4570914,7679
1454,4,16,192,14803,5281,48,74235,0.09,0.99,86217,3663,13291271,4571898,7679
1455,10,20,121,14818,5281,48,74235,0.09,0.99,86287,3653,13351764,4573990,7679
1456,23,33,118,14835,5281,48,74338,0.09,0.99,86334,3647,13443645,4575754,7679
1457,18,36,136,14853,5281,48,74359,0.09,0.99,86397,3639,13545458,4581020,7679
1458,21,34,117,14871,5281,48,74490,0.08,0.99,86411,3638,13629651,4586900,7679
1459,22,35,102,14889,5281,48,74490,0.07,0.99,86411,3638,13734399,4591097,7679
1460,27,38,108,14906,5281,48,74539,0.07,0.99,86411,3638,13774879,4596119,7679
1461,37,46,112,14924,5281,48,74555,0.07,0.99,86411,3638,13822908,4600746,7679
1462,33,54,116,14942,5281,48,74604,0.06,0.99,86411,3638,13918369,4606718,7679
1463,32,70,122,14960,5281,48,74620,0.06,0.99,86411,3638,14034895,4611331,7679
1464,66,93,135,14977,5281,48,74645,0.72,0.99,86411,3638,14116014,4615931,7688
1465,86,120,149,14995,5285,48,74661,0.72,0.99,86422,3644,14164680,4625130,7692
1466,68,116,180,15029,5287,48,74697,0.06,1.00,86422,3648,14308091,4638669,7695
1467,44,75,188,15047,5287,48,74710,0.08,1.00,86422,3648,14398240,4650992,7695
1468,24,55,202,15067,5287,48,74710,0.08,1.00,86422,3648,14454658,4656384,7695
1469,19,43,208,15083,5287,48,74761,0.07,1.00,86422,3648,14507655,4660483,7695
1470,12,35,208,15094,5287,48,74761,0.06,1.00,86422,3648,14533191,4663429,7695
1471,17,29,204,15108,5287,48,74791,0.05,1.00,86422,3648,14573904,4666272,7695
1472,26,41,187,15126,5287,48,74791,0.06,1.00,86422,3648,14626760,4669439,7695
1473,30,62,156,15144,5287,48,74791,0.06,1.00,86422,3648,14683501,4674369,7695
1474,59,89,174,15162,5287,48,74841,0.06,1.00,86422,3648,14766146,4680905,7695
1475,103,144,185,15180,5294,48,75158,0.06,1.00,86422,3669,14830327,4696788,7706
1476,153,170,204,15200,5295,48,75265,0.06,1.00,86444,3669,14866739,4728248,7708
1477,135,194,209,15208,5298,48,75785,0.06,1.00,86662,3645,14897660,4761033,7714
1478,113,195,204,15210,5305,48,75865,0.06,1.00,86706,3653,14900486,4789035,7724
1479,95,175,205,15219,5313,48,76007,0.06,1.00,86711,3672,14913647,4808028,7736
1480,141,196,209,15225,5315,48,76151,0.06,1.00,86727,3674,14928173,4827222,7740
1481,149,202,207,15232,5324,48,76501,0.06,1.00,86827,3683,14951624,4862116,7754
1482,134,166,176,15239,5362,48,77177,0.05,1.00,87096,3749,14975999,4923732,7813
1483,103,165,204,15277,5372,48,77220,0.05,1.00,87692,3700,15053566,4955277,7827
1484,137,184,209,15282,5372,48,77301,0.05,1.00,87800,3688,15065441,4968836,7827
1485,134,182,207,15287,5379,48,77472,0.05,1.00,87829,3707,15084100,4993094,7837
1486,13,167,205,15290,5384,48,77564,0.05,1.00,87829,3722,15106521,5007759,7845
1487,9,177,206,15297,5389,48,77564,0.05,1.00,87902,3727,15144789,5010611,7851
1488,29,191,209,15301,5390,48,77633,0.05,1.00,88049,3715,15155338,5012497,7852
1489,134,193,208,15304,5394,48,77658,0.05,1.00,88093,3722,15170465,5023361,7857
1490,137,179,194,15308,5412,48,77807,0.05,1.00,88108,3772,15177295,5043774,7887
1491,112,190,205,15327,5420,48,77807,0.05,1.00,88547,3760,15266258,5054718,7901
1492,132,185,204,15337,5431,48,77887,0.05,1.00,88946,3754,15300615,5067571,7919
1493,124,192,209,15347,5436,48,78032,0.05,1.00,89179,3738,15367570,5077911,7926
1494,124,189,206,15353,5445,48,78206,0.05,1.00,89355,3735,15387101,5090180,7940
1495,153,192,205,15363,5456,48,78479,0.05,1.00,89493,3729,15438307,5099973,7957
1496,147,198,210,15372,5460,48,78788,0.05,1.00,89617,3731,15457477,5107181,7964
1497,143,197,209,15373,5462,49,79240,0.05,1.00,89744,3725,15459030,5115646,7967
1498,145,198,210,15374,5462,49,79750,0.05,1.00,89823,3715,15460589,5123331,7967
1499,144,198,210,15376,5464,49,80364,0.05,1.00,89909,3716,15466376,5136531,7970
