t,visible,near600,alive,spawned,killed,level,hit_damage,memory,erasure_global,xp_gained,xp_orbs,spawned_hp,damage_dealt,essence_gained
1,0,0,0,0,0,1,0,0.99,0.00,0,0,0,0,0
2,0,0,0,0,0,1,0,0.98,0.00,0,0,0,0,0
3,0,0,0,0,0,1,0,0.98,0.00,0,0,0,0,0
4,0,0,0,0,0,1,0,0.98,0.00,0,0,0,0,8
5,0,0,0,0,0,1,0,0.98,0.00,0,0,0,0,8
6,0,0,0,0,0,1,0,0.98,0.00,0,0,0,0,8
7,0,0,0,0,0,1,0,0.97,0.00,0,0,0,0,8
8,0,0,0,0,0,1,0,0.96,0.00,0,0,0,0,8
9,3,4,5,5,0,1,0,0.95,0.00,0,0,191,0,8
10,3,5,6,6,0,1,17,0.94,0.00,0,0,301,10,8
11,5,5,6,6,0,1,17,0.93,0.00,0,0,301,19,8
12,4,6,7,7,0,1,17,0.92,0.01,0,0,520,38,8
13,2,6,7,7,0,1,17,0.92,0.01,0,0,520,48,8
14,2,4,7,7,0,1,17,0.91,0.01,0,0,520,48,8
15,1,3,10,10,0,1,17,0.91,0.01,0,0,686,48,8
16,5,5,12,13,0,1,17,0.91,0.01,0,0,805,48,8
17,4,5,12,13,0,1,39,0.91,0.01,0,0,805,67,8
18,4,6,12,13,0,1,39,0.90,0.01,0,0,805,77,8
19,5,7,13,14,0,1,39,0.90,0.01,0,0,852,96,8
20,6,7,13,15,1,1,39,0.90,0.01,0,2,907,115,9
21,5,6,13,15,1,1,39,0.90,0.01,16,0,907,125,9
22,4,6,14,17,1,1,39,0.90,0.01,16,0,974,134,9
23,6,7,10,18,1,1,39,0.91,0.01,16,0,1086,134,9
24,2,3,10,18,1,1,44,0.91,0.01,16,0,1086,154,9
25,6,7,15,23,1,1,44,0.90,0.01,16,0,1533,173,9
26,8,9,16,24,1,1,44,0.90,0.01,16,0,1589,182,9
27,8,12,16,24,1,1,44,0.90,0.01,16,0,1589,202,9
28,8,13,16,24,1,1,44,0.90,0.01,16,0,1589,221,9
29,9,13,17,25,1,1,60,0.90,0.01,16,0,1617,230,9
30,8,12,15,25,3,1,65,0.90,0.01,24,1,1617,250,11
31,12,14,15,25,3,1,65,0.90,0.01,33,0,1617,259,11
32,12,15,16,26,3,1,65,0.90,0.01,33,0,1646,278,11
33,13,15,16,26,3,1,72,0.90,0.01,33,0,1646,298,11
34,15,15,16,26,3,1,79,0.90,0.02,33,0,1646,307,11
35,14,15,16,27,4,2,92,0.90,0.02,43,0,1674,326,12
36,15,15,16,27,4,2,99,0.90,0.02,43,0,1674,377,12
37,14,14,15,27,5,2,133,0.90,0.02,54,0,1674,428,13
38,14,15,16,28,5,2,179,0.90,0.02,54,0,1708,488,13
39,13,13,14,28,7,2,221,0.89,0.02,75,1,1708,529,15
40,13,13,14,28,7,2,221,0.89,0.02,80,0,1708,555,15
41,5,10,15,29,7,2,221,0.90,0.02,80,0,1737,574,15
42,3,10,17,31,7,2,221,0.91,0.02,80,0,1924,574,15
43,4,8,21,35,7,2,221,0.91,0.02,80,0,2422,584,15
44,8,12,25,40,7,2,221,0.91,0.02,80,0,3016,603,15
45,8,12,27,42,7,2,242,0.91,0.02,80,0,3079,654,15
46,10,13,29,44,7,2,242,0.91,0.02,80,0,3148,673,15
47,11,13,24,45,7,2,242,0.91,0.02,80,0,3183,683,15
48,5,6,24,45,7,2,242,0.90,0.02,80,0,3183,692,15
49,10,13,28,53,7,2,242,0.90,0.02,80,0,3623,692,15
50,13,14,29,54,7,2,242,0.90,0.02,80,0,3681,711,15
51,13,16,29,54,7,2,242,0.90,0.02,80,0,3681,731,15
52,4,14,27,55,8,2,242,0.90,0.02,80,1,3797,740,16
53,3,7,26,56,8,2,242,0.89,0.02,80,1,3913,750,16
54,3,10,34,64,8,2,242,0.88,0.02,80,1,4594,750,16
55,8,14,39,69,8,2,242,0.89,0.02,80,1,4927,759,16
56,9,16,39,69,8,3,242,0.89,0.03,125,1,4927,820,16
57,15,17,40,70,8,3,270,0.89,0.03,125,1,5044,880,16
58,11,17,40,71,9,3,297,0.88,0.03,125,3,5161,930,17
59,5,12,33,71,9,3,297,0.88,0.03,131,2,5161,940,17
60,4,14,36,77,9,3,297,0.88,0.03,131,2,5559,940,17
61,6,12,39,82,9,3,297,0.88,0.03,131,2,5805,959,17
62,11,17,39,88,9,3,297,0.88,0.03,131,2,6308,986,17
63,14,21,38,88,9,3,297,0.88,0.03,131,2,6308,1005,25
64,14,22,39,89,9,3,297,0.88,0.03,131,2,6545,1014,25
65,15,22,36,89,9,3,320,0.88,0.03,131,2,6545,1075,25
66,8,16,36,89,9,3,320,0.88,0.03,131,2,6545,1094,25
67,6,15,42,96,9,3,320,0.88,0.03,131,2,7181,1094,25
68,6,14,41,101,9,3,320,0.89,0.03,131,2,8043,1103,25
69,8,19,48,111,10,3,325,0.88,0.03,131,3,8711,1139,26
70,15,18,49,113,10,3,325,0.88,0.03,131,3,8776,1149,26
71,12,19,49,116,10,3,325,0.88,0.03,131,3,9171,1168,26
72,3,19,47,118,10,3,325,0.88,0.03,131,3,9446,1168,26
73,4,18,45,123,10,3,350,0.88,0.03,131,3,9998,1204,26
74,4,20,38,124,10,3,350,0.88,0.03,131,3,10034,1214,26
75,7,24,39,125,10,3,362,0.88,0.03,131,3,10070,1250,26
76,10,25,37,125,12,3,398,0.88,0.03,148,3,10070,1300,28
77,12,27,38,126,12,3,447,0.87,0.03,148,3,10106,1351,28
78,12,26,37,126,13,3,520,0.87,0.04,157,3,10106,1411,29
79,14,28,37,127,14,3,567,0.87,0.04,165,3,10142,1471,30
80,21,25,33,127,16,3,598,0.88,0.04,165,5,10142,1522,32
81,20,30,48,144,18,3,609,0.88,0.04,191,4,10845,1623,34
82,39,43,48,144,18,3,687,0.88,0.04,191,4,10845,1674,34
83,40,41,48,145,19,3,805,0.88,0.04,200,4,10876,1734,35
84,39,40,47,145,20,3,849,0.88,0.04,208,4,10876,1794,36
85,30,41,47,146,20,3,933,0.88,0.04,217,3,10912,1845,36
86,27,37,47,146,20,3,1105,0.88,0.04,217,3,10912,1905,36
87,23,28,47,147,21,3,1341,0.88,0.04,217,4,10949,1955,37
88,24,28,48,148,21,3,1565,0.88,0.04,226,3,11194,2016,37
89,23,25,47,148,22,3,1849,0.88,0.04,247,3,11194,2066,38
90,23,26,49,150,22,3,2045,0.88,0.04,247,3,11354,2126,38
91,23,29,49,150,22,3,2316,0.88,0.04,247,3,11354,2187,38
92,25,31,50,151,22,3,2559,0.88,0.04,247,3,11391,2237,38
93,26,30,49,151,23,4,2910,0.88,0.04,256,3,11391,2307,39
94,26,31,50,152,23,4,3247,0.88,0.04,256,3,11514,2358,39
95,26,31,50,152,23,4,3582,0.88,0.04,256,3,11514,2427,39
96,25,31,50,153,24,4,4024,0.88,0.04,278,3,11545,2497,60
97,26,31,50,153,24,4,4376,0.88,0.04,278,3,11545,2548,60
98,27,32,51,154,24,4,4829,0.88,0.04,278,3,11583,2608,60
99,26,32,51,155,25,4,5187,0.88,0.04,278,6,11620,2700,61
100,27,32,51,155,25,4,5572,0.88,0.05,299,3,11620,2760,61
101,25,31,50,156,27,4,5900,0.87,0.05,308,6,11657,2810,63
102,27,31,50,156,27,4,6263,0.87,0.05,346,3,11657,2880,63
103,28,31,50,157,28,4,6601,0.87,0.05,346,6,11695,2950,64
104,30,31,50,157,28,4,6970,0.87,0.05,368,3,11695,3000,64
105,29,31,50,158,29,4,7397,0.87,0.05,377,3,11733,3061,65
106,30,31,50,158,29,4,7759,0.87,0.05,377,3,11733,3121,65
107,28,30,33,159,31,4,8111,0.87,0.05,420,3,11984,3200,67
108,24,30,33,160,32,4,8270,0.87,0.05,420,4,12022,3251,68
109,17,29,32,161,34,5,8289,0.87,0.05,446,3,12060,3311,70
110,23,30,33,163,35,5,8497,0.87,0.05,455,3,12351,3400,83
111,28,29,32,163,36,5,8497,0.88,0.05,463,5,12351,3479,84
112,28,29,33,164,36,5,8497,0.88,0.05,485,2,12389,3568,84
113,13,20,33,165,37,5,8497,0.88,0.05,485,3,12421,3588,85
114,7,14,41,174,37,5,8497,0.89,0.05,485,3,13056,3588,85
115,12,27,52,187,37,5,8508,0.89,0.05,485,3,14673,3588,85
116,16,25,54,190,38,5,8508,0.89,0.05,485,5,14788,3624,86
117,16,26,56,193,38,5,8508,0.88,0.05,485,5,14884,3652,86
118,15,22,46,196,38,5,8508,0.88,0.05,485,5,14993,3672,86
119,17,28,48,208,38,5,8514,0.88,0.05,485,5,15723,3751,86
120,19,22,50,212,39,5,8526,0.88,0.05,485,6,16236,3811,87
121,16,26,59,223,41,5,8526,0.88,0.06,485,8,17250,3888,89
122,21,23,60,225,41,5,8526,0.88,0.06,485,8,17315,3946,89
123,21,29,57,231,41,5,8575,0.88,0.06,485,8,17798,4005,89
124,23,35,56,231,42,5,8647,0.88,0.06,485,9,17798,4122,90
125,29,37,56,232,43,5,8733,0.88,0.06,494,9,17927,4221,91
126,37,41,55,232,44,5,8774,0.88,0.06,503,9,17927,4272,92
127,41,45,56,233,44,5,8802,0.88,0.06,512,8,18056,4317,92
128,46,52,57,234,44,5,8809,0.88,0.06,538,5,18089,4368,92
129,35,40,57,234,44,5,8809,0.88,0.06,538,5,18089,4428,92
130,30,34,59,236,44,5,8809,0.88,0.06,538,5,18186,4454,92
131,23,24,58,236,45,5,8809,0.88,0.06,538,7,18186,4490,93
132,16,22,57,237,46,5,8809,0.88,0.06,538,9,18252,4510,94
133,13,21,63,244,46,5,8817,0.88,0.06,538,9,19134,4578,94
134,18,27,69,252,46,5,8817,0.88,0.06,538,9,19899,4618,94
135,15,24,57,257,46,5,8817,0.88,0.06,538,9,20594,4697,94
136,18,24,61,264,46,5,8817,0.88,0.06,538,9,21606,4707,94
137,21,28,70,274,46,5,8843,0.88,0.06,538,9,23468,4753,94
138,20,26,66,277,46,5,8843,0.87,0.06,538,9,23950,4781,94
139,25,32,74,285,46,5,8843,0.86,0.06,538,9,24352,4801,94
140,20,30,75,286,46,5,8843,0.86,0.06,538,9,24484,4839,94
141,14,23,79,299,46,5,8843,0.86,0.06,538,9,25475,4928,94
142,17,33,72,301,48,5,8843,0.86,0.06,538,11,25641,4978,96
143,30,43,73,302,48,5,8843,0.86,0.07,538,11,25680,4997,96
144,33,49,72,302,49,5,8843,0.86,0.07,538,12,25680,5076,107
145,45,54,71,303,51,5,8885,0.86,0.07,567,11,25720,5127,109
146,39,45,72,304,51,5,8941,0.87,0.07,567,11,25853,5196,109
147,40,54,71,304,51,5,9024,0.87,0.07,567,11,25853,5257,109
148,44,53,68,305,53,5,9084,0.87,0.07,567,14,25920,5355,111
149,44,53,67,305,54,5,9118,0.87,0.07,587,12,25920,5406,112
150,40,52,68,306,54,5,9118,0.87,0.07,587,12,25987,5435,112
151,39,52,68,306,54,5,9118,0.87,0.07,587,12,25987,5444,112
152,39,52,67,307,56,5,9144,0.87,0.07,587,14,26054,5524,114
153,37,52,66,307,57,5,9225,0.87,0.07,605,13,26054,5584,115
154,28,42,67,308,57,5,9225,0.87,0.07,614,12,26189,5603,115
155,27,41,67,309,58,5,9225,0.87,0.07,614,13,26256,5632,116
156,27,43,65,309,60,5,9289,0.87,0.07,632,13,26256,5711,126
157,25,45,63,310,63,5,9405,0.87,0.07,641,15,26324,5762,129
158,31,47,61,310,65,6,9446,0.87,0.07,667,14,26324,5851,131
159,40,49,61,311,66,6,9498,0.87,0.07,685,13,26392,5911,132
160,39,54,60,311,67,6,9509,0.87,0.07,693,13,26392,5985,133
161,19,42,61,312,67,6,9509,0.87,0.07,702,12,26664,6055,133
162,12,18,62,313,67,6,9576,0.87,0.07,702,12,26936,6135,133
163,12,24,70,322,67,6,9576,0.87,0.07,702,12,27482,6173,133
164,12,25,72,324,67,6,9576,0.87,0.08,702,12,27564,6231,133
165,14,24,70,325,70,6,9594,0.87,0.08,711,14,27605,6320,136
166,15,25,70,326,71,6,9613,0.87,0.08,738,12,27646,6356,137
167,11,20,70,329,74,6,9619,0.86,0.08,738,15,27770,6445,140
168,12,27,83,343,74,6,9619,0.86,0.08,747,14,28820,6454,140
169,12,24,91,353,74,6,9619,0.86,0.08,756,13,29268,6493,140
170,9,27,96,367,74,6,9630,0.86,0.08,756,13,30825,6572,140
171,12,30,89,372,76,6,9630,0.86,0.08,756,17,31266,6601,142
172,21,36,88,372,77,6,9664,0.86,0.08,764,18,31266,6639,143
173,24,45,88,373,78,6,9720,0.86,0.08,790,16,31543,6738,144
174,27,50,87,373,79,6,9816,0.86,0.08,816,14,31543,6788,145
175,39,47,87,374,80,6,9865,0.85,0.08,825,14,31821,6868,146
176,38,44,85,374,82,6,9865,0.84,0.08,825,17,31821,6928,148
177,37,37,87,376,82,6,9865,0.84,0.08,825,17,32141,6986,148
178,25,33,88,377,82,6,9865,0.85,0.08,825,17,32176,7005,148
179,14,21,89,381,82,6,9865,0.85,0.08,825,17,32336,7005,148
180,14,30,100,395,82,6,9865,0.84,0.08,825,17,34014,7014,148
181,17,28,104,404,82,6,9865,0.83,0.08,825,17,35136,7034,148
182,21,30,87,410,82,6,9927,0.83,0.08,825,17,35493,7151,148
183,26,33,80,419,82,6,9976,0.84,0.08,825,17,36052,7212,148
184,30,36,78,424,82,6,9976,0.84,0.09,825,17,36282,7221,148
185,17,30,67,426,82,6,10000,0.84,0.09,825,17,36399,7310,148
186,17,25,77,439,83,6,10000,0.85,0.09,825,19,37426,7409,149
187,16,29,82,449,83,6,10013,0.85,0.09,825,19,38720,7428,149
188,14,30,83,454,83,6,10044,0.85,0.09,825,19,39223,7513,149
189,13,27,89,464,83,6,10057,0.85,0.09,825,19,39872,7552,149
190,20,36,101,477,84,6,10057,0.85,0.09,825,21,40630,7581,150
191,24,31,97,480,85,6,10057,0.85,0.09,825,22,40789,7629,151
192,21,30,87,491,85,6,10069,0.84,0.09,825,22,41488,7684,151
193,20,37,90,502,86,6,10082,0.84,0.09,825,24,42212,7720,152
194,26,35,83,503,86,6,10111,0.84,0.09,842,22,42248,7818,152
195,28,38,84,508,86,6,10119,0.85,0.09,842,22,42788,7879,152
196,20,35,78,511,86,6,10119,0.85,0.09,842,22,43003,7907,152
197,17,35,77,516,86,6,10119,0.85,0.09,842,22,43325,7917,152
198,17,31,70,521,86,6,10119,0.85,0.09,842,22,43911,7927,152
199,25,37,65,522,87,6,10126,0.85,0.09,842,24,44054,7991,153
200,29,44,65,522,87,6,10138,0.85,0.09,853,22,44054,8001,153
201,28,35,66,523,87,6,10138,0.85,0.09,853,22,44199,8011,153
202,15,27,74,532,87,6,10146,0.84,0.09,853,22,45172,8056,153
203,22,33,85,549,87,6,10146,0.84,0.09,853,22,46762,8104,153
204,28,33,82,553,87,6,10146,0.83,0.09,853,22,47376,8154,153
205,18,37,83,557,88,6,10157,0.83,0.10,853,24,47688,8202,154
206,33,42,84,558,88,6,10157,0.83,0.10,853,24,47724,8211,162
207,33,44,83,558,89,6,10169,0.83,0.10,853,26,47724,8230,163
208,28,38,82,559,89,6,10169,0.82,0.10,871,24,47785,8300,163
209,20,36,82,565,89,6,10207,0.83,0.10,871,24,48115,8380,163
210,23,40,76,568,91,7,10207,0.83,0.10,904,28,48246,8399,165
211,37,42,76,568,91,7,10207,0.83,0.10,931,24,48246,8418,165
212,33,39,76,569,91,7,10207,0.83,0.10,931,24,48283,8529,165
213,21,31,69,578,93,7,10220,0.84,0.10,931,26,48960,8666,167
214,21,33,79,592,94,7,10232,0.84,0.10,931,28,50543,8755,168
215,23,39,88,606,96,7,10232,0.83,0.10,949,30,51806,8812,170
216,29,42,88,606,96,7,10232,0.83,0.10,984,26,51806,8822,170
217,29,45,86,607,99,7,10256,0.83,0.10,984,29,51954,8927,173
218,30,41,83,607,102,7,10282,0.84,0.10,1011,29,51954,9045,176
219,30,43,81,608,104,7,10327,0.84,0.10,1057,26,52102,9115,178
220,37,45,81,610,106,7,10390,0.84,0.10,1067,27,52287,9223,180
221,22,36,75,610,108,7,10390,0.84,0.10,1076,28,52287,9331,182
222,13,29,78,621,108,7,10403,0.84,0.10,1085,27,53772,9410,182
223,16,31,82,634,108,7,10403,0.84,0.10,1085,27,54473,9429,182
224,18,39,82,638,108,7,10403,0.84,0.10,1085,27,54920,9438,190
225,29,45,82,638,108,7,10403,0.84,0.11,1085,27,54920,9458,190
226,36,41,83,639,108,7,10449,0.84,0.11,1085,27,54957,9551,190
227,21,38,89,647,109,7,10449,0.84,0.11,1085,29,55363,9570,191
228,19,35,92,659,110,7,10449,0.84,0.11,1085,30,56087,9590,192
229,20,32,91,669,111,7,10456,0.84,0.11,1085,31,56515,9645,193
230,21,25,91,681,111,7,10456,0.83,0.11,1094,30,57303,9674,193
231,23,34,93,698,112,7,10456,0.83,0.11,1094,32,58572,9782,194
232,26,36,93,710,113,7,10467,0.83,0.11,1112,32,59121,9868,195
233,23,41,99,722,115,7,10487,0.83,0.11,1112,35,61150,9986,197
234,26,37,90,727,116,7,10487,0.83,0.11,1121,35,61369,10065,198
235,25,37,85,738,117,7,10500,0.83,0.11,1121,36,62065,10181,199
236,26,40,81,747,117,7,10537,0.82,0.11,1121,36,63201,10279,199
237,24,35,76,752,117,7,10537,0.83,0.11,1121,36,63429,10387,199
238,23,40,82,763,117,7,10537,0.83,0.11,1121,36,63978,10486,199
239,28,47,82,765,117,7,10537,0.83,0.11,1121,36,64169,10563,199
240,45,68,90,774,118,7,10537,0.83,0.11,1131,36,65566,10680,200
241,59,71,98,785,121,7,10563,0.83,0.11,1131,40,67315,10801,203
242,53,65,105,793,122,7,10585,0.83,0.11,1152,38,68277,10938,204
243,29,67,115,803,122,7,10600,0.83,0.11,1152,38,69321,11003,204
244,14,60,115,804,123,7,10600,0.83,0.12,1152,40,69387,11051,205
245,12,58,124,813,123,7,10600,0.83,0.12,1152,40,69831,11149,205
246,14,55,121,815,123,7,10600,0.83,0.12,1152,40,69951,11168,205
247,12,44,119,820,124,7,10635,0.83,0.12,1152,42,70435,11291,206
248,16,22,115,828,124,7,10635,0.83,0.12,1152,42,70814,11361,206
249,10,29,107,840,125,7,10642,0.83,0.12,1163,42,72401,11428,207
250,10,27,100,857,126,7,10642,0.83,0.12,1163,44,74000,11464,208
251,22,35,113,874,127,7,10642,0.82,0.12,1169,45,75598,11557,209
252,22,40,126,888,128,7,10642,0.82,0.12,1169,47,76521,11586,210
253,28,42,127,896,128,7,10657,0.82,0.12,1169,47,77318,11723,210
254,40,57,127,908,128,7,10657,0.82,0.12,1169,47,78427,11771,216
255,57,65,130,913,129,7,10687,0.82,0.12,1169,49,78604,11826,217
256,67,74,136,919,129,7,10822,0.82,0.12,1181,47,78787,11973,217
257,41,70,135,919,130,7,10822,0.82,0.13,1181,49,78787,12091,218
258,46,92,128,919,134,8,10880,0.82,0.13,1262,50,78787,12241,222
259,49,105,127,920,136,8,11040,0.82,0.13,1287,51,78842,12410,224
260,69,104,126,920,137,8,11245,0.81,0.13,1325,49,78842,12528,225
261,38,88,123,921,139,8,11245,0.81,0.13,1337,53,78898,12643,227
262,15,74,118,922,141,8,11245,0.80,0.13,1375,55,78953,12717,229
263,17,75,116,927,142,8,11245,0.80,0.13,1375,57,79220,12794,230
264,38,84,115,931,142,8,11245,0.80,0.13,1375,57,79561,12887,230
265,74,85,114,932,144,8,11327,0.80,0.13,1403,58,79629,12967,232
266,72,81,112,933,147,8,11460,0.79,0.13,1455,59,79660,13123,235
267,67,78,113,937,148,8,11460,0.79,0.13,1474,59,80003,13231,236
268,50,77,117,944,150,8,11475,0.80,0.13,1493,61,80580,13289,238
269,9,66,115,955,151,8,11475,0.81,0.13,1493,63,81633,13328,239
270,11,77,108,956,153,8,11475,0.81,0.14,1493,68,81664,13416,241
271,38,82,112,960,153,8,11475,0.81,0.14,1541,63,81840,13445,241
272,61,88,111,961,155,8,11483,0.81,0.14,1550,66,81896,13541,243
273,66,91,110,962,156,9,11753,0.81,0.14,1597,63,82007,13669,244
274,73,91,108,963,159,9,12157,0.81,0.14,1619,63,82117,13806,247
275,78,95,104,963,162,9,12704,0.81,0.14,1649,65,82117,13923,250
276,84,94,103,964,164,9,13234,0.81,0.14,1673,65,82227,14159,252
277,83,92,101,965,167,9,13862,0.81,0.14,1718,62,82338,14267,255
278,75,84,93,966,176,9,14566,0.81,0.14,1750,74,82448,14714,264
279,74,83,92,968,179,9,15109,0.81,0.14,1875,63,82512,14870,267
280,77,85,93,970,180,9,15728,0.81,0.14,1887,63,82575,14968,268
281,77,84,91,972,184,9,16355,0.81,0.14,1935,65,82639,15096,272
282,80,86,93,975,185,9,16886,0.81,0.14,1966,62,82807,15194,273
283,81,86,93,977,187,9,17485,0.81,0.15,1975,66,82871,15370,275
284,75,84,93,981,191,10,18082,0.81,0.15,2033,66,83238,15478,279
285,75,84,93,985,195,10,18703,0.81,0.15,2099,63,83366,15887,283
286,76,85,93,994,204,10,19214,0.81,0.15,2232,61,84246,16427,292
287,85,87,94,996,205,10,19804,0.81,0.15,2256,61,84470,16516,293
288,82,86,94,1000,209,10,20311,0.81,0.15,2271,63,84705,16729,297
289,79,85,94,1001,210,10,20829,0.81,0.15,2290,63,84962,16866,298
290,80,85,94,1004,213,10,21364,0.81,0.15,2330,64,85149,17061,301
291,77,85,93,1006,216,10,22018,0.81,0.15,2386,64,85278,17236,304
292,79,86,94,1010,219,10,22597,0.81,0.15,2440,62,85510,17345,307
293,85,85,93,1012,222,10,23170,0.81,0.15,2458,67,85681,17482,310
294,98,99,107,1032,228,11,23749,0.81,0.15,2585,63,86370,17820,316
295,77,81,89,1037,251,11,24255,0.81,0.15,2709,87,86714,19752,339
296,76,82,94,1046,255,11,24671,0.81,0.16,2938,67,88278,20561,343
297,43,51,60,1050,293,11,25203,0.80,0.16,2983,118,88825,23684,384
298,73,80,91,1081,293,11,25273,0.80,0.16,2989,117,91652,23830,384
299,82,88,101,1102,304,12,25313,0.77,0.16,3456,84,92774,24956,395
300,73,81,105,1107,305,12,25357,0.77,0.16,3471,83,93182,25496,396
301,55,68,115,1124,310,12,25371,0.77,0.16,3471,95,95122,25897,401
302,33,68,127,1141,311,12,25371,0.78,0.16,3532,89,97881,26168,402
303,25,40,129,1148,311,12,25371,0.78,0.16,3532,89,98684,26255,402
304,11,23,125,1154,313,12,25371,0.78,0.16,3532,95,99154,26383,404
305,11,22,110,1159,313,12,25371,0.78,0.16,3532,95,99450,26412,404
306,12,34,120,1176,313,12,25371,0.78,0.16,3532,95,100910,26460,404
307,24,47,130,1186,313,12,25415,0.78,0.16,3532,95,102031,26611,404
308,26,53,129,1187,315,12,25448,0.78,0.16,3532,100,102114,26755,406
309,36,67,129,1189,316,12,25462,0.78,0.17,3605,97,102643,26823,407
310,51,80,131,1193,318,12,25531,0.78,0.17,3660,96,103157,27091,409
311,77,87,126,1193,323,12,25602,0.78,0.17,3666,106,103157,27327,419
312,73,80,119,1198,335,13,25704,0.78,0.17,3864,101,103457,28081,443
313,63,71,110,1199,345,13,25915,0.78,0.17,4006,100,103542,29038,463
314,60,69,105,1199,350,13,26133,0.78,0.17,4069,101,103542,29542,473
315,64,74,106,1204,354,13,26138,0.78,0.17,4114,100,103715,29818,481
316,37,60,106,1204,354,13,26138,0.78,0.17,4114,100,103715,30068,481
317,17,47,105,1208,354,13,26138,0.78,0.17,4119,99,103866,30243,481
318,11,38,118,1224,355,13,26138,0.78,0.17,4119,100,104494,30301,483
319,5,35,126,1240,355,13,26138,0.78,0.17,4119,100,105399,30301,483
320,11,22,131,1245,355,13,26138,0.77,0.17,4119,100,106125,30301,483
321,11,20,129,1252,357,13,26145,0.77,0.17,4119,103,107323,30525,487
322,16,29,125,1269,358,13,26159,0.77,0.17,4128,103,108972,30591,489
323,24,39,119,1286,358,13,26159,0.77,0.17,4216,94,110312,30648,489
324,33,47,108,1302,358,13,26315,0.78,0.17,4216,94,111599,30872,489
325,35,57,99,1316,361,13,26322,0.78,0.17,4216,97,112310,31147,495
326,27,55,94,1323,364,13,26348,0.78,0.17,4255,96,113862,31634,501
327,23,42,88,1329,365,13,26348,0.78,0.17,4284,95,114734,32098,503
328,24,43,99,1346,367,13,26348,0.78,0.18,4309,96,116282,32201,507
329,26,46,102,1362,367,13,26348,0.78,0.18,4309,96,117333,32393,507
330,19,38,116,1378,369,13,26362,0.77,0.18,4309,99,118417,32582,511
331,29,41,126,1394,370,13,26362,0.78,0.18,4337,98,119286,32728,513
332,29,53,127,1411,371,13,26371,0.77,0.18,4337,100,120341,32897,515
333,30,56,125,1421,373,13,26384,0.78,0.18,4343,103,121014,33182,519
334,16,51,117,1428,374,13,26384,0.78,0.18,4380,100,121881,33247,521
335,11,46,125,1445,378,13,26412,0.78,0.18,4380,104,124134,33556,529
336,18,33,121,1460,379,13,26412,0.77,0.18,4380,105,125222,33697,531
337,23,39,130,1477,380,13,26421,0.78,0.18,4380,106,126784,33846,533
338,23,48,133,1491,382,13,26435,0.78,0.18,4390,109,127676,34287,537
339,20,43,128,1503,385,13,26435,0.78,0.18,4390,115,129846,34594,543
340,20,39,119,1519,389,13,26449,0.78,0.18,4390,121,130785,34875,549
341,21,35,122,1535,389,13,26470,0.78,0.18,4420,117,132406,35109,549
342,22,39,113,1552,394,13,26470,0.77,0.18,4440,122,133609,35309,554
343,25,45,128,1570,394,14,26497,0.75,0.18,4459,120,134925,35508,554
344,20,50,130,1585,397,14,26497,0.75,0.18,4464,125,136382,35810,559
345,20,52,128,1591,401,14,26509,0.77,0.18,4509,122,136837,36171,564
346,16,52,130,1596,404,14,26523,0.77,0.18,4519,126,137227,36420,567
347,22,56,130,1596,404,14,26523,0.77,0.19,4563,121,137227,36513,567
348,30,68,128,1597,406,14,26583,0.77,0.19,4563,125,137405,36772,569
349,20,53,119,1597,410,14,26583,0.75,0.19,4583,126,137405,37028,573
350,13,41,123,1617,410,14,26583,0.75,0.19,4593,125,139054,37065,573
351,24,42,127,1634,411,14,26613,0.76,0.19,4593,126,141807,37228,574
352,37,50,133,1643,412,14,26658,0.76,0.19,4611,126,142302,37475,575
353,40,53,134,1647,415,14,26821,0.75,0.19,4678,125,142643,38058,578
354,38,51,128,1651,425,14,27047,0.75,0.19,4767,130,142840,39089,588
355,35,55,127,1656,431,14,27304,0.75,0.19,4842,127,143247,39678,594
356,40,62,127,1657,432,14,27538,0.75,0.19,4872,125,143427,40058,595
357,39,66,121,1657,438,14,27866,0.75,0.19,4922,127,143427,40703,601
358,40,68,117,1658,443,14,28205,0.75,0.19,5026,127,143608,41314,606
359,29,63,113,1665,454,14,28490,0.75,0.19,5176,125,144105,42128,617
360,31,64,112,1671,461,14,28681,0.75,0.19,5236,127,144386,42921,624
361,44,65,111,1673,463,15,28866,0.75,0.19,5286,128,144930,43371,629
362,54,63,109,1675,467,15,29013,0.75,0.19,5340,130,145042,43941,643
363,51,60,106,1680,475,15,29086,0.75,0.19,5653,139,145338,44699,651
364,52,57,104,1684,481,15,29189,0.75,0.19,5814,127,145558,45212,657
365,57,63,104,1684,481,15,29366,0.76,0.19,5827,125,145558,45507,657
366,44,58,101,1685,485,15,29366,0.75,0.20,5834,132,145613,45913,661
367,26,55,111,1696,486,15,29366,0.75,0.20,5857,131,146744,45997,662
368,11,25,124,1710,487,15,29366,0.74,0.20,5862,132,147723,46084,663
369,15,36,131,1725,487,15,29366,0.74,0.20,5862,132,149215,46237,663
370,17,33,120,1733,490,15,29375,0.73,0.20,5862,138,149982,46612,666
371,19,32,118,1750,493,15,29375,0.75,0.20,5878,142,152223,46829,671
372,18,33,101,1767,500,15,29375,0.76,0.20,5935,150,153752,47708,678
373,21,41,84,1783,504,15,29375,0.75,0.20,6033,144,156184,48421,682
374,29,52,100,1800,505,15,29387,0.74,0.20,6096,139,159038,48819,683
375,34,62,104,1808,509,15,29431,0.74,0.20,6144,142,160169,49417,696
376,41,66,102,1809,512,16,29510,0.74,0.20,6233,141,160264,50447,700
377,31,52,107,1820,517,16,29510,0.74,0.20,6283,150,161462,51928,705
378,34,62,114,1835,518,16,29524,0.73,0.20,6408,140,163240,52342,707
379,41,63,112,1836,518,16,29524,0.73,0.20,6423,138,163336,52575,707
380,40,69,109,1836,520,16,29524,0.73,0.20,6423,143,163336,52633,711
381,44,71,108,1837,522,16,29537,0.73,0.20,6455,144,163407,52939,713
382,52,78,108,1838,523,16,29654,0.73,0.20,6509,138,163478,53101,714
383,60,88,103,1838,528,16,29744,0.73,0.20,6509,153,163478,54285,720
384,63,86,98,1839,534,16,29744,0.74,0.20,6636,152,163550,54756,727
385,57,68,99,1840,534,16,29744,0.74,0.21,6636,152,163747,54872,727
386,29,44,105,1848,536,16,29744,0.75,0.21,6650,154,165327,55073,730
387,21,40,116,1865,541,16,29744,0.75,0.21,6650,164,167461,55188,735
388,30,43,131,1881,541,16,29744,0.75,0.21,6650,164,168955,55359,735
389,27,38,129,1888,549,16,29744,0.75,0.21,6650,180,169844,56137,743
390,20,35,132,1905,551,16,29751,0.75,0.21,6730,171,171590,56472,745
391,28,41,118,1921,553,16,29751,0.75,0.21,6730,175,173158,56610,747
392,24,42,112,1938,553,16,29751,0.75,0.21,6735,174,175445,56917,747
393,28,45,109,1956,558,16,29751,0.74,0.21,6735,184,176997,57521,752
394,35,56,114,1972,561,16,29758,0.74,0.21,6767,185,178314,57835,755
395,45,59,115,1980,568,16,29802,0.74,0.21,6866,191,179141,58669,763
396,47,66,110,1980,573,16,29916,0.74,0.21,6982,181,179141,59012,770
397,36,51,109,1993,584,16,29940,0.73,0.21,7003,199,179946,60303,783
398,26,55,113,2010,586,16,29968,0.73,0.21,7013,201,181934,60712,785
399,25,49,111,2026,590,16,29994,0.73,0.21,7029,206,182944,61134,790
400,29,55,123,2043,591,16,29994,0.74,0.21,7086,202,184266,61341,791
401,41,54,133,2060,595,16,29994,0.74,0.21,7086,210,185597,61783,795
402,18,42,129,2076,598,17,29994,0.74,0.21,7167,206,187307,62069,798
403,21,44,137,2091,598,17,29994,0.75,0.21,7167,206,188424,62280,798
404,19,41,130,2103,599,17,29994,0.73,0.22,7167,208,189436,62572,799
405,16,43,136,2120,601,17,30008,0.73,0.22,7177,211,190890,62861,801
406,22,56,133,2123,605,17,30008,0.73,0.22,7193,217,191206,63259,805
407,32,71,132,2123,606,17,30048,0.73,0.22,7251,209,191206,63411,806
408,38,86,132,2124,607,17,30048,0.73,0.22,7269,208,191259,63622,807
409,54,82,124,2125,616,17,30103,0.73,0.22,7277,225,191312,64536,816
410,73,88,116,2125,624,17,30194,0.73,0.22,7387,222,191312,65421,827
411,71,79,105,2126,636,17,30340,0.73,0.22,7492,227,191366,66745,840
412,70,73,99,2126,642,17,30605,0.73,0.22,7655,210,191366,67535,846
413,58,66,92,2135,658,17,30636,0.73,0.22,7770,221,192099,69154,866
414,62,71,96,2141,660,17,30690,0.73,0.22,7892,210,192622,69400,868
415,58,67,90,2144,669,17,30760,0.73,0.22,7927,224,192785,70330,880
416,58,70,91,2147,671,17,30873,0.73,0.22,8087,208,193057,70653,882
417,59,73,93,2151,673,17,30898,0.73,0.22,8097,210,193327,70919,884
418,63,69,89,2151,677,17,31017,0.73,0.22,8150,211,193327,71802,888
419,58,72,90,2158,683,18,31132,0.73,0.22,8233,212,194232,72236,894
420,64,74,91,2159,683,18,31159,0.73,0.22,8272,206,194343,72502,894
421,67,73,89,2159,685,18,31572,0.73,0.22,8272,211,194343,72645,897
422,67,74,89,2162,688,18,31947,0.73,0.23,8329,210,194543,73047,901
423,55,71,90,2164,689,18,32064,0.73,0.23,8368,208,194822,73316,902
424,58,70,89,2166,691,18,32064,0.73,0.23,8368,212,195269,73460,904
425,66,74,89,2169,694,18,32156,0.73,0.23,8413,212,195628,73681,907
426,67,74,87,2171,698,18,32211,0.73,0.23,8468,213,195808,74359,912
427,62,73,87,2180,707,18,32312,0.73,0.23,8547,220,196871,75225,923
428,62,75,88,2187,713,18,32558,0.73,0.23,8674,216,197702,75970,929
429,56,70,84,2190,720,18,32741,0.73,0.23,8753,221,197899,76524,938
430,51,71,85,2205,734,18,32896,0.73,0.23,8872,236,199452,77194,956
431,54,73,87,2215,742,18,32986,0.73,0.23,9132,223,200502,77882,965
432,68,77,89,2219,744,18,33122,0.73,0.23,9297,206,200953,78233,967
433,50,80,90,2220,744,18,33150,0.74,0.23,9297,206,201049,78953,967
434,40,80,88,2220,746,18,33179,0.73,0.23,9307,209,201049,79324,969
435,20,40,86,2221,749,19,33179,0.73,0.23,9361,208,201146,79650,973
436,19,31,101,2239,752,19,33179,0.72,0.23,9396,210,202908,79948,977
437,29,36,116,2255,753,19,33179,0.71,0.23,9435,208,205466,80032,978
438,22,40,129,2272,754,19,33293,0.70,0.23,9445,208,208226,80847,980
439,27,37,120,2287,758,19,33306,0.71,0.23,9455,217,211291,81315,984
440,33,38,95,2303,763,19,33342,0.72,0.24,9543,212,212530,81763,989
441,28,48,98,2320,768,19,33357,0.72,0.24,9645,208,213702,82253,994
442,33,52,106,2336,770,19,33357,0.73,0.24,9701,202,214751,82612,997
443,38,51,107,2353,774,19,33365,0.73,0.24,9727,205,217027,83021,1002
444,35,53,113,2370,776,19,33380,0.73,0.24,9739,207,219970,83392,1005
445,41,59,119,2386,777,19,33380,0.73,0.24,9754,206,222090,83662,1006
446,40,58,122,2403,782,19,33418,0.73,0.24,9819,207,224750,84362,1012
447,28,69,125,2420,782,19,33428,0.72,0.24,9861,199,227575,85107,1012
448,29,69,130,2436,783,19,33428,0.72,0.24,9861,201,229958,85193,1013
449,54,79,135,2441,783,19,33428,0.72,0.24,9874,199,230767,85279,1013
450,61,88,135,2442,784,19,33441,0.72,0.24,9874,201,230869,85647,1015
451,68,89,156,2467,788,19,33467,0.72,0.24,9887,207,233927,86130,1019
452,64,96,141,2467,803,19,33532,0.72,0.24,9942,227,233927,87554,1035
453,79,107,136,2468,809,19,33613,0.72,0.24,10124,205,234030,88445,1043
454,88,106,130,2468,815,19,33679,0.72,0.24,10200,205,234030,89437,1050
455,93,105,128,2469,818,19,33757,0.72,0.24,10243,207,234092,90028,1058
456,91,101,122,2469,824,19,33825,0.72,0.24,10354,208,234092,91306,1065
457,80,83,105,2470,842,20,33890,0.72,0.24,10604,214,234341,93395,1086
458,74,79,100,2471,848,20,33995,0.72,0.24,10729,211,234404,94293,1092
459,73,79,99,2471,849,20,34100,0.72,0.25,10841,201,234404,94753,1094
460,72,80,96,2472,853,20,34283,0.72,0.25,10906,199,234530,95255,1099
461,75,79,97,2473,853,20,34479,0.72,0.25,10906,199,234636,95560,1099
462,64,76,98,2476,855,20,34597,0.72,0.25,10906,204,235292,95982,1101
463,66,71,100,2478,855,20,34819,0.72,0.25,10932,201,235461,96270,1101
464,66,78,106,2485,856,20,35068,0.72,0.25,10932,203,236253,96568,1102
465,66,78,105,2485,857,20,35290,0.72,0.25,10952,203,236253,96773,1103
466,66,78,105,2488,860,20,35565,0.72,0.25,10975,209,236746,97684,1107
467,67,82,106,2490,861,20,35840,0.72,0.25,11053,203,237262,97845,1108
468,68,81,106,2491,862,20,36049,0.72,0.25,11079,203,237370,98037,1109
469,68,81,107,2492,862,20,36337,0.72,0.25,11105,200,237479,98267,1109
470,69,82,106,2492,863,20,36612,0.72,0.25,11105,203,237479,98409,1110
471,69,82,106,2493,864,20,36913,0.72,0.25,11131,203,237587,98724,1111
472,69,83,107,2495,865,20,37240,0.71,0.25,11149,204,237762,98955,1112
473,69,81,105,2495,867,20,37489,0.71,0.25,11191,204,237762,99213,1114
474,70,83,107,2497,867,20,37751,0.71,0.25,11204,202,237894,99507,1114
475,72,83,108,2499,868,20,38013,0.71,0.25,11204,205,238040,99784,1115
476,72,83,107,2499,869,20,38274,0.71,0.25,11257,202,238040,100110,1116
477,72,83,95,2500,870,20,38588,0.71,0.26,11267,203,238173,100517,1117
478,71,82,95,2502,872,20,38902,0.71,0.26,11267,209,238387,100862,1119
479,68,82,94,2505,876,20,39125,0.71,0.26,11346,209,238871,101351,1123
480,69,83,95,2507,877,20,39387,0.71,0.26,11445,206,239589,101417,1124
481,73,83,97,2510,878,20,39574,0.72,0.26,11465,206,240377,101633,1125
482,69,81,93,2511,883,20,39588,0.71,0.26,11544,208,240476,102296,1131
483,68,81,95,2514,884,20,39588,0.71,0.26,11604,202,240803,102428,1132
484,61,66,101,2523,887,20,39588,0.71,0.26,11604,208,241850,102832,1135
485,36,51,112,2536,889,20,39588,0.71,0.26,11658,205,243338,103070,1137
486,23,42,127,2552,890,20,39588,0.71,0.26,11682,204,245455,103290,1139
487,25,43,141,2568,892,20,39588,0.71,0.26,11682,208,247251,103597,1141
488,18,34,140,2574,894,20,39604,0.70,0.26,11715,208,248137,104152,1143
489,14,30,115,2581,897,20,39619,0.69,0.26,11715,214,248881,104510,1146
490,14,30,101,2597,901,20,39635,0.70,0.26,11737,218,250733,104866,1151
491,19,33,97,2614,903,20,39635,0.69,0.26,11753,219,252582,105340,1153
492,17,41,94,2631,906,20,39711,0.69,0.26,11785,222,255006,106067,1156
493,28,52,103,2647,907,20,39711,0.69,0.26,11821,220,258176,106351,1157
494,43,60,110,2664,909,20,39711,0.69,0.26,11845,220,259963,106658,1159
495,51,76,122,2681,914,20,39727,0.69,0.27,11867,226,263038,107397,1165
496,65,85,120,2683,918,21,39833,0.69,0.27,11932,222,263251,107753,1171
497,66,78,121,2684,918,21,39890,0.69,0.27,11953,218,263322,108122,1171
498,48,65,120,2699,921,21,39920,0.69,0.27,11953,225,265010,108700,1174
499,50,77,129,2712,922,21,39920,0.69,0.27,11953,228,266707,109077,1175
500,63,84,126,2713,926,21,39933,0.69,0.27,11973,233,266779,109700,1181
501,70,81,118,2714,935,21,40052,0.69,0.27,12060,235,267068,110935,1191
502,76,90,115,2714,938,21,40182,0.69,0.27,12113,231,267068,111430,1194
503,75,90,108,2715,945,21,40305,0.69,0.27,12205,228,267358,112394,1202
504,81,90,107,2716,947,21,40372,0.69,0.27,12278,223,267650,112784,1204
505,81,89,104,2716,950,21,40615,0.69,0.27,12278,229,267650,113604,1207
506,84,89,103,2717,952,21,40940,0.69,0.27,12321,226,267738,114385,1209
507,86,92,100,2718,956,21,41203,0.68,0.27,12415,225,267827,115391,1213
508,75,92,97,2718,959,21,41335,0.68,0.27,12455,229,267827,116844,1217
509,29,79,98,2719,959,21,41365,0.67,0.27,12466,227,268123,117218,1217
510,11,61,110,2731,959,21,41395,0.67,0.27,12466,227,270343,117519,1217
511,16,40,125,2746,959,21,41426,0.67,0.27,12466,227,272667,117821,1217
512,19,40,136,2763,965,21,41482,0.67,0.28,12466,239,275526,119024,1224
513,27,45,143,2774,968,21,41507,0.67,0.28,12477,243,276478,119451,1227
514,26,35,139,2780,977,21,41515,0.67,0.28,12515,255,277036,120482,1237
515,20,38,140,2797,981,21,41523,0.67,0.28,12548,257,278559,121202,1241
516,22,41,136,2814,983,21,41523,0.67,0.28,12581,256,281093,121506,1243
517,31,44,104,2830,984,21,41562,0.67,0.28,12581,258,282880,121810,1244
518,29,52,106,2847,986,21,41575,0.67,0.28,12581,263,284744,122147,1246
519,38,68,112,2864,987,21,41575,0.67,0.28,12612,260,288197,122431,1248
520,56,84,122,2878,990,21,41575,0.67,0.28,12628,264,291805,123436,1252
521,77,87,121,2880,993,21,41589,0.67,0.28,12669,264,292227,123945,1255
522,61,72,125,2889,998,21,41617,0.69,0.28,12707,269,293167,124733,1261
523,50,71,136,2903,999,21,41722,0.69,0.28,12712,271,295457,125168,1262
524,35,53,138,2920,1003,21,41735,0.68,0.28,12733,276,297504,125783,1266
525,27,40,141,2928,1007,21,41735,0.67,0.28,12765,281,299807,126196,1271
526,29,40,144,2937,1008,21,41766,0.66,0.28,12782,281,303285,126669,1272
527,24,43,140,2951,1009,21,41836,0.69,0.28,12782,284,307590,127569,1273
528,30,51,139,2968,1009,21,41888,0.69,0.28,12782,284,309874,128325,1273
529,30,48,125,2984,1009,21,41888,0.68,0.28,12782,284,312848,128581,1273
530,30,50,122,3001,1012,21,41888,0.68,0.29,12782,290,315339,129378,1278
531,40,67,129,3018,1014,21,41902,0.72,0.29,12835,288,319372,129508,1281
532,64,81,130,3021,1015,21,41944,0.72,0.29,12857,287,320331,129736,1282
533,66,72,125,3022,1021,21,42003,0.72,0.29,12873,298,320492,130465,1289
534,68,80,140,3040,1022,21,42003,0.72,0.29,12947,288,323096,130644,1290
535,67,80,144,3049,1023,21,42020,0.68,0.29,12960,289,324685,130989,1291
536,57,65,145,3056,1025,21,42020,0.68,0.29,12981,292,325253,131523,1293
537,37,52,144,3065,1027,21,42020,0.68,0.29,12994,294,326691,132402,1296
538,30,42,145,3075,1028,21,42042,0.68,0.29,13001,296,327704,132679,1297
539,16,37,142,3085,1030,21,42042,0.68,0.29,13022,297,329097,132917,1299
540,10,29,136,3097,1033,21,42042,0.67,0.29,13033,301,331251,133463,1303
541,18,34,138,3112,1033,21,42073,0.67,0.29,13033,301,333680,133730,1303
542,29,40,131,3128,1038,21,42110,0.68,0.29,13033,311,338682,134463,1308
543,26,44,127,3145,1039,21,42119,0.67,0.29,13087,303,343297,135270,1309
544,38,63,141,3161,1039,21,42195,0.67,0.29,13098,301,347210,136027,1309
545,45,78,142,3166,1043,21,42195,0.67,0.29,13098,311,348645,136740,1314
546,55,82,139,3170,1050,21,42195,0.66,0.29,13144,318,349516,137802,1321
547,61,87,136,3170,1053,21,42269,0.66,0.30,13261,303,349516,138415,1326
548,52,76,121,3175,1072,21,42401,0.67,0.30,13272,339,350022,140636,1349
549,51,80,117,3182,1082,22,42495,0.67,0.30,13557,322,350717,142158,1361
550,60,86,114,3190,1093,22,42528,0.67,0.30,13738,317,351481,143165,1373
551,54,88,115,3192,1094,22,42604,0.66,0.30,13836,301,351651,143753,1374
552,35,84,121,3200,1096,22,42623,0.66,0.30,13836,305,352935,144772,1376
553,24,87,133,3213,1097,22,42623,0.65,0.30,13836,307,356793,145127,1377
554,18,67,141,3228,1101,22,42648,0.65,0.30,13847,313,358933,145744,1382
555,36,65,138,3230,1104,22,42648,0.65,0.30,13892,314,359625,146177,1386
556,29,43,146,3239,1105,22,42648,0.66,0.30,13912,313,361247,146842,1387
557,30,40,144,3244,1105,22,42648,0.67,0.30,13933,310,362831,147073,1387
558,32,52,139,3252,1105,22,42648,0.67,0.30,13933,310,363843,147274,1387
559,44,62,145,3260,1107,22,42648,0.67,0.30,13933,314,366536,147441,1390
560,64,90,141,3262,1113,22,42788,0.67,0.30,13956,322,367939,148260,1396
561,101,120,138,3263,1117,22,42884,0.66,0.30,14028,317,368044,149604,1400
562,107,123,131,3263,1124,22,43197,0.65,0.30,14066,324,368044,151988,1408
563,90,102,118,3264,1138,22,43423,0.65,0.30,14080,361,368133,154560,1423
564,43,70,117,3267,1142,22,43532,0.66,0.30,14121,366,368525,155247,1428
565,14,59,132,3283,1143,22,43532,0.67,0.31,14170,363,371875,155685,1429
566,12,42,142,3299,1146,22,43573,0.67,0.31,14170,372,377188,156135,1432
567,19,30,147,3305,1146,22,43607,0.67,0.31,14233,363,378678,156413,1432
568,7,22,128,3310,1152,22,43607,0.67,0.31,14233,375,379796,157325,1438
569,13,35,122,3327,1152,22,43607,0.67,0.31,14277,367,382689,157411,1438
570,10,37,107,3344,1152,22,43607,0.67,0.31,14277,367,388975,157709,1438
571,15,51,112,3360,1154,22,43616,0.67,0.31,14284,371,391762,158091,1440
572,31,87,137,3386,1155,22,43661,0.72,0.31,14309,370,396195,158328,1442
573,58,108,142,3397,1160,22,43693,0.72,0.31,14337,377,398522,159206,1447
574,43,89,140,3405,1170,22,43815,0.72,0.31,14392,388,400295,160699,1460
575,25,63,140,3422,1176,22,43815,0.66,0.31,14437,399,402494,162034,1470
576,14,57,146,3439,1178,22,43815,0.65,0.31,14478,398,406979,162355,1472
577,13,37,146,3450,1181,22,43815,0.64,0.31,14478,407,409059,163083,1475
578,17,26,148,3459,1182,22,43815,0.63,0.31,14579,401,410590,163169,1476
579,15,26,147,3472,1184,22,43815,0.64,0.32,14579,407,413200,163779,1478
580,17,25,141,3485,1186,22,43822,0.64,0.32,14613,409,415874,164246,1480
581,21,35,146,3502,1189,22,43822,0.64,0.32,14711,412,419281,164811,1483
582,31,54,134,3520,1191,22,43822,0.64,0.32,14787,408,423545,165614,1486
583,52,74,145,3537,1194,22,43849,0.64,0.32,14816,412,429022,166552,1489
584,53,76,141,3544,1205,23,43978,0.64,0.32,14965,422,430219,168623,1501
585,37,66,142,3558,1212,23,43995,0.64,0.32,14993,438,434916,169856,1526
586,42,65,142,3577,1215,23,44031,0.64,0.32,15058,438,439276,170835,1530
587,48,64,139,3594,1218,23,44038,0.63,0.32,15095,440,443203,171248,1533
588,33,59,148,3608,1219,23,44038,0.63,0.32,15109,441,447976,172088,1534
589,22,46,149,3615,1221,23,44038,0.63,0.32,15152,444,448842,172921,1536
590,36,71,149,3624,1221,23,44046,0.72,0.33,15152,444,449987,173333,1536
591,55,85,147,3625,1224,23,44046,0.72,0.33,15204,447,450064,173886,1539
592,47,67,144,3632,1234,23,44060,0.72,0.33,15284,465,450980,175096,1551
593,39,52,148,3647,1238,23,44060,0.63,0.33,15423,456,454863,175599,1556
594,37,42,150,3657,1238,23,44060,0.63,0.33,15479,454,456332,176475,1556
595,28,35,146,3664,1242,23,44060,0.64,0.33,15479,463,457900,177558,1560
596,23,32,136,3676,1246,23,44060,0.64,0.33,15544,462,460563,177986,1565
597,7,34,130,3693,1247,23,44068,0.65,0.33,15558,463,465948,178382,1566
598,23,54,135,3710,1248,23,44076,0.65,0.33,15558,466,468673,178942,1567
599,48,72,145,3725,1253,23,44084,0.65,0.33,15643,476,473728,179909,1572
600,64,82,147,3730,1256,23,44084,0.65,0.33,15806,470,474320,180740,1576
601,86,102,144,3733,1262,23,44148,0.65,0.33,15870,478,475150,182062,1582
602,85,103,136,3749,1285,23,44270,0.65,0.34,16345,498,478199,185844,1607
603,92,110,141,3759,1290,24,44356,0.65,0.34,16663,469,480358,186435,1613
604,81,97,121,3770,1321,24,44667,0.65,0.34,16793,511,482411,191899,1648
605,89,109,131,3786,1326,24,44836,0.65,0.34,17118,472,486043,192557,1653
606,98,122,143,3803,1331,24,45173,0.65,0.34,17322,468,489485,193316,1658
607,106,126,144,3816,1341,24,45754,0.65,0.34,17444,471,490599,197096,1671
608,103,118,136,3823,1356,24,46319,0.65,0.34,17554,489,492300,200915,1686
609,99,120,135,3836,1368,24,47200,0.65,0.34,17835,491,494437,204411,1700
610,110,130,145,3850,1372,25,47677,0.65,0.34,18338,473,496760,205776,1704
611,104,118,133,3858,1392,25,48352,0.65,0.34,18649,498,497662,209662,1726
612,101,122,137,3875,1404,25,48853,0.65,0.34,19242,482,502029,213226,1740
613,87,117,136,3889,1419,25,49165,0.65,0.35,19530,496,504127,216842,1759
614,89,118,158,3929,1437,25,49257,0.64,0.35,19740,509,509496,222447,1780
615,33,89,161,3935,1439,25,49265,0.64,0.35,19778,510,509986,223240,1782
616,5,54,155,3935,1443,25,49265,0.64,0.35,19778,522,509986,223720,1786
617,0,29,149,3940,1445,25,49265,0.63,0.35,19778,528,511055,224066,1789
618,9,16,142,3947,1447,25,49265,0.62,0.35,19778,532,512495,224258,1791
619,17,19,124,3960,1452,25,49265,0.62,0.35,19854,536,515055,225339,1797
620,26,31,108,3977,1456,25,49265,0.62,0.35,19870,543,518223,226707,1801
621,37,47,101,3994,1457,25,49265,0.62,0.35,19870,546,522153,227394,1802
622,39,54,113,4011,1460,25,49265,0.61,0.35,19913,551,527284,228469,1805
623,50,71,127,4029,1463,25,49265,0.61,0.35,19989,553,532159,229153,1809
624,62,101,140,4046,1466,26,49325,0.61,0.36,20203,543,537367,230525,1814
625,72,104,149,4061,1472,26,49437,0.61,0.36,20304,548,541574,232548,1820
626,32,69,139,4066,1479,26,49537,0.60,0.36,20412,558,543204,233962,1827
627,18,30,147,4080,1485,26,49537,0.62,0.36,20644,554,547127,235308,1833
628,12,22,143,4085,1485,26,49537,0.62,0.36,20644,554,548226,236297,1833
629,21,46,153,4095,1485,26,49537,0.62,0.36,20644,554,551218,236882,1844
630,23,52,149,4095,1489,26,49537,0.61,0.36,20644,565,551218,237504,1850
631,30,91,151,4098,1490,26,49556,0.62,0.36,20889,557,552197,238223,1851
632,38,92,144,4101,1500,26,49556,0.62,0.36,21124,568,552676,239455,1863
633,44,97,146,4108,1505,26,49577,0.62,0.36,21308,562,555228,240287,1869
634,42,103,143,4115,1515,26,49593,0.62,0.36,21408,569,557565,242813,1881
635,69,105,152,4124,1515,26,49623,0.62,0.36,21459,562,558846,243363,1881
636,71,103,147,4125,1521,26,49681,0.62,0.37,21459,577,559068,244580,1888
637,70,98,143,4130,1530,26,49777,0.62,0.37,21660,582,559826,246864,1901
638,85,107,148,4144,1539,26,50018,0.62,0.37,21861,579,561312,250415,1911
639,80,88,143,4149,1549,26,50144,0.62,0.37,22027,585,563063,252881,1922
640,79,95,153,4159,1549,27,50186,0.59,0.37,22344,567,564774,253524,1922
641,39,84,153,4160,1549,27,50186,0.60,0.37,22344,567,564999,254185,1922
642,70,93,149,4161,1553,27,50186,0.60,0.37,22344,578,565724,255059,1937
643,78,98,147,4165,1559,27,50209,0.60,0.37,22446,580,567242,256442,1951
644,93,114,148,4173,1566,27,50209,0.59,0.37,22606,579,568628,257740,1965
645,102,124,153,4183,1571,27,50209,0.59,0.37,22683,579,569507,259239,1975
646,96,120,144,4183,1580,27,50396,0.72,0.37,22883,579,569507,261618,1993
647,92,111,135,4184,1590,27,50679,0.72,0.37,23019,592,569624,265279,2015
648,81,95,135,4187,1593,27,50679,0.72,0.38,23077,594,569977,266516,2023
649,72,93,152,4206,1594,27,50679,0.60,0.38,23077,595,575559,266823,2027
650,19,36,153,4209,1595,27,50679,0.60,0.38,23077,598,576380,266948,2031
651,18,23,152,4215,1596,27,50679,0.60,0.38,23077,600,577701,267607,2033
652,16,32,153,4229,1596,27,50695,0.61,0.38,23077,600,579981,267741,2033
653,17,36,151,4245,1599,27,50711,0.61,0.38,23077,608,583409,268672,2043
654,27,41,149,4262,1603,27,50730,0.61,0.38,23142,611,586392,269239,2051
655,29,47,126,4278,1612,27,50730,0.61,0.38,23186,632,590324,271631,2071
656,31,58,105,4295,1615,27,50759,0.60,0.38,23193,640,593995,272190,2077
657,34,62,98,4312,1618,27,50759,0.60,0.38,23230,643,596959,273300,2083
658,37,59,106,4329,1622,27,50865,0.59,0.38,23266,650,600566,274371,2091
659,36,77,113,4345,1626,27,50865,0.72,0.38,23310,652,604006,275841,2099
660,61,97,127,4362,1628,27,50894,0.72,0.38,23406,644,608247,276504,2105
661,83,97,130,4365,1628,27,50982,0.72,0.38,23438,640,608763,276850,2105
662,70,85,134,4379,1632,27,50982,0.72,0.38,23453,649,611162,278367,2119
663,58,74,144,4396,1635,27,50982,0.58,0.38,23467,655,614342,278945,2125
664,37,54,153,4407,1636,27,51037,0.59,0.38,23467,657,616367,279745,2127
665,26,40,150,4415,1645,27,51074,0.59,0.39,23560,677,618358,281929,2151
666,23,35,143,4427,1648,27,51090,0.59,0.39,23734,661,621615,282379,2157
667,20,33,142,4444,1650,27,51090,0.59,0.39,23740,665,624437,282814,2163
668,19,35,130,4461,1659,27,51090,0.60,0.39,23740,683,629850,284906,2181
669,23,41,112,4477,1663,27,51090,0.60,0.39,23822,679,633178,286284,2189
670,29,50,103,4494,1665,27,51090,0.60,0.39,23822,683,636197,287392,2193
671,29,58,114,4511,1666,27,51090,0.60,0.39,23822,685,640411,288707,2195
672,52,80,128,4528,1668,27,51090,0.60,0.39,23847,688,645037,289198,2204
673,69,90,136,4544,1676,27,51105,0.60,0.39,23901,698,648614,291001,2212
674,41,84,143,4561,1682,27,51144,0.60,0.39,23930,705,654537,292477,2218
675,35,83,139,4578,1688,28,51160,0.60,0.39,24021,703,661070,294457,2224
676,31,52,140,4594,1693,28,51188,0.60,0.39,24057,708,665863,295914,2230
677,27,42,152,4611,1694,28,51197,0.60,0.39,24092,704,669945,296690,2231
678,26,37,154,4622,1698,28,51212,0.60,0.39,24118,712,671981,297559,2235
679,21,39,147,4632,1700,28,51221,0.60,0.39,24170,710,674285,298634,2237
680,15,44,143,4647,1705,28,51292,0.60,0.39,24192,717,677363,300341,2244
681,27,42,117,4664,1710,28,51292,0.59,0.40,24239,720,680398,301010,2251
682,30,45,107,4681,1716,28,51308,0.59,0.40,24251,731,685775,302420,2257
683,34,49,97,4697,1720,28,51308,0.59,0.40,24343,726,689984,303623,2261
684,38,64,103,4714,1729,28,51308,0.59,0.40,24444,730,694028,305824,2272
685,49,84,118,4731,1730,28,51338,0.59,0.40,24521,720,700870,307060,2273
686,63,83,123,4748,1741,28,51429,0.59,0.40,24597,737,704639,310249,2285
687,81,100,133,4764,1747,28,51620,0.59,0.40,24775,726,709780,312297,2291
688,92,114,145,4780,1751,28,51846,0.59,0.40,24826,728,714650,313483,2295
689,103,115,144,4788,1759,28,52075,0.59,0.40,24914,738,716194,316243,2303
690,106,118,142,4797,1770,28,52363,0.59,0.40,24984,750,719178,319066,2315
691,107,120,142,4806,1779,28,52784,0.59,0.40,25121,746,720914,323809,2324
692,108,121,142,4816,1789,28,53167,0.59,0.40,25335,739,723418,327620,2336
693,106,117,135,4824,1804,28,53649,0.59,0.40,25484,755,725129,332397,2353
694,100,119,138,4840,1816,28,54212,0.59,0.40,25748,749,728234,336238,2366
695,99,112,137,4856,1833,29,54658,0.59,0.40,26019,753,734498,340725,2385
696,99,118,141,4867,1840,29,55054,0.59,0.40,26288,739,736988,342792,2393
697,100,118,139,4875,1850,29,55574,0.59,0.40,26466,741,741396,345921,2403
698,99,119,138,4884,1860,29,56023,0.59,0.41,26588,750,743487,348692,2414
699,106,125,141,4893,1865,29,56620,0.59,0.41,26735,742,744916,350664,2419
700,99,122,138,4897,1871,29,56965,0.58,0.41,26762,751,747462,353812,2429
701,63,116,140,4911,1881,29,57108,0.58,0.41,26822,768,751528,357128,2439
702,43,96,146,4919,1883,29,57179,0.57,0.41,26923,760,753683,358464,2441
703,26,108,156,4930,1884,29,57215,0.57,0.41,26978,756,756898,359352,2442
704,55,123,153,4931,1888,29,57215,0.57,0.41,27035,761,757181,360845,2447
705,70,124,152,4931,1889,29,57382,0.57,0.41,27118,754,757181,361337,2448
706,71,117,147,4932,1895,29,57399,0.57,0.41,27163,761,757466,363014,2454
707,61,105,152,4941,1897,29,57399,0.56,0.41,27163,766,761184,363405,2457
708,19,38,154,4952,1901,29,57399,0.56,0.41,27163,774,765056,365752,2461
709,10,26,151,4961,1908,29,57434,0.55,0.41,27193,788,766869,368157,2469
710,2,15,154,4968,1911,29,57434,0.57,0.41,27229,789,768669,368544,2472
711,14,39,157,4977,1911,29,57434,0.57,0.41,27282,782,771256,369096,2472
712,29,36,154,4977,1914,29,57434,0.57,0.41,27282,788,771256,369784,2475
713,28,40,156,4981,1916,29,57449,0.57,0.41,27327,786,771839,370444,2478
714,18,51,148,4986,1929,29,57449,0.57,0.42,27357,808,773743,373487,2494
715,20,84,157,4996,1930,29,57449,0.57,0.42,27526,784,776034,374010,2495
716,23,86,154,4999,1936,29,57479,0.57,0.42,27571,790,776711,375838,2502
717,29,90,158,5004,1937,29,57605,0.57,0.42,27643,782,777805,376176,2503
718,49,89,157,5004,1938,29,57728,0.57,0.42,27643,784,777805,377348,2504
719,65,77,154,5008,1945,29,57728,0.57,0.42,27658,799,780186,379633,2513
720,64,84,158,5015,1948,29,57728,0.57,0.42,27782,793,782724,381075,2516
721,77,86,156,5016,1951,29,57838,0.57,0.42,27851,792,782874,382008,2519
722,51,74,125,5022,1988,29,58258,0.55,0.42,27984,879,783997,390607,2564
723,37,94,128,5039,2002,30,58277,0.55,0.42,28456,860,790069,393413,2579
724,58,108,143,5055,2003,30,58277,0.55,0.42,28935,799,793195,393653,2580
725,63,110,146,5060,2005,30,58315,0.55,0.42,28998,796,794408,394762,2583
726,53,105,150,5073,2014,30,58375,0.55,0.42,29094,805,797677,397305,2594
727,50,99,154,5087,2024,30,58391,0.55,0.42,29467,789,803004,400081,2608
728,31,73,156,5094,2029,30,58391,0.56,0.42,29601,786,804455,400910,2613
729,32,78,159,5097,2029,30,58391,0.57,0.42,29637,782,805069,401874,2613
730,39,86,156,5097,2032,30,58413,0.57,0.43,29637,788,805069,403169,2617
731,51,102,156,5103,2038,30,58413,0.57,0.43,29700,792,806928,405402,2624
732,57,110,156,5108,2043,30,58507,0.57,0.43,29844,787,808483,406797,2629
733,66,116,156,5113,2048,30,58571,0.57,0.43,29963,782,811133,408714,2634
734,69,113,152,5116,2055,30,58771,0.57,0.43,30023,789,812384,411148,2641
735,80,118,158,5123,2056,30,58975,0.57,0.43,30130,778,814265,412488,2643
736,102,121,159,5126,2058,30,59236,0.57,0.43,30152,779,815210,414004,2645
737,117,119,155,5127,2063,30,59761,0.54,0.43,30178,789,815368,416952,2650
738,68,94,123,5133,2101,31,59957,0.55,0.43,30328,870,816783,429135,2693
739,21,127,135,5147,2103,31,59991,0.55,0.43,30452,859,820704,430522,2696
740,28,85,138,5155,2108,31,60030,0.56,0.43,30503,862,822534,432939,2703
741,44,76,147,5172,2116,31,60082,0.56,0.43,30751,849,828841,436218,2713
742,44,63,155,5187,2123,31,60224,0.56,0.43,30871,849,833272,440570,2721
743,42,56,156,5193,2128,31,60323,0.56,0.43,31052,838,836926,442426,2727
744,24,37,159,5204,2130,31,60340,0.57,0.43,31113,835,838801,443908,2730
745,15,30,144,5213,2135,31,60340,0.54,0.43,31158,842,843345,445186,2736
746,24,42,110,5230,2135,31,60340,0.53,0.43,31176,839,850340,446232,2736
747,34,45,110,5246,2136,31,60340,0.55,0.44,31176,842,854661,447734,2737
748,30,46,122,5263,2138,31,60389,0.54,0.44,31176,846,867684,449486,2739
749,22,56,119,5280,2145,31,60401,0.54,0.44,31191,858,873795,452333,2746
750,35,68,129,5297,2151,32,60401,0.54,0.44,32733,858,881216,454685,2752
751,44,86,140,5313,2156,32,60449,0.54,0.44,32831,855,887890,455696,2758
752,42,84,145,5330,2158,32,60464,0.53,0.44,32896,850,894629,457375,2761
753,40,66,147,5347,2161,32,60564,0.53,0.44,32896,857,901901,460224,2765
754,37,70,152,5364,2167,32,60564,0.53,0.44,32943,868,907082,462812,2771
755,42,88,157,5373,2171,32,60576,0.54,0.44,33087,858,910600,465234,2776
756,55,100,155,5377,2177,32,60576,0.54,0.44,33167,864,912527,466953,2782
757,62,102,159,5383,2179,32,60588,0.54,0.44,33267,857,914362,468241,2784
758,75,101,158,5387,2183,32,60588,0.54,0.44,33313,862,916395,469857,2788
759,84,104,159,5391,2185,32,60634,0.54,0.44,33328,865,918603,471239,2791
760,84,108,159,5397,2191,32,60650,0.54,0.44,33428,868,920650,472688,2798
761,90,113,154,5400,2199,32,60696,0.54,0.44,33479,882,922702,474949,2809
762,104,127,151,5408,2210,32,60733,0.54,0.44,33655,885,926443,477634,2822
763,85,126,152,5422,2223,32,60775,0.53,0.45,34115,865,934270,482622,2836
764,83,121,156,5431,2228,32,60804,0.53,0.45,34172,871,938242,489551,2842
765,87,112,161,5436,2228,32,60821,0.53,0.45,34258,859,940146,491285,2842
766,86,110,155,5441,2239,32,60837,0.53,0.45,34376,866,943489,495952,2853
767,86,121,152,5447,2248,32,60852,0.53,0.45,34429,879,945372,500087,2866
768,102,118,153,5451,2251,32,60852,0.53,0.45,34562,871,947644,502394,2870
769,66,100,158,5459,2254,32,60887,0.52,0.45,34582,878,951846,503810,2873
770,15,71,161,5462,2254,32,61000,0.52,0.45,34582,878,952456,505098,2873
771,3,18,159,5462,2256,32,61000,0.52,0.45,34582,884,952456,507410,2875
772,4,31,157,5464,2260,32,61000,0.52,0.45,34629,890,952811,508706,2880
773,3,57,158,5470,2265,32,61000,0.52,0.45,34676,898,956251,509487,2885
774,8,66,159,5474,2268,32,61000,0.52,0.45,34699,901,958296,510143,2889
775,24,98,170,5486,2269,32,61000,0.52,0.45,34699,904,969094,513337,2891
776,32,103,169,5486,2270,33,61060,0.52,0.45,36325,904,969094,515800,2897
777,28,56,167,5486,2272,33,61060,0.52,0.45,36903,901,969094,518591,2899
778,17,23,165,5486,2273,33,61060,0.51,0.46,36945,898,969094,520518,2900
779,6,13,162,5494,2273,33,61060,0.52,0.46,36945,898,971151,521283,2900
780,8,31,159,5505,2276,34,61060,0.52,0.46,38521,907,974613,522435,2903
781,21,46,159,5509,2279,34,61091,0.52,0.46,38521,916,975710,523199,2907
782,19,50,160,5512,2281,34,61107,0.51,0.46,38521,922,977910,524397,2909
783,5,30,160,5520,2287,34,61107,0.53,0.46,38521,939,982572,525868,2916
784,13,61,161,5522,2288,34,61107,0.53,0.46,38545,939,984048,526527,2918
785,17,75,156,5524,2294,34,61122,0.72,0.46,38591,948,984690,527239,2950
786,20,58,161,5530,2295,34,61122,0.72,0.46,38607,949,987178,527816,2951
787,17,34,161,5543,2295,34,61122,0.52,0.46,38630,946,993517,528843,2951
788,23,46,151,5557,2296,34,61122,0.52,0.46,38630,948,1000152,530566,2952
789,33,67,162,5574,2297,34,61122,0.52,0.46,38646,948,1006680,531982,2953
790,60,107,158,5576,2302,34,61122,0.52,0.46,38662,960,1007057,533829,2958
791,108,131,159,5578,2303,34,61199,0.51,0.46,38719,956,1007711,535983,2960
792,100,120,161,5583,2306,34,61474,0.51,0.46,38781,957,1009227,538942,2963
793,90,112,163,5588,2309,34,61492,0.52,0.46,38851,958,1011319,541634,2967
794,47,106,163,5588,2309,34,61509,0.52,0.47,38891,953,1011319,542514,2967
795,3,38,163,5588,2309,34,61509,0.52,0.47,38891,953,1011319,543796,2967
796,0,3,160,5591,2312,34,61509,0.52,0.47,38891,961,1011895,544137,2970
797,1,8,158,5601,2312,34,61509,0.53,0.47,38891,961,1015006,544137,2970
798,9,20,150,5614,2312,34,61509,0.53,0.47,38891,961,1020807,544784,2970
799,15,32,154,5631,2314,34,61522,0.53,0.47,38891,965,1027209,546319,2972
800,17,44,149,5648,2316,34,61522,0.53,0.47,38891,970,1034304,547715,2975
801,21,61,161,5664,2318,34,61537,0.72,0.47,38937,970,1039706,549071,2978
802,40,64,161,5668,2322,34,61569,0.72,0.47,39000,971,1040881,551225,2983
803,46,66,159,5679,2324,34,61569,0.72,0.47,39047,970,1043227,553055,2985
804,47,63,101,5693,2326,34,61586,0.51,0.47,39086,969,1047106,554125,2989
805,17,47,96,5710,2333,34,61602,0.51,0.47,39157,980,1052052,556385,2996
806,21,42,108,5726,2337,34,61602,0.51,0.47,39228,983,1057478,558233,3001
807,27,40,121,5743,2341,34,61602,0.51,0.47,39276,989,1066959,560050,3006
808,25,44,126,5760,2349,34,61602,0.52,0.47,39291,1007,1077698,562852,3015
809,31,44,130,5777,2352,34,61602,0.52,0.47,39291,1016,1091520,564495,3018
810,38,49,111,5793,2354,34,61602,0.52,0.48,39291,1020,1098158,566862,3021
811,44,57,111,5810,2354,34,61875,0.52,0.48,39291,1020,1106848,570870,3021
812,40,51,117,5828,2357,34,61875,0.52,0.48,39291,1027,1115610,573505,3025
813,39,60,127,5845,2357,34,61875,0.52,0.48,39315,1024,1125934,575905,3025
814,44,62,126,5861,2358,34,61875,0.50,0.48,39315,1026,1134092,577678,3026
815,36,66,127,5878,2369,34,61875,0.50,0.48,39331,1046,1143864,580429,3040
816,29,70,136,5895,2369,34,61875,0.50,0.48,39394,1038,1154137,581386,3040
817,33,67,141,5912,2373,34,61906,0.51,0.48,39394,1050,1161646,583399,3045
818,44,61,145,5929,2379,34,61906,0.51,0.48,39466,1056,1170119,585713,3052
819,38,53,143,5945,2382,34,61937,0.51,0.48,39466,1063,1176709,588297,3055
820,29,48,140,5962,2388,34,61937,0.51,0.48,39505,1074,1189048,591052,3061
821,43,81,156,5979,2389,34,61937,0.51,0.48,39600,1064,1196517,592816,3062
822,73,97,165,5990,2391,34,62017,0.51,0.48,39648,1065,1203632,594374,3064
823,98,113,157,5993,2402,34,62017,0.51,0.48,39728,1079,1205090,598807,3077
824,92,121,161,6005,2410,34,62181,0.51,0.48,39872,1082,1212985,602736,3086
825,81,114,165,6009,2410,35,62216,0.50,0.48,40015,1066,1215451,605563,3086
826,40,85,163,6009,2411,35,62292,0.51,0.49,40023,1068,1215451,607494,3088
827,39,87,160,6011,2416,35,62309,0.51,0.49,40023,1079,1216727,609309,3093
828,66,105,162,6016,2419,35,62309,0.51,0.49,40129,1072,1218647,611471,3103
829,74,106,163,6019,2421,35,62345,0.51,0.49,40166,1073,1220219,613995,3105
830,78,112,161,6021,2425,35,62345,0.51,0.49,40205,1079,1220648,617335,3111
831,82,107,160,6026,2431,35,62381,0.51,0.49,40310,1081,1224027,622215,3117
832,70,100,161,6033,2437,35,62381,0.51,0.49,40356,1090,1228067,624245,3123
833,77,101,160,6041,2443,35,62381,0.51,0.49,40414,1096,1232812,625845,3130
834,70,101,165,6049,2446,35,62381,0.51,0.49,40425,1102,1235338,627092,3133
835,78,115,166,6051,2446,35,62381,0.51,0.49,40425,1102,1236213,628492,3133
836,104,132,161,6051,2451,35,62444,0.51,0.49,40465,1107,1236213,631046,3139
837,93,126,145,6058,2474,35,62821,0.51,0.49,40753,1134,1239029,639848,3167
838,96,126,152,6070,2479,35,63006,0.49,0.49,41065,1112,1244564,643966,3173
839,98,111,166,6087,2482,35,63102,0.50,0.49,41255,1097,1251664,649601,3179
840,80,90,166,6088,2483,35,63217,0.50,0.49,41391,1085,1251991,653096,3181
841,28,41,165,6088,2484,35,63274,0.50,0.50,41399,1087,1251991,655658,3183
842,21,24,162,6093,2491,35,63274,0.50,0.50,41414,1101,1255378,657517,3193
843,11,29,166,6103,2491,35,63274,0.50,0.50,41472,1095,1261433,658726,3193
844,27,38,166,6128,2492,35,63274,0.51,0.50,41491,1095,1270138,659644,3194
845,27,39,151,6141,2498,35,63286,0.51,0.50,41501,1112,1275117,662042,3202
846,31,39,130,6158,2503,35,63317,0.50,0.50,41653,1111,1281572,664184,3207
847,40,48,112,6175,2504,35,63329,0.51,0.50,41717,1107,1301641,666525,3208
848,30,57,112,6193,2506,35,63329,0.51,0.50,41717,1112,1311602,667878,3210
849,30,72,117,6210,2507,35,63350,0.51,0.50,41757,1110,1316501,670064,3211
850,37,71,125,6227,2511,35,63370,0.52,0.50,41757,1119,1326153,674868,3215
851,47,68,119,6244,2516,35,63370,0.52,0.50,41820,1126,1338444,678295,3221
852,38,63,131,6262,2521,35,63627,0.52,0.51,41891,1130,1355512,681103,3226
853,34,55,139,6279,2527,35,63658,0.52,0.51,41964,1134,1367596,684673,3234
854,48,76,141,6296,2534,35,63658,0.72,0.51,42108,1137,1377080,687785,3242
855,63,88,151,6314,2542,35,63658,0.72,0.51,42304,1139,1384574,691259,3250
856,69,94,158,6331,2552,35,63852,0.72,0.51,42551,1144,1398367,696300,3262
857,70,85,165,6346,2555,36,63852,0.52,0.51,42631,1143,1407138,697443,3266
858,52,68,167,6356,2555,36,63852,0.51,0.51,42689,1136,1409644,698714,3266
859,44,53,156,6365,2555,36,63852,0.51,0.51,42689,1136,1417004,701393,3266
860,28,48,151,6382,2563,36,63852,0.50,0.51,42689,1154,1425146,704201,3277
861,30,52,151,6400,2565,36,63976,0.49,0.51,42767,1150,1436487,706404,3279
862,34,49,149,6417,2569,36,63988,0.48,0.51,42767,1159,1447510,708756,3285
863,36,55,147,6434,2573,36,64052,0.47,0.52,42783,1168,1457469,711690,3289
864,40,72,156,6453,2573,36,64052,0.47,0.52,42865,1162,1470812,714345,3289
865,56,92,160,6468,2581,36,64095,0.72,0.52,42911,1182,1475026,717516,3300
866,71,98,161,6476,2588,36,64358,0.72,0.52,43237,1166,1480318,720322,3308
867,81,96,163,6489,2592,36,64450,0.72,0.52,43237,1176,1486952,724215,3314
868,67,86,161,6503,2598,36,64459,0.46,0.52,43303,1184,1496835,727498,3322
869,53,81,161,6516,2605,36,64500,0.46,0.52,43303,1199,1500774,730210,3332
870,76,104,163,6527,2613,36,64558,0.46,0.52,43482,1193,1504348,732114,3353
871,91,119,158,6532,2623,36,64567,0.46,0.52,43557,1208,1505315,736002,3368
872,97,105,161,6545,2631,36,64620,0.48,0.52,43741,1207,1509242,738326,3380
873,71,84,163,6554,2637,36,64696,0.48,0.53,43885,1206,1518452,742120,3386
874,53,62,165,6561,2641,36,64696,0.48,0.53,43909,1215,1520508,743582,3390
875,39,49,166,6568,2641,36,64696,0.48,0.53,43998,1207,1524492,744632,3390
876,27,43,145,6574,2641,36,64696,0.48,0.53,43998,1207,1529812,746004,3390
877,24,38,150,6592,2645,36,64696,0.48,0.53,43998,1217,1540108,747432,3395
878,23,38,139,6609,2647,36,64696,0.48,0.53,43998,1223,1562513,748920,3398
879,22,52,136,6626,2648,36,64696,0.48,0.53,44036,1222,1568580,750582,3399
880,35,72,150,6644,2652,36,64721,0.47,0.53,44079,1232,1577761,752395,3403
881,29,58,152,6661,2658,36,64762,0.47,0.53,44166,1239,1587412,754801,3412
882,62,87,166,6678,2659,36,64762,0.47,0.53,44297,1228,1597117,756660,3414
883,88,112,169,6685,2663,36,64808,0.47,0.54,44428,1228,1601040,758503,3421
884,98,116,163,6685,2669,36,64835,0.47,0.54,44461,1237,1601040,762881,3430
885,108,129,163,6691,2675,36,64959,0.47,0.54,44797,1230,1603670,765242,3437
886,111,132,160,6699,2685,36,65178,0.47,0.54,44988,1237,1611710,768972,3452
887,111,133,161,6711,2696,36,65369,0.47,0.54,45241,1238,1617205,773105,3467
888,101,128,154,6723,2715,37,65620,0.47,0.54,45515,1249,1622330,779277,3494
889,105,132,156,6741,2731,37,65903,0.47,0.54,46002,1249,1631523,786570,3522
890,100,130,155,6756,2746,37,66179,0.47,0.54,46394,1256,1641421,792276,3543
891,100,133,157,6770,2758,37,66511,0.47,0.54,46770,1236,1653219,798913,3558
892,104,140,163,6784,2765,37,66703,0.47,0.54,46878,1243,1659676,802408,3566
893,104,153,175,6806,2775,37,66871,0.47,0.55,47200,1246,1667807,806992,3579
894,87,143,170,6808,2782,37,66979,0.46,0.55,47405,1233,1668207,810421,3587
895,49,112,166,6808,2786,37,67008,0.46,0.55,47446,1231,1668207,812199,3592
896,15,69,165,6815,2791,37,67008,0.44,0.55,47451,1237,1672832,813361,3600
897,10,77,169,6821,2793,37,67008,0.44,0.55,47451,1241,1674415,814528,3603
898,18,105,168,6822,2795,37,67033,0.44,0.55,47484,1241,1674944,815849,3605
899,23,108,166,6824,2799,37,67109,0.44,0.55,47501,1247,1675688,818142,3611
900,27,121,166,6830,2803,37,67148,0.44,0.55,47576,1248,1677820,820255,3617
901,33,128,168,6836,2807,37,67289,0.44,0.55,47684,1243,1681395,822778,3621
902,62,129,167,6839,2811,37,67336,0.43,0.55,47795,1243,1685367,826210,3628
903,76,129,169,6846,2814,37,67336,0.45,0.56,47800,1251,1689982,828903,3631
904,82,103,165,6852,2821,37,67377,0.45,0.56,47898,1255,1691243,832515,3639
905,25,36,169,6858,2823,37,67377,0.45,0.56,47898,1260,1693367,833841,3641
906,17,31,170,6866,2823,37,67377,0.44,0.56,47898,1260,1698217,834723,3641
907,25,45,167,6870,2826,38,67377,0.44,0.56,49753,1266,1699417,835663,3646
908,39,68,166,6875,2831,38,67377,0.44,0.56,49769,1275,1700511,838960,3652
909,17,21,162,6880,2840,38,67377,0.44,0.56,49822,1287,1704246,841453,3666
910,12,30,154,6895,2844,38,67377,0.44,0.56,49902,1286,1715446,842994,3670
911,34,55,167,6912,2845,38,67410,0.44,0.56,49936,1285,1723232,844556,3672
912,52,62,169,6916,2847,38,67463,0.44,0.56,49947,1290,1725737,847179,3678
913,53,62,166,6918,2852,38,67530,0.44,0.57,50095,1298,1726738,849977,3683
914,54,69,167,6926,2859,38,67597,0.44,0.57,50422,1294,1730760,852863,3695
915,49,82,166,6934,2868,38,67667,0.44,0.57,50637,1290,1733040,856316,3715
916,74,87,168,6941,2873,38,67737,0.44,0.57,50850,1288,1735708,860125,3727
917,75,91,168,6946,2878,38,67850,0.44,0.57,51088,1291,1739779,862894,3739
918,75,91,167,6950,2883,38,67998,0.44,0.57,51231,1297,1742041,866229,3749
919,83,98,169,6955,2885,39,68319,0.44,0.57,51389,1286,1744698,868300,3753
920,91,101,170,6957,2886,39,68791,0.44,0.57,51415,1285,1745858,870706,3755
921,90,99,169,6958,2888,39,69243,0.44,0.57,51582,1288,1746284,873358,3761
922,86,101,167,6961,2893,39,69539,0.44,0.57,51648,1299,1748150,877837,3771
923,86,103,168,6968,2899,39,69879,0.44,0.57,51889,1302,1752243,881336,3787
924,87,101,166,6975,2908,39,70094,0.44,0.57,52449,1294,1755199,886023,3811
925,81,97,167,6985,2917,39,70321,0.44,0.57,52877,1291,1763091,893143,3835
926,84,100,171,6991,2919,39,70654,0.44,0.57,52944,1288,1768603,897449,3841
927,88,105,169,6992,2922,39,70956,0.44,0.57,53070,1287,1768959,902040,3851
928,88,101,164,6995,2930,39,71320,0.44,0.58,53160,1301,1769909,905602,3867
929,92,106,169,7004,2934,39,71647,0.44,0.58,53474,1295,1773052,908975,3877
930,94,106,169,7007,2937,39,72024,0.44,0.58,53590,1294,1774208,912834,3883
931,88,103,167,7010,2942,39,72307,0.44,0.58,53782,1297,1776128,918225,3895
932,90,108,170,7015,2944,39,72664,0.44,0.58,53876,1290,1777877,921393,3901
933,90,105,167,7017,2949,39,73007,0.44,0.58,53965,1300,1778602,925764,3911
934,88,104,166,7024,2957,39,73397,0.44,0.58,54327,1299,1781150,929463,3933
935,92,108,171,7033,2960,39,73857,0.44,0.58,54503,1289,1786447,932435,3945
936,93,106,169,7035,2964,40,74117,0.44,0.58,54536,1294,1787181,936334,3953
937,97,113,173,7039,2964,40,74314,0.44,0.58,54590,1286,1793067,940982,3953
938,90,106,166,7041,2973,40,74731,0.44,0.58,54677,1302,1793807,945833,3981
939,86,101,168,7052,2982,40,75014,0.43,0.58,55016,1300,1803317,950691,4007
940,98,128,182,7071,2987,40,75118,0.43,0.58,55203,1293,1808321,955998,4019
941,78,99,170,7078,3006,40,75118,0.43,0.58,55459,1294,1810539,965667,4077
942,74,109,173,7083,3008,40,75262,0.43,0.58,55878,1270,1814032,968858,4081
943,65,84,175,7093,3015,40,75492,0.43,0.59,56112,1265,1816052,975008,4101
944,75,87,181,7111,3022,40,75576,0.43,0.59,56679,1252,1819675,980683,4117
945,63,65,177,7113,3025,40,75617,0.42,0.59,56772,1244,1820087,983141,4121
946,37,45,169,7117,3025,40,75617,0.41,0.59,56895,1236,1821669,984940,4121
947,23,35,139,7126,3031,40,75617,0.41,0.59,56943,1240,1825410,986437,4128
948,11,25,133,7142,3036,40,75617,0.41,0.59,56982,1248,1839085,988759,4135
949,18,30,129,7159,3040,40,75634,0.40,0.59,57126,1240,1847381,990992,4140
950,24,39,120,7176,3044,40,75681,0.42,0.59,57182,1243,1857369,994337,4144
951,33,51,105,7193,3049,40,75681,0.42,0.59,57226,1248,1872785,997726,4152
952,38,59,99,7210,3055,40,75693,0.42,0.59,57331,1246,1885831,1001738,4161
953,56,71,106,7227,3057,40,75807,0.42,0.59,57405,1240,1896736,1006369,4163
954,54,71,112,7253,3064,40,75853,0.42,0.59,57466,1245,1925150,1010268,4173
955,51,69,120,7269,3065,40,76071,0.40,0.59,57555,1234,1938581,1016029,4174
956,54,86,131,7286,3071,40,76470,0.40,0.59,57575,1249,1956080,1021503,4183
957,76,109,145,7303,3074,40,77053,0.40,0.59,57738,1238,1968923,1027009,4187
958,94,134,153,7320,3083,41,77627,0.40,0.60,57937,1242,1996058,1031269,4198
959,117,150,168,7337,3085,41,78183,0.40,0.60,58137,1225,2007074,1035144,4201
960,119,148,167,7346,3095,41,78591,0.40,0.60,58193,1244,2016074,1041720,4222
961,125,149,165,7348,3099,41,78921,0.72,0.60,58851,1231,2016804,1046213,4240
962,131,144,163,7352,3105,41,79236,0.72,0.60,58948,1236,2018492,1053326,4247
963,132,140,161,7359,3114,41,79517,0.72,0.60,59095,1241,2022593,1062066,4257
964,135,147,163,7364,3117,41,79811,0.72,0.60,59314,1226,2026660,1068828,4287
965,138,146,162,7368,3122,41,80375,0.72,0.60,59389,1233,2030585,1075219,4293
966,106,141,160,7379,3135,41,80649,0.42,0.60,59530,1259,2037048,1086817,4306
967,83,143,175,7395,3136,41,80668,0.42,0.60,59892,1225,2054549,1091074,4307
968,52,106,172,7398,3142,41,80680,0.42,0.60,60105,1217,2055865,1093611,4314
969,13,43,173,7403,3146,41,80680,0.42,0.60,60156,1221,2058866,1095691,4320
970,13,29,175,7405,3146,41,80680,0.42,0.60,60267,1207,2059618,1097906,4320
971,15,45,174,7411,3151,41,80680,0.42,0.60,60314,1210,2062090,1100083,4326
972,19,58,174,7412,3152,41,80699,0.42,0.60,60375,1203,2063467,1103376,4328
973,20,92,175,7415,3154,41,80699,0.42,0.61,60375,1207,2064804,1105852,4331
974,21,107,173,7417,3156,41,80699,0.72,0.61,60437,1207,2065635,1108245,4334
975,27,125,172,7421,3161,41,80699,0.72,0.61,60446,1217,2067304,1111729,4339
976,42,129,173,7425,3164,41,80771,0.72,0.61,60576,1206,2068769,1114889,4342
977,18,69,174,7429,3165,41,80771,0.72,0.61,60610,1204,2070379,1117412,4343
978,10,23,173,7439,3169,41,80771,0.41,0.61,60610,1213,2075344,1120217,4347
979,10,27,171,7452,3173,41,80771,0.40,0.61,60642,1217,2081761,1122048,4355
980,14,39,162,7468,3176,41,80816,0.40,0.61,60720,1213,2092372,1125184,4359
981,18,40,153,7485,3178,41,80816,0.39,0.61,60768,1213,2106047,1126962,4362
982,24,46,125,7501,3179,41,80816,0.38,0.61,60813,1210,2117552,1130476,4364
983,25,49,120,7518,3179,41,80816,0.41,0.61,60839,1207,2132792,1134407,4364
984,32,67,104,7535,3184,41,80833,0.41,0.61,60874,1218,2151399,1139026,4370
985,46,88,121,7552,3184,41,80851,0.41,0.61,61011,1202,2162737,1142427,4378
986,77,106,135,7570,3188,41,80937,0.41,0.61,61011,1214,2177411,1146536,4384
987,80,115,146,7587,3194,41,81063,0.41,0.62,61129,1217,2191312,1154970,4393
988,73,123,155,7604,3201,42,81120,0.41,0.62,61262,1216,2205406,1160938,4403
989,74,140,163,7620,3209,42,81139,0.72,0.62,61388,1221,2214634,1168429,4413
990,97,142,163,7625,3214,42,81306,0.72,0.62,61560,1212,2216702,1175783,4419
991,69,137,169,7638,3221,42,81363,0.72,0.62,61615,1219,2224602,1183372,4427
992,30,78,175,7646,3222,42,81378,0.40,0.62,61704,1211,2228230,1186426,4428
993,11,53,174,7649,3224,42,81412,0.40,0.62,61756,1210,2229657,1190474,4431
994,4,21,171,7655,3232,42,81412,0.40,0.62,61821,1224,2238401,1192802,4443
995,10,19,175,7666,3233,42,81412,0.40,0.62,61856,1223,2243235,1193830,4444
996,9,21,176,7675,3233,42,81412,0.40,0.62,61882,1220,2254477,1197593,4444
997,9,33,170,7683,3238,42,81412,0.72,0.62,62078,1213,2268129,1200104,4451
998,14,45,175,7695,3242,42,81412,0.72,0.62,62126,1214,2274557,1202426,4458
999,20,48,177,7698,3242,42,81412,0.72,0.62,62175,1207,2276213,1205647,4458
1000,11,37,139,7706,3244,42,81412,0.72,0.62,62175,1212,2280347,1208138,4460
1001,14,35,105,7723,3247,42,81428,0.39,0.62,62198,1216,2288939,1211160,4463
1002,22,43,104,7740,3250,42,81480,0.39,0.63,62212,1223,2300303,1216360,4468
1003,21,46,102,7757,3256,42,81497,0.39,0.63,62279,1233,2319434,1219601,4475
1004,23,54,108,7773,3257,42,81534,0.40,0.63,62357,1226,2339060,1223038,4476
1005,37,67,112,7790,3258,42,81534,0.40,0.63,62488,1214,2355826,1226244,4478
1006,42,91,129,7807,3258,42,81590,0.40,0.63,62523,1210,2368802,1229525,4492
1007,75,112,143,7824,3260,42,81647,0.40,0.63,62531,1213,2386277,1234412,4495
1008,64,109,144,7841,3270,42,81753,0.40,0.63,62566,1235,2398437,1244846,4507
1009,47,106,149,7858,3271,42,81829,0.39,0.63,62636,1230,2412323,1250969,4508
1010,47,107,148,7875,3289,42,81829,0.72,0.63,62762,1256,2428576,1258402,4536
1011,50,135,159,7892,3295,42,81904,0.72,0.63,63138,1226,2449425,1263520,4542
1012,67,131,171,7908,3297,42,81943,0.72,0.63,63228,1218,2467509,1267256,4544
1013,63,110,176,7919,3299,42,82136,0.39,0.63,63272,1219,2481764,1273962,4546
1014,56,89,178,7921,3299,42,82192,0.39,0.63,63298,1216,2484268,1279527,4546
1015,40,79,178,7921,3299,42,82370,0.39,0.63,63324,1213,2484268,1285033,4546
1016,39,90,178,7921,3299,42,82370,0.39,0.63,63324,1213,2484268,1287588,4546
1017,46,97,176,7923,3303,42,82409,0.39,0.64,63324,1225,2485602,1291646,4559
1018,46,100,175,7927,3308,42,82464,0.39,0.64,63464,1225,2488276,1298776,4566
1019,25,84,173,7931,3314,42,82503,0.39,0.64,63491,1238,2492836,1302786,4574
1020,10,60,176,7937,3316,42,82503,0.38,0.64,63575,1234,2498622,1306967,4577
1021,7,28,175,7942,3320,42,82503,0.38,0.64,63699,1230,2502351,1309198,4581
1022,10,14,166,7945,3321,42,82521,0.38,0.64,63799,1221,2506195,1311035,4583
1023,5,18,177,7957,3322,42,82521,0.38,0.64,63860,1216,2517469,1312787,4585
1024,12,24,159,7974,3323,42,82533,0.38,0.64,63860,1218,2526143,1314819,4586
1025,19,40,140,7991,3324,42,82533,0.38,0.64,63888,1216,2536240,1316545,4587
1026,29,45,132,8008,3324,42,82533,0.38,0.64,63903,1214,2548046,1320570,4587
1027,27,56,107,8026,3330,42,82533,0.38,0.64,63903,1232,2560939,1323952,4595
1028,28,69,104,8043,3340,42,82551,0.38,0.64,64026,1241,2573099,1330021,4612
1029,61,93,113,8059,3346,42,82603,0.38,0.64,64224,1232,2585882,1333928,4621
1030,80,95,126,8076,3350,42,82750,0.38,0.64,64399,1223,2599904,1342753,4627
1031,77,95,126,8093,3367,42,82907,0.38,0.65,64475,1251,2614304,1353950,4651
1032,84,123,171,8144,3373,43,82907,0.38,0.65,64750,1233,2657213,1359286,4659
1033,92,141,169,8156,3387,43,82957,0.38,0.65,65033,1224,2664548,1369596,4676
1034,124,160,173,8167,3394,43,83199,0.38,0.65,65128,1229,2672186,1376563,4684
1035,127,158,175,8177,3402,43,83399,0.38,0.65,65311,1224,2677505,1390357,4695
1036,138,160,170,8183,3413,43,83711,0.38,0.65,65416,1238,2681564,1405261,4708
1037,142,154,167,8198,3431,43,83941,0.38,0.65,65846,1240,2698541,1417764,4735
1038,136,154,169,8214,3445,43,83969,0.38,0.65,66062,1250,2710747,1425905,4754
1039,95,139,171,8230,3459,43,84093,0.38,0.65,66172,1276,2721008,1434453,4770
1040,19,117,177,8241,3461,43,84133,0.38,0.65,66587,1234,2736619,1438879,4772
1041,20,138,177,8246,3463,43,84133,0.38,0.65,66710,1224,2739417,1441060,4775
1042,84,158,177,8252,3468,43,84153,0.38,0.65,66779,1226,2744051,1445197,4782
1043,108,153,171,8258,3480,43,84185,0.38,0.65,66850,1241,2747972,1454642,4801
1044,117,161,177,8275,3491,43,84366,0.38,0.65,67092,1233,2759924,1467059,4815
1045,122,162,173,8282,3501,43,84366,0.38,0.65,67210,1239,2764982,1472340,4828
1046,126,165,175,8292,3509,43,84439,0.38,0.66,67392,1238,2773136,1482317,4839
1047,141,165,174,8298,3516,43,85026,0.38,0.66,67515,1243,2776226,1489365,4850
1048,145,167,175,8305,3522,43,85684,0.38,0.66,67683,1241,2779328,1499040,4857
1049,152,167,175,8310,3527,43,86395,0.38,0.66,67812,1241,2782261,1510489,4863
1050,149,165,173,8316,3535,43,87160,0.38,0.66,67971,1244,2788025,1525900,4873
1051,131,151,159,8324,3557,43,88026,0.38,0.66,68208,1276,2793034,1541196,4903
1052,136,157,168,8341,3565,44,88932,0.38,0.66,68677,1247,2805308,1552841,4915
1053,138,159,169,8354,3577,44,89857,0.38,0.66,69001,1257,2824073,1566356,4933
1054,144,164,172,8365,3585,44,90729,0.38,0.66,69336,1245,2831546,1578239,4942
1055,142,160,170,8377,3598,44,91618,0.38,0.66,69567,1256,2839708,1586620,4960
1056,155,168,177,8389,3603,44,92578,0.38,0.66,69800,1243,2857275,1594999,4967
1057,148,164,174,8397,3614,44,93521,0.38,0.66,70008,1250,2865776,1605957,4982
1058,158,169,177,8409,3618,44,93913,0.37,0.66,70268,1234,2885037,1613480,4993
1059,154,164,173,8416,3629,44,94085,0.37,0.66,70387,1247,2889204,1623903,5009
1060,160,168,176,8427,3637,44,95161,0.37,0.67,70667,1234,2896087,1632325,5018
1061,161,170,173,8432,3645,44,96337,0.37,0.67,70829,1242,2899292,1640896,5027
1062,165,170,175,8440,3651,44,97601,0.37,0.67,70954,1244,2903656,1649040,5033
1063,162,167,174,8447,3659,44,98777,0.37,0.67,71103,1247,2911103,1655987,5043
1064,162,172,177,8457,3666,44,100061,0.37,0.67,71293,1245,2922594,1661924,5053
1065,164,174,179,8463,3670,44,101362,0.37,0.67,71470,1238,2926033,1666506,5059
1066,162,174,180,8467,3673,44,102682,0.37,0.67,71568,1237,2929798,1671622,5063
1067,167,173,177,8468,3677,44,103913,0.37,0.67,71648,1241,2930742,1678228,5068
1068,168,175,178,8474,3682,44,105198,0.37,0.67,71727,1245,2942114,1683928,5074
1069,168,178,179,8477,3684,44,106555,0.37,0.67,71843,1240,2953507,1690879,5076
1070,161,173,174,8480,3692,44,107769,0.37,0.67,71919,1255,2955891,1698231,5086
1071,153,172,174,8489,3701,45,108928,0.37,0.67,72035,1266,2963068,1705243,5097
1072,158,177,178,8499,3707,45,109751,0.37,0.67,72284,1259,2972642,1713145,5107
1073,160,173,178,8508,3716,45,109769,0.37,0.67,72495,1266,2978132,1725300,5119
1074,164,176,182,8515,3719,45,109987,0.37,0.68,72784,1247,2998422,1730419,5122
1075,169,173,178,8516,3724,45,111201,0.37,0.68,72951,1241,2999005,1741493,5128
1076,167,176,180,8524,3730,45,112417,0.37,0.68,73179,1239,3005428,1749865,5138
1077,167,177,181,8527,3732,45,112672,0.37,0.68,73313,1231,3009915,1753675,5140
1078,172,177,181,8528,3733,45,113089,0.37,0.68,73349,1230,3010501,1764104,5141
1079,160,173,175,8530,3741,45,113807,0.37,0.68,73420,1242,3011681,1775735,5151
1080,157,168,174,8537,3749,45,114573,0.37,0.68,73660,1244,3015723,1783242,5166
1081,166,173,177,8545,3754,45,115985,0.37,0.68,73972,1236,3021984,1790446,5173
1082,164,170,173,8552,3765,45,117255,0.37,0.68,74084,1257,3032569,1797878,5187
1083,166,175,177,8561,3770,45,118687,0.37,0.68,74201,1256,3043001,1802946,5194
1084,171,176,179,8568,3775,45,120048,0.37,0.68,74431,1246,3046508,1809294,5201
1085,172,178,179,8574,3781,45,120421,0.37,0.68,74692,1233,3053451,1815524,5209
1086,172,178,179,8581,3788,45,120782,0.37,0.68,74817,1238,3059381,1821238,5218
1087,173,178,180,8588,3794,45,121249,0.37,0.68,74939,1236,3066831,1827872,5226
1088,171,176,177,8593,3802,45,121560,0.37,0.69,74999,1242,3070910,1841253,5234
1089,166,172,177,8599,3808,45,122263,0.37,0.69,75100,1244,3081416,1849805,5240
1090,162,170,174,8606,3818,45,122263,0.37,0.69,75207,1252,3087836,1856737,5255
1091,163,176,178,8615,3823,45,122605,0.37,0.69,75344,1249,3104302,1862887,5262
1092,161,174,177,8621,3830,45,123147,0.37,0.69,75452,1254,3109381,1870403,5273
1093,159,174,176,8631,3841,45,123360,0.37,0.69,75654,1259,3119205,1878803,5287
1094,169,180,181,8639,3844,46,124544,0.37,0.69,75979,1238,3129059,1884277,5292
1095,162,169,171,8642,3857,46,125612,0.37,0.69,76144,1254,3134184,1891464,5310
1096,165,176,178,8655,3863,46,126654,0.37,0.69,76261,1255,3162004,1896249,5320
1097,167,177,178,8662,3870,46,127682,0.37,0.69,76512,1248,3166041,1901982,5329
1098,167,173,177,8670,3879,46,128234,0.37,0.69,76619,1257,3176786,1908628,5340
1099,176,184,188,8684,3882,46,128252,0.36,0.69,76718,1254,3188033,1916461,5343
1100,172,175,179,8688,3895,46,128652,0.36,0.69,76877,1256,3189875,1926675,5362
1101,166,169,170,8694,3910,46,129514,0.37,0.69,77118,1250,3193278,1937856,5381
1102,167,173,174,8713,3925,46,129727,0.36,0.70,77371,1254,3202114,1947613,5400
1103,116,124,125,8727,3988,46,129790,0.36,0.70,77939,1344,3215471,1992604,5492
1104,124,132,136,8745,3995,46,129843,0.35,0.70,79036,1233,3235846,2002265,5501
1105,80,87,141,8762,4007,46,129923,0.34,0.70,79109,1239,3261687,2012531,5516
1106,80,96,155,8779,4010,46,129968,0.34,0.70,79201,1232,3287211,2016997,5521
1107,44,61,170,8797,4013,46,130066,0.33,0.70,79280,1227,3302881,2021836,5525
1108,28,56,178,8814,4022,46,130091,0.33,0.70,79311,1240,3329952,2027851,5536
1109,22,43,177,8820,4029,46,130144,0.32,0.70,79429,1234,3333612,2033596,5544
1110,22,46,184,8834,4030,46,130144,0.32,0.70,79488,1229,3355438,2037287,5545
1111,18,41,152,8847,4036,46,130168,0.32,0.70,79576,1225,3374869,2040610,5553
1112,29,55,138,8864,4037,46,130168,0.31,0.70,79621,1221,3400778,2048618,5554
1113,32,58,122,8881,4041,46,130181,0.31,0.70,79631,1230,3418454,2056857,5558
1114,32,55,119,8899,4051,46,130205,0.31,0.70,79758,1230,3462410,2060344,5572
1115,47,74,129,8916,4055,47,130227,0.31,0.70,79833,1228,3494202,2066135,5578
1116,57,76,140,8933,4061,47,130227,0.33,0.70,79938,1230,3527917,2072239,5588
1117,56,82,154,8953,4062,47,130249,0.33,0.71,79995,1224,3553731,2079002,5589
1118,87,120,169,8980,4074,47,130418,0.33,0.71,80063,1236,3579723,2088382,5607
1119,95,119,173,8997,4086,47,130533,0.33,0.71,80184,1236,3610831,2096302,5623
1120,72,104,179,9014,4091,47,130582,0.32,0.71,80221,1237,3632715,2101775,5629
1121,30,58,177,9021,4099,47,130619,0.31,0.71,80318,1231,3636272,2109842,5639
1122,26,45,177,9036,4103,47,130619,0.30,0.71,80374,1232,3654894,2112860,5644
1123,31,53,179,9053,4104,47,130619,0.30,0.71,80438,1227,3680211,2115458,5645
1124,38,61,182,9063,4107,47,130644,0.30,0.71,80482,1224,3692274,2118188,5648
1125,59,78,180,9070,4112,47,130644,0.30,0.71,80508,1226,3700775,2123838,5653
1126,56,86,172,9076,4125,47,130707,0.30,0.71,80571,1234,3714987,2132461,5671
1127,76,100,176,9090,4134,47,130730,0.30,0.71,80702,1230,3733022,2138931,5682
1128,83,106,173,9099,4146,47,130900,0.30,0.71,80796,1235,3747062,2150398,5698
1129,88,106,174,9112,4157,47,130968,0.31,0.71,80932,1239,3762572,2164130,5713
1130,75,100,163,9127,4177,47,131076,0.32,0.71,81113,1245,3785043,2175049,5739
1131,74,105,164,9144,4183,47,131188,0.32,0.72,81258,1236,3809115,2180498,5746
1132,62,93,171,9162,4188,47,131217,0.32,0.72,81392,1226,3848284,2186740,5755
1133,29,77,182,9177,4192,47,131242,0.32,0.72,81410,1229,3868486,2192632,5760
1134,25,55,179,9185,4194,47,131242,0.32,0.72,81466,1225,3873956,2200382,5764
1135,22,55,169,9197,4200,47,131254,0.32,0.72,81499,1227,3895366,2204071,5773
1136,28,71,175,9214,4201,47,131254,0.32,0.72,81573,1220,3916205,2206906,5775
1137,38,75,173,9229,4215,47,131295,0.31,0.72,81600,1241,3927305,2217758,5791
1138,64,86,181,9243,4220,47,131355,0.31,0.72,81744,1231,3947202,2222985,5798
1139,60,87,171,9251,4238,47,131491,0.31,0.72,81842,1241,3957997,2232606,5821
1140,63,101,176,9262,4244,47,131602,0.31,0.72,82057,1229,3967752,2239300,5830
1141,61,110,177,9277,4258,47,131729,0.31,0.72,82179,1233,3986391,2247714,5848
1142,69,110,176,9288,4270,47,131830,0.31,0.72,82319,1232,4001549,2257383,5863
1143,70,126,183,9299,4274,47,131958,0.31,0.72,82443,1223,4012814,2267359,5867
1144,80,123,175,9302,4284,47,132098,0.31,0.73,82477,1229,4016380,2277534,5883
1145,92,135,184,9316,4289,47,132451,0.31,0.73,82535,1227,4025191,2286579,5889
1146,94,130,178,9322,4301,47,132857,0.31,0.73,82661,1228,4032656,2298901,5904
1147,100,139,183,9331,4304,47,133203,0.31,0.73,82763,1225,4053705,2305308,5908
1148,107,142,183,9335,4307,47,133524,0.31,0.73,82782,1228,4059927,2312946,5912
1149,108,136,183,9340,4312,47,133922,0.31,0.73,82859,1228,4067457,2321804,5917
1150,105,136,179,9344,4320,47,134413,0.31,0.73,82921,1234,4073054,2330649,5926
1151,102,140,185,9352,4322,47,134952,0.31,0.73,83013,1232,4095230,2336118,5928
1152,113,144,185,9356,4325,47,135621,0.31,0.73,83113,1232,4098609,2342890,5931
1153,123,145,185,9358,4327,47,136226,0.31,0.73,83157,1233,4100419,2353980,5934
1154,118,143,183,9360,4331,47,136883,0.31,0.73,83238,1235,4102914,2366282,5942
1155,127,150,191,9373,4336,47,137051,0.31,0.73,83419,1232,4115774,2374370,5949
1156,128,148,189,9387,4352,47,137102,0.31,0.73,83523,1240,4123305,2395858,5969
1157,128,143,187,9391,4358,47,137153,0.31,0.73,83603,1231,4125469,2409322,5978
1158,90,110,186,9393,4361,47,137153,0.31,0.74,83630,1230,4126517,2414485,5983
1159,37,73,183,9394,4365,47,137204,0.28,0.74,83660,1234,4128246,2417388,5988
1160,59,107,187,9399,4365,47,137204,0.72,0.74,83691,1232,4135245,2419374,5988
1161,99,121,185,9400,4368,47,137238,0.72,0.74,83822,1226,4136524,2423381,5992
1162,66,81,182,9407,4378,47,137283,0.72,0.74,83832,1244,4146146,2427477,6005
1163,17,28,183,9417,4384,47,137283,0.28,0.74,83842,1251,4159243,2433037,6011
1164,21,30,188,9431,4386,48,137283,0.28,0.74,83949,1240,4199445,2435836,6014
1165,16,27,186,9437,4388,48,137301,0.28,0.74,83997,1237,4211682,2438224,6016
1166,14,24,188,9451,4389,48,137301,0.29,0.74,84079,1228,4228339,2441434,6017
1167,17,35,175,9464,4394,48,137301,0.29,0.74,84097,1234,4242564,2446135,6023
1168,25,50,182,9481,4396,48,137347,0.29,0.74,84146,1231,4265448,2450200,6025
1169,45,60,187,9494,4397,48,137406,0.29,0.74,84161,1231,4282441,2453791,6026
1170,47,70,163,9508,4399,48,137406,0.29,0.74,84191,1230,4298123,2457998,6028
1171,46,82,177,9525,4402,48,137406,0.29,0.74,84210,1231,4317337,2465960,6034
1172,60,92,182,9537,4409,48,137406,0.29,0.75,84219,1238,4335762,2475041,6044
1173,59,90,178,9544,4420,48,137431,0.29,0.75,84323,1243,4342714,2484547,6061
1174,63,90,186,9558,4425,48,137514,0.29,0.75,84456,1235,4372188,2490887,6068
1175,68,93,177,9570,4431,48,137548,0.27,0.75,84519,1235,4387023,2502780,6077
1176,42,83,161,9587,4434,48,137625,0.27,0.75,84548,1234,4423036,2507454,6081
1177,40,95,165,9605,4435,48,137625,0.27,0.75,84605,1230,4457161,2512957,6082
1178,60,125,179,9622,4435,48,137625,0.27,0.75,84605,1230,4498326,2517418,6094
1179,77,137,186,9632,4438,48,137651,0.27,0.75,84628,1234,4520818,2523252,6099
1180,75,130,190,9647,4447,48,137725,0.28,0.75,84638,1250,4552606,2531266,6112
1181,45,82,189,9655,4447,48,137754,0.29,0.75,84789,1234,4566253,2538511,6112
1182,31,56,184,9664,4449,48,137806,0.29,0.75,84849,1231,4608323,2542679,6115
1183,31,63,184,9678,4454,48,137806,0.27,0.75,84881,1232,4651000,2548255,6122
1184,42,74,185,9683,4458,48,137806,0.72,0.75,84920,1234,4660837,2552645,6134
1185,58,87,186,9687,4461,48,137806,0.72,0.75,84971,1231,4667186,2558895,6137
1186,51,61,189,9691,4461,48,137806,0.72,0.76,84980,1230,4671224,2564574,6137
1187,32,44,180,9700,4461,48,137910,0.26,0.76,84999,1228,4683265,2568182,6137
1188,23,36,181,9717,4462,48,137910,0.26,0.76,84999,1229,4712889,2571267,6139
1189,14,26,157,9729,4471,48,138019,0.27,0.76,84999,1238,4730095,2578899,6153
1190,33,48,140,9759,4473,48,138019,0.27,0.76,85018,1238,4763585,2582732,6155
1191,43,63,138,9777,4475,48,138019,0.28,0.76,85094,1232,4786858,2586528,6157
1192,44,63,116,9794,4482,48,138047,0.28,0.76,85113,1241,4804637,2593042,6165
1193,55,72,109,9812,4486,48,138076,0.28,0.76,85225,1238,4828523,2597211,6170
1194,51,71,107,9829,4494,48,138134,0.28,0.76,85309,1248,4868192,2606664,6181
1195,57,72,121,9847,4497,48,138167,0.28,0.76,85375,1250,4908779,2611041,6185
1196,62,77,136,9865,4499,48,138254,0.27,0.77,85570,1236,4935475,2617160,6188
1197,69,78,138,9882,4502,48,138295,0.27,0.77,85677,1233,4950117,2625019,6191
1198,83,104,149,9903,4507,48,138389,0.27,0.77,85792,1236,4986698,2634359,6197
1199,98,128,163,9921,4511,48,138772,0.27,0.77,85928,1235,5024417,2647653,6201
1200,103,134,167,9938,4521,48,139249,0.28,0.77,86135,1242,5054173,2658966,6229
1201,88,112,162,9956,4535,48,139295,0.28,0.77,86326,1267,5088269,2676708,6247
1202,58,82,169,9974,4538,48,139295,0.29,0.77,86614,1250,5124286,2679410,6253
1203,59,81,183,9991,4540,48,139295,0.30,0.77,86826,1235,5144425,2683197,6256
1204,78,96,188,9998,4542,48,139310,0.30,0.77,86978,1230,5149105,2687676,6259
1205,85,102,183,10000,4549,48,139310,0.30,0.78,87035,1241,5154865,2696180,6269
1206,85,112,182,10007,4557,48,139448,0.30,0.78,87219,1240,5165601,2703976,6279
1207,98,117,180,10020,4572,48,139670,0.30,0.78,87522,1241,5178531,2715673,6299
1208,108,135,185,10031,4578,48,140010,0.30,0.78,87691,1236,5200342,2721972,6308
1209,109,140,187,10041,4586,49,140399,0.30,0.78,87956,1228,5216125,2735017,6321
1210,121,142,184,10046,4594,49,140824,0.30,0.78,88030,1233,5223236,2742789,6332
1211,122,149,188,10055,4599,49,141227,0.30,0.78,88186,1231,5235222,2752015,6340
1212,122,147,183,10059,4608,49,141735,0.30,0.78,88335,1241,5240635,2765585,6352
1213,131,152,189,10067,4610,49,142329,0.30,0.78,88664,1229,5250586,2774331,6355
1214,133,154,190,10069,4611,49,142997,0.30,0.78,88740,1226,5254217,2791220,6356
1215,135,156,192,10074,4614,49,143720,0.30,0.79,88779,1230,5258366,2806848,6361
1216,144,155,193,10080,4619,49,144346,0.30,0.79,88944,1237,5261863,2818609,6368
1217,131,154,195,10090,4627,49,144598,0.30,0.79,89083,1240,5267687,2835311,6380
1218,109,131,181,10090,4638,49,144686,0.30,0.79,89398,1235,5267687,2848890,6397
1219,101,137,183,10108,4644,49,144686,0.30,0.79,89580,1235,5294409,2863085,6407
1220,111,129,186,10120,4649,49,144686,0.31,0.79,89618,1247,5318357,2869724,6413
1221,65,105,185,10132,4659,49,144686,0.31,0.79,90100,1256,5338365,2875306,6427
1222,71,125,186,10143,4665,49,144780,0.31,0.79,90468,1239,5347684,2883735,6434
1223,85,132,187,10150,4671,49,144860,0.31,0.79,90591,1239,5363206,2894187,6442
1224,88,132,181,10156,4683,49,145187,0.31,0.80,90798,1250,5368215,2907393,6457
1225,95,141,184,10167,4691,49,145566,0.31,0.80,91109,1246,5382904,2915139,6470
1226,107,147,187,10175,4696,49,146086,0.30,0.80,91350,1236,5403454,2923832,6478
1227,114,153,191,10183,4700,49,146636,0.30,0.80,91508,1229,5414395,2934114,6484
1228,119,153,185,10186,4708,49,147469,0.30,0.80,91537,1245,5420424,2950006,6494
1229,122,156,185,10194,4716,50,148264,0.30,0.80,91920,1248,5438047,2969965,6506
1230,129,160,190,10202,4719,50,148757,0.30,0.80,92278,1235,5459902,2981574,6510
1231,136,159,188,10205,4724,50,149251,0.30,0.80,92403,1240,5461824,2994199,6519
1232,136,149,189,10209,4727,50,149583,0.30,0.80,92598,1238,5468252,3008457,6523
1233,136,149,193,10219,4733,50,149700,0.30,0.81,92854,1242,5476674,3016608,6530
1234,106,111,183,10230,4744,50,149928,0.29,0.81,93194,1251,5489581,3030863,6544
1235,69,82,183,10242,4749,50,149928,0.28,0.81,93568,1244,5509398,3038193,6551
1236,31,52,191,10253,4750,50,149987,0.27,0.81,93662,1237,5519944,3043483,6552
1237,26,37,192,10263,4751,50,149987,0.26,0.81,93705,1234,5532370,3050177,6553
1238,33,40,183,10273,4752,50,149987,0.26,0.81,93735,1233,5545098,3055668,6554
1239,42,52,160,10291,4754,50,150005,0.25,0.81,93986,1221,5582467,3063894,6557
1240,49,62,145,10309,4761,50,150047,0.24,0.81,94167,1222,5605506,3071107,6567
1241,67,75,128,10326,4762,50,150097,0.23,0.81,94366,1207,5627094,3077912,6569
1242,72,79,119,10344,4764,50,150235,0.22,0.82,94493,1201,5676081,3087260,6572
1243,69,81,110,10362,4777,50,150383,0.22,0.82,94545,1228,5722739,3101094,6594
1244,74,81,117,10379,4781,50,150383,0.22,0.82,94754,1221,5751974,3107693,6601
1245,77,85,131,10397,4783,50,150409,0.22,0.82,95004,1207,5774321,3115372,6603
1246,79,93,142,10415,4789,50,150441,0.21,0.82,95212,1213,5804687,3129584,6615
1247,87,90,153,10432,4794,50,150441,0.20,0.82,95332,1217,5820291,3140423,6624
1248,82,93,154,10450,4798,50,150519,0.21,0.82,95497,1218,5858598,3147789,6630
1249,77,97,166,10468,4801,50,150519,0.21,0.82,95717,1206,5895801,3155294,6635
1250,80,97,170,10486,4803,51,150542,0.20,0.83,95917,1195,5932509,3162973,6638
1251,77,86,174,10503,4809,51,150559,0.21,0.83,96265,1182,5971809,3168774,6649
1252,74,90,182,10521,4812,51,150559,0.21,0.83,96463,1184,6003967,3172443,6654
1253,55,76,187,10536,4812,51,150609,0.21,0.83,96793,1163,6017888,3178447,6654
1254,49,70,179,10548,4816,51,150779,0.21,0.83,96819,1171,6040571,3187394,6660
1255,46,73,185,10565,4820,51,150804,0.20,0.83,96960,1167,6064931,3195462,6664
1256,69,78,186,10579,4824,51,150804,0.21,0.83,97030,1171,6080526,3203616,6670
1257,55,79,182,10592,4832,51,150847,0.21,0.83,97129,1181,6117390,3211150,6683
1258,79,85,178,10607,4834,51,150910,0.21,0.83,97360,1165,6148790,3217662,6687
1259,90,99,180,10625,4834,51,150961,0.21,0.84,97475,1154,6179732,3226988,6687
1260,87,111,190,10643,4836,51,150961,0.21,0.84,97542,1152,6208051,3234349,6693
1261,89,115,191,10650,4839,51,151213,0.21,0.84,97620,1148,6234633,3242892,6701
1262,95,114,186,10656,4850,51,151213,0.72,0.84,97992,1157,6246817,3258590,6733
1263,103,134,186,10664,4858,51,151756,0.72,0.84,98365,1153,6270211,3269586,6749
1264,85,107,172,10673,4872,51,151979,0.72,0.84,98462,1184,6297984,3292020,6781
1265,80,92,176,10690,4876,51,151979,0.22,0.84,98888,1162,6326700,3301812,6789
1266,66,97,188,10708,4880,51,152062,0.22,0.84,99172,1141,6367475,3308823,6803
1267,48,75,191,10716,4884,51,152110,0.21,0.84,99224,1142,6389688,3314083,6815
1268,29,58,188,10720,4889,51,152138,0.21,0.84,99305,1145,6395072,3317453,6829
1269,42,59,182,10728,4894,51,152138,0.21,0.84,99379,1144,6413110,3323417,6847
1270,46,63,185,10742,4895,51,152138,0.21,0.84,99451,1138,6446980,3328826,6849
1271,37,60,174,10754,4900,51,152138,0.20,0.84,99522,1140,6473596,3334186,6861
1272,34,65,167,10771,4903,51,152224,0.20,0.85,99570,1143,6521995,3340574,6871
1273,41,63,166,10789,4907,51,152224,0.19,0.85,99652,1145,6562037,3345654,6883
1274,25,70,159,10806,4910,51,152427,0.19,0.85,99694,1146,6609980,3352883,6893
1275,34,76,154,10824,4913,51,152506,0.18,0.85,99778,1143,6671091,3362485,6903
1276,44,73,152,10841,4915,51,152525,0.19,0.85,99872,1137,6708216,3366611,6911
1277,65,96,165,10859,4920,51,152525,0.19,0.85,99950,1136,6739548,3374321,6927
1278,76,117,169,10876,4929,52,152565,0.19,0.85,100070,1145,6810176,3387136,6957
1279,112,139,169,10896,4949,52,152813,0.18,0.85,100246,1165,6838945,3422339,7023
1280,116,135,167,10913,4968,52,152924,0.18,0.85,100384,1183,6908390,3446143,7081
1281,91,151,182,10933,4973,52,152979,0.18,0.85,100713,1156,6954665,3457800,7097
1282,95,144,183,10947,4986,52,152979,0.19,0.85,100952,1157,7034966,3474039,7141
1283,88,137,192,10961,4991,52,153006,0.19,0.85,101068,1151,7058223,3480455,7153
1284,102,144,200,10972,4994,52,153030,0.20,0.85,101212,1139,7068495,3492391,7161
1285,87,112,197,10974,4999,52,153142,0.20,0.85,101297,1138,7070157,3505779,7179
1286,17,84,193,10974,5002,52,153142,0.20,0.86,101335,1136,7070157,3511529,7189
1287,2,20,193,10980,5007,52,153197,0.20,0.86,101407,1131,7079341,3513071,7209
1288,10,16,196,10991,5007,52,153197,0.20,0.86,101437,1127,7096788,3516111,7209
1289,5,19,177,11004,5012,52,153308,0.20,0.86,101467,1131,7151909,3524521,7225
1290,18,30,171,11021,5013,52,153308,0.20,0.86,101525,1124,7182059,3527439,7229
1291,26,44,166,11039,5013,52,153308,0.20,0.86,101575,1118,7230543,3531855,7229
1292,42,57,163,11056,5013,52,153308,0.20,0.86,101575,1118,7284497,3538218,7229
1293,45,66,156,11074,5013,52,153308,0.70,0.86,101575,1118,7326940,3543208,7229
1294,29,64,163,11091,5013,52,153346,0.19,0.86,101575,1118,7384235,3548081,7229
1295,25,60,171,11109,5013,52,153421,0.18,0.86,101575,1118,7420692,3551555,7229
1296,37,71,183,11126,5014,52,153483,0.18,0.86,101575,1119,7451797,3560339,7231
1297,33,55,187,11144,5023,52,153692,0.17,0.86,101575,1137,7504106,3570153,7243
1298,55,89,189,11156,5031,52,153797,0.17,0.86,101727,1130,7529651,3582343,7256
1299,93,108,191,11164,5037,52,153876,0.72,0.87,101950,1122,7541595,3588075,7291
1300,99,109,192,11172,5044,52,154024,0.72,0.87,101970,1131,7559993,3600271,7301
1301,79,92,177,11182,5065,52,154085,0.72,0.87,102056,1164,7590763,3625336,7326
1302,81,93,182,11199,5067,52,154137,0.19,0.87,102371,1130,7647121,3631393,7328
1303,82,104,163,11219,5081,52,154137,0.19,0.87,102472,1142,7687595,3645865,7345
1304,96,120,169,11236,5092,52,154258,0.19,0.87,102609,1135,7723470,3661776,7362
1305,117,145,186,11268,5105,52,154702,0.19,0.87,102816,1124,7778901,3684669,7383
1306,129,147,185,11280,5118,53,155958,0.19,0.87,107094,1137,7809049,3701803,7409
1307,125,146,183,11292,5132,53,157090,0.19,0.87,107281,1134,7835196,3725873,7429
1308,129,157,192,11318,5148,53,157704,0.19,0.87,107464,1135,7883164,3758687,7454
1309,122,145,174,11328,5175,53,157942,0.19,0.87,107748,1140,7892463,3786559,7496
1310,120,143,173,11348,5195,53,158439,0.19,0.87,107914,1144,7929365,3816750,7529
1311,134,155,184,11367,5203,53,159079,0.72,0.87,108169,1121,7966583,3827624,7548
1312,137,165,191,11383,5212,53,159857,0.72,0.88,108214,1128,8010055,3851759,7557
1313,136,159,183,11390,5227,53,160324,0.72,0.88,108340,1138,8025540,3876542,7574
1314,140,173,195,11408,5231,53,160519,0.72,0.88,108481,1122,8069223,3891075,7578
1315,132,177,200,11420,5238,53,160785,0.72,0.88,108521,1127,8080554,3908552,7585
1316,106,168,191,11424,5250,53,160839,0.72,0.88,108568,1141,8084346,3926110,7597
1317,108,167,187,11439,5269,53,160941,0.72,0.88,108736,1142,8105375,3948675,7618
1318,124,165,183,11452,5286,54,161147,0.72,0.88,108877,1139,8152101,3984600,7639
1319,174,187,205,11482,5293,54,161679,0.72,0.88,109038,1137,8189322,4023430,7646
1320,212,221,243,11538,5311,54,161993,0.72,0.88,109328,1136,8241592,4068806,7669
1321,196,208,231,11546,5331,54,162429,0.72,0.88,109475,1134,8249218,4122061,7695
1322,135,176,199,11552,5369,54,162899,0.72,0.88,109550,1159,8254851,4165456,7736
1323,75,148,196,11554,5372,54,162965,0.18,0.88,109638,1145,8256844,4172708,7740
1324,2,53,196,11557,5374,54,162965,0.17,0.88,109769,1122,8262542,4175179,7742
1325,6,17,198,11563,5374,54,162965,0.15,0.89,109774,1121,8280993,4177951,7742
1326,3,14,197,11568,5374,54,162965,0.15,0.89,109797,1118,8286028,4179388,7742
1327,6,15,185,11575,5374,54,162993,0.15,0.89,109821,1114,8297139,4180811,7742
1328,14,26,186,11592,5374,54,162993,0.29,0.89,109925,1100,8329449,4183935,7742
1329,17,38,160,11609,5375,54,162993,0.29,0.89,109932,1100,8376095,4187314,7744
1330,32,64,171,11626,5378,54,163032,0.29,0.89,109951,1102,8406171,4192270,7747
1331,59,81,187,11644,5379,54,163142,0.29,0.89,109972,1101,8432769,4197000,7748
1332,71,101,196,11658,5384,54,163142,0.29,0.89,109999,1105,8466118,4208032,7755
1333,107,118,195,11661,5388,54,163405,0.29,0.89,110039,1106,8470437,4227397,7759
1334,94,106,189,11674,5407,54,163564,0.29,0.89,110131,1125,8486233,4254945,7785
1335,85,101,189,11687,5420,54,163714,0.15,0.89,110293,1126,8513816,4272286,7806
1336,71,87,176,11702,5448,54,163777,0.15,0.89,110525,1133,8576227,4297700,7844
1337,71,96,175,11721,5468,54,163792,0.15,0.89,110739,1127,8632284,4316541,7874
1338,62,129,185,11739,5475,54,163851,0.16,0.90,110808,1126,8683490,4329369,7886
1339,89,130,191,11758,5480,54,163910,0.16,0.90,110894,1119,8721595,4340524,7896
1340,74,123,190,11770,5486,54,163980,0.17,0.90,110960,1118,8737190,4350122,7906
1341,34,117,200,11780,5486,54,164046,0.17,0.90,111001,1110,8777559,4359958,7906
1342,25,85,197,11786,5490,54,164102,0.17,0.90,111063,1102,8798236,4365595,7912
1343,25,55,200,11795,5490,54,164102,0.17,0.90,111071,1101,8828020,4366753,7912
1344,29,69,200,11808,5490,55,164102,0.16,0.90,114269,1098,8863464,4368681,7912
1345,46,81,194,11811,5496,55,164151,0.16,0.90,114269,1105,8872025,4374881,7921
1346,49,87,193,11821,5507,55,164206,0.16,0.90,114320,1115,8895352,4392582,7938
1347,49,60,199,11831,5509,55,164206,0.16,0.90,114379,1110,8920149,4398606,7941
1348,58,71,198,11853,5514,55,164206,0.15,0.90,114441,1105,8992307,4409043,7951
1349,51,78,184,11870,5528,55,164206,0.15,0.90,114514,1114,9041599,4422716,7974
1350,67,102,195,11890,5536,55,164226,0.15,0.90,114647,1104,9110741,4435462,7987
1351,83,137,196,11898,5543,55,164403,0.16,0.91,114678,1113,9135831,4456130,7999
1352,82,130,196,11908,5553,55,164482,0.16,0.91,114721,1125,9149853,4477645,8015
1353,70,106,199,11914,5556,55,164601,0.16,0.91,114841,1112,9165755,4484055,8019
1354,59,85,197,11916,5560,55,164601,0.16,0.91,114897,1108,9178445,4487619,8023
1355,22,43,199,11928,5561,55,164601,0.16,0.91,114917,1106,9227144,4490815,8024
1356,14,40,201,11945,5561,55,164601,0.16,0.91,114927,1104,9349991,4494090,8024
1357,27,49,196,11958,5561,55,164601,0.16,0.91,114958,1098,9397087,4499085,8024
1358,36,46,201,11968,5561,55,164721,0.15,0.91,115093,1082,9426380,4506985,8024
1359,33,46,192,11981,5561,55,164721,0.15,0.91,115164,1074,9465355,4517119,8024
1360,38,53,175,11999,5564,55,164901,0.13,0.91,115164,1080,9506368,4524638,8028
1361,39,66,144,12016,5565,55,164901,0.13,0.91,115204,1075,9581171,4532297,8030
1362,49,69,138,12034,5571,55,164901,0.13,0.91,115403,1077,9637294,4538660,8038
1363,39,56,145,12052,5574,55,164901,0.13,0.91,115487,1071,9718042,4550169,8044
1364,46,61,144,12069,5575,55,164930,0.13,0.92,115518,1067,9764260,4562911,8046
1365,48,62,148,12087,5583,55,164960,0.14,0.92,115533,1080,9803892,4571994,8058
1366,63,69,151,12105,5586,55,165078,0.14,0.92,115559,1082,9844468,4579490,8062
1367,66,75,155,12123,5586,55,165287,0.15,0.92,115633,1070,9946798,4589562,8062
1368,77,92,160,12141,5589,55,165413,0.15,0.92,115681,1068,9987420,4606753,8068
1369,86,101,156,12158,5591,55,165660,0.16,0.92,115681,1072,10060528,4622515,8071
1370,79,99,148,12176,5603,55,165704,0.15,0.92,115724,1090,10122010,4638484,8092
1371,85,106,161,12193,5603,55,165732,0.16,0.92,115826,1071,10200669,4645921,8092
1372,81,101,164,12211,5607,55,165793,0.16,0.92,115882,1070,10236902,4657699,8100
1373,81,95,175,12231,5608,55,165813,0.17,0.92,115902,1068,10308407,4665483,8102
1374,96,111,186,12248,5614,55,165971,0.72,0.92,115940,1075,10338621,4679650,8119
1375,101,124,179,12266,5639,55,166154,0.72,0.92,116107,1103,10374380,4712103,8147
1376,110,129,176,12283,5659,55,166984,0.72,0.92,116419,1097,10453839,4741380,8170
1377,93,110,169,12301,5680,55,167092,0.72,0.93,116454,1134,10513809,4764913,8197
1378,102,139,219,12352,5680,55,167092,0.18,0.93,116761,1086,10644974,4776379,8197
1379,157,173,210,12352,5689,55,167565,0.72,0.93,116913,1080,10644974,4789719,8210
1380,147,158,189,12356,5714,55,168524,0.72,0.93,117151,1090,10649705,4836511,8242
1381,115,148,192,12378,5733,55,168671,0.19,0.93,117173,1120,10684522,4873524,8267
1382,88,139,200,12395,5740,55,168795,0.19,0.93,117438,1083,10764488,4889899,8277
1383,71,126,199,12404,5744,55,168795,0.19,0.93,117645,1073,10825927,4900845,8285
1384,30,108,198,12415,5750,55,168913,0.19,0.93,117707,1077,10871700,4910928,8297
1385,39,72,202,12425,5751,55,169234,0.19,0.93,117804,1067,10910028,4919090,8299
1386,19,63,194,12435,5752,55,169308,0.18,0.93,117835,1063,10936458,4925030,8301
1387,22,60,187,12448,5755,55,169360,0.17,0.93,117862,1065,10985491,4932758,8307
1388,25,61,186,12466,5756,55,169425,0.16,0.93,117878,1064,11072528,4939197,8308
1389,35,65,186,12484,5757,55,169425,0.15,0.93,117910,1061,11148332,4953043,8310
1390,43,70,179,12501,5759,55,169467,0.14,0.94,117910,1065,11208944,4963858,8313
1391,48,73,172,12519,5759,55,169467,0.13,0.94,117920,1063,11288498,4975000,8313
1392,47,76,172,12536,5760,55,169654,0.13,0.94,117931,1063,11414791,4986052,8314
1393,41,69,174,12554,5764,55,169654,0.12,0.94,117952,1067,11473389,4995086,8320
1394,42,74,180,12572,5765,56,169654,0.44,0.94,117996,1062,11506310,5000044,8321
1395,39,78,189,12589,5766,56,169674,0.14,0.94,118012,1062,11589842,5005847,8322
1396,41,80,191,12607,5770,56,169674,0.13,0.94,118022,1069,11684066,5011802,8330
1397,38,75,186,12624,5771,56,169951,0.13,0.94,118038,1069,11723566,5020511,8331
1398,34,78,193,12641,5771,56,169951,0.13,0.94,118115,1060,11771360,5027061,8331
1399,24,81,189,12655,5772,56,169992,0.10,0.94,118165,1056,11822012,5034501,8332
1400,31,77,195,12673,5772,56,170022,0.10,0.94,118165,1056,11921713,5042777,8332
1401,38,81,194,12686,5772,56,170022,0.11,0.94,118176,1054,11952435,5048011,8332
1402,34,81,191,12698,5777,56,170072,0.11,0.95,118176,1064,11969269,5054598,8338
1403,45,96,199,12715,5784,56,170105,0.11,0.95,118214,1072,12034105,5062807,8347
1404,57,100,198,12721,5791,56,170105,0.11,0.95,118330,1070,12050524,5072072,8357
1405,56,97,183,12739,5796,56,170146,0.12,0.95,118410,1069,12152588,5086023,8365
1406,63,105,193,12760,5797,56,170216,0.12,0.95,118496,1060,12237885,5096333,8366
1407,74,103,204,12774,5797,56,170232,0.12,0.95,118524,1056,12301051,5106845,8366
1408,58,100,201,12783,5800,56,170248,0.12,0.95,118540,1060,12327459,5112564,8371
1409,71,105,204,12797,5800,56,170248,0.12,0.95,118551,1058,12397065,5118729,8371
1410,71,86,200,12801,5805,56,170248,0.12,0.95,118583,1064,12439607,5128168,8377
1411,66,81,203,12819,5805,56,170248,0.12,0.95,118583,1064,12496324,5134231,8377
1412,54,68,204,12826,5805,56,170263,0.12,0.95,118636,1054,12526702,5141542,8377
1413,35,57,200,12842,5810,56,170410,0.09,0.95,118636,1064,12580303,5151345,8387
1414,39,56,202,12860,5810,56,170410,0.10,0.95,118679,1056,12618720,5160612,8387
1415,42,62,203,12870,5811,56,170410,0.09,0.96,118689,1056,12666850,5168190,8389
1416,41,74,203,12879,5814,56,170439,0.09,0.96,118695,1061,12725158,5175203,8394
1417,82,110,201,12883,5820,56,170550,0.72,0.96,118753,1062,12730604,5184567,8419
1418,104,136,203,12894,5829,56,170767,0.72,0.96,118855,1061,12778454,5196096,8430
1419,103,120,204,12904,5833,56,170767,0.72,0.96,118905,1063,12807509,5209075,8434
1420,84,100,196,12918,5836,56,170767,0.09,0.96,118932,1065,12855519,5215611,8438
1421,73,86,196,12936,5836,56,170767,0.11,0.96,118961,1060,12943124,5222594,8438
1422,64,76,205,12949,5836,56,170767,0.11,0.96,119005,1054,13006224,5226313,8438
1423,50,59,201,12952,5840,56,170830,0.11,0.96,119005,1062,13031494,5237812,8444
1424,38,52,201,12963,5844,56,170830,0.11,0.96,119032,1065,13079988,5245009,8451
1425,36,51,203,12978,5845,56,170894,0.11,0.96,119053,1063,13167945,5248835,8453
1426,36,48,196,12993,5845,56,170894,0.11,0.96,119091,1056,13239535,5255797,8453
1427,38,54,203,13008,5847,56,170923,0.10,0.96,119101,1058,13311975,5265029,8457
1428,53,69,197,13023,5847,56,170923,0.11,0.97,119101,1058,13368724,5270684,8457
1429,67,81,202,13041,5849,56,170923,0.11,0.97,119123,1058,13415639,5277022,8460
1430,67,79,204,13049,5850,56,170979,0.11,0.97,119133,1058,13465821,5286102,8462
1431,69,79,193,13063,5851,56,170979,0.11,0.97,119133,1060,13521180,5294303,8464
1432,71,85,180,13080,5852,56,170979,0.11,0.97,119144,1060,13637794,5302851,8465
1433,63,93,192,13098,5854,56,171040,0.11,0.97,119155,1062,13709195,5309460,8468
1434,68,99,203,13116,5855,56,171211,0.11,0.97,119171,1061,13827082,5322705,8470
1435,73,96,205,13127,5857,56,171211,0.10,0.97,119197,1060,13865086,5329505,8474
1436,93,117,194,13136,5865,56,171404,0.72,0.97,119225,1072,13912268,5342002,8503
1437,100,129,194,13150,5878,56,171724,0.72,0.97,119369,1080,13974533,5368970,8517
1438,92,123,194,13166,5891,56,172270,0.72,0.97,119514,1082,14029558,5399283,8532
1439,82,108,187,13186,5899,56,172360,0.10,0.97,119556,1090,14104525,5416186,8541
1440,81,95,188,13204,5902,56,172390,0.10,0.98,119685,1073,14171412,5423404,8545
1441,87,114,198,13222,5905,56,172443,0.10,0.98,119782,1062,14220369,5428450,8548
1442,118,145,205,13236,5912,56,172774,0.10,0.98,119902,1056,14267714,5448898,8557
1443,111,125,182,13239,5937,56,174260,0.10,0.98,119984,1093,14275878,5490166,8596
1444,83,98,180,13257,5956,56,174335,0.09,0.98,120199,1090,14332627,5517727,8627
1445,82,103,190,13274,5959,56,174444,0.09,0.98,120315,1076,14397635,5528753,8632
1446,81,113,194,13292,5963,56,174444,0.09,0.98,120424,1066,14485949,5537420,8638
1447,86,109,200,13312,5965,56,174444,0.09,0.98,120484,1060,14545036,5541345,8642
1448,72,98,191,13325,5967,56,174533,0.09,0.98,120489,1063,14616630,5547656,8645
1449,40,82,191,13342,5967,56,174549,0.09,0.98,120511,1060,14653731,5554677,8645
1450,48,72,192,13360,5968,56,174566,0.09,0.98,120560,1056,14697644,5559807,8647
1451,45,76,202,13379,5971,56,174690,0.09,0.98,120565,1061,14794473,5573222,8653
1452,46,69,192,13389,5972,56,174690,0.09,0.98,120571,1062,14825371,5578406,8655
1453,55,74,192,13406,5974,56,174768,0.09,0.99,120603,1060,14867887,5584963,8658
1454,64,80,184,13424,5975,56,175124,0.08,0.99,120614,1060,14935170,5599452,8660
1455,69,87,186,13442,5976,56,175140,0.08,0.99,120614,1062,14993104,5612106,8662
1456,82,99,189,13459,5977,56,175140,0.08,0.99,120646,1058,15038828,5624333,8663
1457,92,103,198,13477,5978,56,175140,0.08,0.99,120652,1059,15118027,5631936,8665
1458,94,116,194,13490,5994,56,175162,0.08,0.99,120668,1088,15159830,5652543,8688
1459,120,135,202,13508,6003,56,175529,0.08,0.99,120965,1065,15213063,5667460,8702
1460,145,161,192,13513,6018,56,176759,0.08,0.99,121097,1073,15229237,5697262,8723
1461,157,176,198,13531,6030,56,178608,0.08,0.99,121266,1066,15274919,5735956,8741
1462,159,177,201,13545,6041,56,180561,0.08,0.99,121383,1067,15340569,5782804,8759
1463,152,171,193,13563,6067,56,182361,0.07,0.99,121617,1083,15399974,5828534,8801
1464,138,166,187,13581,6091,56,184183,0.07,0.99,121853,1094,15488562,5873938,8841
1465,117,151,176,13599,6120,56,185686,0.07,0.99,122172,1096,15645875,5908009,8888
1466,104,144,170,13619,6143,57,185918,0.07,1.00,122445,1097,15735094,5934435,8926
1467,84,138,182,13637,6149,57,186120,0.07,1.00,122727,1066,15835617,5952064,8935
1468,107,153,194,13654,6151,57,186177,0.07,1.00,122815,1057,15885469,5963199,8938
1469,122,150,202,13671,6159,57,186224,0.07,1.00,122831,1066,15960685,5978939,8949
1470,129,157,204,13679,6163,57,186388,0.07,1.00,122900,1062,15978934,5993527,8965
1471,131,162,201,13688,6174,57,186992,0.07,1.00,122982,1071,15999245,6023809,8985
1472,149,174,205,13697,6179,57,187685,0.07,1.00,123074,1066,16033197,6039307,8991
1473,156,184,208,13703,6181,57,188212,0.07,1.00,123159,1058,16053216,6060963,8994
1474,158,188,205,13709,6190,57,188470,0.07,1.00,123272,1065,16062794,6089383,9009
1475,130,175,202,13712,6196,57,188479,0.06,1.00,123335,1066,16072893,6104891,9021
1476,107,161,209,13719,6196,57,188576,0.06,1.00,123380,1058,16105449,6111180,9021
1477,28,79,208,13721,6197,57,188592,0.07,1.00,123412,1056,16111979,6116451,9023
1478,6,19,207,13723,6199,57,188592,0.07,1.00,123412,1060,16114893,6120938,9027
1479,8,12,208,13729,6201,57,188592,0.07,1.00,123433,1063,16137128,6124991,9030
1480,14,23,205,13742,6201,57,188620,0.07,1.00,123433,1063,16176026,6126607,9030
1481,28,39,202,13760,6201,57,188620,0.06,1.00,123477,1056,16256324,6132753,9030
1482,46,54,177,13778,6201,57,188997,0.06,1.00,123499,1053,16312925,6146038,9030
1483,52,61,152,13796,6204,57,189847,0.06,1.00,123499,1062,16357840,6161157,9034
1484,60,77,167,13814,6207,57,190632,0.06,1.00,123587,1062,16452412,6172217,9039
1485,70,92,176,13832,6216,57,191377,0.72,1.00,123995,1065,16519114,6198556,9059
1486,81,107,185,13852,6227,57,192238,0.72,1.00,124317,1072,16617095,6226109,9070
1487,71,101,181,13876,6241,57,192328,0.72,1.00,124496,1101,16731238,6252837,9089
1488,71,111,158,13894,6242,57,192451,0.06,1.00,124822,1069,16802066,6264181,9091
1489,61,116,167,13912,6244,57,192479,0.06,1.00,124939,1060,16864799,6276432,9093
1490,79,135,175,13930,6251,57,192548,0.06,1.00,125040,1066,16956917,6289330,9103
1491,101,155,190,13949,6254,57,192814,0.06,1.00,125157,1058,17057845,6302738,9109
1492,102,165,202,13969,6262,57,193569,0.06,1.00,125196,1071,17168527,6323883,9123
1493,69,150,209,13978,6263,57,193766,0.06,1.00,125244,1068,17217528,6341173,9124
1494,57,109,214,13983,6263,57,193885,0.06,1.00,125373,1056,17227415,6353683,9124
1495,59,131,209,13983,6267,57,193885,0.06,1.00,125417,1063,17227415,6369928,9130
1496,73,149,205,13988,6276,57,194106,0.06,1.00,125609,1064,17250646,6390984,9144
1497,143,188,207,13995,6281,57,194937,0.06,1.00,125741,1067,17263790,6414448,9152
1498,171,201,213,14002,6282,57,195223,0.05,1.00,125918,1062,17274395,6443804,9154
1499,179,207,217,14017,6293,57,195330,0.05,1.00,126000,1072,17297499,6479950,9170
