t,visible,near600,alive,spawned,killed,level,hit_damage,memory,erasure_global,xp_gained,xp_orbs,spawned_hp,damage_dealt,essence_gained
1,0,0,0,0,0,1,0,0.99,0.00,0,0,0,0,0
2,0,0,0,0,0,1,0,0.98,0.00,0,0,0,0,0
3,0,0,0,0,0,1,0,0.98,0.00,0,0,0,0,0
4,0,0,0,0,0,1,0,0.98,0.00,0,0,0,0,10
5,0,0,0,0,0,1,0,0.98,0.00,0,0,0,0,10
6,0,0,0,0,0,1,0,0.98,0.00,0,0,0,0,10
7,0,0,0,0,0,1,0,0.97,0.00,0,0,0,0,10
8,0,0,0,0,0,1,0,0.96,0.00,0,0,0,0,10
9,3,4,5,5,0,1,0,0.95,0.00,0,0,159,0,10
10,3,5,6,6,0,1,17,0.94,0.00,0,0,250,10,10
11,5,5,6,6,0,1,17,0.93,0.00,0,0,250,19,10
12,4,6,7,7,0,1,17,0.92,0.01,0,0,432,38,10
13,2,6,7,7,0,1,17,0.92,0.01,0,0,432,48,10
14,2,4,7,7,0,1,17,0.91,0.01,0,0,432,48,10
15,1,3,10,10,0,1,17,0.91,0.01,0,0,570,48,10
16,5,5,12,13,0,1,17,0.91,0.01,0,0,669,48,10
17,4,5,12,13,0,1,39,0.91,0.01,0,0,669,67,10
18,4,6,12,13,0,1,39,0.90,0.01,0,0,669,77,10
19,5,7,13,14,0,1,39,0.90,0.01,0,0,707,96,10
20,6,6,13,15,1,1,39,0.90,0.01,0,2,799,115,11
21,5,6,13,15,1,1,39,0.90,0.01,16,0,799,125,11
22,3,4,16,19,1,1,39,0.90,0.01,16,0,1039,134,11
23,7,7,15,22,1,1,39,0.91,0.01,16,0,1122,134,11
24,3,3,14,22,1,1,39,0.91,0.01,16,0,1122,144,11
25,7,8,19,27,1,1,39,0.90,0.01,16,0,1548,163,11
26,4,9,19,28,2,1,39,0.90,0.01,16,1,1640,173,12
27,6,13,19,28,2,1,39,0.90,0.01,16,1,1640,182,12
28,8,15,19,28,2,1,39,0.90,0.01,16,1,1640,182,12
29,9,15,19,29,3,1,39,0.90,0.01,16,2,1733,202,13
30,10,15,19,29,3,1,55,0.90,0.01,24,1,1733,211,13
31,13,15,18,29,4,1,72,0.90,0.01,33,1,1733,230,14
32,13,16,19,30,4,1,110,0.90,0.01,33,1,1826,240,14
33,12,15,18,30,5,1,143,0.90,0.01,33,2,1826,259,15
34,13,15,18,30,5,2,171,0.90,0.02,41,1,1826,269,15
35,13,15,18,31,6,2,207,0.90,0.02,50,1,1920,350,16
36,10,12,15,31,9,2,214,0.90,0.02,77,1,1920,461,19
37,8,11,13,31,11,2,214,0.90,0.02,77,5,1920,514,21
38,8,11,13,32,12,2,214,0.90,0.02,103,3,2014,538,22
39,7,12,12,32,13,2,225,0.89,0.02,119,3,2014,562,23
40,8,12,12,32,13,2,225,0.89,0.02,119,3,2014,562,23
41,1,7,13,33,13,2,225,0.90,0.02,119,3,2108,562,23
42,1,7,18,38,13,2,225,0.91,0.02,119,3,2537,562,23
43,2,9,24,44,13,2,255,0.91,0.02,119,3,2903,610,23
44,8,12,28,48,13,2,255,0.91,0.02,119,3,3281,619,23
45,6,8,27,48,13,2,255,0.91,0.02,119,3,3281,658,23
46,2,7,26,52,13,2,255,0.91,0.02,119,3,3375,667,23
47,6,11,27,58,13,2,255,0.91,0.02,119,3,3541,667,23
48,9,10,27,58,13,2,255,0.90,0.02,119,3,3541,667,23
49,9,10,26,58,13,2,277,0.90,0.02,119,3,3541,802,23
50,9,14,25,62,18,3,331,0.90,0.02,127,8,3656,898,28
51,7,14,25,64,20,3,331,0.90,0.02,169,5,3713,930,30
52,12,15,23,66,21,3,331,0.90,0.02,186,5,3761,940,31
53,7,14,22,66,21,3,331,0.89,0.02,186,5,3761,949,31
54,8,9,24,69,21,3,331,0.88,0.02,186,5,3856,959,31
55,5,12,24,72,21,3,331,0.89,0.02,186,5,4000,959,31
56,9,17,23,72,21,3,331,0.89,0.03,261,5,4000,959,31
57,13,19,24,73,21,3,331,0.89,0.03,261,5,4029,959,31
58,12,18,23,73,21,3,331,0.88,0.03,261,5,4029,978,31
59,0,10,21,73,22,3,337,0.88,0.03,261,6,4029,1010,32
60,5,11,29,81,22,3,337,0.88,0.03,269,5,4341,1010,32
61,8,17,36,88,22,3,337,0.88,0.03,269,5,4539,1010,32
62,8,19,38,90,22,3,337,0.88,0.03,269,5,4597,1010,32
63,15,19,37,90,22,3,337,0.88,0.03,269,5,4597,1044,42
64,19,24,36,91,23,3,358,0.88,0.03,269,6,4626,1146,43
65,11,16,33,91,26,4,375,0.88,0.03,278,9,4626,1248,46
66,1,14,35,95,27,4,375,0.88,0.03,295,8,5067,1281,47
67,1,14,41,101,27,4,375,0.88,0.03,295,8,5290,1281,47
68,1,14,36,104,27,4,375,0.89,0.03,295,8,5581,1281,47
69,4,11,44,113,27,4,375,0.88,0.03,295,8,6486,1291,47
70,6,15,52,123,28,4,396,0.88,0.03,295,9,7172,1349,48
71,13,18,57,129,28,4,418,0.88,0.03,295,9,7538,1385,48
72,10,19,59,134,29,4,439,0.88,0.03,295,10,7674,1467,49
73,12,18,57,138,29,4,439,0.88,0.03,295,10,7777,1491,49
74,7,14,59,145,30,4,445,0.89,0.03,304,10,8143,1557,50
75,13,20,59,148,30,4,445,0.89,0.03,304,10,8227,1567,50
76,15,21,57,148,32,4,445,0.89,0.03,304,12,8227,1615,52
77,23,28,57,149,33,4,445,0.89,0.03,321,11,8251,1673,53
78,31,32,58,154,37,4,445,0.89,0.04,330,14,8374,1860,69
79,31,35,58,155,38,4,445,0.89,0.04,455,14,8403,1929,75
80,29,34,56,155,40,5,445,0.89,0.04,525,12,8403,1991,77
81,23,30,48,156,49,5,467,0.89,0.04,534,20,8433,2202,86
82,26,30,48,156,49,5,489,0.88,0.04,594,13,8433,2242,86
83,17,25,43,157,55,5,521,0.88,0.04,612,18,8463,2357,92
84,22,26,44,159,56,5,575,0.88,0.04,671,12,8591,2394,93
85,26,27,45,160,56,5,640,0.89,0.04,688,10,8621,2443,93
86,26,27,45,160,56,5,683,0.89,0.04,688,10,8621,2481,93
87,25,27,45,161,57,5,694,0.88,0.04,697,10,8646,2545,94
88,25,27,44,162,58,5,694,0.88,0.04,697,11,8676,2583,95
89,26,26,42,162,59,5,726,0.88,0.04,705,11,8676,2602,96
90,26,29,43,164,59,5,867,0.88,0.04,714,10,8805,2626,96
91,26,28,42,164,60,5,975,0.88,0.04,714,11,8805,2715,97
92,24,27,41,165,62,6,1083,0.88,0.04,763,14,8905,2745,99
93,25,27,40,165,62,6,1104,0.88,0.04,793,10,8905,2764,99
94,26,28,40,166,63,6,1147,0.88,0.04,802,10,8935,2822,100
95,24,26,38,166,65,6,1202,0.88,0.04,802,15,8935,2904,102
96,25,27,39,168,66,6,1202,0.88,0.04,818,15,8995,2974,103
97,26,27,39,169,67,6,1288,0.88,0.04,848,14,9025,3038,104
98,25,33,38,170,69,6,1441,0.88,0.04,877,13,9226,3398,106
99,18,27,31,171,77,6,1466,0.87,0.04,893,27,9251,3675,114
100,16,23,31,171,77,6,1473,0.87,0.05,893,27,9251,3776,114
101,12,25,39,179,77,6,1473,0.87,0.05,902,26,9629,3795,114
102,19,25,43,184,77,6,1473,0.88,0.05,902,26,9851,3820,114
103,10,19,46,190,80,6,1479,0.88,0.05,902,29,10328,4022,117
104,11,26,55,202,82,6,1479,0.88,0.05,911,30,10687,4064,119
105,16,20,49,205,82,6,1484,0.89,0.05,920,29,10773,4074,119
106,13,18,55,215,83,6,1484,0.89,0.05,920,30,11108,4111,120
107,6,19,59,226,83,6,1484,0.89,0.05,928,29,11649,4135,120
108,13,24,63,238,84,6,1484,0.89,0.05,928,30,12572,4144,121
109,19,25,65,243,84,6,1484,0.89,0.05,928,30,13081,4144,121
110,8,16,65,252,85,6,1484,0.88,0.05,928,32,13505,4197,122
111,17,27,75,266,85,6,1484,0.88,0.05,928,32,14147,4243,122
112,16,28,64,271,88,6,1502,0.87,0.05,928,35,14794,4399,125
113,10,28,57,273,89,6,1502,0.87,0.05,928,36,14850,4466,126
114,19,29,57,274,89,6,1513,0.87,0.05,937,35,14881,4509,126
115,23,30,57,274,89,6,1546,0.87,0.05,937,35,14881,4538,126
116,18,23,54,276,90,6,1546,0.86,0.05,946,35,14942,4597,127
117,13,26,53,286,92,6,1546,0.86,0.05,946,39,15358,4653,129
118,6,20,47,290,92,6,1546,0.88,0.05,962,37,15466,4653,129
119,15,21,56,299,92,6,1546,0.88,0.05,962,37,15882,4705,129
120,22,30,61,310,94,6,1573,0.88,0.05,962,41,16238,4794,131
121,22,27,56,313,96,6,1585,0.88,0.06,979,41,16315,5001,133
122,14,24,57,318,96,7,1585,0.88,0.06,996,39,16831,5030,133
123,10,25,53,324,96,7,1585,0.88,0.06,996,39,17074,5030,133
124,10,25,56,328,96,7,1585,0.88,0.06,996,39,17178,5055,133
125,20,31,55,329,96,7,1585,0.88,0.06,996,39,17204,5075,133
126,28,34,54,329,97,7,1585,0.88,0.06,996,40,17204,5131,134
127,23,30,48,331,105,7,1585,0.88,0.06,1014,46,17287,5333,142
128,30,39,49,332,105,7,1585,0.88,0.06,1076,39,17339,5343,142
129,34,37,47,332,107,7,1625,0.88,0.06,1076,42,17339,5575,144
130,34,38,48,333,107,7,1703,0.88,0.06,1101,39,17365,5635,144
131,36,38,48,333,107,7,1769,0.88,0.06,1101,39,17365,5686,144
132,37,39,49,334,107,7,1769,0.88,0.06,1101,39,17396,5706,144
133,35,38,48,334,108,7,1825,0.88,0.06,1101,42,17396,5766,145
134,37,39,49,335,108,7,1825,0.88,0.06,1101,42,17427,5791,145
135,37,37,46,335,110,7,1847,0.88,0.06,1121,43,17427,5931,147
136,36,37,46,336,111,7,1847,0.88,0.06,1151,40,17532,6053,148
137,36,38,47,337,111,7,1913,0.88,0.06,1156,39,17564,6119,148
138,36,37,46,337,112,7,1913,0.88,0.06,1156,41,17564,6169,149
139,35,37,46,338,113,7,1924,0.88,0.06,1164,42,17616,6225,150
140,33,35,44,338,115,7,2179,0.88,0.06,1184,41,17616,6351,152
141,33,34,44,339,116,7,2268,0.88,0.06,1201,42,17722,6377,156
142,33,33,43,339,117,7,2290,0.88,0.06,1237,40,17722,6507,157
143,32,34,43,340,118,7,2301,0.88,0.07,1246,42,17754,6543,158
144,34,34,43,340,118,7,2511,0.88,0.07,1246,42,17754,6572,158
145,34,35,43,341,118,7,2622,0.88,0.07,1246,42,17780,6659,158
146,34,35,43,342,119,7,2799,0.88,0.07,1268,42,17886,6716,159
147,32,33,39,342,121,7,2965,0.88,0.07,1290,45,17886,6772,161
148,27,29,35,347,130,8,2987,0.88,0.07,1327,59,18099,7061,170
149,14,33,39,352,131,8,2987,0.87,0.07,1464,44,18232,7127,171
150,10,31,40,353,131,8,2987,0.87,0.07,1464,44,18258,7172,171
151,9,30,41,354,131,8,2987,0.85,0.07,1464,44,18285,7192,171
152,11,33,41,355,132,8,2998,0.85,0.07,1464,46,18312,7231,180
153,15,35,43,358,133,8,3032,0.85,0.07,1481,46,18445,7261,181
154,8,29,41,358,135,8,3054,0.85,0.07,1498,48,18445,7309,183
155,6,32,48,365,135,8,3054,0.86,0.07,1515,46,19053,7329,183
156,8,18,54,371,135,8,3077,0.86,0.07,1532,44,19670,7416,183
157,12,28,61,381,136,8,3099,0.86,0.07,1532,47,20137,7646,184
158,15,25,60,381,137,8,3099,0.86,0.07,1555,47,20137,7751,194
159,12,19,59,382,139,8,3122,0.86,0.07,1592,48,20169,7850,196
160,13,25,60,384,140,8,3122,0.86,0.07,1600,49,20322,7875,197
161,14,44,60,385,141,8,3145,0.86,0.07,1617,49,20375,7920,198
162,18,48,61,386,141,8,3145,0.86,0.07,1639,46,20429,7971,198
163,19,52,61,388,143,8,3167,0.86,0.07,1645,47,20628,8026,200
164,26,51,60,389,145,8,3190,0.86,0.08,1659,48,20682,8121,202
165,47,52,61,391,146,8,3212,0.86,0.08,1694,45,20790,8169,203
166,49,52,62,392,146,8,3212,0.86,0.08,1703,44,20817,8220,203
167,49,54,64,394,146,8,3246,0.86,0.08,1703,44,20899,8390,203
168,49,54,64,395,147,8,3524,0.86,0.08,1703,46,20926,8557,204
169,51,55,66,398,148,8,3647,0.86,0.08,1703,48,21035,8741,205
170,52,56,66,398,148,9,3847,0.86,0.08,1726,45,21035,8899,205
171,51,55,66,401,151,9,4080,0.86,0.08,1731,51,21362,9117,208
172,47,52,61,401,156,9,4358,0.86,0.08,1754,59,21362,9384,213
173,41,44,54,402,164,9,4448,0.86,0.08,1849,63,21471,9691,225
174,38,43,52,403,167,9,4670,0.86,0.08,1951,54,21499,9798,228
175,37,42,51,404,169,9,4915,0.86,0.08,2006,51,21608,9909,230
176,37,43,51,404,169,9,5038,0.86,0.08,2041,46,21608,9992,230
177,30,38,51,405,170,9,5038,0.86,0.08,2041,49,21663,10024,231
178,2,35,52,406,170,9,5038,0.85,0.08,2041,49,21718,10024,231
179,2,29,51,406,171,9,5049,0.86,0.08,2041,50,21718,10108,232
180,3,12,60,416,172,9,5049,0.86,0.08,2056,50,22275,10181,233
181,5,13,61,417,172,9,5049,0.86,0.08,2073,48,22385,10202,233
182,6,41,61,418,173,9,5061,0.86,0.08,2073,49,22496,10245,234
183,32,53,60,418,174,9,5061,0.86,0.08,2081,51,22496,10321,235
184,23,31,40,423,199,9,5061,0.85,0.09,2096,99,22684,11413,260
185,21,38,47,433,202,10,5061,0.85,0.09,2512,55,23297,11689,263
186,24,31,46,433,203,10,5083,0.86,0.09,2529,56,23297,11897,264
187,13,25,49,439,206,10,5103,0.86,0.09,2529,62,23538,12265,267
188,11,25,56,452,209,10,5103,0.86,0.09,2567,62,24235,12373,270
189,19,32,71,467,209,10,5103,0.86,0.09,2567,62,24804,12404,270
190,17,33,74,475,209,10,5127,0.85,0.09,2567,62,25148,12496,270
191,12,29,76,483,213,10,5176,0.84,0.09,2567,70,25734,12802,274
192,12,31,76,494,215,10,5199,0.85,0.09,2604,69,26326,13116,276
193,16,35,77,506,218,10,5199,0.85,0.09,2615,72,27305,13300,279
194,19,33,81,512,220,10,5199,0.85,0.09,2636,73,27519,13342,281
195,14,23,75,519,221,10,5199,0.85,0.09,2636,74,27727,13437,282
196,16,31,81,534,223,10,5199,0.84,0.09,2636,76,28967,13583,284
197,23,36,79,538,223,10,5199,0.84,0.09,2661,73,29163,13614,284
198,24,39,76,539,227,10,5222,0.84,0.09,2670,76,29276,13699,288
199,26,40,77,540,227,10,5268,0.85,0.09,2707,72,29309,13719,288
200,19,32,78,541,227,10,5268,0.85,0.09,2707,72,29343,13799,288
201,12,37,71,549,233,10,5268,0.85,0.09,2707,84,29772,14057,294
202,19,39,71,549,233,11,5280,0.85,0.09,2781,72,29772,14068,294
203,30,42,71,550,234,11,5315,0.85,0.09,2781,74,29800,14121,295
204,20,39,67,550,237,11,5315,0.85,0.09,2790,79,29800,14284,298
205,26,47,68,551,237,11,5315,0.85,0.10,2824,73,29829,14344,298
206,32,51,69,552,237,11,5372,0.85,0.10,2833,72,29857,14381,298
207,35,51,69,552,237,11,5395,0.85,0.10,2833,72,29857,14391,298
208,17,49,68,553,239,11,5476,0.85,0.10,2833,75,29885,14445,300
209,3,18,66,553,239,11,5476,0.85,0.10,2844,73,29885,14466,300
210,12,18,80,570,239,11,5476,0.85,0.10,2844,73,31029,14466,300
211,17,26,89,586,239,11,5476,0.85,0.10,2844,73,31965,14518,300
212,19,38,92,596,242,11,5476,0.85,0.10,2844,79,32765,14614,303
213,25,43,93,598,243,11,5499,0.85,0.10,2844,80,32879,14688,304
214,31,43,93,598,243,11,5510,0.85,0.10,2897,74,32879,14839,304
215,31,49,93,599,244,11,5558,0.85,0.10,2906,75,32936,14892,305
216,30,49,87,599,250,11,5606,0.85,0.10,2917,80,32936,15192,311
217,38,53,87,600,251,11,5629,0.85,0.10,2974,76,32994,15333,312
218,45,52,86,600,252,11,5652,0.84,0.10,2997,75,32994,15489,313
219,41,49,83,601,256,11,5689,0.84,0.10,3009,81,33051,15792,317
220,38,45,80,602,260,11,5748,0.84,0.10,3049,79,33086,15941,321
221,42,44,78,602,262,11,5807,0.84,0.10,3083,80,33086,16114,323
222,40,45,77,603,264,11,5880,0.84,0.10,3109,81,33144,16316,325
223,41,44,76,603,265,11,5987,0.84,0.10,3156,77,33144,16456,326
224,19,45,69,605,274,11,6022,0.84,0.10,3186,91,33260,16800,335
225,18,51,70,606,274,11,6035,0.83,0.11,3302,77,33318,16864,335
226,16,40,65,606,279,11,6091,0.83,0.11,3302,88,33318,17202,340
227,29,37,74,616,280,11,6091,0.84,0.11,3362,83,33997,17273,341
228,26,38,76,619,281,12,6114,0.84,0.11,3391,81,34085,17469,342
229,23,40,80,627,285,12,6142,0.84,0.11,3416,87,34684,17906,346
230,28,41,84,631,285,12,6142,0.84,0.11,3462,81,34976,18239,346
231,22,35,84,634,286,12,6262,0.84,0.11,3462,84,35063,18584,347
232,16,29,84,648,287,12,6262,0.84,0.11,3470,86,35739,18801,348
233,22,33,84,663,288,12,6262,0.84,0.11,3494,85,36519,18842,349
234,20,35,91,679,288,12,6262,0.84,0.11,3503,84,38079,18947,349
235,27,45,96,690,288,12,6262,0.84,0.11,3503,84,39213,19117,349
236,32,46,95,692,289,12,6274,0.84,0.11,3503,86,39447,19164,350
237,34,50,94,692,290,12,6310,0.83,0.11,3520,86,39447,19304,357
238,38,47,91,693,294,12,6347,0.83,0.11,3520,90,39565,19575,361
239,21,39,81,698,296,12,6359,0.83,0.11,3548,91,39812,19668,363
240,17,37,84,715,296,12,6359,0.83,0.11,3583,87,40996,19699,363
241,26,53,99,732,296,12,6359,0.83,0.11,3583,87,42095,19709,363
242,40,63,104,739,298,12,6380,0.83,0.11,3583,91,42469,19907,365
243,39,77,105,740,298,12,6393,0.83,0.11,3606,87,42657,19965,365
244,50,83,104,741,300,12,6393,0.83,0.12,3606,92,42847,20101,367
245,55,82,102,741,302,12,6440,0.83,0.12,3653,88,42847,20284,369
246,55,83,101,744,306,12,6452,0.83,0.12,3705,92,43083,20410,373
247,52,75,92,745,316,12,6526,0.83,0.12,3756,104,43275,20950,383
248,51,70,87,747,323,12,6566,0.82,0.12,3970,102,43491,21342,390
249,49,67,88,751,326,13,6579,0.82,0.12,4137,92,43817,21419,393
250,43,55,97,761,326,13,6594,0.81,0.12,4137,92,44644,21619,393
251,28,52,112,782,329,13,6594,0.81,0.12,4137,97,46929,21848,396
252,39,69,113,786,332,13,6594,0.81,0.12,4218,96,47431,21960,411
253,46,67,104,787,342,13,6610,0.81,0.12,4240,108,47628,22588,421
254,43,55,114,799,344,13,6623,0.80,0.12,4351,99,49521,22642,423
255,39,55,120,812,349,13,6623,0.80,0.12,4370,107,49986,22898,428
256,41,59,120,818,349,13,6623,0.81,0.12,4430,97,50331,22992,436
257,52,66,127,827,351,13,6623,0.81,0.13,4447,98,50916,23207,438
258,53,63,125,828,354,13,6638,0.81,0.13,4453,105,51118,23526,441
259,39,44,125,832,357,13,6644,0.81,0.13,4465,109,51764,23877,444
260,32,41,126,845,358,13,6644,0.81,0.13,4491,107,52536,23897,445
261,24,40,125,859,358,13,6684,0.81,0.13,4497,106,53471,24170,445
262,25,38,118,874,363,13,6694,0.79,0.13,4497,121,55000,24408,450
263,29,49,113,891,364,13,6694,0.82,0.13,4521,121,55909,24639,451
264,21,43,115,909,367,13,6707,0.82,0.13,4533,128,56763,24891,454
265,31,51,112,926,371,13,6724,0.82,0.13,4598,133,57473,25334,458
266,38,51,118,943,372,13,6724,0.81,0.13,4629,133,59185,25428,459
267,45,57,121,960,379,13,6745,0.82,0.13,4641,147,61045,25712,466
268,49,63,127,969,380,13,6750,0.82,0.13,4765,135,61796,25884,467
269,53,58,120,970,388,13,6769,0.82,0.13,4777,150,62008,26462,475
270,51,56,114,978,402,14,6769,0.82,0.14,4889,167,62597,27370,489
271,49,69,124,994,407,14,6791,0.81,0.14,4923,174,63616,27649,494
272,66,82,121,1001,408,14,6791,0.81,0.14,5230,138,63823,27691,495
273,71,79,115,1002,414,14,6798,0.81,0.14,5274,145,63883,28242,501
274,64,74,113,1013,427,14,6817,0.81,0.14,5390,158,64719,28782,514
275,66,82,121,1031,435,14,6958,0.81,0.14,5559,142,65616,29548,522
276,55,73,116,1044,439,14,6958,0.81,0.14,5579,145,67198,29994,526
277,42,71,125,1060,440,14,6958,0.81,0.14,5601,143,68423,30080,527
278,29,42,125,1071,444,14,6958,0.80,0.14,5613,149,69083,30411,531
279,21,35,122,1083,451,14,6980,0.80,0.14,5637,159,69947,30883,538
280,18,34,126,1096,454,14,6980,0.80,0.14,5667,160,70886,31087,541
281,17,32,129,1111,454,14,6980,0.80,0.14,5679,158,71737,31206,541
282,20,38,125,1123,455,14,6980,0.80,0.14,5679,161,72629,31370,542
283,39,56,128,1132,456,14,6980,0.80,0.15,5751,160,73623,31528,543
284,58,69,127,1137,462,14,6994,0.80,0.15,5763,170,73835,31750,549
285,64,68,116,1139,475,15,7002,0.80,0.15,5835,184,74294,32292,562
286,64,69,114,1142,480,15,7023,0.80,0.15,6059,168,74985,32522,567
287,73,79,116,1149,485,15,7062,0.80,0.15,6139,170,75550,32792,575
288,77,84,111,1156,497,15,7070,0.80,0.15,6404,165,75793,33365,587
289,58,74,104,1173,521,15,7136,0.80,0.15,6672,170,77139,34371,611
290,71,82,106,1179,524,16,7194,0.80,0.15,6777,158,77315,34651,614
291,74,87,108,1182,525,16,7237,0.80,0.15,6783,159,77403,34931,615
292,75,89,109,1187,529,16,7321,0.80,0.15,6831,161,77750,35195,619
293,76,88,108,1190,533,16,7392,0.80,0.15,6868,163,77880,35681,623
294,65,86,106,1202,547,16,7458,0.80,0.15,6949,173,79369,36461,637
295,69,86,106,1205,550,16,7549,0.80,0.15,7076,163,79535,36868,640
296,75,90,110,1210,551,16,7620,0.80,0.16,7111,159,79890,37089,641
297,76,92,110,1213,554,16,7703,0.80,0.16,7129,161,79977,37484,644
298,76,90,108,1214,557,16,7840,0.80,0.16,7151,162,80008,37819,647
299,73,88,107,1216,560,16,7925,0.80,0.16,7217,164,80223,38121,650
300,68,85,107,1221,565,16,7970,0.80,0.16,7294,168,80469,38592,655
301,69,86,108,1223,566,16,7987,0.80,0.16,7374,163,80686,38635,656
302,75,90,110,1226,567,16,8098,0.80,0.16,7520,158,80804,38882,657
303,78,90,109,1230,572,16,8168,0.80,0.16,7581,168,81260,39491,662
304,77,84,103,1264,612,17,8242,0.79,0.16,7846,202,82230,41910,702
305,72,83,103,1275,623,17,8279,0.79,0.16,8162,183,83073,42916,713
306,78,85,106,1283,628,17,8320,0.79,0.16,8459,172,83484,43362,718
307,79,88,108,1286,629,17,8356,0.79,0.16,8609,163,83577,43473,719
308,61,83,106,1288,633,17,8377,0.79,0.16,8639,166,83903,43788,723
309,28,45,116,1302,634,17,8377,0.78,0.17,8721,156,85594,43873,724
310,17,33,130,1318,635,17,8377,0.78,0.17,8721,157,87568,43945,726
311,18,31,126,1324,639,17,8377,0.77,0.17,8721,169,87816,44569,734
312,19,36,131,1331,641,18,8393,0.77,0.17,9021,158,88253,44691,738
313,27,41,131,1332,642,18,8393,0.77,0.17,9040,157,88295,44822,740
314,29,39,130,1336,645,18,8393,0.77,0.17,9056,161,88488,45064,746
315,18,31,118,1341,646,18,8393,0.77,0.17,9081,158,88741,45303,748
316,33,51,123,1358,647,18,8393,0.77,0.17,9097,158,90037,45407,750
317,40,52,120,1361,653,18,8393,0.77,0.17,9121,162,90184,45943,762
318,39,50,114,1365,659,18,8417,0.77,0.17,9179,168,90680,46493,774
319,32,46,96,1378,661,18,8417,0.77,0.17,9213,168,92052,46637,793
320,35,51,89,1394,664,18,8431,0.77,0.17,9290,164,93072,46798,799
321,49,57,92,1397,664,18,8431,0.77,0.17,9362,156,93340,46913,799
322,46,57,83,1398,674,18,8431,0.77,0.17,9362,166,93392,47703,819
323,44,54,71,1399,687,18,8431,0.77,0.17,9501,169,93445,48607,845
324,43,53,64,1404,699,18,8448,0.77,0.17,9608,176,93711,49499,869
325,31,38,71,1418,706,18,8507,0.77,0.17,9712,181,94574,50566,883
326,27,48,86,1434,707,18,8507,0.77,0.17,9853,168,95496,51063,885
327,29,55,100,1453,712,18,8514,0.77,0.17,9956,168,96404,51530,895
328,22,51,105,1463,713,18,8528,0.77,0.18,10105,158,96921,51597,897
329,20,54,111,1475,713,18,8542,0.77,0.18,10120,156,97715,51597,897
330,12,44,110,1485,713,18,8542,0.78,0.18,10120,156,98384,51597,897
331,28,53,108,1487,713,18,8542,0.78,0.18,10120,156,98541,51597,897
332,42,64,109,1488,713,18,8566,0.78,0.18,10144,155,98608,51672,897
333,45,64,101,1489,722,18,8616,0.77,0.18,10144,167,98663,52440,915
334,60,63,95,1489,728,19,8677,0.77,0.18,10298,157,98663,53001,927
335,55,59,84,1493,743,19,8735,0.77,0.18,10377,176,99034,54431,957
336,37,55,68,1502,768,19,8805,0.77,0.18,10582,201,99825,56752,1007
337,35,59,71,1506,769,19,8805,0.77,0.18,10907,166,100105,56910,1009
338,23,42,66,1511,779,19,8805,0.77,0.18,11033,166,100481,58037,1029
339,41,48,77,1529,786,19,8819,0.76,0.18,11173,169,102416,58774,1043
340,32,41,85,1546,795,19,8870,0.76,0.18,11508,166,104359,59479,1055
341,29,49,100,1563,795,20,8870,0.76,0.18,11674,152,107039,59614,1055
342,36,47,107,1579,801,20,8870,0.76,0.18,11703,157,108351,60171,1061
343,26,48,111,1596,803,20,8870,0.76,0.18,11758,154,109886,60396,1063
344,38,53,115,1612,804,20,8870,0.76,0.18,11783,153,112147,60772,1064
345,42,58,112,1627,806,20,8884,0.76,0.18,11801,153,114033,61099,1066
346,39,49,111,1640,808,20,8884,0.75,0.18,11821,155,117800,61455,1068
347,35,53,114,1655,811,20,8884,0.75,0.19,11850,158,119404,62388,1071
348,37,53,117,1668,814,20,8910,0.75,0.19,11895,159,121980,63349,1074
349,28,51,116,1684,817,20,8910,0.76,0.19,11911,164,123395,63702,1078
350,28,42,119,1701,820,20,8910,0.75,0.19,11996,159,125449,64029,1082
351,23,33,118,1715,824,20,8910,0.75,0.19,12036,161,127481,64688,1086
352,22,48,117,1731,829,20,8936,0.75,0.19,12131,157,130022,66138,1091
353,43,68,116,1732,831,20,8949,0.75,0.19,12175,156,130224,66387,1103
354,51,71,113,1732,834,20,8949,0.75,0.19,12364,157,130224,66778,1106
355,50,78,108,1733,840,20,8977,0.75,0.19,12390,158,130298,67183,1112
356,51,75,98,1734,851,20,9014,0.75,0.19,12486,167,130384,68346,1123
357,57,72,95,1734,854,20,9055,0.75,0.19,12579,153,130384,68989,1126
358,59,72,93,1735,857,20,9092,0.75,0.19,12599,155,130470,69243,1129
359,61,72,92,1736,859,20,9167,0.75,0.19,12639,152,130556,69692,1131
360,64,71,91,1736,860,20,9266,0.75,0.19,12659,151,130556,70732,1132
361,64,73,91,1737,861,20,9378,0.75,0.19,12659,153,130643,71070,1133
362,58,66,86,1738,867,20,9403,0.75,0.19,12678,168,130731,71932,1139
363,54,63,81,1740,874,20,9481,0.75,0.19,12827,173,131154,73049,1146
364,61,66,81,1741,875,20,9596,0.75,0.19,12954,160,131218,73302,1148
365,62,64,80,1743,878,20,9596,0.75,0.19,13023,157,131860,74281,1151
366,60,65,79,1746,882,20,9674,0.75,0.20,13046,165,132182,75159,1155
367,56,62,79,1752,888,21,9774,0.75,0.20,13117,170,132826,75967,1161
368,19,54,78,1759,893,21,9774,0.75,0.20,13262,167,134096,76594,1167
369,10,22,81,1773,897,21,9774,0.75,0.20,13366,163,135402,77152,1173
370,18,26,90,1789,901,21,9774,0.74,0.20,13482,156,137083,77515,1177
371,15,27,103,1806,904,21,9801,0.73,0.20,13508,157,138247,78526,1180
372,18,30,105,1823,916,21,9801,0.74,0.20,13564,173,141098,79820,1194
373,14,36,91,1839,920,21,9801,0.73,0.20,13730,156,144851,80356,1199
374,23,37,79,1856,921,21,9828,0.74,0.20,13762,153,145991,80516,1201
375,18,43,89,1872,923,21,9869,0.75,0.20,13816,151,148744,80979,1203
376,25,34,97,1889,925,21,9869,0.75,0.20,13852,150,152268,81385,1206
377,22,45,103,1906,926,21,9869,0.75,0.20,13871,150,153956,81747,1207
378,19,49,103,1922,933,21,9898,0.75,0.20,13900,161,155394,82967,1214
379,21,42,110,1939,934,21,9898,0.76,0.20,13978,154,157143,83189,1215
380,18,45,117,1956,940,21,9898,0.76,0.20,14069,156,159091,83904,1221
381,26,59,129,1972,941,21,9898,0.76,0.20,14154,150,161126,84827,1222
382,35,60,126,1978,945,21,9898,0.76,0.20,14189,156,161674,85736,1226
383,41,66,125,1979,947,22,9898,0.76,0.20,15088,151,161770,85833,1228
384,44,65,123,1984,954,22,9962,0.76,0.20,15177,151,162182,86757,1235
385,28,58,112,1985,959,22,10025,0.76,0.21,15215,156,162269,87815,1240
386,19,46,116,1994,960,22,10025,0.75,0.21,15301,148,163357,88099,1241
387,10,35,123,2011,962,22,10025,0.75,0.21,15320,150,165136,88221,1243
388,15,56,131,2020,962,22,10025,0.75,0.21,15354,146,167278,88393,1243
389,16,65,128,2020,965,22,10038,0.75,0.21,15354,152,167278,88888,1246
390,18,56,119,2021,968,22,10050,0.75,0.21,15379,154,167398,89229,1249
391,11,44,125,2031,972,22,10050,0.75,0.21,15430,154,168425,90049,1253
392,13,63,127,2045,974,22,10050,0.75,0.21,15506,147,170136,90397,1255
393,24,62,128,2046,974,22,10050,0.74,0.21,15513,146,170197,90451,1255
394,10,40,136,2056,975,22,10050,0.74,0.21,15513,148,171847,90472,1256
395,11,20,134,2065,977,22,10050,0.73,0.21,15513,153,173241,91087,1259
396,12,22,135,2079,978,22,10092,0.73,0.21,15564,149,174659,91526,1260
397,11,25,135,2088,979,22,10120,0.72,0.21,15564,152,175948,91870,1262
398,9,40,135,2099,981,22,10120,0.75,0.21,15644,146,177876,92058,1264
399,21,50,137,2101,981,22,10132,0.75,0.21,15664,142,178546,92144,1273
400,20,53,136,2102,982,22,10161,0.75,0.21,15664,144,178651,92371,1274
401,18,57,136,2106,984,22,10161,0.72,0.21,15677,147,179107,92619,1276
402,16,50,137,2115,984,22,10161,0.75,0.21,15702,144,179896,92896,1276
403,29,66,134,2120,986,22,10161,0.75,0.21,15713,146,180514,93151,1291
404,34,68,130,2120,990,22,10174,0.75,0.22,15742,150,180514,93507,1296
405,19,51,122,2123,1001,22,10200,0.75,0.22,15783,164,181160,94758,1311
406,19,41,130,2140,1003,22,10227,0.75,0.22,15793,167,184630,94996,1313
407,20,30,120,2156,1008,22,10227,0.75,0.22,15939,152,186564,95893,1318
408,23,36,125,2173,1014,22,10227,0.74,0.22,15975,157,188883,97139,1324
409,28,44,121,2190,1019,22,10255,0.74,0.22,15999,167,190912,98218,1331
410,24,38,110,2206,1027,22,10255,0.74,0.22,16071,172,193191,99477,1339
411,28,43,100,2223,1028,22,10255,0.73,0.22,16247,154,195976,99929,1340
412,32,45,96,2240,1033,22,10264,0.72,0.22,16270,162,199514,101227,1345
413,40,61,103,2256,1035,22,10264,0.72,0.22,16363,156,202519,102237,1347
414,42,73,105,2258,1035,23,10279,0.72,0.22,16415,150,202856,102452,1347
415,46,74,100,2261,1042,23,10292,0.72,0.22,16467,155,203667,104133,1354
416,48,74,94,2263,1050,23,10305,0.72,0.22,16497,169,204210,105186,1362
417,39,70,92,2276,1065,23,10317,0.72,0.22,16616,182,206034,107294,1377
418,43,72,92,2282,1071,23,10330,0.72,0.22,16810,163,206574,109411,1388
419,52,75,92,2285,1074,23,10343,0.72,0.22,16881,158,206781,110242,1391
420,48,71,92,2293,1082,23,10356,0.72,0.22,16910,170,207753,111658,1399
421,51,73,90,2294,1085,23,10382,0.72,0.22,16985,164,207869,112960,1403
422,51,68,89,2298,1090,23,10433,0.72,0.23,17027,169,208458,114043,1410
423,50,74,90,2303,1094,23,10485,0.72,0.23,17107,169,209653,114470,1414
424,49,73,89,2308,1100,23,10588,0.72,0.23,17141,183,210903,115574,1420
425,51,76,92,2312,1101,23,10716,0.72,0.23,17234,175,211471,115751,1425
426,59,75,91,2312,1102,23,10911,0.72,0.23,17377,161,211471,116153,1427
427,57,73,89,2313,1105,23,11095,0.72,0.23,17488,162,211614,116909,1431
428,57,75,91,2316,1106,23,11305,0.72,0.23,17540,162,211974,117406,1432
429,55,74,90,2319,1110,23,11566,0.72,0.23,17590,166,212505,117718,1437
430,62,84,100,2332,1113,23,11788,0.72,0.23,17627,167,214011,118351,1440
431,65,83,99,2333,1115,23,11959,0.72,0.23,17700,161,214085,119400,1442
432,64,81,97,2333,1117,23,12194,0.72,0.23,17764,157,214085,120096,1446
433,64,79,96,2334,1119,23,12417,0.72,0.23,17789,158,214380,120499,1448
434,63,78,95,2334,1120,23,12652,0.72,0.23,17824,156,214380,121136,1449
435,61,78,94,2335,1122,23,12927,0.72,0.23,17879,156,214489,122066,1452
436,58,76,92,2336,1125,23,13162,0.72,0.23,17888,163,214614,122255,1455
437,57,76,92,2339,1128,23,13441,0.72,0.23,17905,167,215175,122801,1458
438,52,77,93,2346,1134,23,13689,0.72,0.23,17981,176,216166,123389,1468
439,58,76,93,2348,1136,23,13964,0.72,0.23,18114,169,216429,123556,1470
440,58,77,93,2349,1137,24,14238,0.72,0.24,18244,158,216582,123691,1471
441,59,77,92,2350,1138,24,14513,0.72,0.24,18283,158,216735,123846,1472
442,60,79,93,2351,1138,24,14748,0.72,0.24,18317,154,216889,123911,1472
443,59,77,92,2352,1140,24,15010,0.72,0.24,18326,157,217044,124157,1474
444,60,77,93,2353,1140,24,15244,0.71,0.24,18369,151,217354,124190,1474
445,60,78,93,2353,1140,24,15531,0.71,0.24,18378,150,217354,124372,1474
446,58,77,92,2354,1142,24,15819,0.71,0.24,18378,154,217469,124759,1476
447,57,77,93,2357,1144,24,16080,0.71,0.24,18404,154,217943,125440,1478
448,59,77,92,2357,1145,24,16303,0.71,0.24,18417,154,217943,125770,1479
449,59,79,93,2358,1145,24,16577,0.71,0.24,18437,152,218261,125846,1479
450,59,78,93,2359,1146,24,16839,0.71,0.24,18450,153,218581,126230,1480
451,58,77,92,2360,1148,24,17104,0.71,0.24,18450,159,218902,126561,1483
452,58,78,93,2362,1149,24,17378,0.71,0.24,18493,156,219386,126737,1485
453,59,78,94,2363,1149,24,17614,0.71,0.24,18517,153,219549,126737,1485
454,61,80,94,2363,1149,24,17927,0.71,0.24,18541,150,219549,126737,1485
455,60,79,94,2364,1150,24,18176,0.71,0.24,18541,152,219713,126780,1486
456,60,82,95,2365,1150,24,18490,0.71,0.24,18541,152,219877,126780,1486
457,62,82,96,2366,1150,24,18804,0.71,0.24,18560,150,220042,126780,1486
458,63,83,97,2367,1150,24,19095,0.71,0.24,18560,150,220181,126909,1486
459,63,82,97,2367,1150,24,19303,0.71,0.25,18560,150,220181,127451,1486
460,63,83,98,2368,1150,24,19604,0.71,0.25,18560,150,220516,127891,1486
461,62,83,98,2369,1151,24,19892,0.71,0.25,18560,152,220684,128347,1487
462,61,81,96,2369,1153,24,20180,0.71,0.25,18560,158,220684,128987,1489
463,60,81,95,2370,1155,24,20506,0.71,0.25,18573,161,221137,129700,1491
464,60,80,95,2371,1156,24,20768,0.71,0.25,18617,158,221594,129753,1492
465,58,80,95,2373,1158,24,21030,0.71,0.25,18648,160,222179,130054,1497
466,59,81,96,2374,1158,24,21317,0.71,0.25,18690,156,222305,130230,1497
467,56,80,96,2375,1159,24,21540,0.71,0.25,18758,152,222479,130428,1498
468,35,76,91,2376,1165,24,21540,0.71,0.25,18766,163,222653,131364,1505
469,11,32,96,2383,1167,24,21540,0.72,0.25,18780,165,223527,132428,1507
470,5,28,109,2400,1171,24,21540,0.72,0.25,18890,161,226665,132735,1513
471,9,55,125,2416,1171,24,21540,0.72,0.25,18953,151,228543,132735,1513
472,30,45,139,2431,1172,24,21540,0.72,0.25,18953,153,230685,132859,1515
473,32,37,139,2434,1175,24,21563,0.72,0.25,18958,158,230952,133771,1518
474,17,27,132,2439,1185,24,21578,0.71,0.25,18979,174,231908,136238,1528
475,22,35,136,2456,1185,24,21578,0.71,0.25,19085,161,233691,136238,1528
476,8,25,104,2470,1194,24,21578,0.71,0.25,19124,172,236405,137554,1538
477,12,36,99,2487,1194,24,21578,0.70,0.26,19239,154,238707,137774,1538
478,21,39,90,2504,1199,24,21578,0.70,0.26,19239,164,240930,138479,1543
479,26,45,95,2520,1205,24,21578,0.70,0.26,19329,166,243909,139833,1551
480,30,66,107,2540,1213,24,21593,0.70,0.26,19443,170,248205,141714,1560
481,36,78,114,2549,1215,24,21606,0.70,0.26,19523,160,250424,142914,1562
482,33,63,104,2549,1225,24,21620,0.70,0.26,19555,179,250424,144456,1573
483,18,50,117,2566,1226,24,21635,0.69,0.26,19631,171,252413,144698,1574
484,19,42,125,2583,1226,24,21665,0.68,0.26,19674,163,256378,144698,1574
485,18,33,125,2599,1235,24,21665,0.68,0.26,19749,167,259710,146168,1584
486,19,40,133,2616,1236,24,21665,0.70,0.26,19797,160,262728,146903,1585
487,21,38,127,2633,1241,24,21665,0.70,0.26,19803,169,265434,148093,1590
488,20,42,114,2649,1246,24,21674,0.70,0.26,19879,172,268554,148931,1595
489,23,44,105,2666,1249,24,21682,0.70,0.26,19943,168,271883,149650,1598
490,19,42,102,2683,1255,24,21682,0.70,0.26,19991,177,276263,150901,1605
491,23,64,113,2699,1259,25,21682,0.70,0.26,20102,170,282005,151574,1609
492,43,81,126,2716,1263,25,21682,0.70,0.26,20148,172,285348,153405,1614
493,68,80,126,2718,1265,25,21711,0.70,0.26,20210,165,285666,153820,1616
494,44,56,112,2727,1278,25,21711,0.71,0.26,20218,195,287356,157359,1629
495,28,44,120,2744,1279,25,21711,0.70,0.27,20373,174,290828,157778,1630
496,22,47,128,2761,1281,25,21711,0.70,0.27,20390,176,294835,158437,1632
497,24,47,134,2778,1285,25,21711,0.70,0.27,20421,181,298942,160027,1638
498,27,44,138,2791,1287,25,21721,0.70,0.27,20448,182,300760,161435,1640
499,26,45,123,2799,1288,25,21721,0.70,0.27,20503,177,302551,161467,1641
500,14,46,117,2816,1294,25,21721,0.70,0.27,20543,189,306450,162718,1648
501,22,43,108,2833,1294,25,21721,0.70,0.27,20659,172,310011,162954,1648
502,26,44,113,2849,1296,25,21721,0.70,0.27,20681,173,313443,163814,1650
503,40,59,126,2866,1299,25,21721,0.70,0.27,21752,178,318635,165576,1653
504,44,74,129,2873,1303,25,21748,0.70,0.27,21792,180,319845,166999,1657
505,49,55,128,2877,1305,25,21857,0.70,0.27,21805,182,321422,168740,1659
506,48,56,124,2893,1314,25,21871,0.70,0.27,21893,196,325666,171034,1670
507,37,61,133,2910,1317,25,21871,0.70,0.27,21946,196,328966,172240,1674
508,38,51,137,2921,1317,25,21871,0.70,0.27,22100,175,331591,174332,1674
509,37,53,138,2929,1323,26,21871,0.70,0.27,23170,189,332824,175797,1680
510,39,67,139,2935,1327,26,21884,0.70,0.27,23217,190,333868,176378,1684
511,42,70,139,2941,1331,26,21911,0.70,0.27,23257,193,335669,176804,1691
512,15,27,109,2946,1340,26,21911,0.70,0.28,23305,210,336170,178760,1704
513,9,24,100,2963,1342,26,21926,0.70,0.28,23392,202,339401,179144,1706
514,18,33,108,2979,1343,26,21926,0.70,0.28,23470,193,341894,179387,1707
515,21,42,115,2996,1347,26,21926,0.70,0.28,23532,193,344070,180101,1712
516,30,52,101,3013,1349,26,21926,0.69,0.28,23581,192,346340,180696,1714
517,32,44,113,3029,1353,26,21940,0.69,0.28,23636,195,348589,181373,1719
518,19,44,104,3046,1358,26,21980,0.69,0.28,23671,200,350987,182589,1724
519,25,50,104,3063,1359,26,21980,0.69,0.28,23725,192,353561,182944,1725
520,15,45,105,3079,1371,26,21980,0.69,0.28,23736,214,356701,184893,1738
521,26,54,115,3096,1372,26,21980,0.69,0.28,23839,200,358995,185144,1739
522,27,47,128,3121,1381,26,21980,0.69,0.28,23896,208,362633,186788,1753
523,34,50,131,3138,1386,26,21980,0.69,0.28,23972,204,367681,188438,1758
524,29,45,134,3155,1394,26,21995,0.69,0.28,24058,212,370474,190456,1767
525,44,64,132,3171,1401,26,21995,0.69,0.28,24189,215,374417,192820,1774
526,58,77,134,3184,1412,27,22009,0.69,0.28,24331,220,377978,195378,1785
527,72,110,136,3192,1418,27,22039,0.69,0.29,24440,215,380220,196668,1792
528,60,99,119,3206,1449,27,22071,0.69,0.29,25028,225,383626,203269,1827
529,64,101,123,3223,1462,27,22071,0.69,0.29,25392,206,386300,206315,1843
530,74,98,133,3240,1469,27,22071,0.69,0.29,25466,212,389891,208350,1851
531,54,76,122,3257,1497,27,22113,0.69,0.29,25595,269,393151,213845,1884
532,26,58,121,3274,1515,27,22113,0.69,0.29,26168,258,397942,218727,1906
533,20,51,131,3291,1519,28,22113,0.68,0.29,26566,225,401854,220473,1911
534,23,48,142,3308,1520,28,22147,0.68,0.29,26710,217,405785,222560,1912
535,24,38,135,3325,1527,28,22192,0.67,0.29,26808,219,408929,224321,1920
536,25,50,137,3342,1530,28,22210,0.67,0.29,26842,225,411644,225309,1923
537,23,54,144,3351,1532,28,22210,0.67,0.29,26904,221,412672,225922,1925
538,24,53,139,3354,1539,28,22210,0.67,0.29,26967,229,413026,227416,1932
539,31,60,141,3361,1544,28,22251,0.72,0.30,27062,230,414280,228319,1940
540,23,55,131,3366,1559,28,22293,0.72,0.30,27218,253,417186,231443,1958
541,14,50,125,3380,1570,28,22293,0.72,0.30,27239,277,420244,233098,1969
542,21,52,125,3401,1570,28,22310,0.65,0.30,27571,233,426231,233760,1969
543,24,55,113,3418,1573,28,22338,0.65,0.30,27753,222,428380,235875,1972
544,28,46,118,3436,1582,28,22348,0.66,0.30,27753,245,432405,238298,1982
545,17,39,118,3453,1590,28,22348,0.66,0.30,28023,241,435142,241023,1993
546,17,44,118,3470,1592,28,22348,0.66,0.30,28130,233,438439,241550,1995
547,28,66,125,3487,1596,28,22371,0.67,0.30,28357,222,441441,242972,1999
548,47,77,132,3504,1606,28,22371,0.67,0.30,28399,245,443401,244924,2010
549,65,86,132,3521,1622,28,22412,0.67,0.30,28643,264,446314,248567,2030
550,60,82,137,3538,1631,28,22412,0.66,0.31,28882,268,449139,250900,2040
551,35,77,133,3559,1642,29,22412,0.66,0.31,29058,275,452335,253001,2051
552,17,38,127,3576,1656,29,22463,0.65,0.31,29190,298,456262,256551,2068
553,10,29,130,3593,1659,29,22463,0.64,0.31,29448,282,460323,256945,2072
554,9,30,133,3610,1663,29,22463,0.65,0.31,29636,265,466313,258002,2076
555,11,30,144,3625,1667,29,22463,0.64,0.31,29806,258,470738,258926,2081
556,12,54,139,3628,1675,29,22474,0.64,0.31,29881,269,471004,260384,2092
557,22,87,145,3636,1676,29,22474,0.72,0.31,30020,256,472115,260660,2111
558,30,87,140,3645,1689,29,22474,0.72,0.31,30116,278,474698,262643,2127
559,30,56,143,3660,1691,29,22474,0.64,0.31,30202,271,478118,263564,2129
560,19,51,134,3673,1693,29,22524,0.64,0.31,30242,272,481744,264961,2131
561,9,43,137,3690,1700,29,22531,0.64,0.31,30446,267,487396,266785,2139
562,10,34,138,3707,1703,29,22541,0.65,0.32,30598,257,491984,267524,2142
563,17,30,141,3724,1704,29,22541,0.65,0.32,30628,255,495294,267896,2144
564,14,31,127,3735,1709,29,22541,0.66,0.32,30663,265,498896,269885,2149
565,17,42,131,3752,1715,29,22541,0.66,0.32,30890,262,504425,271200,2156
566,26,65,147,3769,1715,29,22541,0.66,0.32,30998,250,507290,272206,2156
567,44,83,142,3770,1721,29,22551,0.65,0.32,30998,265,508018,274392,2163
568,52,79,137,3779,1735,29,22551,0.65,0.32,31104,286,510121,278527,2178
569,33,75,124,3790,1759,30,22551,0.64,0.32,31454,318,513520,283353,2206
570,34,83,131,3803,1765,30,22551,0.64,0.32,31779,301,515817,284524,2212
571,50,76,137,3824,1780,30,22551,0.63,0.32,31998,305,519801,288275,2230
572,27,62,140,3832,1785,30,22551,0.63,0.32,32150,299,521493,289421,2235
573,15,52,137,3843,1785,30,22579,0.64,0.33,32227,288,524364,289948,2235
574,20,45,139,3860,1790,30,22579,0.64,0.33,32509,286,527651,291833,2241
575,19,42,146,3875,1792,30,22596,0.65,0.33,32552,285,531644,292886,2243
576,23,45,148,3882,1795,30,22596,0.65,0.33,32634,286,533867,294631,2246
577,22,48,144,3887,1804,30,22596,0.65,0.33,32739,301,535927,296866,2256
578,23,63,140,3893,1814,30,22596,0.64,0.33,32961,307,537427,298847,2266
579,18,71,140,3904,1825,30,22596,0.64,0.33,33174,307,540625,301327,2280
580,26,87,143,3913,1831,30,22596,0.64,0.33,33387,294,544960,302695,2288
581,34,87,139,3919,1841,30,22596,0.64,0.33,33542,301,546992,304701,2299
582,35,65,140,3931,1852,30,22596,0.64,0.33,33684,306,550311,308137,2311
583,32,58,148,3941,1854,30,22614,0.65,0.33,33824,298,552355,309424,2313
584,37,63,148,3950,1855,30,22631,0.65,0.33,33972,285,554737,310011,2314
585,49,74,141,3961,1863,31,22651,0.65,0.34,34028,306,558127,312545,2322
586,51,81,147,3976,1867,31,22651,0.65,0.34,34403,295,562771,312892,2327
587,56,89,146,3994,1882,31,22651,0.65,0.34,34757,298,565345,316378,2342
588,57,85,138,4001,1897,31,22651,0.64,0.34,34929,298,568044,320292,2359
589,53,91,147,4016,1903,31,22661,0.65,0.34,35028,296,571413,323621,2367
590,31,70,147,4031,1913,31,22708,0.64,0.34,35163,310,575727,326308,2377
591,21,42,147,4044,1920,31,22708,0.62,0.34,35325,303,577959,329324,2386
592,15,36,141,4060,1929,31,22708,0.61,0.34,35512,310,586113,331306,2397
593,23,50,146,4073,1933,31,22708,0.61,0.34,35721,310,588924,334446,2407
594,24,58,150,4079,1935,31,22708,0.72,0.34,35942,295,589821,336930,2411
595,20,64,144,4080,1942,31,22722,0.72,0.34,36053,301,589946,339487,2427
596,25,71,145,4089,1950,31,22736,0.72,0.34,36099,318,591195,340421,2443
597,32,77,141,4095,1960,31,22736,0.72,0.34,36237,337,592239,344046,2467
598,52,77,148,4104,1962,31,22754,0.61,0.35,36283,335,594241,346187,2471
599,31,64,143,4111,1971,31,22754,0.62,0.35,36445,341,595955,347847,2491
600,46,79,147,4118,1974,31,22754,0.72,0.35,36534,332,598378,348883,2514
601,60,88,149,4122,1976,31,22768,0.72,0.35,36577,329,599121,349854,2518
602,49,69,150,4131,1978,31,22768,0.72,0.35,36610,330,600492,350340,2522
603,19,45,147,4144,1979,31,22768,0.61,0.35,36653,329,607504,350650,2524
604,16,41,146,4160,1979,31,22768,0.61,0.35,36700,325,611224,351089,2524
605,22,47,147,4175,1982,31,22768,0.61,0.35,36706,330,615081,352226,2530
606,28,45,149,4184,1983,31,22768,0.61,0.35,36723,329,616740,353604,2532
607,38,50,147,4191,1986,32,22768,0.61,0.35,36740,333,619262,354560,2540
608,23,40,141,4207,1995,32,22768,0.60,0.35,36808,345,621730,357113,2562
609,16,42,128,4224,2000,32,22777,0.60,0.35,36900,340,627815,358371,2574
610,23,38,101,4241,2009,32,22777,0.61,0.35,36986,347,631653,360727,2596
611,6,33,97,4257,2019,32,22777,0.63,0.35,37054,358,635787,362851,2616
612,9,42,100,4274,2019,32,22777,0.61,0.35,37092,352,640645,363541,2616
613,16,46,105,4291,2021,32,22777,0.60,0.35,37151,347,646300,364789,2620
614,26,55,107,4307,2023,32,22777,0.61,0.35,37158,352,650562,365742,2624
615,37,69,115,4324,2029,32,22777,0.61,0.36,37207,359,654670,368193,2638
616,24,57,118,4341,2034,32,22777,0.62,0.36,37272,361,657778,371050,2650
617,16,65,125,4358,2038,32,22777,0.62,0.36,37354,358,662887,371935,2658
618,30,92,135,4374,2044,32,22777,0.61,0.36,37368,369,668271,373677,2672
619,35,103,138,4384,2049,32,22791,0.61,0.36,37447,371,670846,376848,2690
620,44,103,131,4385,2057,32,22805,0.61,0.36,37555,372,671378,379915,2708
621,49,97,128,4389,2063,32,22834,0.61,0.36,37629,375,673246,382417,2724
622,21,67,139,4406,2067,32,22834,0.62,0.36,37739,369,676288,383332,2732
623,28,52,151,4423,2067,32,22834,0.62,0.36,37788,362,679607,384077,2732
624,22,29,146,4429,2077,32,22877,0.62,0.36,37913,372,681679,387375,2742
625,16,21,141,4439,2089,32,22886,0.62,0.36,38023,386,683513,390607,2754
626,12,23,132,4454,2096,32,22886,0.62,0.36,38184,379,687011,393237,2761
627,12,32,114,4471,2100,32,22886,0.62,0.36,38235,381,695579,394229,2767
628,13,38,99,4487,2102,32,22886,0.62,0.36,38312,371,704333,394762,2770
629,26,48,97,4504,2102,32,22886,0.62,0.36,38317,370,711976,395719,2770
630,22,40,110,4521,2104,32,22886,0.62,0.36,38335,371,719788,397001,2772
631,18,39,118,4537,2108,32,22886,0.62,0.36,38356,377,728571,398775,2777
632,17,39,116,4554,2114,32,22886,0.61,0.37,38440,381,733268,400987,2784
633,37,52,128,4571,2115,32,22886,0.61,0.37,38538,369,737869,403470,2785
634,35,61,134,4589,2127,32,22886,0.61,0.37,38575,391,744774,408082,2798
635,44,85,148,4606,2130,32,22900,0.61,0.37,38679,380,751863,409721,2801
636,61,90,144,4614,2139,32,22976,0.61,0.37,38753,387,753944,412972,2812
637,66,96,142,4623,2150,32,23005,0.61,0.37,38841,396,755984,416717,2823
638,79,105,139,4628,2157,32,23062,0.61,0.37,38935,399,757229,419025,2830
639,90,113,145,4639,2161,32,23136,0.61,0.37,39064,390,759587,421347,2835
640,100,113,143,4642,2165,32,23193,0.61,0.37,39182,386,760093,422528,2839
641,107,111,141,4644,2169,32,23327,0.61,0.37,39229,390,760862,425041,2844
642,106,109,138,4645,2173,32,23545,0.61,0.37,39306,388,761031,426428,2848
643,99,107,137,4653,2182,33,23807,0.61,0.37,39411,395,763426,429198,2858
644,101,112,137,4655,2184,33,24198,0.61,0.37,39446,393,763842,430853,2860
645,99,112,138,4660,2188,33,24591,0.61,0.37,39570,388,766531,433660,2865
646,107,117,141,4663,2188,33,25041,0.61,0.37,39658,379,767557,435680,2865
647,106,117,140,4664,2190,33,25390,0.61,0.37,39734,375,768128,438219,2871
648,108,111,134,4666,2197,33,25580,0.72,0.37,39773,391,768844,442301,2889
649,109,114,133,4667,2198,33,25915,0.72,0.38,39833,387,768987,444072,2891
650,111,114,131,4668,2201,33,26263,0.72,0.38,39978,379,769131,446348,2894
651,63,77,106,4684,2242,33,26279,0.72,0.38,40401,446,775655,460448,2940
652,41,69,114,4701,2251,33,26319,0.61,0.38,40882,418,780200,465857,2951
653,41,62,120,4718,2262,33,26319,0.61,0.38,41167,408,786614,469688,2964
654,39,54,130,4735,2269,33,26319,0.61,0.38,41304,408,789505,472704,2973
655,39,59,139,4751,2276,33,26334,0.61,0.38,41450,405,793474,475631,2982
656,20,44,144,4768,2286,33,26359,0.61,0.38,41549,409,798602,478952,2997
657,25,49,138,4785,2287,33,26496,0.61,0.38,41601,402,801838,480290,2999
658,29,44,125,4801,2296,33,26530,0.60,0.38,41660,419,805514,483727,3010
659,37,49,113,4818,2300,33,26530,0.60,0.38,41786,412,809199,485362,3016
660,36,62,117,4835,2306,33,26530,0.60,0.38,41824,419,812175,487652,3023
661,33,75,126,4852,2313,33,26530,0.72,0.38,42021,411,816729,489405,3031
662,43,83,135,4868,2320,33,26545,0.72,0.38,42065,420,820434,491482,3039
663,56,89,130,4877,2334,34,26620,0.72,0.38,42153,433,822816,495694,3057
664,45,74,130,4892,2349,34,26666,0.72,0.38,42239,455,826043,500018,3073
665,37,71,138,4909,2351,34,26682,0.59,0.38,42419,434,829127,501401,3075
666,23,50,139,4926,2359,34,26682,0.59,0.39,42529,434,833932,504049,3085
667,34,56,147,4943,2361,34,26697,0.58,0.39,42629,425,838056,505597,3087
668,28,41,151,4954,2365,34,26697,0.58,0.39,42724,422,840229,506714,3092
669,20,31,139,4966,2367,34,26697,0.58,0.39,42774,421,843287,507311,3094
670,18,36,136,4983,2368,34,26711,0.60,0.39,42833,415,849386,507757,3095
671,19,38,120,5000,2378,34,26763,0.60,0.39,42833,436,853189,512414,3107
672,23,41,118,5016,2384,34,26763,0.60,0.39,42954,432,859146,514471,3115
673,21,44,119,5033,2388,34,26763,0.59,0.39,43068,424,865396,516386,3119
674,27,55,118,5050,2395,34,26763,0.59,0.39,43117,432,870955,520099,3127
675,45,72,127,5067,2401,34,26777,0.59,0.39,43172,436,875136,523251,3145
676,58,86,134,5083,2405,34,26777,0.59,0.39,43255,431,880993,526101,3149
677,50,86,138,5100,2414,34,26792,0.58,0.39,43339,439,885299,529814,3161
678,20,62,123,5117,2427,34,26792,0.58,0.39,43418,461,890411,535231,3174
679,32,55,125,5133,2430,34,26809,0.58,0.39,43514,456,894171,536274,3177
680,16,49,133,5150,2439,34,26809,0.58,0.39,43733,450,901958,538571,3186
681,13,56,136,5167,2446,34,26809,0.58,0.39,43919,437,909057,541775,3193
682,22,67,146,5184,2451,34,26809,0.58,0.40,43947,443,916049,543077,3198
683,44,82,153,5194,2454,34,26809,0.58,0.40,44055,434,920632,546103,3202
684,67,92,153,5197,2457,35,26809,0.58,0.40,45741,434,921889,548843,3206
685,79,99,153,5200,2460,35,26884,0.58,0.40,45759,438,922836,551489,3209
686,72,99,148,5203,2468,35,26914,0.58,0.40,45783,455,924734,555281,3218
687,54,75,147,5214,2478,35,26914,0.58,0.40,45940,462,928965,558526,3230
688,26,53,149,5227,2479,35,26914,0.57,0.40,46153,440,937629,562170,3231
689,27,42,136,5239,2485,35,26914,0.57,0.40,46197,448,940976,563775,3238
690,24,40,142,5255,2487,35,26929,0.57,0.40,46309,442,944279,564609,3240
691,28,34,132,5272,2499,35,26966,0.57,0.40,46369,458,950050,568197,3253
692,8,24,107,5289,2516,35,27011,0.57,0.40,46478,482,955833,573186,3274
693,7,24,92,5306,2519,35,27011,0.57,0.40,46688,456,961590,574298,3277
694,20,44,97,5322,2521,35,27011,0.57,0.40,46736,452,966577,574860,3279
695,29,56,103,5339,2531,35,27011,0.57,0.40,46760,468,971500,578230,3289
696,43,66,114,5356,2536,35,27070,0.57,0.40,46838,465,976955,579958,3294
697,34,60,112,5372,2536,35,27087,0.56,0.40,46904,454,980960,581810,3294
698,29,54,114,5389,2544,35,27106,0.56,0.40,46927,473,985215,584494,3303
699,34,56,120,5406,2545,35,27106,0.56,0.41,47048,460,991415,584876,3304
700,25,55,126,5423,2550,35,27121,0.57,0.41,47139,459,1001991,586674,3309
701,42,81,138,5439,2553,35,27121,0.57,0.41,47205,458,1005952,588153,3312
702,71,90,147,5456,2561,35,27137,0.57,0.41,47229,470,1010560,591119,3323
703,72,83,142,5466,2575,35,27137,0.57,0.41,47325,482,1014286,596643,3340
704,45,71,145,5481,2577,35,27137,0.57,0.41,47395,476,1019925,600267,3343
705,36,63,136,5493,2582,35,27137,0.57,0.41,47503,468,1025120,603859,3348
706,32,47,141,5510,2587,35,27152,0.56,0.41,47635,467,1030356,605297,3354
707,18,38,144,5527,2590,35,27167,0.56,0.41,47716,465,1040206,606789,3358
708,17,35,139,5540,2592,35,27167,0.56,0.41,47738,466,1046581,607488,3360
709,20,40,136,5557,2594,35,27210,0.56,0.41,47776,464,1053762,609848,3362
710,20,46,148,5574,2599,35,27210,0.56,0.41,47808,470,1064158,613136,3367
711,39,74,155,5591,2600,35,27242,0.56,0.41,47868,465,1069846,613577,3368
712,76,87,153,5594,2604,36,27257,0.56,0.41,47957,466,1072079,614699,3372
713,52,91,147,5599,2615,36,27257,0.57,0.41,48108,479,1077755,623280,3385
714,37,75,147,5612,2628,36,27257,0.57,0.41,48202,497,1084700,628783,3399
715,18,54,154,5623,2632,36,27274,0.57,0.42,48315,493,1087191,631361,3403
716,12,41,157,5628,2634,36,27274,0.57,0.42,48487,470,1091704,631842,3406
717,14,36,158,5629,2634,36,27274,0.57,0.42,48505,467,1091910,632175,3406
718,5,26,156,5629,2636,36,27274,0.58,0.42,48505,471,1091910,633135,3408
719,2,17,187,5663,2638,36,27274,0.58,0.42,48529,471,1098952,634048,3412
720,26,33,170,5663,2639,36,27274,0.58,0.42,48529,473,1098952,634355,3413
721,0,23,119,5676,2670,36,27312,0.58,0.42,48761,508,1104847,643457,3453
722,6,42,133,5693,2670,36,27312,0.72,0.42,49126,467,1109518,643670,3453
723,32,55,148,5710,2672,36,27312,0.72,0.42,49133,470,1115675,645282,3455
724,37,56,145,5726,2688,36,27312,0.72,0.42,49224,488,1119368,649809,3474
725,41,55,148,5743,2692,36,27312,0.57,0.42,49340,479,1122708,652407,3482
726,25,54,115,5760,2700,36,27312,0.57,0.42,49418,485,1128202,656022,3490
727,21,61,97,5776,2709,36,27312,0.56,0.42,49552,491,1134094,660024,3501
728,28,71,108,5793,2715,36,27312,0.56,0.42,49693,485,1140817,662553,3507
729,24,56,120,5810,2720,36,27400,0.56,0.42,49842,480,1151447,666608,3512
730,23,50,129,5827,2725,36,27446,0.55,0.42,49913,484,1159917,670161,3517
731,19,57,132,5843,2731,36,27446,0.55,0.43,50119,474,1164106,673488,3525
732,31,73,143,5860,2733,36,27446,0.55,0.43,50303,466,1168924,674358,3528
733,53,105,154,5877,2739,36,27446,0.55,0.43,50303,478,1176558,676948,3534
734,61,107,145,5887,2758,36,27463,0.55,0.43,50370,511,1179788,684532,3556
735,72,103,148,5903,2771,36,27497,0.56,0.43,50643,503,1189152,691086,3571
736,54,94,147,5918,2787,36,27543,0.56,0.43,50870,517,1194189,697080,3589
737,44,79,156,5933,2793,37,27543,0.56,0.43,51072,506,1198853,700068,3596
738,14,57,155,5940,2801,37,27582,0.57,0.43,51240,508,1200387,704141,3604
739,8,31,150,5948,2807,37,27602,0.57,0.43,51350,506,1202145,705990,3610
740,13,34,159,5965,2807,37,27602,0.57,0.43,51426,496,1206275,706211,3610
741,14,28,144,5974,2811,37,27602,0.56,0.43,51434,504,1208944,708356,3614
742,17,25,142,5991,2815,37,27602,0.56,0.43,51495,508,1215671,708957,3619
743,25,37,135,6007,2815,37,27602,0.56,0.43,51586,496,1223668,709459,3619
744,13,33,111,6024,2827,37,27602,0.55,0.43,51677,514,1228234,713406,3633
745,18,40,106,6041,2832,37,27622,0.55,0.43,51782,512,1234190,716420,3639
746,19,40,108,6058,2838,37,27622,0.55,0.43,51867,514,1240755,718737,3648
747,23,54,118,6074,2843,37,27622,0.55,0.44,51990,510,1248860,721128,3654
748,46,74,128,6091,2850,37,27668,0.55,0.44,52045,518,1259656,724617,3663
749,34,73,126,6108,2869,37,27685,0.54,0.44,52177,540,1266470,731010,3683
750,31,67,130,6125,2875,37,27685,0.54,0.44,52409,519,1272244,733356,3689
751,25,45,127,6141,2882,37,27685,0.53,0.44,52447,529,1278697,736693,3697
752,15,46,138,6158,2884,37,27685,0.55,0.44,52527,523,1285916,737942,3700
753,14,45,143,6175,2889,37,27695,0.55,0.44,52551,529,1291861,739960,3705
754,23,62,158,6192,2889,37,27695,0.54,0.44,52607,520,1296549,740359,3705
755,34,80,158,6195,2892,37,27695,0.54,0.44,52668,517,1297775,741385,3709
756,36,81,156,6201,2900,37,27754,0.54,0.44,52732,524,1301272,744192,3717
757,45,71,158,6209,2906,37,27754,0.55,0.44,52814,527,1304625,746540,3723
758,38,58,160,6217,2911,37,27754,0.54,0.44,52903,526,1307224,748389,3728
759,48,65,161,6221,2914,37,27754,0.54,0.44,53012,518,1308233,749350,3732
760,34,57,144,6225,2935,37,27770,0.54,0.44,53079,550,1309002,755771,3759
761,57,76,132,6242,2964,37,27838,0.55,0.44,53379,572,1314443,766451,3796
762,45,87,122,6259,2991,37,27872,0.55,0.44,53706,594,1322497,776315,3824
763,57,99,131,6275,2998,37,27872,0.55,0.45,54152,553,1328471,781009,3833
764,74,106,135,6292,3011,38,27872,0.55,0.45,54350,555,1335053,785197,3847
765,52,85,130,6309,3033,38,27922,0.54,0.45,54488,587,1341848,798873,3870
766,16,63,127,6326,3053,38,27989,0.54,0.45,54782,599,1350430,809416,3894
767,10,50,127,6342,3057,38,27989,0.53,0.45,55109,570,1358330,812515,3899
768,10,52,132,6359,3058,38,27989,0.53,0.45,55491,529,1367584,813111,3900
769,21,73,149,6377,3058,38,27989,0.53,0.45,55522,526,1375527,813170,3900
770,28,93,154,6389,3065,38,27989,0.53,0.45,55522,540,1378666,815620,3908
771,43,109,153,6393,3069,38,27989,0.53,0.45,55541,545,1379655,819204,3914
772,49,116,157,6402,3074,38,27989,0.52,0.45,55688,539,1383552,822537,3923
773,53,115,150,6403,3081,38,28007,0.72,0.45,55715,550,1383949,827610,3932
774,56,110,145,6406,3089,38,28149,0.72,0.45,55807,554,1385144,832548,3940
775,56,109,137,6414,3105,38,28196,0.72,0.45,56015,566,1389138,841473,3959
776,65,118,143,6426,3111,38,28259,0.72,0.45,56121,564,1392340,846318,3967
777,63,112,134,6433,3127,38,28526,0.72,0.45,56244,589,1396237,851115,3988
778,58,113,133,6444,3139,38,28603,0.72,0.45,56514,588,1400559,859984,4000
779,49,111,131,6454,3151,38,28744,0.72,0.46,56703,592,1404272,864530,4015
780,40,119,141,6465,3152,38,28744,0.72,0.46,56904,571,1408006,865444,4017
781,62,121,141,6466,3153,38,28777,0.72,0.46,57059,555,1408817,866276,4018
782,74,122,142,6471,3157,38,29057,0.72,0.46,57078,562,1412072,869599,4023
783,79,120,142,6476,3162,38,29384,0.72,0.46,57181,564,1413297,873192,4029
784,73,117,135,6486,3179,38,29588,0.72,0.46,57279,600,1418206,879848,4050
785,79,118,141,6501,3188,39,29588,0.52,0.46,57713,574,1425269,884541,4062
786,39,87,155,6518,3191,39,29603,0.52,0.46,57893,561,1433765,886825,4066
787,25,70,161,6526,3193,39,29603,0.53,0.46,57984,555,1438295,888239,4069
788,15,38,163,6528,3193,39,29603,0.53,0.46,58010,552,1439121,888372,4069
789,10,20,160,6530,3196,39,29624,0.53,0.46,58020,559,1439949,889535,4072
790,7,34,163,6534,3196,39,29624,0.53,0.46,58083,551,1440918,889668,4072
791,10,36,163,6535,3196,39,29624,0.53,0.46,58083,551,1441126,889983,4072
792,15,40,161,6537,3198,39,29624,0.53,0.46,58083,557,1441544,891017,4075
793,18,57,163,6540,3199,39,29686,0.53,0.46,58098,558,1442506,891439,4076
794,33,68,159,6540,3203,39,29749,0.53,0.46,58106,568,1442506,892261,4081
795,53,71,161,6544,3205,39,29811,0.53,0.47,58137,569,1443965,894277,4083
796,53,66,156,6547,3213,39,29842,0.53,0.47,58153,583,1444809,899635,4093
797,46,66,157,6558,3223,39,29858,0.53,0.47,58254,590,1450363,902592,4105
798,47,71,160,6568,3230,39,29891,0.53,0.47,58379,589,1453389,906550,4115
799,56,87,163,6571,3230,39,29924,0.53,0.47,58442,581,1454339,907757,4115
800,59,83,159,6571,3234,39,30019,0.53,0.47,58527,579,1454339,909969,4119
801,52,74,152,6575,3245,39,30116,0.53,0.47,58566,605,1455878,914119,4132
802,52,77,153,6583,3252,39,30336,0.53,0.47,58621,614,1459981,917315,4139
803,55,86,162,6595,3255,39,30434,0.53,0.47,58673,614,1465566,918335,4142
804,58,81,155,6597,3264,39,30563,0.53,0.47,58769,622,1467289,920926,4152
805,63,90,164,6608,3266,39,30708,0.53,0.47,58942,605,1473120,924465,4156
806,69,90,160,6608,3270,39,30790,0.53,0.47,58991,609,1473120,926877,4167
807,70,85,160,6612,3274,39,30790,0.53,0.47,59037,614,1476086,928991,4173
808,37,76,159,6616,3279,39,30790,0.53,0.47,59207,606,1478362,931238,4179
809,2,40,164,6621,3279,39,30790,0.50,0.47,59315,593,1479903,932183,4179
810,1,4,164,6623,3280,39,30790,0.51,0.47,59322,594,1481655,932518,4180
811,5,7,156,6627,3280,39,30790,0.51,0.48,59335,592,1482710,933452,4180
812,6,9,114,6639,3286,39,30829,0.51,0.48,59382,599,1485730,935686,4188
813,6,17,110,6656,3290,39,30840,0.52,0.48,59464,598,1496303,937703,4192
814,19,28,79,6672,3291,39,30840,0.52,0.48,59538,592,1510308,939714,4193
815,32,38,61,6689,3292,39,30889,0.52,0.48,59577,591,1517284,942682,4194
816,32,55,77,6706,3292,39,30889,0.52,0.48,59577,591,1531304,945728,4194
817,39,69,88,6723,3298,39,30922,0.72,0.48,59659,606,1537649,947724,4220
818,37,75,101,6739,3301,39,30922,0.72,0.48,59839,593,1549192,949084,4224
819,33,84,116,6756,3302,39,30922,0.72,0.48,59897,588,1557812,950031,4225
820,52,108,132,6773,3303,39,30922,0.72,0.48,59904,589,1566346,950664,4226
821,71,113,140,6786,3308,39,30922,0.72,0.48,59919,598,1575609,952237,4232
822,42,93,147,6799,3313,39,30922,0.52,0.48,59994,598,1582688,956382,4238
823,23,93,156,6815,3319,39,30922,0.52,0.48,60057,602,1593251,959877,4246
824,59,92,164,6824,3320,39,30922,0.52,0.48,60132,595,1596049,961182,4248
825,53,66,164,6828,3324,39,30922,0.52,0.48,60161,603,1600907,967305,4253
826,26,41,163,6833,3330,39,30922,0.52,0.49,60184,613,1603402,969818,4259
827,11,25,161,6835,3330,39,30922,0.51,0.49,60347,597,1604591,969995,4259
828,11,23,164,6842,3334,39,30922,0.51,0.49,60347,606,1612851,971959,4263
829,8,16,150,6844,3335,39,30922,0.51,0.49,60417,599,1616533,973749,4264
830,6,24,110,6860,3336,39,30922,0.51,0.49,60429,600,1625663,974804,4265
831,17,30,107,6877,3337,39,30922,0.51,0.49,60461,600,1636806,975275,4266
832,20,35,96,6893,3341,39,30938,0.51,0.49,60543,602,1647619,977517,4270
833,25,35,76,6910,3349,39,30938,0.51,0.49,60578,617,1653615,980980,4279
834,21,33,76,6927,3361,39,30959,0.51,0.49,60716,628,1663541,985435,4293
835,26,40,81,6944,3364,40,30959,0.51,0.49,60849,617,1671439,986288,4297
836,21,43,88,6961,3371,40,30959,0.49,0.49,60960,618,1681373,988689,4307
837,42,60,104,6977,3371,40,30959,0.72,0.49,61212,607,1690734,989212,4307
838,35,70,106,6994,3386,40,31107,0.72,0.49,61238,642,1703749,996909,4323
839,24,53,108,7011,3401,40,31123,0.72,0.49,61308,662,1712718,1004334,4341
840,23,48,120,7028,3405,40,31141,0.49,0.49,61332,668,1718542,1009439,4347
841,20,31,125,7044,3411,40,31159,0.49,0.49,61434,674,1724680,1011457,4353
842,13,27,120,7061,3418,40,31251,0.49,0.50,61540,675,1733613,1014769,4364
843,20,34,135,7079,3420,40,31251,0.50,0.50,61577,675,1741596,1016754,4367
844,20,41,131,7096,3427,40,31251,0.51,0.50,61651,684,1747497,1022974,4374
845,11,35,117,7113,3440,40,31281,0.62,0.50,61816,695,1753380,1028605,4389
846,15,35,106,7129,3443,40,31281,0.62,0.50,61873,695,1759424,1030296,4392
847,15,35,108,7146,3447,40,31281,0.62,0.50,62024,687,1764808,1034023,4396
848,29,48,115,7163,3447,40,31281,0.51,0.50,62090,679,1771576,1034112,4396
849,31,50,107,7180,3460,40,31281,0.51,0.50,62135,704,1778587,1040486,4411
850,22,50,108,7197,3469,40,31281,0.50,0.50,62271,710,1785554,1046644,4422
851,28,57,117,7213,3472,40,31299,0.50,0.50,62354,706,1790782,1050392,4426
852,33,55,124,7230,3478,40,31299,0.50,0.50,62410,712,1798029,1055288,4433
853,40,55,128,7260,3493,40,31315,0.50,0.50,62458,745,1810634,1062084,4450
854,28,45,122,7277,3506,40,31375,0.50,0.50,62586,760,1816853,1069516,4468
855,31,59,120,7295,3516,40,31375,0.50,0.50,63042,749,1826927,1073661,4478
856,44,73,132,7312,3521,40,31375,0.50,0.51,63194,753,1835668,1076431,4483
857,35,58,136,7329,3531,40,31375,0.50,0.51,63210,772,1843200,1081011,4495
858,31,57,135,7347,3537,40,31395,0.49,0.51,63387,764,1851298,1086611,4505
859,24,46,123,7364,3548,40,31408,0.49,0.51,63556,781,1856034,1090832,4519
860,21,42,127,7385,3555,41,31408,0.49,0.51,63980,769,1868440,1094758,4528
861,30,54,128,7402,3560,41,31408,0.49,0.51,64221,765,1879247,1100942,4533
862,25,62,129,7420,3568,41,31408,0.48,0.51,64270,779,1894338,1108373,4544
863,40,79,140,7437,3568,41,31408,0.48,0.51,64794,759,1902927,1110733,4544
864,37,71,140,7454,3582,41,31408,0.47,0.51,64892,789,1911497,1117932,4562
865,44,94,146,7472,3590,41,31408,0.47,0.51,64966,800,1917765,1121786,4571
866,55,86,135,7489,3617,41,31420,0.47,0.52,65198,852,1932261,1132716,4609
867,71,95,141,7506,3624,41,31497,0.47,0.52,65408,850,1940757,1139200,4619
868,62,81,133,7532,3641,41,31536,0.47,0.52,65851,850,1953166,1149841,4644
869,47,75,134,7551,3651,41,31536,0.46,0.52,66242,850,1962106,1156146,4661
870,46,70,140,7568,3658,41,31536,0.46,0.52,66592,845,1967950,1164006,4670
871,31,55,144,7586,3667,41,31536,0.48,0.52,66877,862,1977041,1172089,4679
872,31,77,145,7603,3681,42,31536,0.48,0.52,67306,875,1986644,1177980,4696
873,43,87,150,7620,3693,42,31536,0.48,0.52,67886,872,2000338,1183230,4710
874,59,88,157,7638,3704,42,31562,0.48,0.52,68086,884,2005287,1189625,4723
875,41,65,161,7651,3713,42,31583,0.48,0.52,68290,890,2009944,1194660,4734
876,40,65,152,7664,3721,42,31583,0.48,0.53,68921,860,2024076,1198122,4744
877,50,69,161,7682,3723,42,31583,0.48,0.53,69160,846,2038032,1202227,4748
878,38,71,151,7698,3740,42,31583,0.48,0.53,69283,885,2048569,1211780,4773
879,43,74,157,7712,3746,42,31583,0.48,0.53,69796,864,2056928,1218583,4780
880,45,77,153,7728,3762,42,31583,0.48,0.53,69952,894,2064727,1229684,4801
881,59,84,153,7741,3775,42,31583,0.48,0.53,70320,905,2073025,1237789,4820
882,64,86,149,7757,3795,43,31583,0.48,0.53,70556,926,2081716,1245858,4845
883,81,96,158,7770,3799,43,31651,0.48,0.53,71142,886,2087701,1249447,4849
884,86,104,160,7781,3808,43,31678,0.48,0.53,71470,886,2092090,1257084,4863
885,84,95,150,7791,3827,43,31744,0.48,0.53,71742,915,2099925,1265398,4888
886,81,105,161,7809,3834,43,31834,0.48,0.54,71942,919,2110789,1277663,4897
887,84,110,167,7821,3840,43,31901,0.48,0.54,72039,926,2118834,1285793,4905
888,85,111,163,7827,3849,43,32006,0.48,0.54,72453,923,2121265,1293953,4916
889,83,108,160,7838,3863,43,32100,0.48,0.54,72752,944,2124314,1303222,4935
890,80,108,159,7850,3876,43,32267,0.48,0.54,72998,962,2134441,1318711,4954
891,78,106,156,7858,3886,43,32381,0.48,0.54,73465,966,2137146,1324631,4969
892,77,111,157,7871,3898,43,32470,0.47,0.54,73869,969,2144834,1337696,4985
893,74,116,165,7884,3903,44,32511,0.47,0.54,74147,957,2156711,1348007,4993
894,73,109,156,7890,3918,44,32541,0.47,0.54,75149,950,2160552,1362204,5012
895,80,116,163,7904,3925,44,32590,0.47,0.54,75691,944,2167427,1369807,5022
896,72,115,161,7911,3934,44,32631,0.47,0.54,76162,948,2176745,1380181,5034
897,49,81,154,7930,3960,44,32699,0.47,0.55,76996,985,2188052,1402536,5070
898,33,57,156,7948,3976,45,32699,0.46,0.55,77684,996,2198385,1413510,5094
899,24,65,165,7961,3980,45,32699,0.72,0.55,78328,973,2212520,1419744,5107
900,30,72,161,7966,3989,45,32699,0.72,0.55,79117,964,2215134,1429010,5118
901,22,56,158,7975,4001,45,32699,0.72,0.55,79397,976,2220816,1436493,5131
902,9,31,155,7988,4013,45,32699,0.72,0.55,79685,983,2225507,1442727,5146
903,15,41,169,8003,4014,45,32699,0.44,0.55,79985,962,2234626,1445122,5147
904,18,62,165,8020,4019,45,32699,0.44,0.55,80077,966,2248786,1448513,5168
905,22,66,164,8025,4025,45,32699,0.44,0.55,80125,977,2251215,1454243,5175
906,29,52,163,8031,4032,45,32720,0.44,0.55,80225,993,2260625,1459531,5184
907,28,49,156,8048,4034,45,32720,0.43,0.56,80648,974,2269727,1464175,5186
908,9,36,140,8065,4051,45,32720,0.45,0.56,80675,1012,2275647,1473554,5215
909,14,31,136,8083,4057,45,32776,0.45,0.56,81191,998,2290379,1477884,5224
910,29,51,139,8100,4061,46,32776,0.45,0.56,81449,988,2299487,1481760,5228
911,43,57,147,8117,4070,46,32785,0.45,0.56,81502,1007,2311959,1493951,5239
912,31,64,147,8135,4088,46,32785,0.45,0.56,84443,1031,2325229,1511149,5263
913,26,71,145,8152,4107,47,32814,0.45,0.56,85439,1049,2343206,1524997,5292
914,23,82,152,8170,4118,47,32840,0.45,0.56,85689,1054,2351935,1534813,5303
915,24,73,167,8187,4120,47,32870,0.45,0.56,85871,1043,2369163,1541544,5305
916,18,48,167,8196,4124,47,32870,0.45,0.56,86049,1040,2374162,1546590,5311
917,23,83,166,8204,4129,47,32870,0.45,0.57,86176,1047,2380128,1550700,5316
918,27,95,163,8209,4137,47,32870,0.45,0.57,86292,1060,2385219,1558902,5324
919,28,97,160,8217,4148,47,32870,0.45,0.57,86467,1072,2392546,1567592,5338
920,32,100,163,8228,4156,47,32870,0.45,0.57,87208,1063,2402071,1578372,5351
921,36,110,168,8240,4163,47,32870,0.45,0.57,87443,1071,2407873,1589810,5360
922,38,112,168,8247,4170,47,32870,0.45,0.57,87759,1080,2414036,1599504,5369
923,44,113,167,8256,4180,47,32927,0.45,0.57,87845,1103,2422321,1608287,5382
924,34,110,167,8265,4189,47,32954,0.45,0.57,88242,1106,2426492,1625544,5412
925,28,105,158,8274,4207,47,33005,0.45,0.57,88346,1152,2436508,1639695,5458
926,33,108,161,8291,4221,47,33050,0.45,0.57,88506,1177,2447680,1657824,5492
927,44,120,170,8302,4223,47,33078,0.45,0.57,88658,1172,2455293,1669486,5498
928,43,112,161,8304,4234,47,33091,0.45,0.57,88857,1187,2457082,1683039,5528
929,44,112,159,8312,4244,48,33177,0.45,0.58,88963,1210,2465759,1694303,5554
930,45,111,164,8325,4252,48,33237,0.45,0.58,89050,1230,2477288,1703129,5576
931,38,101,153,8333,4271,48,33278,0.45,0.58,89110,1279,2482115,1719210,5628
932,37,106,155,8346,4282,48,33297,0.45,0.58,89152,1310,2490332,1731848,5660
933,61,111,160,8363,4294,48,33335,0.45,0.58,89196,1338,2501994,1740324,5692
934,63,108,156,8376,4310,48,33353,0.45,0.58,89293,1379,2516590,1749525,5734
935,65,109,159,8393,4324,48,33353,0.45,0.58,89461,1408,2527280,1759205,5772
936,70,120,166,8410,4334,48,33353,0.45,0.58,89549,1425,2539239,1768031,5804
937,69,109,156,8420,4354,48,33372,0.45,0.58,89799,1466,2545181,1791316,5864
938,66,117,165,8437,4362,48,33410,0.45,0.58,90002,1462,2556709,1802442,5888
939,61,123,165,8446,4370,48,33429,0.45,0.58,90019,1479,2561009,1808830,5906
940,55,116,155,8454,4387,48,33429,0.45,0.58,90347,1515,2572233,1820787,5958
941,67,102,136,8463,4415,48,33429,0.45,0.58,90484,1583,2577685,1850695,6038
942,84,99,129,8480,4439,50,33465,0.44,0.58,98635,1355,2586634,1875862,6104
943,56,104,133,8499,4454,50,33465,0.41,0.58,100397,1289,2602782,1893864,6140
944,54,104,134,8516,4470,50,33465,0.41,0.59,101293,1284,2621104,1910030,6190
945,71,104,133,8533,4488,51,33482,0.43,0.59,101525,1317,2629957,1926750,6232
946,44,83,122,8550,4516,51,33524,0.43,0.59,102857,1273,2639313,1943116,6308
947,11,44,131,8566,4523,51,33524,0.43,0.59,104410,1191,2651556,1949031,6326
948,6,37,138,8583,4530,51,33541,0.42,0.59,104627,1186,2672473,1956635,6340
949,10,46,143,8600,4536,51,33541,0.41,0.59,104834,1185,2685637,1960123,6356
950,12,57,147,8617,4549,51,33541,0.41,0.59,104841,1213,2701041,1968788,6390
951,24,75,158,8634,4555,51,33541,0.41,0.59,104855,1226,2715613,1974371,6406
952,36,91,160,8651,4569,51,33541,0.41,0.59,104970,1248,2723319,1980390,6438
953,55,101,160,8663,4580,51,33558,0.41,0.59,105015,1269,2729156,1986932,6456
954,40,99,156,8678,4598,51,33558,0.41,0.59,105068,1305,2748636,1997812,6481
955,44,108,159,8691,4607,51,33594,0.41,0.59,105329,1291,2755569,2008472,6492
956,101,107,155,8706,4626,51,33613,0.41,0.59,105538,1309,2763588,2033424,6517
957,88,94,146,8719,4648,52,33632,0.40,0.59,105914,1323,2779032,2059142,6547
958,57,92,158,8736,4653,52,33632,0.40,0.60,106018,1324,2799226,2068143,6553
959,23,69,170,8752,4657,52,33632,0.41,0.60,106131,1328,2807201,2077008,6559
960,16,55,171,8756,4660,52,33632,0.41,0.60,106311,1322,2809469,2082378,6562
961,16,63,166,8759,4668,52,33632,0.41,0.60,106397,1338,2813368,2086007,6584
962,14,69,162,8767,4680,52,33632,0.41,0.60,106397,1364,2818580,2092549,6599
963,25,69,172,8779,4682,52,33632,0.41,0.60,106624,1341,2824088,2097123,6601
964,17,35,163,8783,4695,52,33632,0.42,0.60,106867,1356,2825228,2105415,6616
965,10,42,170,8794,4699,52,33632,0.68,0.60,107109,1340,2833088,2109587,6620
966,10,45,173,8799,4701,52,33632,0.68,0.60,107627,1325,2836509,2112898,6623
967,12,46,173,8801,4701,52,33632,0.68,0.60,107664,1323,2838491,2114326,6623
968,15,45,168,8803,4704,52,33632,0.68,0.60,107686,1330,2840299,2117380,6626
969,16,52,165,8811,4709,52,33632,0.68,0.60,108315,1329,2845940,2120614,6642
970,14,67,169,8821,4714,53,33651,0.72,0.60,111303,1179,2849865,2126045,6661
971,23,75,172,8827,4716,53,33670,0.72,0.60,112976,1043,2854022,2129976,6663
972,26,76,162,8831,4730,54,33670,0.72,0.60,115695,868,2856831,2137891,6678
973,28,86,169,8847,4739,54,33689,0.72,0.61,116108,854,2865642,2145280,6689
974,28,67,166,8857,4752,54,33709,0.72,0.61,116412,871,2871762,2154946,6703
975,28,69,164,8874,4758,54,33709,0.42,0.61,116825,850,2883338,2162266,6709
976,24,47,160,8887,4771,54,33709,0.42,0.61,116889,879,2890776,2169780,6727
977,17,46,144,8902,4784,54,33709,0.42,0.61,117088,891,2898572,2175860,6745
978,24,61,138,8919,4792,54,33709,0.42,0.61,117295,885,2909697,2184618,6759
979,38,83,146,8936,4799,54,33709,0.42,0.61,117392,891,2920236,2190362,6767
980,42,100,137,8952,4824,54,33709,0.42,0.61,117429,956,2927751,2214306,6797
981,46,76,121,8969,4857,54,33726,0.72,0.61,117892,993,2942412,2241555,6837
982,42,55,116,8986,4879,54,33726,0.72,0.61,118591,993,2956512,2261068,6863
983,43,65,130,9003,4882,54,33726,0.67,0.61,119063,957,2975512,2272397,6866
984,37,55,140,9020,4889,54,33726,0.39,0.61,119394,949,2983245,2284205,6877
985,21,57,151,9037,4895,54,33726,0.39,0.61,119764,942,2999399,2288178,6884
986,14,72,162,9058,4904,55,33726,0.39,0.61,120042,947,3021082,2294075,6894
987,28,92,175,9074,4905,55,33745,0.39,0.61,120056,947,3037284,2297711,6896
988,48,99,172,9075,4909,55,33745,0.39,0.62,120112,952,3038681,2303700,6901
989,45,101,167,9079,4918,55,33792,0.39,0.62,120141,969,3040432,2314577,6915
990,21,58,163,9088,4931,55,33811,0.38,0.62,120459,983,3048647,2319699,6931
991,16,39,172,9100,4934,55,33811,0.38,0.62,120943,942,3059272,2322082,6934
992,15,43,176,9104,4934,55,33811,0.38,0.62,122218,811,3062165,2325042,6934
993,21,43,170,9104,4940,55,33811,0.38,0.62,122742,763,3062165,2331702,6943
994,33,90,165,9110,4951,55,33811,0.38,0.62,122742,792,3066423,2339483,6960
995,61,99,158,9118,4966,55,33850,0.67,0.62,122996,809,3073205,2364152,6980
996,32,99,149,9130,4987,55,33887,0.67,0.62,123075,861,3081787,2389928,7004
997,16,95,149,9147,5004,55,34158,0.71,0.62,123344,885,3093101,2404710,7023
998,45,105,165,9164,5005,55,34158,0.40,0.62,123651,856,3111301,2406243,7024
999,34,74,171,9181,5016,55,34265,0.39,0.62,123966,857,3129911,2415588,7039
1000,30,64,176,9198,5021,55,34265,0.39,0.62,124036,864,3140405,2426804,7046
1001,19,53,172,9212,5031,55,34265,0.39,0.62,124145,882,3152424,2436254,7059
1002,22,59,170,9229,5034,55,34265,0.39,0.62,124293,876,3164880,2444509,7064
1003,28,55,166,9245,5036,55,34265,0.39,0.63,124383,871,3177445,2452281,7066
1004,30,59,164,9262,5046,55,34265,0.72,0.63,124435,890,3192923,2461146,7086
1005,35,73,172,9279,5054,55,34265,0.72,0.63,124475,908,3207524,2468791,7095
1006,49,79,173,9289,5063,55,34302,0.72,0.63,124501,932,3218497,2481522,7107
1007,28,48,144,9298,5072,55,34319,0.72,0.63,124658,941,3224125,2494401,7119
1008,13,39,124,9315,5079,56,34374,0.39,0.63,124954,925,3243401,2502588,7126
1009,13,35,122,9332,5087,56,34374,0.39,0.63,124998,938,3265069,2508591,7140
1010,5,35,126,9349,5092,56,34374,0.39,0.63,125067,938,3282701,2515058,7146
1011,10,37,125,9365,5099,56,34374,0.39,0.63,125163,946,3293673,2522428,7156
1012,18,54,135,9382,5106,56,34374,0.39,0.63,125177,961,3305738,2526920,7166
1013,37,65,147,9399,5111,56,34374,0.39,0.63,125177,975,3322580,2531554,7172
1014,41,67,143,9416,5130,56,34393,0.39,0.63,125212,1023,3331075,2542778,7196
1015,31,58,141,9433,5137,56,34393,0.39,0.63,125395,1021,3343786,2555161,7203
1016,21,67,138,9450,5150,56,34413,0.39,0.63,125566,1037,3354481,2564112,7224
1017,33,75,139,9467,5164,56,34431,0.39,0.64,125610,1064,3368760,2574569,7245
1018,53,77,140,9484,5180,56,34431,0.39,0.64,125810,1079,3386305,2586606,7263
1019,47,83,151,9500,5185,56,34431,0.39,0.64,126371,1025,3399074,2601087,7268
1020,13,67,157,9517,5194,56,34470,0.39,0.64,126542,1023,3410560,2607094,7280
1021,17,95,168,9534,5200,56,34470,0.39,0.64,126597,1028,3421518,2612135,7287
1022,31,118,171,9544,5207,56,34470,0.39,0.64,126649,1037,3427747,2620427,7296
1023,39,116,151,9551,5234,56,34502,0.39,0.64,126721,1099,3436010,2646713,7336
1024,73,116,153,9564,5245,56,34502,0.37,0.64,126969,1097,3447825,2667657,7349
1025,89,111,158,9581,5257,56,34541,0.37,0.64,127197,1100,3473280,2684526,7363
1026,42,75,168,9598,5264,56,34541,0.37,0.64,127432,1091,3492432,2694170,7372
1027,29,69,171,9614,5271,56,34541,0.71,0.64,127654,1088,3513273,2704216,7380
1028,25,39,168,9622,5282,56,34559,0.71,0.64,127733,1108,3518440,2710652,7393
1029,19,38,173,9636,5284,56,34559,0.71,0.64,128031,1084,3530618,2715086,7395
1030,16,34,175,9646,5285,56,34559,0.38,0.64,128125,1077,3537761,2719636,7397
1031,7,24,144,9654,5288,56,34559,0.38,0.65,128160,1079,3541590,2722419,7401
1032,6,31,124,9671,5289,56,34559,0.38,0.65,128195,1078,3555875,2724152,7402
1033,8,37,106,9688,5293,56,34559,0.39,0.65,128195,1090,3567158,2729767,7408
1034,17,40,107,9705,5296,56,34559,0.39,0.65,128248,1091,3576084,2735267,7411
1035,22,44,109,9722,5311,56,34559,0.38,0.65,128318,1127,3589641,2746589,7432
1036,27,51,121,9739,5316,56,34579,0.69,0.65,128454,1123,3601041,2754549,7438
1037,28,65,128,9755,5325,56,34579,0.69,0.65,128529,1135,3617073,2760030,7448
1038,27,76,133,9772,5337,56,34579,0.68,0.65,128543,1160,3631266,2769288,7467
1039,51,104,156,9801,5343,56,34598,0.68,0.65,128576,1171,3667841,2777401,7476
1040,70,124,165,9818,5351,56,34618,0.68,0.65,128648,1180,3682190,2794919,7484
1041,82,107,162,9832,5368,57,34618,0.37,0.65,133372,1221,3693897,2818096,7514
1042,47,91,172,9849,5375,57,34618,0.36,0.65,133731,1199,3709258,2832735,7524
1043,25,75,170,9858,5386,57,34618,0.36,0.65,134149,1200,3716995,2848027,7538
1044,22,89,171,9869,5396,57,34618,0.36,0.65,134303,1214,3727229,2856117,7550
1045,31,109,176,9878,5400,57,34618,0.36,0.65,134484,1204,3738167,2860403,7554
1046,16,68,166,9885,5415,57,34618,0.37,0.66,134615,1230,3743067,2872708,7574
1047,11,66,157,9902,5432,57,34654,0.36,0.66,134844,1251,3756562,2884727,7595
1048,27,57,172,9919,5433,58,34654,0.35,0.66,135190,1217,3769226,2888176,7596
1049,15,49,170,9936,5442,58,34654,0.36,0.66,135307,1233,3779738,2898063,7606
1050,18,40,176,9947,5446,58,34654,0.35,0.66,135526,1217,3793144,2901652,7610
1051,19,33,176,9952,5451,58,34672,0.34,0.66,135597,1225,3798163,2908384,7617
1052,17,27,178,9957,5453,58,34672,0.34,0.66,135685,1218,3800473,2914659,7620
1053,8,35,173,9972,5459,58,34672,0.34,0.66,135803,1221,3808697,2919830,7627
1054,20,45,178,9988,5461,58,34672,0.34,0.66,135871,1220,3826704,2921423,7630
1055,14,45,169,9991,5472,58,34672,0.35,0.66,135951,1238,3831692,2929468,7645
1056,14,38,177,10002,5475,58,34692,0.35,0.66,136101,1226,3842699,2933378,7648
1057,18,53,179,10008,5477,58,34740,0.36,0.66,136203,1219,3850642,2938638,7652
1058,16,83,176,10010,5482,58,34740,0.36,0.66,136262,1225,3852094,2944797,7657
1059,13,101,176,10016,5488,58,34740,0.35,0.66,136395,1226,3856549,2947855,7664
1060,57,116,172,10021,5497,58,34740,0.35,0.67,136477,1235,3859637,2956147,7674
1061,67,85,133,10030,5545,58,34760,0.35,0.67,136748,1316,3870140,2993510,7737
1062,53,89,131,10047,5564,58,34760,0.35,0.67,137498,1269,3887939,3010263,7764
1063,60,96,140,10064,5572,58,34777,0.35,0.67,137695,1271,3902044,3019989,7776
1064,61,88,148,10081,5581,58,34777,0.36,0.67,137858,1277,3912468,3035239,7788
1065,36,79,146,10098,5599,58,34798,0.36,0.67,138240,1282,3921863,3051927,7810
1066,26,80,143,10115,5615,58,34798,0.34,0.67,138363,1311,3931114,3063209,7833
1067,31,85,150,10131,5624,58,34838,0.34,0.67,138494,1318,3948231,3070145,7844
1068,31,89,158,10148,5633,58,34838,0.36,0.67,138806,1309,3967837,3078834,7856
1069,23,73,160,10165,5648,58,34838,0.37,0.67,139035,1327,3982193,3089702,7877
1070,19,92,175,10182,5650,58,34838,0.37,0.67,139322,1300,3999508,3097869,7880
1071,31,106,175,10188,5656,58,34838,0.37,0.67,139424,1306,4004739,3107977,7889
1072,83,121,167,10195,5671,58,34838,0.36,0.67,139604,1324,4010188,3122092,7908
1073,78,108,155,10211,5699,58,34858,0.36,0.67,139937,1367,4024761,3148418,7954
1074,71,90,155,10228,5716,59,34876,0.35,0.68,140484,1353,4039511,3169516,7977
1075,63,98,158,10245,5730,59,34876,0.35,0.68,140706,1366,4050122,3191352,7996
1076,58,103,156,10262,5749,59,34876,0.35,0.68,140957,1389,4061554,3205796,8022
1077,78,115,157,10279,5765,59,34876,0.36,0.68,141134,1417,4080952,3221557,8043
1078,49,100,159,10296,5777,59,34876,0.34,0.68,141643,1391,4095214,3235610,8060
1079,26,61,163,10312,5780,59,34916,0.34,0.68,141838,1375,4104254,3247021,8065
1080,10,30,141,10329,5796,59,34916,0.34,0.68,142042,1389,4117515,3257611,8087
1081,18,33,151,10347,5800,59,34916,0.34,0.68,142219,1377,4135364,3265644,8093
1082,15,32,158,10364,5810,59,34916,0.34,0.68,142247,1402,4151401,3274812,8106
1083,16,38,152,10381,5816,59,34965,0.34,0.68,142346,1403,4186655,3280048,8115
1084,15,50,149,10398,5823,59,34965,0.34,0.68,142401,1409,4202743,3286408,8125
1085,18,62,162,10416,5828,59,34965,0.34,0.68,142468,1406,4240203,3293195,8142
1086,30,82,176,10433,5831,59,34965,0.34,0.68,142522,1404,4258517,3299176,8145
1087,45,84,174,10444,5842,59,34965,0.34,0.68,142576,1422,4273872,3309842,8159
1088,49,86,172,10458,5847,59,34965,0.34,0.69,142647,1422,4284394,3322173,8165
1089,28,50,141,10473,5859,59,34965,0.34,0.69,142683,1439,4317233,3335487,8180
1090,25,43,142,10490,5862,59,35013,0.34,0.69,142897,1425,4334367,3346011,8183
1091,24,47,152,10508,5864,59,35205,0.34,0.69,142944,1426,4345469,3358025,8185
1092,23,53,161,10525,5871,59,35216,0.34,0.69,142953,1439,4360745,3370253,8195
1093,20,64,172,10542,5876,59,35216,0.34,0.69,143140,1435,4380081,3379160,8203
1094,34,77,176,10557,5887,59,35216,0.33,0.69,143230,1446,4404109,3386858,8219
1095,41,83,180,10570,5896,59,35216,0.33,0.69,143337,1450,4424574,3394203,8230
1096,30,58,173,10577,5908,59,35216,0.34,0.69,143434,1463,4431461,3403795,8245
1097,22,38,158,10588,5910,59,35232,0.34,0.69,143523,1455,4440739,3413140,8248
1098,12,34,138,10606,5916,59,35232,0.34,0.69,143577,1460,4455049,3419861,8256
1099,14,24,104,10623,5928,59,35232,0.35,0.69,143659,1467,4473711,3427844,8272
1100,14,30,96,10640,5931,59,35232,0.35,0.69,143740,1461,4489676,3434856,8277
1101,16,33,106,10658,5939,59,35309,0.35,0.69,143764,1473,4501864,3442684,8288
1102,31,41,99,10675,5943,59,35309,0.35,0.70,143811,1471,4513742,3449016,8292
1103,25,45,83,10692,5955,59,35309,0.35,0.70,143856,1484,4537165,3463299,8308
1104,19,52,78,10709,5971,59,35309,0.35,0.70,143965,1496,4563357,3473317,8329
1105,26,59,82,10727,5985,59,35309,0.35,0.70,144137,1488,4582317,3486641,8352
1106,20,62,81,10744,6003,59,35309,0.35,0.70,144262,1506,4613265,3504552,8377
1107,35,74,87,10763,6014,59,35309,0.35,0.70,144424,1505,4630986,3513733,8392
1108,45,81,94,10781,6025,59,35309,0.35,0.70,144563,1502,4658068,3526365,8407
1109,28,85,103,10798,6033,59,35331,0.35,0.70,144611,1507,4697619,3535639,8420
1110,27,62,113,10815,6035,59,35331,0.35,0.70,144764,1498,4726381,3544674,8423
1111,19,55,126,10835,6039,59,35344,0.35,0.70,144783,1501,4747238,3552132,8430
1112,14,56,136,10852,6043,59,35393,0.35,0.70,144843,1498,4768685,3559131,8434
1113,19,91,149,10869,6046,59,35441,0.35,0.70,144867,1503,4803226,3567536,8438
1114,30,99,152,10887,6061,59,35441,0.35,0.70,144952,1524,4820985,3578277,8457
1115,51,88,148,10904,6082,59,35441,0.35,0.70,145158,1532,4846297,3599860,8483
1116,47,87,156,10923,6093,59,35458,0.36,0.70,145308,1537,4865720,3619571,8500
1117,42,79,170,10941,6097,59,35458,0.36,0.71,145511,1521,4893744,3638435,8504
1118,46,70,179,10956,6103,60,35458,0.37,0.71,145659,1514,4911997,3651242,8513
1119,34,66,172,10966,6116,60,35458,0.37,0.71,145668,1534,4920247,3666147,8531
1120,42,78,172,10980,6129,60,35458,0.37,0.71,145876,1538,4937920,3676148,8550
1121,40,94,177,10993,6137,60,35458,0.37,0.71,145928,1544,4958016,3688562,8559
1122,31,86,177,11004,6146,60,35458,0.36,0.71,146020,1548,4973772,3700860,8570
1123,18,60,178,11015,6154,60,35478,0.36,0.71,146125,1557,4992511,3711571,8581
1124,19,33,182,11029,6158,60,35478,0.35,0.71,146284,1551,5010870,3718481,8587
1125,23,39,180,11045,6162,60,35478,0.35,0.71,146351,1556,5027946,3724942,8591
1126,20,45,179,11058,6168,60,35478,0.35,0.71,146634,1546,5043201,3732198,8600
1127,16,62,168,11075,6175,60,35478,0.34,0.72,146691,1557,5053215,3746358,8610
1128,34,83,179,11093,6180,60,35503,0.72,0.72,146746,1566,5076176,3757949,8615
1129,34,78,170,11102,6195,60,35503,0.72,0.72,146801,1599,5084030,3778600,8633
1130,33,73,162,11120,6214,60,35503,0.72,0.72,146955,1626,5115731,3792608,8656
1131,32,63,143,11138,6221,60,35503,0.72,0.72,147558,1594,5138537,3804921,8665
1132,42,82,151,11155,6228,60,35503,0.72,0.72,148066,1588,5149730,3817143,8674
1133,48,97,151,11173,6246,60,35560,0.72,0.72,148310,1611,5179003,3835424,8698
1134,49,114,158,11190,6255,60,35581,0.72,0.72,148539,1611,5219815,3850882,8710
1135,42,97,164,11208,6267,60,35581,0.32,0.72,148668,1632,5241049,3868018,8724
1136,44,108,172,11225,6271,60,35581,0.32,0.72,149306,1618,5262815,3879262,8731
1137,40,106,171,11243,6282,60,35581,0.31,0.73,149534,1639,5279915,3895690,8744
1138,54,90,183,11267,6286,60,35591,0.31,0.73,149781,1632,5300204,3913618,8750
1139,43,100,172,11275,6305,61,35591,0.31,0.73,153976,1654,5305647,3939683,8774
1140,33,111,172,11293,6323,61,35627,0.31,0.73,154268,1683,5322673,3961632,8796
1141,32,137,169,11310,6343,61,35656,0.31,0.73,154721,1717,5335413,3984220,8823
1142,43,141,182,11327,6347,61,35710,0.31,0.73,155517,1698,5361363,4002109,8829
1143,31,116,175,11331,6358,61,35803,0.31,0.73,155987,1703,5367000,4027220,8841
1144,23,69,183,11340,6359,61,35803,0.30,0.73,156242,1693,5374197,4036208,8842
1145,16,36,185,11348,6361,61,35803,0.30,0.73,156724,1680,5379274,4040149,8845
1146,13,23,179,11353,6364,61,35869,0.29,0.74,156739,1688,5385214,4045197,8849
1147,16,33,183,11366,6368,62,35869,0.41,0.74,156878,1691,5400800,4051922,8855
1148,14,28,170,11374,6370,62,35869,0.41,0.74,156908,1695,5418012,4058047,8857
1149,18,38,147,11392,6374,62,35869,0.41,0.74,156994,1701,5434464,4065840,8863
1150,28,49,113,11410,6379,62,35869,0.30,0.74,157049,1708,5451649,4081135,8872
1151,17,46,87,11427,6390,62,35869,0.30,0.74,157115,1732,5473165,4098034,8887
1152,12,41,89,11445,6400,62,35869,0.30,0.74,157376,1744,5498709,4104906,8899
1153,17,43,96,11462,6406,62,35869,0.30,0.74,157480,1752,5516170,4111619,8907
1154,17,41,104,11480,6413,62,35869,0.30,0.74,157617,1754,5531105,4120842,8917
1155,17,46,107,11498,6424,62,35880,0.30,0.75,157741,1773,5561604,4133159,8934
1156,8,45,107,11515,6435,62,35880,0.30,0.75,157913,1788,5573432,4147768,8950
1157,12,43,109,11533,6445,62,35880,0.29,0.75,158010,1805,5587808,4157471,8963
1158,19,48,110,11550,6451,62,35880,0.29,0.75,158363,1793,5600068,4166661,8970
1159,33,59,113,11568,6457,62,35880,0.29,0.75,158562,1795,5621856,4174648,8978
1160,31,69,115,11586,6473,62,35880,0.29,0.75,158680,1830,5638124,4191911,9005
1161,39,82,121,11603,6484,62,35913,0.29,0.75,158938,1839,5666346,4204856,9019
1162,47,74,118,11621,6505,62,35913,0.41,0.75,159363,1856,5682271,4225840,9044
1163,44,68,118,11638,6522,62,35940,0.29,0.75,160235,1853,5697818,4248670,9066
1164,51,78,131,11656,6527,62,35956,0.29,0.76,160632,1828,5710993,4267199,9072
1165,48,83,135,11676,6543,62,35956,0.29,0.76,161189,1838,5727378,4292910,9092
1166,31,81,142,11693,6553,62,35956,0.29,0.76,161420,1845,5749215,4307421,9106
1167,22,64,150,11711,6559,62,35956,0.29,0.76,161822,1832,5762335,4320391,9113
1168,14,53,160,11730,6567,62,35956,0.29,0.76,161976,1835,5773943,4334361,9122
1169,13,38,155,11750,6581,62,36002,0.29,0.76,162144,1855,5798317,4349988,9143
1170,19,33,162,11768,6584,62,36002,0.28,0.76,162484,1851,5816901,4359164,9147
1171,16,28,147,11785,6598,63,36033,0.26,0.76,162694,1872,5832289,4373493,9167
1172,17,32,144,11803,6604,63,36033,0.26,0.76,162987,1856,5856439,4384368,9175
1173,16,29,125,11821,6615,63,36033,0.27,0.76,163079,1876,5890264,4399406,9188
1174,19,36,115,11838,6619,63,36033,0.27,0.77,163257,1871,5902924,4414237,9194
1175,27,44,116,11856,6625,63,36241,0.28,0.77,163770,1873,5921780,4433954,9202
1176,27,45,109,11873,6635,63,36241,0.29,0.77,163820,1892,5941767,4446895,9217
1177,29,47,110,11891,6643,63,36241,0.29,0.77,164340,1877,5954324,4458167,9226
1178,24,39,102,11909,6655,63,36298,0.30,0.77,164562,1885,5972745,4473463,9241
1179,22,39,106,11926,6660,63,36298,0.31,0.77,164797,1874,5985302,4484319,9249
1180,20,48,104,11944,6672,63,36298,0.31,0.77,164980,1895,6006399,4496814,9263
1181,24,54,111,11962,6678,63,36298,0.32,0.77,165448,1871,6023671,4504966,9272
1182,20,62,109,11979,6687,63,36298,0.32,0.77,165524,1886,6038876,4514523,9285
1183,19,71,106,11997,6703,63,36298,0.33,0.78,165653,1915,6055137,4532743,9308
1184,24,78,105,12015,6720,63,36356,0.33,0.78,165708,1953,6081432,4550645,9331
1185,35,78,98,12033,6744,63,36356,0.33,0.78,166126,1976,6105136,4572640,9364
1186,63,82,98,12051,6762,63,36356,0.32,0.78,166568,1980,6121018,4601061,9390
1187,53,68,95,12074,6788,63,36414,0.32,0.78,167726,1969,6132550,4625575,9426
1188,31,67,95,12094,6807,64,36451,0.32,0.78,168907,1961,6150876,4643980,9451
1189,40,77,98,12112,6822,64,36451,0.32,0.78,169500,1965,6185498,4659025,9470
1190,32,82,98,12129,6838,64,36475,0.32,0.78,169950,1971,6207893,4678072,9493
1191,36,70,107,12147,6847,64,36475,0.31,0.78,170567,1949,6241822,4691433,9506
1192,51,86,122,12164,6849,64,36475,0.30,0.79,171720,1908,6264602,4704706,9512
1193,53,102,130,12184,6861,64,36475,0.30,0.79,172202,1916,6301322,4716997,9546
1194,56,108,140,12203,6870,64,36577,0.72,0.79,172504,1922,6323476,4732913,9574
1195,53,119,148,12220,6879,64,36631,0.72,0.79,172985,1924,6352036,4751316,9600
1196,31,99,157,12238,6888,64,36665,0.66,0.79,173478,1918,6385359,4767283,9620
1197,28,63,166,12255,6896,64,36689,0.66,0.79,173941,1911,6398988,4782358,9642
1198,22,54,178,12273,6902,64,36689,0.27,0.79,174285,1905,6420405,4791699,9662
1199,14,45,187,12290,6909,65,36689,0.27,0.79,174833,1897,6438762,4800530,9680
1200,16,41,183,12300,6911,65,36689,0.26,0.79,175076,1887,6451297,4807007,9684
1201,11,32,177,12316,6919,65,36724,0.26,0.79,175604,1871,6474174,4814038,9712
1202,22,38,142,12333,6925,65,36724,0.26,0.79,175721,1870,6493008,4820845,9726
1203,20,43,127,12351,6930,65,36724,0.25,0.79,175750,1876,6534959,4830942,9738
1204,21,66,126,12368,6935,65,36724,0.72,0.79,175846,1874,6554289,4841189,9754
1205,29,82,133,12386,6946,65,36724,0.72,0.79,175943,1893,6578239,4852545,9778
1206,21,74,122,12403,6973,65,36724,0.72,0.80,175983,1931,6602612,4885517,9840
1207,19,56,121,12420,6982,65,36724,0.25,0.80,176075,1935,6618073,4898340,9864
1208,24,61,126,12438,6986,65,36724,0.25,0.80,176340,1914,6665370,4908816,9876
1209,13,59,130,12455,6988,65,36796,0.25,0.80,176440,1906,6701939,4916156,9884
1210,23,54,145,12473,6990,65,36796,0.25,0.80,176488,1903,6750274,4926527,9892
1211,16,49,158,12490,6994,65,36796,0.23,0.80,176634,1893,6780947,4938084,9906
1212,19,45,167,12507,7000,65,36807,0.23,0.80,176662,1906,6805705,4948921,9928
1213,16,41,152,12525,7007,65,36807,0.25,0.80,176727,1912,6836830,4957777,9948
1214,11,42,141,12542,7010,65,36807,0.26,0.80,176871,1906,6863702,4968929,9958
1215,14,39,132,12560,7015,65,36807,0.25,0.80,176900,1915,6894530,4976261,9972
1216,8,29,120,12577,7030,65,36807,0.24,0.80,177007,1922,6918361,4988160,10024
1217,11,29,121,12594,7035,65,36807,0.24,0.80,177200,1915,6948482,4996169,10038
1218,8,26,116,12612,7040,65,36807,0.24,0.80,177731,1873,6985137,5003229,10054
1219,17,35,120,12629,7044,65,36807,0.23,0.81,177915,1859,7009671,5010217,10068
1220,20,42,129,12647,7046,65,36807,0.23,0.81,178008,1857,7035793,5021260,10074
1221,18,46,123,12664,7055,65,36855,0.23,0.81,178036,1881,7057805,5031753,10090
1222,12,40,129,12682,7063,65,36855,0.24,0.81,178261,1871,7099244,5040359,10104
1223,16,43,131,12699,7065,65,36868,0.25,0.81,178323,1869,7128603,5049316,10106
1224,17,40,128,12716,7066,65,36868,0.25,0.81,178436,1861,7151983,5053787,10107
1225,12,62,143,12734,7068,65,36868,0.24,0.81,178436,1867,7179273,5057424,10110
1226,13,86,154,12751,7074,65,36868,0.24,0.81,178436,1874,7218106,5065377,10118
1227,22,109,161,12769,7085,65,36868,0.24,0.81,178523,1881,7259783,5087365,10134
1228,23,117,160,12786,7103,65,36868,0.25,0.81,178581,1909,7286095,5114646,10160
1229,85,113,151,12804,7130,65,36868,0.25,0.81,178877,1912,7317011,5160851,10206
1230,97,117,153,12821,7145,65,37030,0.25,0.81,179136,1922,7360255,5201813,10228
1231,92,143,168,12848,7157,65,37083,0.23,0.81,179407,1921,7391220,5235542,10247
1232,99,158,180,12866,7163,65,37083,0.23,0.81,179538,1923,7420094,5257841,10256
1233,96,162,177,12880,7180,65,37110,0.23,0.82,179604,1957,7443350,5283568,10286
1234,105,165,179,12889,7187,65,37110,0.23,0.82,179751,1965,7459701,5298630,10297
1235,110,172,188,12902,7191,65,37206,0.23,0.82,179950,1956,7481543,5314091,10302
1236,115,167,186,12907,7198,65,37280,0.23,0.82,180135,1961,7490100,5332891,10315
1237,114,166,185,12914,7206,65,37280,0.23,0.82,180212,1979,7497080,5350699,10330
1238,123,176,191,12925,7211,65,37382,0.23,0.82,180212,1994,7521744,5366556,10338
1239,104,165,181,12931,7227,65,37417,0.23,0.82,180261,2032,7526636,5406261,10364
1240,101,164,182,12943,7238,65,37429,0.23,0.82,180271,2058,7545611,5424001,10385
1241,98,167,183,12952,7246,65,37492,0.23,0.82,180336,2074,7560079,5449344,10398
1242,103,176,191,12964,7250,65,37558,0.23,0.82,180418,2077,7579478,5465956,10403
1243,101,170,189,12971,7259,65,37677,0.23,0.82,180454,2101,7595285,5488092,10419
1244,94,164,181,12981,7277,65,37720,0.23,0.82,180474,2144,7606706,5525222,10447
1245,96,169,186,12992,7283,65,37768,0.23,0.82,180499,2152,7622200,5545934,10457
1246,97,166,183,12999,7293,65,37792,0.23,0.83,180499,2178,7636257,5561067,10475
1247,91,161,179,13009,7307,65,37855,0.23,0.83,180499,2216,7671713,5582351,10495
1248,82,157,175,13026,7328,65,37855,0.23,0.83,180546,2261,7704925,5617565,10528
1249,95,164,182,13041,7336,65,37910,0.23,0.83,180576,2280,7728721,5630223,10541
1250,84,158,173,13052,7356,65,37988,0.23,0.83,180593,2318,7741037,5656912,10574
1251,96,162,179,13067,7365,65,37988,0.23,0.83,180718,2330,7764660,5670536,10588
1252,101,168,183,13082,7376,65,38054,0.23,0.83,180826,2345,7785152,5685399,10607
1253,89,157,173,13099,7403,66,38108,0.23,0.83,180962,2391,7809425,5725442,10647
1254,76,146,169,13113,7421,66,38135,0.23,0.83,181001,2423,7827617,5746389,10674
1255,84,159,180,13129,7426,66,38159,0.23,0.83,181086,2429,7849169,5758751,10683
1256,88,168,186,13143,7434,66,38159,0.23,0.83,181177,2442,7874554,5779452,10701
1257,90,166,185,13153,7445,66,38159,0.23,0.83,181265,2460,7890023,5798062,10720
1258,82,168,184,13167,7460,66,38171,0.23,0.83,181378,2476,7908122,5833174,10744
1259,83,171,191,13177,7463,66,38208,0.23,0.83,181470,2474,7924072,5850387,10749
1260,91,171,191,13180,7466,66,38262,0.23,0.84,181595,2472,7933124,5863104,10754
1261,92,170,190,13183,7470,66,38341,0.23,0.84,181662,2475,7936696,5879417,10760
1262,89,169,190,13190,7477,66,38384,0.23,0.84,181692,2488,7947910,5892887,10770
1263,87,166,188,13198,7487,66,38438,0.23,0.84,181718,2512,7963421,5919119,10785
1264,90,169,190,13206,7493,66,38438,0.23,0.84,181754,2525,7975747,5938078,10794
1265,90,162,186,13210,7501,66,38455,0.23,0.84,181770,2543,7981223,5951130,10807
1266,85,162,184,13219,7512,66,38522,0.23,0.84,181823,2570,7993047,5972741,10823
1267,94,165,188,13232,7521,66,38575,0.23,0.84,181873,2590,8009301,5984469,10836
1268,74,152,177,13243,7543,66,38575,0.23,0.84,181892,2640,8022997,6017651,10870
1269,75,163,188,13261,7550,66,38602,0.23,0.84,181892,2658,8044706,6033628,10883
1270,79,165,188,13268,7557,66,38683,0.23,0.84,182050,2659,8049953,6045162,10896
1271,72,162,184,13276,7569,66,38751,0.23,0.84,182139,2677,8059434,6059997,10914
1272,72,159,187,13291,7581,66,38751,0.23,0.84,182181,2705,8079243,6082561,10930
1273,67,151,180,13299,7596,66,38804,0.23,0.85,182267,2726,8099904,6099699,10952
1274,65,155,185,13308,7600,66,38859,0.23,0.85,182303,2735,8121142,6111944,10960
1275,61,164,193,13321,7605,66,38926,0.23,0.85,182372,2744,8145408,6123659,10969
1276,63,163,188,13323,7612,66,38962,0.23,0.85,182416,2758,8150322,6136407,10980
1277,59,161,189,13335,7623,66,38962,0.23,0.85,182501,2780,8179961,6157157,11000
1278,58,157,188,13341,7630,66,38962,0.23,0.85,182521,2799,8186810,6168061,11011
1279,59,159,190,13348,7635,66,38962,0.22,0.85,182531,2809,8199437,6177380,11019
1280,60,162,192,13354,7639,66,39002,0.22,0.85,182551,2817,8216473,6188821,11026
1281,59,163,192,13358,7643,66,39002,0.22,0.85,182559,2828,8221152,6200437,11034
1282,63,159,190,13366,7653,66,39014,0.22,0.85,182569,2855,8227494,6217815,11052
1283,62,156,188,13372,7661,66,39014,0.22,0.85,182621,2873,8245171,6235997,11064
1284,57,158,189,13380,7668,66,39041,0.22,0.85,182638,2887,8261606,6249741,11075
1285,103,166,187,13387,7677,66,39041,0.21,0.85,182702,2904,8271527,6269929,11088
1286,84,138,191,13398,7684,66,39041,0.20,0.86,185708,2683,8296493,6291440,11101
1287,47,94,184,13404,7697,66,39217,0.19,0.86,186534,2648,8319278,6314784,11119
1288,21,63,188,13416,7700,67,39217,0.47,0.86,187344,2590,8352680,6323646,11124
1289,17,39,183,13424,7702,67,39217,0.51,0.86,187480,2581,8367227,6332816,11126
1290,9,24,172,13437,7709,67,39217,0.51,0.86,187784,2562,8383422,6345045,11136
1291,11,28,147,13455,7716,67,39217,0.51,0.86,187854,2570,8425479,6355060,11145
1292,19,42,130,13472,7717,67,39217,0.21,0.86,187922,2563,8456288,6363435,11147
1293,17,54,146,13490,7719,67,39236,0.21,0.86,188066,2549,8483618,6374327,11151
1294,20,49,138,13507,7723,67,39236,0.20,0.86,188103,2554,8511159,6382822,11158
1295,20,62,123,13525,7727,67,39236,0.20,0.86,188137,2559,8562887,6390208,11164
1296,29,73,127,13542,7740,67,39236,0.72,0.86,188137,2584,8581776,6408418,11179
1297,45,86,136,13560,7749,67,39236,0.72,0.86,188253,2585,8602337,6421638,11189
1298,33,69,134,13577,7764,67,39236,0.72,0.86,188350,2599,8630618,6440324,11207
1299,16,59,135,13595,7772,67,39301,0.19,0.86,188508,2594,8660481,6456908,11221
1300,13,42,134,13612,7780,67,39330,0.19,0.87,188595,2599,8684540,6463496,11233
1301,16,40,144,13630,7783,67,39330,0.18,0.87,188638,2597,8715809,6471294,11237
1302,13,40,137,13647,7792,67,39330,0.18,0.87,188696,2612,8741710,6482625,11251
1303,15,46,139,13665,7795,67,39330,0.18,0.87,188773,2609,8776035,6489447,11255
1304,21,52,136,13682,7801,67,39330,0.18,0.87,188933,2611,8824576,6499801,11264
1305,28,53,139,13700,7802,67,39387,0.17,0.87,188933,2613,8862337,6510818,11265
1306,33,56,125,13717,7812,67,39387,0.16,0.87,188968,2628,8895857,6528721,11281
1307,32,76,133,13735,7817,67,39415,0.16,0.87,189029,2627,8935974,6549094,11300
1308,46,87,136,13752,7830,67,39415,0.16,0.87,189150,2638,8971145,6568830,11321
1309,39,83,141,13770,7839,67,39415,0.18,0.87,189236,2642,9008955,6584019,11335
1310,30,61,148,13788,7843,67,39530,0.17,0.87,189279,2647,9043371,6600416,11342
1311,21,58,153,13805,7852,67,39530,0.17,0.87,189503,2649,9068322,6610736,11358
1312,16,48,153,13823,7855,67,39545,0.16,0.87,189666,2645,9110258,6615636,11363
1313,20,60,162,13841,7859,67,39545,0.18,0.88,189721,2644,9151620,6621851,11369
1314,36,78,168,13859,7862,67,39545,0.18,0.88,189736,2649,9196410,6632909,11373
1315,47,90,173,13876,7869,67,39545,0.18,0.88,189777,2656,9227907,6644993,11381
1316,49,89,180,13894,7876,67,39557,0.18,0.88,189853,2661,9270992,6658746,11393
1317,46,94,185,13911,7885,67,39557,0.18,0.88,189989,2663,9308134,6676343,11406
1318,50,75,188,13929,7890,67,39557,0.18,0.88,190070,2662,9334705,6692648,11414
1319,42,71,173,13947,7898,67,39824,0.17,0.88,190145,2668,9376784,6716911,11426
1320,38,57,162,13965,7908,67,39838,0.17,0.88,190170,2688,9402379,6732409,11445
1321,42,70,171,13982,7908,67,39838,0.17,0.88,190303,2674,9435063,6741626,11445
1322,50,84,180,14000,7916,67,39838,0.17,0.88,190318,2687,9474257,6757972,11463
1323,31,77,173,14018,7941,67,39863,0.17,0.88,190359,2727,9509284,6792493,11504
1324,29,84,183,14032,7944,67,39863,0.17,0.88,190420,2721,9534340,6808486,11510
1325,29,63,167,14050,7952,67,39863,0.17,0.88,190531,2721,9562803,6826193,11524
1326,38,56,159,14071,7961,67,39863,0.17,0.89,190602,2727,9586740,6847537,11538
1327,43,76,164,14089,7967,67,39863,0.17,0.89,190719,2728,9606585,6866146,11547
1328,43,88,157,14106,7991,67,39947,0.17,0.89,190786,2777,9643139,6881656,11588
1329,59,118,166,14124,8000,67,39947,0.17,0.89,191097,2763,9691572,6914996,11604
1330,80,126,171,14141,8012,67,40010,0.16,0.89,191229,2779,9715737,6952050,11622
1331,81,133,178,14163,8027,67,40098,0.16,0.89,191419,2793,9751162,6999244,11645
1332,75,118,177,14180,8045,67,40098,0.17,0.89,192074,2788,9784303,7041927,11677
1333,67,99,177,14200,8060,67,40224,0.17,0.89,192420,2804,9821047,7076817,11704
1334,18,67,185,14218,8067,67,40224,0.17,0.89,192962,2775,9841418,7086921,11716
1335,15,43,187,14235,8070,67,40239,0.17,0.89,193216,2762,9879996,7093271,11721
1336,18,37,185,14252,8075,67,40239,0.17,0.89,193430,2756,9911368,7101217,11727
1337,30,37,182,14269,8083,67,40239,0.15,0.89,193456,2768,9938452,7119424,11740
1338,27,51,172,14287,8085,67,40256,0.14,0.89,193539,2762,9964255,7131397,11743
1339,23,48,162,14304,8092,67,40269,0.14,0.90,193642,2774,9985092,7149801,11753
1340,20,63,160,14322,8107,68,40294,0.14,0.90,193781,2801,10030274,7167475,11775
1341,28,67,155,14340,8115,68,40294,0.14,0.90,193962,2793,10062446,7180520,11789
1342,26,80,157,14357,8118,68,40294,0.14,0.90,194104,2782,10095031,7193408,11794
1343,42,92,161,14375,8120,68,40319,0.15,0.90,194139,2783,10154410,7205041,11797
1344,74,106,162,14392,8136,68,40319,0.15,0.90,194236,2811,10195798,7228076,11823
1345,64,109,169,14412,8144,68,40344,0.16,0.90,194431,2815,10242051,7246147,11834
1346,38,89,172,14429,8144,68,40491,0.16,0.90,194640,2795,10273495,7263229,11834
1347,36,74,189,14453,8145,68,40491,0.16,0.90,194692,2787,10303679,7279437,11836
1348,15,59,184,14468,8156,68,40519,0.16,0.90,194732,2805,10321749,7287337,11853
1349,13,46,189,14484,8159,68,40539,0.16,0.90,194880,2794,10343224,7297265,11858
1350,11,32,178,14496,8165,68,40539,0.16,0.90,194950,2798,10354408,7302350,11867
1351,9,32,172,14513,8172,68,40539,0.69,0.90,195034,2793,10378105,7308581,11877
1352,15,36,150,14531,8179,68,40539,0.69,0.91,195095,2797,10421386,7318392,11884
1353,11,33,145,14548,8187,68,40539,0.68,0.91,195189,2801,10443309,7332389,11896
1354,21,54,154,14566,8193,68,40539,0.68,0.91,195323,2802,10474535,7342177,11905
1355,39,64,167,14584,8198,68,40539,0.17,0.91,195364,2806,10495038,7357233,11915
1356,38,69,157,14601,8207,68,40582,0.17,0.91,195420,2822,10530404,7371770,11930
1357,47,87,154,14619,8210,68,40582,0.17,0.91,195632,2805,10552462,7390432,11935
1358,59,104,143,14638,8238,68,40704,0.17,0.91,195705,2853,10574488,7412529,11980
1359,77,113,141,14656,8257,68,40755,0.17,0.91,195799,2877,10619311,7426915,12007
1360,74,113,138,14674,8277,68,40780,0.17,0.91,196124,2884,10647532,7448090,12040
1361,63,110,129,14691,8303,68,40805,0.17,0.91,196569,2882,10669107,7476197,12081
1362,70,112,135,14709,8315,68,40863,0.17,0.91,196910,2852,10697926,7510298,12101
1363,66,119,141,14726,8326,68,40963,0.17,0.91,196967,2866,10745159,7533204,12121
1364,56,120,142,14744,8343,68,40963,0.17,0.91,196972,2904,10798569,7558492,12148
1365,65,131,153,14763,8351,68,41054,0.17,0.92,196997,2923,10834075,7583642,12161
1366,64,125,151,14780,8370,68,41134,0.17,0.92,197072,2959,10866349,7605621,12192
1367,61,126,155,14798,8384,68,41134,0.17,0.92,197121,2985,10920135,7643468,12218
1368,73,133,165,14815,8391,68,41216,0.16,0.92,197183,2993,10957957,7665203,12227
1369,74,145,172,14833,8402,68,41233,0.16,0.92,197215,3015,10982154,7688849,12244
1370,96,155,183,14851,8408,68,41324,0.16,0.92,197267,3024,11008740,7714893,12253
1371,98,159,186,14868,8422,68,41367,0.16,0.92,197310,3051,11034603,7743170,12271
1372,90,160,189,14886,8437,68,41465,0.16,0.92,197316,3092,11060892,7794343,12298
1373,94,164,191,14897,8445,68,41490,0.16,0.92,197386,3100,11077913,7825289,12311
1374,82,160,191,14909,8456,68,41490,0.16,0.92,197581,3105,11101471,7861570,12328
1375,51,109,188,14928,8472,68,41519,0.15,0.92,198075,3090,11123481,7907180,12353
1376,38,83,198,14945,8475,69,41577,0.13,0.92,200611,2847,11154683,7931488,12359
1377,16,51,200,14957,8477,69,41589,0.12,0.92,203328,2559,11170085,7939485,12362
1378,14,56,195,14968,8486,69,41589,0.12,0.93,204107,2494,11196441,7949608,12379
1379,12,50,196,14975,8492,69,41589,0.12,0.93,205014,2411,11212663,7959422,12388
1380,16,76,194,14981,8500,69,41614,0.12,0.93,205216,2401,11230393,7968730,12402
1381,35,102,196,14989,8506,69,41614,0.12,0.93,205324,2395,11244146,7977084,12410
1382,63,119,201,14995,8507,69,41614,0.12,0.93,205462,2380,11250742,7989679,12411
1383,29,91,180,14996,8529,69,41664,0.13,0.93,205514,2433,11251389,8024356,12447
1384,14,72,190,15017,8540,69,41664,0.13,0.93,205842,2429,11305216,8037918,12466
1385,18,46,195,15035,8549,69,41664,0.14,0.93,206082,2432,11343692,8053144,12482
1386,23,42,199,15052,8550,69,41725,0.14,0.93,206447,2406,11367197,8065759,12484
1387,34,51,179,15065,8552,69,41725,0.14,0.93,206767,2392,11384085,8074589,12486
1388,34,58,178,15083,8554,69,41725,0.60,0.93,206890,2384,11418895,8088937,12489
1389,21,36,166,15100,8569,69,41793,0.60,0.93,206908,2409,11443625,8105745,12509
1390,13,36,133,15118,8578,69,41793,0.11,0.93,206983,2420,11476389,8118924,12518
1391,13,33,109,15136,8582,70,41793,0.11,0.94,207159,2413,11517074,8131386,12525
1392,17,37,105,15153,8587,70,41793,0.13,0.94,207220,2419,11537911,8145636,12535
1393,18,56,116,15171,8590,70,41793,0.13,0.94,207317,2412,11566880,8159931,12541
1394,21,56,119,15189,8601,70,41793,0.12,0.94,207343,2434,11598923,8180412,12557
1395,36,65,114,15206,8611,70,41793,0.12,0.94,207359,2457,11623167,8197412,12570
1396,39,79,120,15224,8623,70,41818,0.12,0.94,207499,2478,11652735,8215055,12590
1397,40,86,122,15242,8639,70,41980,0.12,0.94,207598,2503,11682753,8238334,12616
1398,37,82,120,15259,8655,70,42005,0.12,0.94,207701,2528,11708103,8258394,12641
1399,35,54,120,15277,8664,70,42035,0.13,0.94,208036,2508,11737281,8277112,12656
1400,20,47,125,15295,8671,70,42035,0.13,0.94,208153,2504,11764445,8285186,12668
1401,11,50,133,15315,8676,70,42035,0.12,0.94,208251,2499,11817462,8291821,12673
1402,27,73,147,15333,8680,70,42055,0.12,0.94,208305,2502,11866420,8299471,12681
1403,41,100,161,15351,8684,70,42105,0.12,0.94,208339,2506,11902216,8312611,12686
1404,40,82,165,15368,8696,70,42131,0.13,0.95,208376,2525,11943887,8327321,12705
1405,48,71,178,15386,8696,70,42131,0.13,0.95,208460,2512,11990129,8347920,12705
1406,31,69,187,15403,8696,70,42131,0.13,0.95,208555,2496,12024410,8367193,12705
1407,45,87,197,15421,8696,70,42318,0.13,0.95,208555,2496,12079136,8380585,12705
1408,46,95,195,15432,8709,70,42356,0.13,0.95,208608,2526,12101521,8397361,12725
1409,70,122,199,15445,8718,70,42421,0.12,0.95,208698,2532,12119215,8414292,12741
1410,82,131,204,15455,8723,70,42421,0.12,0.95,209027,2518,12135991,8442531,12749
1411,56,88,200,15460,8730,70,42421,0.10,0.95,209239,2526,12163103,8481079,12776
1412,48,94,202,15469,8737,70,42475,0.72,0.95,209542,2521,12173950,8493071,12790
1413,76,118,204,15476,8742,70,42475,0.72,0.95,209627,2520,12181155,8499370,12795
1414,86,116,190,15483,8763,70,42505,0.72,0.95,209648,2564,12191984,8538638,12822
1415,49,73,173,15491,8768,70,42505,0.72,0.95,209701,2565,12203171,8551950,12828
1416,27,66,183,15511,8772,70,42505,0.09,0.96,209988,2540,12239485,8565132,12834
1417,60,105,200,15530,8774,70,42534,0.09,0.96,210152,2527,12276219,8575681,12844
1418,81,124,195,15535,8784,70,42559,0.09,0.96,210163,2545,12286833,8589088,12854
1419,83,117,201,15545,8788,70,42599,0.10,0.96,210216,2548,12323189,8600322,12860
1420,61,76,204,15549,8789,70,42671,0.10,0.96,210270,2541,12328410,8621213,12861
1421,17,35,203,15558,8794,70,42688,0.11,0.96,210323,2545,12337277,8636064,12870
1422,8,46,204,15575,8794,70,42688,0.11,0.96,210410,2538,12394853,8640654,12870
1423,10,33,205,15578,8794,70,42688,0.11,0.96,210410,2538,12400029,8644399,12870
1424,16,28,205,15594,8795,70,42688,0.11,0.96,210416,2539,12431288,8651951,12871
1425,28,38,204,15609,8796,70,42773,0.11,0.96,210421,2540,12444590,8663265,12873
1426,25,41,179,15627,8802,70,42805,0.10,0.96,210432,2550,12475050,8682077,12881
1427,18,38,148,15645,8817,70,42805,0.09,0.96,210550,2561,12508617,8693148,12906
1428,26,40,120,15662,8821,70,42866,0.09,0.96,210644,2561,12522192,8705706,12913
1429,13,42,91,15680,8839,70,42972,0.09,0.97,210785,2581,12558102,8724498,12941
1430,33,53,103,15698,8845,70,42972,0.72,0.97,210891,2580,12582894,8732557,12957
1431,26,52,99,15715,8866,70,42997,0.72,0.97,210945,2616,12615554,8755270,12979
1432,20,53,105,15733,8874,70,42997,0.72,0.97,211073,2610,12680367,8770051,12989
1433,18,36,104,15751,8878,70,42997,0.09,0.97,211274,2591,12708641,8784980,12995
1434,22,43,108,15769,8888,70,42997,0.10,0.97,211353,2606,12743854,8796685,13014
1435,24,44,119,15786,8890,70,43019,0.10,0.97,211475,2593,12776453,8809280,13017
1436,22,50,121,15804,8899,70,43019,0.11,0.97,211572,2603,12811287,8824686,13032
1437,27,58,125,15822,8901,70,43019,0.11,0.97,211701,2591,12837344,8836400,13036
1438,33,64,122,15839,8906,70,43048,0.10,0.97,211773,2596,12882758,8851401,13043
1439,38,81,131,15857,8914,70,43048,0.10,0.97,211809,2611,12928095,8865755,13054
1440,53,99,136,15875,8926,70,43048,0.10,0.97,211913,2627,12968459,8879781,13072
1441,55,98,144,15893,8935,70,43111,0.10,0.97,212081,2626,13008902,8911319,13086
1442,46,94,146,15910,8944,70,43111,0.10,0.98,212247,2628,13032746,8934486,13101
1443,49,94,153,15930,8954,70,43111,0.10,0.98,212301,2642,13066388,8953396,13114
1444,39,78,160,15948,8959,70,43111,0.10,0.98,212373,2642,13094096,8968190,13122
1445,34,67,164,15965,8965,70,43253,0.09,0.98,212379,2654,13124351,8992229,13134
1446,14,35,161,15983,8982,70,43274,0.09,0.98,212400,2689,13170202,9015842,13162
1447,12,36,161,16001,8990,70,43287,0.08,0.98,212751,2676,13210667,9025502,13172
1448,11,47,168,16019,8995,70,43317,0.08,0.98,213181,2658,13249689,9030365,13181
1449,11,57,178,16036,9001,70,43317,0.08,0.98,213191,2669,13288127,9043627,13189
1450,18,72,189,16054,9008,70,43342,0.72,0.98,213225,2678,13331974,9055152,13199
1451,27,77,171,16072,9044,70,43342,0.72,0.98,213271,2739,13353999,9089790,13242
1452,21,86,168,16083,9058,70,43372,0.72,0.98,213410,2749,13376565,9104524,13257
1453,20,67,169,16101,9068,70,43372,0.07,0.98,213555,2748,13400038,9121885,13270
1454,22,59,169,16121,9073,70,43476,0.08,0.99,213703,2733,13470551,9142365,13278
1455,24,60,159,16139,9079,70,43476,0.08,0.99,213871,2730,13517050,9161554,13288
1456,31,59,166,16156,9084,70,43476,0.08,0.99,213947,2734,13530516,9181489,13296
1457,37,67,177,16190,9099,71,43476,0.07,0.99,214037,2755,13574568,9201955,13322
1458,21,53,173,16209,9108,71,43476,0.07,0.99,214219,2755,13617196,9217765,13338
1459,20,71,162,16227,9120,71,43531,0.07,0.99,214511,2764,13641361,9238915,13357
1460,38,91,170,16245,9130,71,43531,0.07,0.99,214987,2769,13691309,9256957,13375
1461,48,98,171,16263,9146,71,43581,0.07,0.99,215030,2803,13721200,9279320,13401
1462,39,74,163,16282,9152,71,43581,0.07,0.99,215407,2804,13772712,9298542,13412
1463,36,68,162,16304,9156,71,43701,0.07,1.00,215639,2784,13818438,9314840,13419
1464,46,86,165,16322,9170,71,43701,0.07,1.00,216023,2789,13832615,9332031,13446
1465,69,101,170,16340,9183,71,43732,0.07,1.00,216253,2809,13858437,9353978,13466
1466,65,105,168,16358,9203,71,43790,0.07,1.00,216794,2815,13891086,9384651,13498
1467,57,98,157,16376,9231,71,43829,0.07,1.00,217201,2852,13914073,9441725,13544
1468,61,78,158,16394,9241,71,43878,0.06,1.00,217833,2837,13935088,9471275,13562
1469,62,96,167,16420,9258,71,43917,0.06,1.00,218629,2834,13971210,9506340,13588
1470,73,111,173,16440,9272,71,43929,0.06,1.00,218771,2854,13999761,9538844,13612
1471,67,119,174,16460,9291,71,44017,0.06,1.00,219161,2894,14037280,9566403,13646
1472,82,136,179,16478,9304,71,44091,0.06,1.00,220015,2889,14090271,9596096,13668
1473,103,147,183,16496,9318,71,44108,0.06,1.00,220387,2899,14165642,9637879,13688
1474,137,154,184,16515,9336,71,44120,0.06,1.00,221044,2911,14194843,9696350,13718
1475,152,182,206,16554,9353,72,44120,0.07,1.00,223140,2893,14248518,9759762,13747
1476,109,140,163,16559,9401,72,44173,0.07,1.00,223941,2950,14264419,9824385,13822
1477,117,140,167,16577,9415,72,44272,0.07,1.00,224630,2959,14317837,9861818,13844
1478,69,83,179,16597,9418,72,44568,0.07,1.00,226279,2913,14345302,9894213,13848
1479,28,57,176,16619,9435,72,44612,0.07,1.00,226803,2930,14387909,9922940,13875
1480,41,82,193,16637,9436,72,44651,0.07,1.00,227605,2905,14413030,9932782,13876
1481,55,114,201,16655,9446,72,44690,0.07,1.00,227750,2930,14428920,9948997,13893
1482,90,138,202,16671,9461,72,44729,0.07,1.00,227977,2956,14450872,9978127,13917
1483,106,142,193,16686,9485,73,44782,0.07,1.00,228313,3000,14478301,10030772,13953
1484,124,135,189,16699,9502,73,44834,0.07,1.00,229217,2987,14497597,10075736,13980
1485,63,115,196,16716,9512,73,44932,0.06,1.00,230150,2968,14519256,10107741,13997
1486,14,75,195,16734,9529,73,44932,0.06,1.00,231062,2982,14547002,10130798,14027
1487,23,40,203,16749,9535,73,44932,0.06,1.00,231875,2955,14564384,10141771,14037
1488,14,27,196,16756,9548,73,45005,0.05,1.00,232169,2974,14574758,10159434,14058
1489,6,24,201,16770,9556,73,45005,0.05,1.00,232567,2972,14586894,10170443,14068
1490,10,31,191,16788,9563,73,45005,0.05,1.00,232647,2984,14610000,10179783,14079
1491,17,38,163,16806,9569,73,45005,0.04,1.00,233015,2973,14644783,10195137,14086
1492,28,53,125,16824,9573,73,45005,0.05,1.00,233295,2969,14669045,10209596,14093
1493,43,67,122,16843,9583,73,45005,0.05,1.00,233428,2996,14694697,10232984,14110
1494,26,66,117,16861,9606,73,45055,0.04,1.00,233767,3038,14735457,10263643,14145
1495,26,68,124,16879,9617,73,45055,0.04,1.00,234518,3013,14805536,10290189,14164
1496,32,76,131,16899,9630,73,45080,0.04,1.00,234779,3021,14847239,10315286,14186
1497,33,80,145,16917,9634,73,45108,0.04,1.00,235181,3010,14896823,10336859,14194
1498,36,80,154,16935,9643,73,45108,0.04,1.00,235469,3017,14929816,10357629,14210
1499,29,67,166,16953,9648,74,45108,0.04,1.00,235593,3026,14967977,10379387,14219
