t,visible,near600,alive,spawned,killed,level,hit_damage,memory,erasure_global,xp_gained,xp_orbs,spawned_hp,damage_dealt,essence_gained
1,0,0,0,0,0,1,0,0.99,0.00,0,0,0,0,0
2,0,0,0,0,0,1,0,0.99,0.00,0,0,0,0,0
3,0,0,0,0,0,1,0,0.97,0.00,0,0,0,0,0
4,0,0,0,0,0,1,0,0.97,0.00,0,0,0,0,0
5,0,0,0,0,0,1,0,0.96,0.00,0,0,0,0,0
6,0,0,0,0,0,1,0,0.96,0.00,0,0,0,0,6
7,0,0,0,0,0,1,0,0.96,0.00,0,0,0,0,6
8,0,0,0,0,0,1,0,0.96,0.00,0,0,0,0,6
9,4,4,4,4,0,1,0,0.95,0.00,0,0,91,0,6
10,5,5,5,5,0,1,0,0.94,0.00,0,0,114,0,6
11,5,5,5,5,0,1,0,0.93,0.00,0,0,114,19,6
12,5,6,6,6,0,1,0,0.92,0.01,0,0,141,29,6
13,5,6,6,6,0,1,0,0.92,0.01,0,0,141,29,6
14,1,1,6,6,0,1,0,0.93,0.01,0,0,141,29,6
15,1,5,10,10,0,1,0,0.92,0.01,0,0,333,29,6
16,6,7,12,12,0,1,0,0.92,0.01,0,0,516,38,6
17,6,7,12,12,0,1,45,0.92,0.01,0,0,516,58,6
18,6,6,12,12,0,1,45,0.92,0.01,0,0,516,77,6
19,7,7,13,13,0,1,45,0.92,0.01,0,0,608,77,6
20,7,8,13,13,0,1,51,0.92,0.01,0,0,608,96,6
21,5,7,12,13,1,1,56,0.92,0.01,0,1,608,106,7
22,1,4,13,15,2,1,56,0.91,0.01,8,1,793,115,8
23,3,7,17,19,2,1,56,0.91,0.01,8,1,1162,115,8
24,3,4,17,19,2,1,56,0.91,0.01,8,1,1162,125,8
25,4,5,18,20,2,1,56,0.91,0.01,8,1,1254,144,14
26,5,9,19,21,2,1,76,0.91,0.01,8,1,1378,163,14
27,6,6,19,21,2,1,137,0.90,0.01,8,1,1378,173,14
28,8,8,21,23,2,1,137,0.90,0.01,8,1,1625,182,14
29,4,10,22,25,2,1,137,0.89,0.01,8,1,1788,192,14
30,0,5,15,25,2,1,137,0.90,0.01,8,1,1788,192,14
31,0,4,18,29,2,1,137,0.91,0.01,8,1,1928,192,14
32,1,5,21,36,2,1,137,0.91,0.01,8,1,2175,192,14
33,3,6,21,36,2,1,137,0.91,0.01,8,1,2175,192,14
34,6,9,21,36,2,1,137,0.91,0.02,8,1,2175,211,14
35,5,6,21,37,3,1,137,0.91,0.02,8,2,2222,230,15
36,9,10,25,41,3,1,137,0.91,0.02,17,1,2400,240,15
37,10,10,21,41,3,1,137,0.90,0.02,17,1,2400,259,15
38,6,12,23,43,3,1,137,0.90,0.02,17,1,2447,269,15
39,6,12,23,43,3,1,137,0.90,0.02,17,1,2447,288,46
40,8,11,22,43,4,1,171,0.90,0.02,17,2,2447,307,47
41,11,11,23,44,4,1,192,0.90,0.02,25,1,2470,317,47
42,5,11,20,46,6,1,192,0.90,0.02,25,3,2659,336,49
43,7,9,16,48,6,1,192,0.90,0.02,25,3,2848,346,49
44,8,13,17,49,6,1,192,0.90,0.02,25,3,2942,365,49
45,8,13,17,49,6,1,233,0.89,0.02,25,3,2942,384,49
46,10,13,17,49,6,1,346,0.89,0.02,25,3,2942,394,49
47,5,13,19,52,6,1,346,0.89,0.02,25,3,3156,403,49
48,5,8,18,52,6,1,346,0.89,0.02,25,3,3156,413,49
49,8,12,19,53,6,1,346,0.89,0.02,25,3,3251,413,49
50,9,15,20,54,6,1,346,0.89,0.02,25,3,3346,413,49
51,13,18,20,54,6,1,346,0.89,0.02,25,3,3346,413,49
52,14,20,21,55,6,1,346,0.89,0.02,25,3,3441,442,49
53,14,20,21,55,6,1,367,0.90,0.02,25,3,3441,451,49
54,5,15,21,55,6,1,367,0.90,0.02,25,3,3441,470,49
55,5,12,22,56,6,2,374,0.90,0.02,42,1,3537,480,49
56,6,10,27,61,6,2,394,0.90,0.03,42,1,4016,499,49
57,7,14,34,68,6,2,394,0.90,0.03,42,1,4246,528,49
58,10,16,31,70,6,2,394,0.91,0.03,42,1,4294,538,49
59,10,15,31,70,6,2,394,0.91,0.03,42,1,4294,547,49
60,10,16,31,73,7,2,394,0.90,0.03,42,3,4511,566,50
61,11,13,29,75,7,2,457,0.89,0.03,42,3,4704,595,50
62,7,10,31,81,7,2,499,0.89,0.03,42,3,5065,605,50
63,11,17,36,89,7,2,499,0.89,0.03,42,3,5468,634,50
64,6,15,36,93,8,2,499,0.89,0.03,42,5,5855,672,51
65,3,13,43,100,8,2,506,0.90,0.03,42,5,6307,691,51
66,6,11,45,105,8,2,506,0.90,0.03,42,5,6638,701,51
67,6,15,51,113,8,2,506,0.90,0.03,42,5,6904,701,51
68,5,18,50,118,8,2,506,0.90,0.03,42,5,7196,701,51
69,7,11,49,124,8,2,526,0.90,0.03,42,5,7507,720,51
70,9,15,44,129,8,2,526,0.90,0.03,42,5,7648,739,51
71,6,18,47,134,8,2,543,0.90,0.03,42,5,7921,758,51
72,7,12,43,137,8,2,543,0.89,0.03,42,5,8108,768,51
73,10,14,48,144,8,2,543,0.89,0.03,42,5,8450,787,51
74,14,19,53,150,8,2,543,0.89,0.03,42,5,8710,816,51
75,15,21,49,154,8,2,543,0.89,0.03,42,5,8906,826,51
76,14,20,46,156,8,2,550,0.88,0.03,42,5,9086,845,51
77,14,26,47,157,8,2,550,0.88,0.03,42,5,9217,854,51
78,18,28,46,157,9,2,571,0.88,0.04,42,7,9217,883,52
79,17,26,47,158,9,2,596,0.88,0.04,53,5,9348,902,52
80,10,24,46,158,9,2,596,0.87,0.04,53,5,9348,931,52
81,4,19,40,159,9,2,596,0.89,0.04,53,5,9479,941,52
82,5,15,41,165,9,2,596,0.89,0.04,53,5,9932,950,52
83,6,17,52,178,9,2,603,0.89,0.04,53,5,10613,979,52
84,8,21,59,187,9,2,603,0.89,0.04,53,5,11305,998,52
85,14,24,59,189,9,2,603,0.89,0.04,53,5,11404,998,52
86,15,24,59,189,9,2,603,0.89,0.04,53,5,11404,1018,52
87,14,24,62,194,9,2,639,0.89,0.04,53,5,11901,1056,52
88,11,21,64,199,9,2,639,0.88,0.04,53,5,12141,1066,52
89,10,20,62,204,9,2,639,0.88,0.04,53,5,12389,1094,52
90,15,23,58,213,9,2,650,0.88,0.04,53,5,13128,1133,52
91,14,19,62,219,9,2,673,0.87,0.04,53,5,13282,1152,52
92,16,26,61,227,9,2,713,0.87,0.04,53,5,13665,1181,52
93,15,22,56,228,9,2,713,0.87,0.04,53,5,13690,1190,52
94,12,33,72,245,9,2,713,0.87,0.04,53,5,14590,1229,52
95,23,27,65,245,9,2,713,0.87,0.04,53,5,14590,1248,52
96,25,26,55,246,9,2,763,0.87,0.04,53,5,14690,1286,52
97,26,31,55,246,9,2,827,0.86,0.04,53,5,14690,1296,52
98,35,41,56,247,9,2,884,0.86,0.04,53,5,14790,1325,52
99,42,46,57,248,9,2,962,0.87,0.04,53,5,14891,1344,52
100,42,48,57,248,9,2,1040,0.87,0.05,53,5,14891,1373,52
101,42,49,58,249,9,2,1196,0.87,0.05,53,5,14992,1382,52
102,41,49,57,249,10,2,1456,0.87,0.05,53,7,14992,1402,53
103,42,50,58,250,10,2,1714,0.87,0.05,70,5,15017,1440,53
104,37,49,58,250,10,2,1946,0.87,0.05,70,5,15017,1459,53
105,35,44,58,251,11,2,2241,0.87,0.05,86,5,15152,1498,54
106,37,44,58,251,11,2,2578,0.87,0.05,86,5,15152,1507,54
107,39,45,59,252,11,2,2862,0.87,0.05,86,5,15287,1546,54
108,43,44,58,252,12,2,3166,0.87,0.05,103,5,15287,1565,55
109,42,44,58,253,13,2,3475,0.87,0.05,103,7,15423,1574,56
110,42,45,59,254,13,2,3530,0.87,0.05,119,5,15559,1594,56
111,39,46,59,254,13,2,3548,0.87,0.05,119,5,15559,1613,56
112,16,46,60,255,13,2,3548,0.87,0.05,119,5,15661,1622,56
113,12,21,60,255,13,2,3548,0.87,0.05,119,5,15661,1642,56
114,13,18,68,263,13,2,3583,0.88,0.05,119,5,15901,1661,56
115,20,28,75,270,13,2,3583,0.88,0.05,119,5,16191,1680,56
116,16,27,71,272,14,2,3605,0.88,0.05,119,7,16242,1709,57
117,16,27,68,274,14,3,3612,0.88,0.05,136,5,16396,1747,57
118,9,19,55,279,14,3,3612,0.88,0.05,136,5,16833,1757,57
119,12,24,57,291,14,3,3627,0.88,0.05,136,5,17435,1776,57
120,15,23,57,291,14,3,3655,0.88,0.05,136,5,17435,1805,57
121,15,24,59,295,14,3,3691,0.88,0.06,136,5,17621,1814,57
122,16,24,57,301,14,3,3691,0.86,0.06,136,5,17825,1834,57
123,11,23,57,308,14,3,3691,0.86,0.06,136,5,18144,1872,57
124,17,24,56,309,14,3,3703,0.86,0.06,136,5,18196,1901,57
125,21,34,56,310,14,3,3737,0.86,0.06,136,5,18248,1920,57
126,21,33,55,310,15,3,3794,0.86,0.06,136,6,18248,1939,58
127,23,38,56,311,15,3,3915,0.86,0.06,145,5,18299,1968,58
128,22,43,55,312,16,3,4099,0.86,0.06,153,6,18325,1987,59
129,28,42,52,312,17,3,4128,0.86,0.06,161,6,18325,2026,60
130,35,39,52,313,17,3,4128,0.86,0.06,161,6,18351,2035,60
131,23,29,52,313,17,3,4128,0.85,0.06,161,6,18351,2035,60
132,10,24,53,315,17,3,4128,0.85,0.06,161,6,18404,2035,60
133,13,29,52,315,17,3,4128,0.85,0.06,161,6,18404,2035,68
134,17,34,54,317,17,3,4128,0.85,0.06,161,6,18482,2035,68
135,15,29,53,317,18,3,4128,0.85,0.06,161,7,18482,2054,69
136,3,16,57,321,18,3,4138,0.87,0.06,161,7,18622,2074,69
137,5,19,56,322,18,3,4138,0.87,0.06,161,7,18666,2083,69
138,9,33,54,322,18,3,4158,0.87,0.06,161,7,18666,2112,69
139,10,38,55,323,18,3,4178,0.87,0.06,161,7,18710,2122,69
140,7,36,55,323,18,3,4178,0.87,0.06,161,7,18710,2150,69
141,5,24,56,324,18,3,4178,0.88,0.06,161,7,18815,2150,69
142,6,24,56,324,18,3,4178,0.88,0.06,161,7,18815,2150,69
143,7,36,57,325,18,3,4178,0.88,0.07,161,7,18868,2160,69
144,12,38,57,325,18,3,4201,0.87,0.07,161,7,18868,2179,69
145,3,12,61,330,19,3,4201,0.87,0.07,161,9,19292,2198,70
146,6,25,78,347,19,3,4201,0.87,0.07,178,7,20372,2218,70
147,8,33,90,360,20,3,4201,0.86,0.07,178,9,20966,2227,71
148,15,28,87,362,20,3,4214,0.85,0.07,178,9,21030,2256,71
149,19,26,90,368,20,3,4220,0.85,0.07,178,9,21307,2275,71
150,26,35,90,369,20,3,4290,0.85,0.07,178,9,21333,2304,71
151,30,36,89,369,21,3,4410,0.85,0.07,187,9,21333,2333,72
152,33,42,90,370,21,3,4529,0.85,0.07,187,9,21360,2342,72
153,39,41,89,370,22,3,4649,0.85,0.07,187,10,21360,2371,73
154,39,42,89,371,22,3,4752,0.84,0.07,196,9,21414,2390,73
155,25,29,60,372,22,3,4752,0.85,0.07,196,9,21467,2419,73
156,15,24,64,380,22,3,4752,0.86,0.07,196,9,21698,2429,73
157,11,26,72,394,22,3,4752,0.87,0.07,196,9,22457,2448,73
158,20,34,78,402,22,3,4752,0.87,0.07,196,9,22790,2448,73
159,24,35,74,404,22,3,4787,0.87,0.07,196,9,22880,2477,73
160,21,28,63,405,22,3,4787,0.86,0.07,196,9,22933,2515,73
161,14,19,64,410,22,3,4787,0.86,0.07,196,9,23086,2534,73
162,17,27,61,415,22,3,4787,0.86,0.07,196,9,23410,2554,73
163,28,37,60,415,23,3,4793,0.86,0.07,196,10,23410,2602,97
164,28,33,60,416,24,3,4817,0.86,0.08,205,10,23443,2621,98
165,24,33,59,424,24,3,4817,0.85,0.08,214,9,23811,2650,98
166,16,34,61,429,25,3,4817,0.84,0.08,214,10,24136,2688,99
167,14,27,64,434,25,3,4846,0.84,0.08,214,10,24670,2746,99
168,14,28,71,443,26,3,4846,0.86,0.08,214,11,25345,2755,100
169,13,29,69,454,26,3,4846,0.86,0.08,214,11,26514,2765,100
170,16,31,69,462,26,3,4846,0.86,0.08,214,11,26896,2832,100
171,18,30,70,468,26,3,4846,0.86,0.08,214,11,27256,2861,100
172,20,31,71,471,27,3,4846,0.86,0.08,214,12,27354,2880,101
173,26,37,73,473,27,3,4846,0.86,0.08,223,11,27420,2918,101
174,32,42,73,473,27,3,4902,0.86,0.08,223,11,27420,2976,101
175,37,49,72,474,28,3,4939,0.86,0.08,223,12,27453,3014,102
176,35,37,68,474,28,3,4945,0.86,0.08,223,12,27453,3043,102
177,18,29,64,477,29,3,4945,0.86,0.08,223,13,27535,3053,103
178,21,37,64,478,29,3,4945,0.86,0.08,232,12,27563,3091,103
179,38,45,63,478,30,3,4981,0.86,0.08,241,12,27563,3139,104
180,36,44,63,480,31,3,5042,0.86,0.08,241,13,27810,3158,105
181,34,38,60,480,31,3,5042,0.86,0.08,250,12,27810,3216,105
182,19,29,59,482,32,3,5089,0.86,0.08,250,14,27879,3274,106
183,18,27,67,492,32,4,5089,0.86,0.08,267,12,28197,3283,106
184,18,28,69,502,32,4,5089,0.86,0.09,267,12,28587,3302,106
185,17,29,70,513,34,4,5089,0.85,0.09,267,14,28958,3583,108
186,14,34,76,522,34,4,5089,0.85,0.09,276,13,29341,3602,108
187,13,31,74,523,37,4,5095,0.85,0.09,276,17,29369,4009,123
188,15,37,74,523,37,4,5107,0.85,0.09,308,13,29369,4038,123
189,27,55,74,524,38,4,5120,0.85,0.09,317,13,29396,4076,124
190,39,50,71,524,41,4,5145,0.85,0.09,344,13,29396,4412,127
191,40,45,68,525,42,4,5145,0.85,0.09,344,14,29508,4451,128
192,25,37,60,526,45,4,5145,0.84,0.09,344,20,29536,4829,131
193,15,25,62,529,45,4,5158,0.84,0.09,344,20,29638,4829,131
194,15,32,69,543,45,4,5158,0.84,0.09,344,20,30484,4829,131
195,7,27,73,547,45,4,5158,0.85,0.09,344,20,30693,4848,131
196,11,35,74,552,46,4,5158,0.85,0.09,344,21,31183,4867,132
197,27,50,74,552,46,4,5158,0.85,0.09,353,20,31183,4867,132
198,45,50,74,553,47,4,5183,0.85,0.09,353,21,31224,4906,133
199,46,50,75,554,47,4,5219,0.85,0.09,363,20,31258,4915,133
200,12,14,68,554,52,4,5219,0.85,0.09,363,34,31258,5584,138
201,5,11,65,555,52,4,5219,0.85,0.09,363,34,31292,5584,138
202,2,14,75,571,52,4,5219,0.85,0.09,363,34,32258,5612,138
203,10,28,86,588,52,4,5219,0.85,0.09,363,34,33330,5612,138
204,23,35,94,602,52,4,5219,0.85,0.09,363,34,34481,5632,138
205,27,38,96,608,53,4,5219,0.85,0.10,363,35,34708,5786,139
206,30,41,97,610,54,4,5254,0.85,0.10,372,35,34856,5825,140
207,35,41,96,610,55,4,5299,0.85,0.10,390,34,34856,5951,141
208,37,74,96,611,56,4,5412,0.85,0.10,390,35,34969,5989,142
209,72,73,93,611,59,4,5536,0.85,0.10,409,36,34969,6396,145
210,75,76,94,612,59,4,5775,0.85,0.10,427,34,35083,6425,145
211,78,84,93,612,60,4,5788,0.85,0.10,427,35,35083,6580,146
212,71,75,94,613,60,4,5837,0.85,0.10,427,35,35198,6637,146
213,63,63,90,614,65,4,5968,0.85,0.10,427,45,35226,7325,151
214,57,57,90,614,65,5,5992,0.84,0.10,578,25,35226,7352,151
215,52,55,90,615,66,5,6005,0.84,0.10,613,23,35268,7381,152
216,5,15,86,615,67,5,6005,0.84,0.10,630,23,35268,7420,153
217,1,5,77,620,67,5,6005,0.84,0.10,647,21,35805,7420,153
218,5,21,88,637,67,5,6005,0.83,0.10,647,21,36666,7420,153
219,18,32,97,654,68,5,6005,0.83,0.10,647,23,37270,7475,154
220,27,39,102,666,69,6,6005,0.83,0.10,728,18,37779,7530,155
221,26,41,106,676,70,6,6005,0.84,0.10,737,19,38202,7543,156
222,31,43,104,677,71,6,6005,0.84,0.10,755,19,38260,7597,157
223,32,41,101,677,74,6,6028,0.84,0.10,773,20,38260,7704,160
224,32,36,97,678,79,6,6063,0.83,0.10,782,27,38289,8197,165
225,27,34,93,679,79,6,6063,0.83,0.11,826,20,38324,8316,165
226,18,31,96,684,81,6,6063,0.84,0.11,826,24,38488,8484,167
227,17,25,100,689,81,6,6063,0.83,0.11,857,20,38634,8484,167
228,24,83,104,693,81,6,6063,0.83,0.11,857,20,38924,8494,167
229,80,85,103,694,83,6,6063,0.83,0.11,857,24,39041,8603,169
230,87,90,102,694,84,6,6087,0.83,0.11,886,22,39041,8664,170
231,85,91,99,695,88,6,6238,0.83,0.11,905,24,39158,8806,174
232,86,94,98,696,90,7,6716,0.83,0.11,949,21,39274,8878,176
233,52,56,60,696,128,8,6940,0.83,0.11,1286,24,39274,13507,214
234,53,55,60,697,129,8,7115,0.83,0.11,1309,22,39304,13588,215
235,53,55,59,697,130,8,7383,0.83,0.11,1321,22,39304,13846,216
236,54,56,60,698,130,8,7637,0.83,0.11,1332,20,39421,13937,216
237,51,54,57,698,133,8,7880,0.83,0.11,1332,29,39421,14137,222
238,52,54,57,699,134,8,8198,0.83,0.11,1416,23,39456,14244,223
239,52,53,57,700,135,8,8504,0.83,0.11,1439,23,39574,14330,224
240,54,58,66,709,135,8,8797,0.83,0.11,1463,20,40015,14366,224
241,61,73,77,720,135,8,9078,0.83,0.11,1463,20,40468,14431,224
242,63,74,82,727,137,8,9078,0.82,0.11,1463,25,41042,14598,226
243,37,74,86,731,137,8,9078,0.82,0.11,1477,23,41277,14679,226
244,42,69,95,741,138,8,9104,0.81,0.12,1477,26,41967,14883,227
245,50,70,95,742,139,8,9123,0.81,0.12,1500,26,42019,14995,228
246,60,86,94,743,141,8,9136,0.81,0.12,1566,25,42071,15272,230
247,77,94,94,744,142,9,9162,0.81,0.12,1582,26,42124,15369,231
248,86,90,93,745,144,9,9199,0.82,0.12,1618,28,42148,15612,233
249,86,90,93,746,145,9,9199,0.82,0.12,1729,23,42208,15769,234
250,61,70,84,747,155,9,9274,0.82,0.12,1753,38,42233,17036,244
251,20,29,96,759,155,9,9274,0.82,0.12,1952,27,43082,17066,244
252,12,28,112,776,156,9,9274,0.82,0.12,1952,29,44224,17086,245
253,13,28,125,791,156,9,9274,0.82,0.12,1958,28,45123,17165,245
254,20,29,126,793,157,9,9274,0.82,0.12,1958,31,45172,17427,246
255,19,29,126,797,158,10,9283,0.81,0.12,2005,31,45445,17567,247
256,20,37,125,801,160,10,9339,0.81,0.12,2057,29,45595,17670,249
257,18,39,126,807,165,10,9386,0.81,0.13,2112,30,46298,18228,254
258,17,23,128,813,166,10,9386,0.81,0.13,2124,29,46600,18338,255
259,15,29,109,830,167,10,9386,0.81,0.13,2124,31,47796,18464,256
260,25,37,105,847,167,10,9386,0.82,0.13,2124,31,49973,18502,256
261,21,37,114,864,170,10,9386,0.82,0.13,2124,40,51098,18899,259
262,32,44,119,881,171,10,9460,0.82,0.13,2195,36,52196,19079,260
263,37,48,122,898,172,10,9460,0.82,0.13,2195,39,53550,19131,261
264,43,60,117,915,172,10,9475,0.82,0.13,2207,37,55158,19340,261
265,47,59,118,932,174,10,9475,0.82,0.13,2207,43,56976,19503,263
266,52,69,125,949,176,10,9480,0.82,0.13,2218,45,57765,19592,265
267,49,60,124,957,180,10,9486,0.81,0.13,2218,55,58228,19941,269
268,46,54,126,971,181,10,9486,0.81,0.13,2230,56,59323,20095,270
269,35,49,127,982,182,10,9486,0.80,0.13,2230,59,59975,20185,271
270,44,57,125,995,184,10,9486,0.79,0.14,2246,61,61394,20271,273
271,33,47,127,1006,186,10,9531,0.79,0.14,2246,65,61998,20407,275
272,30,40,127,1012,188,10,9552,0.80,0.14,2246,70,62416,20635,277
273,33,45,124,1025,189,10,9552,0.80,0.14,2258,71,63370,20767,278
274,31,43,128,1041,189,10,9552,0.80,0.14,2282,68,65377,20847,278
275,26,45,127,1047,190,10,9552,0.81,0.14,2282,70,65939,21026,279
276,45,58,126,1052,192,10,9552,0.81,0.14,2294,73,66098,21413,290
277,57,68,127,1055,194,10,9588,0.81,0.14,2384,72,66269,21554,292
278,43,52,126,1059,197,10,9609,0.81,0.14,2414,75,66514,21956,295
279,34,49,123,1070,198,10,9676,0.81,0.14,2414,78,67384,22176,296
280,33,46,129,1084,198,10,9676,0.81,0.14,2444,74,68294,22236,296
281,40,60,126,1085,201,10,9676,0.81,0.14,2450,80,68519,22323,299
282,65,76,127,1088,203,11,9684,0.81,0.14,2504,79,68929,22384,301
283,82,93,121,1088,209,11,9730,0.81,0.15,2527,93,68929,23152,307
284,53,90,121,1089,210,11,9737,0.81,0.15,2600,86,68980,23375,308
285,64,92,120,1090,212,11,9737,0.81,0.15,2671,89,69032,23474,310
286,67,92,114,1091,219,11,9955,0.81,0.15,2743,95,69084,24501,317
287,69,91,113,1092,221,11,10305,0.81,0.15,2848,84,69136,24616,319
288,31,59,94,1101,249,11,10379,0.80,0.15,2854,145,70082,28119,347
289,22,57,110,1118,250,11,10379,0.80,0.15,2925,138,71877,28218,348
290,31,54,126,1135,251,11,10379,0.80,0.15,2937,139,73333,28344,349
291,42,67,127,1138,253,12,10379,0.80,0.15,3268,144,73510,28380,351
292,48,82,124,1139,257,12,10379,0.80,0.15,3354,142,73584,28885,355
293,44,60,119,1141,263,12,10415,0.80,0.15,3379,153,73727,29754,361
294,39,48,123,1151,264,12,10430,0.80,0.15,3398,154,74631,29929,362
295,19,46,120,1162,270,12,10458,0.80,0.15,3430,169,75434,30624,368
296,28,53,125,1176,272,12,10458,0.79,0.16,3486,167,76915,30738,370
297,38,59,128,1183,276,12,10458,0.79,0.16,3595,161,77400,30942,374
298,50,69,129,1187,277,13,10473,0.79,0.16,3632,158,78035,31072,375
299,33,49,127,1190,281,13,10473,0.79,0.16,3644,165,78557,31663,379
300,47,62,133,1197,282,13,10473,0.79,0.16,3686,162,78908,31816,380
301,52,70,137,1203,284,13,10502,0.79,0.16,3765,158,79089,32208,382
302,47,59,128,1204,286,13,10551,0.79,0.16,3785,159,79167,32396,384
303,18,38,103,1210,288,13,10551,0.79,0.16,3785,161,79588,32466,386
304,13,27,102,1227,288,13,10551,0.79,0.16,3791,160,81242,32513,386
305,17,48,115,1244,290,13,10551,0.79,0.16,3791,165,82636,32586,388
306,15,67,126,1259,294,13,10551,0.79,0.16,3840,172,84157,33389,392
307,26,70,130,1263,294,14,10551,0.79,0.16,4259,172,84756,33512,392
308,45,78,130,1265,296,14,10593,0.79,0.16,4341,173,85070,33868,394
309,71,89,131,1267,297,14,10685,0.79,0.17,4551,160,85132,34041,395
310,61,69,123,1267,305,14,10722,0.79,0.17,4551,178,85132,35477,404
311,46,66,114,1269,306,14,10722,0.79,0.17,4564,180,85195,35536,406
312,54,68,113,1270,308,14,10722,0.79,0.17,4635,181,85256,35837,423
313,56,69,112,1271,310,14,10777,0.79,0.17,4667,182,85317,36014,427
314,43,56,96,1271,325,14,10790,0.79,0.17,4842,191,85317,38543,457
315,25,41,80,1276,346,15,10790,0.79,0.17,4939,211,85669,41394,499
316,28,55,89,1285,346,15,10816,0.79,0.17,5140,177,86466,41404,499
317,31,53,89,1289,348,15,10816,0.78,0.17,5140,181,86738,41613,503
318,28,48,87,1292,349,15,10816,0.78,0.17,5140,183,86891,41704,505
319,24,47,96,1307,351,15,10816,0.77,0.17,5146,186,87841,41942,509
320,27,48,101,1316,352,15,10816,0.76,0.17,5152,187,88366,41996,511
321,34,57,100,1316,353,15,10816,0.76,0.17,5171,186,88366,42057,513
322,42,58,100,1317,354,15,10828,0.76,0.17,5180,186,88410,42114,515
323,42,51,99,1318,356,15,10862,0.76,0.17,5190,188,88453,42238,519
324,24,42,109,1330,358,15,10862,0.76,0.17,5203,190,89113,42382,523
325,11,47,125,1347,358,15,10862,0.77,0.17,5203,190,90210,42453,523
326,21,51,115,1347,358,15,10862,0.77,0.17,5203,190,90210,42529,523
327,26,56,114,1348,359,15,10862,0.77,0.17,5203,192,90299,42633,525
328,30,59,109,1349,362,15,10924,0.77,0.18,5203,197,90353,42906,531
329,49,72,107,1349,363,15,10936,0.76,0.18,5257,192,90353,43016,533
330,54,62,85,1350,386,15,11000,0.76,0.18,5297,223,90443,46701,579
331,52,64,84,1350,387,15,11035,0.75,0.18,5510,197,90443,46796,581
332,37,64,79,1351,393,15,11035,0.76,0.18,5538,206,90534,47914,593
333,20,58,81,1354,394,16,11035,0.77,0.18,5586,201,90689,48045,595
334,6,52,86,1359,394,16,11035,0.78,0.18,5599,199,91135,48086,595
335,13,55,87,1361,395,16,11035,0.78,0.18,5617,199,91320,48183,597
336,11,47,87,1362,396,16,11035,0.78,0.18,5623,200,91397,48242,599
337,12,31,103,1379,397,16,11035,0.76,0.18,5642,200,94197,48391,601
338,12,34,118,1396,398,16,11035,0.76,0.18,5642,201,95333,48505,603
339,17,52,128,1407,399,16,11035,0.76,0.18,5652,202,96166,48592,605
340,25,58,128,1408,400,16,11035,0.76,0.18,5652,203,96261,48754,607
341,33,66,127,1409,402,16,11035,0.76,0.18,5674,204,96356,49061,609
342,38,73,127,1409,402,16,11047,0.76,0.18,5699,200,96356,49237,609
343,45,87,125,1410,405,16,11178,0.76,0.18,5699,207,96548,50044,612
344,81,90,123,1410,407,16,11240,0.78,0.18,5757,204,96548,50302,614
345,77,90,120,1411,411,16,11253,0.78,0.18,5800,205,96936,50625,618
346,80,93,123,1416,413,16,11253,0.78,0.18,5833,203,97453,50815,620
347,73,85,118,1416,418,16,11301,0.78,0.19,5858,210,97453,51706,625
348,64,76,118,1417,419,16,11301,0.78,0.19,5920,202,97846,51800,626
349,16,29,120,1421,419,16,11330,0.77,0.19,5991,196,98738,51880,626
350,4,27,132,1444,419,16,11330,0.77,0.19,5991,196,101181,51880,626
351,21,32,133,1446,419,16,11330,0.77,0.19,5991,196,101281,52045,626
352,25,39,131,1447,422,16,11330,0.77,0.19,6016,200,101331,52548,629
353,32,52,129,1448,424,16,11380,0.77,0.19,6063,198,101392,52682,631
354,36,59,128,1448,425,16,11455,0.77,0.19,6075,198,101392,52734,632
355,51,85,128,1449,425,16,11519,0.77,0.19,6094,196,101453,52846,632
356,70,93,127,1450,427,16,11608,0.77,0.19,6094,202,101658,53409,634
357,87,94,127,1450,427,16,11658,0.77,0.19,6144,196,101658,53636,634
358,86,89,120,1451,433,16,11745,0.77,0.19,6179,200,101864,54545,640
359,84,87,117,1452,437,16,11828,0.77,0.19,6199,203,102072,55228,644
360,83,85,115,1452,439,16,11903,0.77,0.19,6265,200,102072,55463,646
361,76,80,110,1453,445,17,12070,0.77,0.19,6299,212,102281,56649,655
362,78,80,110,1453,445,17,12224,0.77,0.19,6506,194,102281,56706,655
363,78,80,110,1454,446,17,12605,0.77,0.19,6632,181,102492,57163,656
364,77,81,111,1455,446,17,13045,0.77,0.19,6896,157,102599,57300,656
365,73,77,105,1455,451,18,13413,0.77,0.19,7083,155,102599,58217,661
366,73,78,106,1456,451,18,13658,0.77,0.20,7083,155,102677,58397,661
367,67,73,100,1456,457,18,14093,0.77,0.20,7329,156,102677,59406,667
368,68,73,101,1457,457,18,14453,0.77,0.20,7353,153,102785,59517,667
369,69,73,102,1458,457,18,14752,0.77,0.20,7353,153,102894,59726,667
370,65,68,96,1458,460,18,14860,0.77,0.20,7353,160,102894,60199,680
371,61,68,94,1459,461,18,15058,0.77,0.20,7739,155,102960,60237,681
372,30,39,91,1464,464,18,15058,0.76,0.20,7758,159,103413,60547,684
373,34,42,88,1464,464,19,15058,0.76,0.20,8465,154,103413,60594,684
374,36,62,88,1465,465,19,15058,0.76,0.20,8474,155,103480,60634,685
375,64,69,87,1465,466,19,15058,0.76,0.20,8489,155,103480,60671,686
376,62,69,85,1466,469,19,15085,0.77,0.20,8489,161,103548,61290,689
377,64,73,87,1469,470,19,15269,0.77,0.20,8551,155,103679,61603,706
378,27,40,57,1481,512,19,15446,0.77,0.20,8597,239,104478,71163,748
379,34,53,72,1498,514,20,15459,0.77,0.20,9431,156,106140,71489,750
380,39,66,80,1510,518,20,15469,0.77,0.20,9472,157,106935,72513,754
381,45,60,74,1512,526,20,15596,0.77,0.20,9487,170,107280,74174,762
382,32,55,80,1518,526,20,15596,0.76,0.20,9534,161,107885,74184,762
383,15,50,87,1527,528,20,15610,0.76,0.20,9565,159,108777,74760,764
384,18,48,100,1543,529,20,15610,0.75,0.20,9604,156,110507,74886,765
385,26,51,110,1556,531,20,15610,0.74,0.21,9748,148,112246,75036,767
386,33,57,118,1572,532,20,15624,0.74,0.21,9789,143,114110,75229,768
387,26,53,129,1589,535,20,15679,0.73,0.21,9809,150,116136,76431,771
388,16,41,110,1596,536,20,15679,0.73,0.21,9826,151,117754,76624,772
389,19,37,126,1613,537,20,15679,0.74,0.21,9826,154,122519,76930,774
390,17,39,126,1630,538,21,15794,0.74,0.21,9851,154,125790,77285,775
391,32,47,130,1646,538,21,15794,0.75,0.21,9860,153,128530,78359,775
392,27,54,135,1661,539,21,15794,0.75,0.21,9860,156,130277,79159,776
393,27,46,135,1672,540,21,15794,0.75,0.21,9860,158,131658,79392,777
394,28,48,133,1688,542,21,15794,0.75,0.21,9878,160,133536,79516,779
395,26,51,133,1705,542,21,15794,0.75,0.21,9878,160,134985,79656,779
396,30,58,130,1720,548,21,15824,0.75,0.21,9897,170,136362,80944,786
397,30,61,135,1733,549,21,15824,0.74,0.21,9984,162,138033,81092,787
398,22,45,129,1746,554,21,15838,0.73,0.21,9994,170,139959,81966,793
399,26,45,127,1762,555,21,15874,0.72,0.21,10045,165,141401,82128,794
400,27,50,129,1779,558,21,15874,0.74,0.21,10045,171,143787,82590,797
401,32,55,136,1796,558,21,15874,0.74,0.21,10056,169,145569,82805,797
402,33,59,135,1807,562,21,15874,0.74,0.21,10072,175,146545,83976,801
403,35,56,136,1810,564,21,15874,0.73,0.21,10116,172,146779,84131,803
404,41,63,136,1812,565,21,15874,0.73,0.22,10142,170,146967,84265,804
405,36,61,127,1813,575,21,15946,0.73,0.22,10160,187,147062,86445,814
406,36,59,128,1814,575,21,15971,0.73,0.22,10258,168,147157,86563,814
407,18,52,123,1829,578,21,15971,0.73,0.22,10258,174,149789,86921,817
408,20,49,124,1846,578,21,16000,0.72,0.22,10292,170,151605,87044,817
409,22,37,125,1863,581,21,16008,0.74,0.22,10297,175,153189,87605,822
410,29,46,136,1878,582,21,16008,0.74,0.22,10323,172,154519,87790,823
411,21,42,124,1891,592,21,16037,0.73,0.22,10323,192,156199,89702,835
412,20,42,124,1908,593,21,16037,0.74,0.22,10354,188,158727,89976,836
413,23,44,126,1924,595,21,16061,0.74,0.22,10361,191,160524,90712,838
414,15,44,119,1941,597,21,16103,0.74,0.22,10386,192,162995,91151,841
415,26,62,120,1957,598,21,16103,0.74,0.22,10412,191,164552,91284,842
416,24,53,121,1962,602,21,16131,0.74,0.22,10412,199,165369,92136,848
417,27,58,127,1971,602,21,16150,0.74,0.22,10450,193,166836,92394,848
418,22,68,120,1971,609,21,16226,0.74,0.22,10489,201,166836,93975,862
419,29,82,116,1972,611,21,16252,0.74,0.22,10554,197,166974,94166,865
420,23,64,110,1973,615,21,16292,0.73,0.22,10592,200,167113,95175,869
421,16,37,101,1980,616,21,16292,0.73,0.22,10599,201,167740,95285,870
422,20,46,115,1997,617,21,16292,0.73,0.23,10599,203,170301,95653,871
423,26,45,130,2014,619,21,16305,0.73,0.23,10612,205,173287,95848,873
424,24,40,136,2030,623,21,16355,0.72,0.23,10647,208,174987,96644,878
425,21,45,132,2038,629,21,16393,0.72,0.23,10682,215,176863,97982,887
426,24,63,133,2040,630,21,16460,0.72,0.23,10753,205,177233,98096,889
427,39,73,126,2041,637,21,16572,0.72,0.23,10763,217,177319,99523,897
428,66,80,125,2042,639,21,16681,0.73,0.23,10795,215,177608,99781,900
429,66,94,123,2042,641,21,16710,0.73,0.23,10854,208,177608,100387,902
430,63,102,123,2043,642,22,16710,0.73,0.23,10893,203,177695,100673,903
431,67,90,121,2044,645,22,16719,0.73,0.23,10893,210,177768,101807,907
432,56,88,117,2044,646,22,16734,0.73,0.23,10951,203,177768,101894,908
433,74,93,114,2045,650,22,16798,0.73,0.23,11028,201,177842,102645,912
434,80,94,112,2045,652,22,16994,0.73,0.23,11056,200,177842,102766,914
435,80,94,109,2054,664,22,17256,0.73,0.23,11175,201,179142,105499,927
436,82,93,105,2055,669,23,17697,0.73,0.23,12118,211,179217,106989,937
437,69,93,104,2055,670,23,17767,0.73,0.23,12442,209,179217,107223,938
438,43,76,103,2056,672,23,17767,0.73,0.23,12480,207,179308,107439,940
439,11,50,108,2061,672,23,17767,0.73,0.23,12480,207,179769,107506,940
440,13,36,123,2077,673,23,17782,0.73,0.24,12480,209,181359,107648,941
441,25,45,138,2094,674,23,17782,0.73,0.24,12480,211,184797,107732,942
442,25,45,138,2096,674,23,17782,0.73,0.24,12500,209,184951,108223,942
443,20,45,138,2098,675,23,17824,0.73,0.24,12500,212,185337,108454,943
444,11,47,133,2104,680,23,17824,0.73,0.24,12500,222,186140,109318,948
445,21,55,138,2111,680,23,17839,0.73,0.24,12598,212,187164,109562,958
446,46,59,139,2114,681,23,17878,0.73,0.24,12624,212,187399,109966,959
447,26,56,106,2115,683,23,17878,0.73,0.24,12624,216,187478,110642,961
448,10,41,88,2131,684,23,17893,0.73,0.24,12633,217,191253,110774,962
449,7,43,90,2148,689,23,17912,0.72,0.24,12663,224,194966,112163,968
450,19,57,107,2165,689,23,17912,0.72,0.24,12735,214,198563,112368,968
451,38,71,119,2178,690,23,17912,0.73,0.24,12735,216,200970,112527,969
452,42,78,120,2179,690,23,17926,0.72,0.24,12735,216,201293,112718,969
453,28,69,107,2180,704,23,17949,0.72,0.24,12798,235,201618,115975,987
454,36,78,106,2180,705,23,17990,0.72,0.24,12902,218,201618,116138,988
455,48,83,106,2181,706,23,18031,0.72,0.24,12939,216,201782,117366,989
456,54,87,106,2181,706,23,18113,0.72,0.24,12939,216,201782,117495,989
457,56,91,106,2182,707,23,18262,0.72,0.24,12939,218,202112,117841,990
458,50,89,100,2183,714,23,18440,0.72,0.24,12949,230,202212,120155,997
459,65,91,99,2183,715,23,18587,0.72,0.25,13066,218,202212,120400,998
460,56,86,93,2184,722,23,18918,0.72,0.25,13083,234,202546,122916,1006
461,62,85,92,2185,724,24,19165,0.72,0.25,13282,218,202687,123221,1008
462,59,81,86,2185,730,24,19516,0.72,0.25,13354,228,202687,124929,1014
463,60,82,86,2186,731,24,19784,0.72,0.25,13469,218,202772,125099,1015
464,57,80,84,2187,734,24,19798,0.72,0.25,13486,222,202897,125848,1018
465,39,68,82,2187,736,24,19827,0.72,0.25,13552,219,202897,126090,1021
466,17,59,94,2200,737,24,19827,0.72,0.25,13552,221,206143,126364,1022
467,15,33,109,2217,739,24,19866,0.72,0.25,13552,225,209153,126598,1024
468,14,26,120,2233,744,24,19874,0.72,0.25,13552,235,211179,127835,1030
469,14,35,133,2250,744,24,19874,0.72,0.25,13589,228,214550,128072,1030
470,20,48,141,2263,744,24,19874,0.72,0.25,13599,226,216396,128154,1030
471,30,48,138,2263,747,24,19902,0.72,0.25,13599,232,216396,128631,1047
472,35,52,140,2266,748,24,19915,0.72,0.25,13643,228,216839,128892,1048
473,22,44,141,2274,751,24,19946,0.72,0.25,13643,234,218053,129545,1052
474,16,44,107,2282,751,24,19946,0.71,0.25,13663,232,218860,129675,1052
475,18,67,103,2299,751,24,19946,0.71,0.25,13663,232,221273,129934,1052
476,29,82,113,2310,752,24,19946,0.71,0.25,13689,232,222780,130302,1053
477,63,77,106,2311,760,24,20030,0.70,0.26,13722,243,222931,132412,1061
478,68,83,106,2312,761,24,20137,0.70,0.26,13830,231,223114,132718,1062
479,63,79,100,2312,767,24,20285,0.71,0.26,13885,235,223114,134149,1069
480,54,74,92,2317,780,24,20359,0.71,0.26,13975,251,223945,137036,1087
481,59,81,100,2326,781,24,20459,0.71,0.26,14134,231,225269,137222,1088
482,60,83,98,2331,788,24,20702,0.71,0.26,14232,232,225986,139064,1096
483,59,76,95,2340,800,24,20984,0.70,0.26,14256,252,227220,142268,1113
484,60,80,95,2343,803,25,21266,0.70,0.26,14452,238,227655,142856,1116
485,76,82,99,2348,803,25,21430,0.70,0.26,14512,230,228964,143074,1116
486,74,85,100,2353,806,25,21450,0.70,0.26,14532,235,229870,143626,1119
487,74,79,94,2354,813,25,21617,0.70,0.26,14579,243,229964,145348,1129
488,79,82,97,2358,814,25,21859,0.70,0.26,14665,232,230717,145606,1130
489,79,82,95,2359,817,25,22218,0.70,0.26,14685,235,230906,146316,1133
490,81,83,95,2360,818,25,22566,0.70,0.26,14732,230,231000,146519,1134
491,81,85,94,2360,819,25,23017,0.70,0.26,14732,232,231000,146793,1135
492,79,86,94,2367,826,25,23536,0.70,0.26,14825,235,232333,148848,1144
493,77,79,87,2368,834,25,24000,0.70,0.26,14878,246,232524,150978,1152
494,81,82,92,2374,835,25,24423,0.70,0.26,15024,232,233608,151334,1153
495,80,84,94,2378,837,25,24890,0.70,0.27,15051,232,234375,151706,1155
496,79,83,90,2380,843,25,25498,0.70,0.27,15098,238,234695,153031,1164
497,89,103,121,2411,843,25,26089,0.70,0.27,15158,230,240547,153285,1164
498,101,103,118,2412,847,25,26262,0.70,0.27,15158,238,240740,155362,1169
499,84,91,107,2412,858,25,26367,0.70,0.27,15168,270,240740,159172,1184
500,88,94,107,2413,859,25,26463,0.70,0.27,15408,239,240902,159559,1186
501,92,96,106,2414,861,25,26719,0.70,0.27,15421,242,240999,160270,1188
502,85,87,95,2414,872,25,27158,0.70,0.27,15487,260,240999,163249,1200
503,80,86,95,2415,873,26,27521,0.70,0.27,15678,238,241097,163326,1201
504,70,77,94,2417,876,26,27936,0.70,0.27,15698,242,241294,163558,1204
505,70,78,103,2427,877,26,28325,0.70,0.27,15770,236,243145,163858,1205
506,74,81,108,2433,878,26,28780,0.70,0.27,15780,237,244000,164296,1206
507,81,84,108,2436,881,26,29169,0.70,0.27,15840,238,244297,165470,1209
508,77,81,105,2441,889,26,29612,0.70,0.27,15867,254,245125,167629,1219
509,77,84,107,2445,891,26,30095,0.70,0.27,16009,237,245721,168041,1221
510,80,87,110,2449,892,26,30654,0.70,0.27,16036,235,246380,168425,1222
511,79,86,109,2452,896,26,31201,0.70,0.27,16083,239,246780,169587,1226
512,83,88,110,2453,896,26,31775,0.70,0.28,16110,235,246947,169693,1226
513,85,88,110,2454,897,26,32281,0.70,0.28,16124,235,247115,170339,1227
514,82,85,108,2456,901,26,32874,0.70,0.28,16144,241,247451,171226,1233
515,82,88,110,2458,901,26,33374,0.70,0.28,16184,235,247721,171322,1233
516,84,89,111,2461,903,26,33925,0.70,0.28,16224,235,248295,171993,1236
517,80,87,110,2466,909,26,34454,0.70,0.28,16245,250,249176,173913,1242
518,79,84,107,2467,913,26,35047,0.70,0.28,16346,246,249346,174834,1246
519,82,87,110,2472,915,26,35606,0.70,0.28,16440,239,250163,175158,1249
520,83,89,112,2477,918,26,36243,0.70,0.28,16501,239,251283,176731,1252
521,88,90,113,2478,918,26,36821,0.70,0.28,16528,235,251433,177005,1252
522,88,90,113,2479,919,26,37505,0.70,0.28,16541,235,251584,177427,1253
523,85,89,111,2480,922,26,38165,0.70,0.28,16602,235,251688,178220,1257
524,82,85,91,2481,927,26,38967,0.70,0.28,16615,245,251791,179645,1266
525,87,90,96,2486,927,26,39378,0.71,0.28,16743,235,252759,179726,1266
526,86,87,94,2488,931,26,39728,0.71,0.28,16784,237,253141,181205,1270
527,85,86,94,2490,933,27,39917,0.71,0.28,16818,238,253453,181664,1272
528,87,88,95,2491,933,27,40014,0.71,0.28,16838,235,253558,181711,1272
529,85,90,95,2494,936,27,40310,0.71,0.28,16878,239,254187,182524,1275
530,87,90,94,2495,938,27,40336,0.70,0.29,16919,238,254398,183445,1277
531,23,91,93,2496,940,27,40350,0.69,0.29,16935,242,254609,183731,1281
532,7,83,96,2499,940,27,40365,0.68,0.29,16935,242,255244,183849,1281
533,8,25,111,2515,941,27,40365,0.68,0.29,16935,244,258354,183916,1283
534,16,32,127,2532,942,27,40365,0.68,0.29,16935,246,261536,184249,1284
535,23,42,139,2548,946,27,40365,0.66,0.29,17031,244,265636,185379,1289
536,27,62,145,2556,948,28,40393,0.66,0.29,18224,247,267985,185667,1293
537,47,67,146,2557,948,28,40434,0.66,0.29,18244,244,268199,186079,1293
538,26,53,145,2559,951,28,40448,0.66,0.29,18244,252,268522,186911,1296
539,15,35,146,2561,952,28,40448,0.66,0.29,18279,250,268759,187194,1298
540,4,22,146,2563,952,28,40448,0.67,0.29,18286,249,269752,187257,1298
541,7,16,146,2572,952,28,40485,0.67,0.29,18286,249,273202,187638,1298
542,5,16,129,2584,952,28,40485,0.67,0.29,18286,249,276033,187897,1298
543,13,29,118,2601,952,28,40485,0.68,0.29,18286,249,281925,188062,1298
544,19,42,128,2617,952,28,40485,0.72,0.29,18307,249,285154,188179,1298
545,27,71,142,2634,955,28,40485,0.72,0.29,18307,256,291682,188443,1302
546,48,76,145,2639,957,28,40493,0.72,0.29,18349,253,293450,188651,1305
547,37,66,140,2651,958,28,40514,0.68,0.30,18366,252,297190,189348,1306
548,28,62,145,2666,961,28,40514,0.68,0.30,18377,256,302680,189905,1309
549,26,53,135,2676,961,28,40577,0.68,0.30,18404,252,305098,190325,1309
550,22,49,146,2692,962,28,40640,0.68,0.30,18404,255,308926,191046,1310
551,17,44,143,2701,963,28,40655,0.67,0.30,18432,254,310556,191752,1311
552,17,39,134,2714,965,28,40655,0.67,0.30,18437,257,312711,192912,1313
553,20,45,117,2730,966,28,40703,0.67,0.30,18437,259,316658,193270,1314
554,23,56,130,2747,967,28,40703,0.67,0.30,18465,256,319174,193460,1316
555,49,70,144,2764,970,28,40720,0.67,0.30,18465,262,322843,194177,1319
556,61,69,146,2767,971,28,40737,0.66,0.30,18498,258,324193,194413,1320
557,59,73,143,2770,976,28,40791,0.66,0.30,18537,261,324893,195929,1325
558,68,77,144,2775,980,28,40870,0.66,0.30,18581,262,325572,196894,1329
559,76,78,145,2778,982,28,41062,0.67,0.30,18614,260,326253,197193,1331
560,47,61,129,2786,993,28,41089,0.67,0.30,18614,282,327718,201115,1342
561,36,54,121,2804,995,28,41121,0.67,0.30,18669,276,330889,202059,1345
562,27,56,128,2820,996,28,41121,0.67,0.30,18686,276,333992,202369,1346
563,28,46,140,2837,997,28,41121,0.67,0.30,18686,278,337156,203100,1347
564,16,42,134,2850,1002,28,41121,0.67,0.31,18699,291,339802,204666,1353
565,21,55,147,2865,1003,28,41121,0.67,0.31,18796,279,343782,204935,1354
566,19,45,146,2866,1005,28,41121,0.66,0.31,18796,284,343920,205270,1356
567,17,50,146,2868,1007,29,41132,0.66,0.31,20056,286,344229,205882,1358
568,29,70,147,2870,1008,29,41132,0.66,0.31,20084,284,344570,206352,1359
569,26,79,142,2871,1013,29,41187,0.66,0.31,20147,286,344802,207679,1365
570,19,65,139,2881,1015,29,41225,0.66,0.31,20161,289,349927,208259,1367
571,19,51,138,2895,1015,29,41241,0.66,0.31,20200,283,355719,208456,1367
572,17,34,145,2909,1017,29,41273,0.66,0.31,20200,289,359249,210561,1369
573,11,32,145,2916,1020,29,41273,0.66,0.31,20256,291,361170,211676,1372
574,20,43,147,2919,1021,29,41273,0.72,0.31,20294,289,361866,212004,1391
575,23,57,148,2921,1022,29,41289,0.72,0.31,20321,289,362192,212231,1392
576,17,51,142,2923,1029,29,41320,0.72,0.31,20386,297,363033,215087,1399
577,28,61,146,2930,1031,29,41336,0.72,0.31,20478,288,365231,215447,1401
578,26,55,147,2937,1032,29,41336,0.65,0.31,20478,291,366404,215917,1402
579,25,51,136,2939,1035,29,41349,0.65,0.32,20478,300,366686,217575,1405
580,31,53,133,2952,1036,29,41349,0.65,0.32,20618,293,371965,217818,1406
581,21,44,145,2969,1041,29,41512,0.64,0.32,20632,306,376031,219916,1412
582,26,42,145,2984,1046,29,41532,0.63,0.32,20632,320,380723,221554,1418
583,25,53,141,3001,1047,30,41542,0.63,0.32,20692,315,386662,221957,1419
584,34,53,135,3019,1047,30,41580,0.63,0.32,20701,314,390607,223158,1419
585,40,80,134,3036,1050,30,41619,0.63,0.32,20741,316,394668,224779,1422
586,58,90,148,3053,1053,30,41662,0.63,0.32,20904,315,397974,225898,1425
587,80,105,149,3054,1053,30,41782,0.63,0.32,20932,312,398070,226173,1425
588,70,101,145,3066,1069,30,41853,0.63,0.32,21381,314,399337,231855,1444
589,74,92,133,3070,1085,30,41993,0.63,0.32,21489,330,399723,236859,1463
590,83,109,146,3091,1093,30,42173,0.63,0.33,21614,329,402359,239702,1474
591,117,123,164,3111,1095,30,42309,0.64,0.33,21721,316,404257,240201,1476
592,90,99,149,3116,1115,30,42315,0.64,0.33,21745,340,404814,247646,1499
593,66,97,150,3118,1116,30,42333,0.65,0.33,21849,336,405165,247910,1500
594,10,84,152,3120,1116,30,42350,0.65,0.33,21849,336,405355,248186,1500
595,19,53,151,3120,1116,30,42382,0.63,0.33,21849,336,405355,248354,1500
596,17,32,149,3124,1117,30,42382,0.62,0.33,21849,338,406466,248765,1501
597,16,27,150,3136,1117,30,42382,0.63,0.33,21849,338,408774,249003,1501
598,16,29,146,3148,1119,30,42382,0.62,0.33,21849,342,411572,249833,1503
599,23,38,139,3164,1121,30,42382,0.62,0.33,21849,347,414684,249980,1505
600,34,49,148,3181,1122,30,42382,0.62,0.33,21849,349,417945,250372,1506
601,36,51,140,3196,1128,30,42400,0.62,0.33,21864,360,421862,252027,1514
602,46,58,131,3213,1130,30,42400,0.64,0.34,21887,361,426659,252695,1517
603,46,60,127,3230,1131,30,42432,0.64,0.34,21912,359,430646,252824,1519
604,39,59,126,3247,1136,30,42432,0.64,0.34,21998,354,436191,254648,1525
605,46,72,128,3264,1140,30,42442,0.64,0.34,22023,360,440006,255999,1531
606,59,74,138,3283,1143,30,42442,0.64,0.34,22081,358,447074,256696,1534
607,69,88,152,3300,1144,30,42538,0.64,0.34,22111,357,450223,257036,1535
608,88,98,151,3304,1149,31,42604,0.64,0.34,22229,356,451391,259597,1541
609,97,106,154,3314,1156,31,42898,0.64,0.34,22348,359,452396,262792,1549
610,81,86,131,3322,1186,31,43146,0.72,0.34,22396,411,453200,275380,1588
611,84,97,138,3330,1187,31,43444,0.72,0.34,22867,356,456096,275704,1590
612,65,86,124,3347,1217,31,43663,0.72,0.34,23337,361,459490,288169,1640
613,69,87,122,3365,1232,31,43708,0.72,0.35,23385,390,465239,295188,1659
614,77,98,131,3382,1233,32,43744,0.72,0.35,23849,355,472353,295215,1660
615,92,107,144,3409,1235,32,43784,0.63,0.35,23854,358,477803,295730,1662
616,69,86,150,3424,1239,32,43840,0.63,0.35,23868,365,481378,297760,1667
617,47,68,145,3428,1246,32,43847,0.63,0.35,23915,375,482771,300243,1674
618,30,54,151,3440,1246,32,43847,0.61,0.35,23951,370,489228,300478,1674
619,14,35,146,3448,1246,32,43847,0.60,0.35,23951,370,493461,300507,1674
620,17,37,140,3462,1246,32,43847,0.63,0.35,23951,370,499617,300824,1674
621,33,63,151,3475,1246,32,43847,0.63,0.35,23951,370,505421,302173,1684
622,57,84,149,3475,1248,32,43847,0.63,0.35,23951,376,505421,302970,1688
623,68,73,151,3482,1249,32,43923,0.63,0.35,24117,373,508345,303376,1689
624,49,57,148,3491,1250,32,43923,0.63,0.36,24146,372,510780,303621,1690
625,39,51,140,3499,1251,32,43923,0.62,0.36,24146,375,513378,304435,1691
626,10,44,143,3516,1258,32,43948,0.62,0.36,24232,387,521091,307232,1699
627,19,58,151,3528,1258,32,44037,0.62,0.36,24310,377,526106,307659,1699
628,24,67,151,3531,1261,32,44044,0.63,0.36,24310,384,527335,309343,1702
629,34,88,150,3532,1263,32,44085,0.72,0.36,24457,382,527603,310014,1704
630,40,96,142,3534,1273,32,44293,0.72,0.36,24514,402,528570,313913,1715
631,35,77,145,3543,1274,32,44340,0.72,0.36,24752,380,529541,314188,1716
632,26,64,142,3554,1282,32,44340,0.62,0.36,24752,401,531594,317157,1726
633,33,61,142,3569,1289,32,44398,0.62,0.36,24783,413,535114,319611,1735
634,35,62,143,3583,1290,32,44419,0.62,0.36,24896,401,539316,320030,1736
635,34,64,146,3600,1296,32,44451,0.62,0.37,24977,413,544869,323162,1743
636,45,73,146,3610,1299,33,44451,0.59,0.37,25230,410,548604,324781,1747
637,60,84,147,3620,1304,33,44451,0.59,0.37,25298,415,554735,326523,1753
638,80,101,152,3627,1305,33,44511,0.59,0.37,25385,406,555921,326963,1754
639,80,109,151,3636,1314,33,44580,0.59,0.37,25529,410,558563,330385,1764
640,84,98,140,3638,1327,33,44749,0.59,0.37,25750,418,559722,336130,1781
641,80,95,149,3653,1333,33,44825,0.62,0.37,25880,415,563041,338160,1787
642,85,98,169,3673,1333,33,44849,0.61,0.37,25952,408,565213,338551,1787
643,74,93,167,3673,1335,33,44857,0.61,0.37,25966,409,565213,339100,1791
644,81,99,142,3673,1360,33,44957,0.62,0.37,26060,431,565213,348546,1845
645,72,94,130,3680,1379,33,45233,0.72,0.37,26254,444,567297,356114,1898
646,81,98,134,3685,1380,33,45500,0.72,0.37,26635,409,568152,356398,1900
647,74,98,135,3700,1394,34,45747,0.72,0.37,26822,407,571056,361896,1932
648,78,100,138,3711,1402,34,45777,0.72,0.38,26854,417,573808,364805,1950
649,74,88,139,3715,1405,34,45777,0.61,0.38,27034,409,574612,366130,1956
650,42,62,151,3730,1408,34,45777,0.60,0.38,27109,411,579306,367128,1962
651,20,26,151,3735,1411,34,45796,0.59,0.38,27131,414,580922,368393,1972
652,16,20,152,3744,1412,34,45839,0.58,0.38,27172,410,582890,369404,1976
653,14,27,151,3760,1415,34,45866,0.59,0.38,27201,411,586005,370695,1982
654,22,39,141,3777,1416,34,45866,0.59,0.38,27219,411,591962,370980,1984
655,20,49,128,3793,1418,34,45866,0.60,0.38,27286,407,599235,371678,1988
656,28,64,121,3810,1422,34,45895,0.72,0.38,27308,414,604775,372928,1996
657,35,75,133,3827,1427,34,45966,0.72,0.38,27417,407,610239,374946,2006
658,71,79,149,3844,1428,34,46010,0.72,0.38,27434,406,614219,375250,2008
659,63,78,138,3860,1433,34,46091,0.60,0.38,27557,403,620627,378112,2018
660,62,82,134,3877,1434,34,46145,0.61,0.38,27695,387,624470,379232,2020
661,50,76,144,3894,1434,34,46145,0.61,0.38,27789,373,629312,379735,2020
662,36,64,152,3910,1438,34,46145,0.61,0.38,27789,383,634830,381139,2030
663,43,61,150,3923,1440,34,46161,0.64,0.38,27828,382,640175,381867,2036
664,33,49,153,3930,1442,34,46207,0.64,0.38,27882,379,641519,383368,2040
665,20,46,150,3942,1447,34,46207,0.64,0.39,27931,387,647838,385442,2054
666,15,46,142,3954,1447,34,46216,0.59,0.39,28027,374,651284,387201,2054
667,23,31,139,3971,1454,34,46216,0.58,0.39,28035,392,656591,390256,2072
668,25,40,133,3988,1454,34,46320,0.59,0.39,28086,385,661159,390809,2072
669,31,60,133,4004,1457,34,46320,0.59,0.39,28215,377,664619,392107,2082
670,30,81,147,4021,1460,34,46395,0.59,0.39,28250,379,670253,392961,2088
671,51,87,148,4029,1467,34,46563,0.57,0.39,28318,383,672523,395509,2102
672,53,94,147,4036,1475,34,46591,0.58,0.39,28365,392,675114,400438,2118
673,60,93,149,4044,1481,34,46673,0.58,0.39,28392,402,677000,403139,2134
674,63,96,153,4050,1483,35,46673,0.59,0.39,28548,387,678430,403987,2136
675,56,74,154,4052,1484,35,46673,0.60,0.39,28607,382,679045,404884,2137
676,21,33,155,4056,1484,35,46673,0.60,0.39,28685,371,679733,405003,2137
677,13,39,155,4061,1484,35,46673,0.60,0.39,28707,368,681290,405103,2137
678,13,31,155,4067,1484,35,46673,0.60,0.39,28730,364,682943,405217,2137
679,15,30,152,4076,1485,35,46673,0.59,0.39,28758,363,685876,405939,2138
680,16,30,149,4087,1486,35,46673,0.59,0.39,28781,362,688586,406242,2139
681,21,33,133,4101,1491,35,46673,0.71,0.40,28781,373,693678,408043,2145
682,19,31,111,4118,1504,35,46748,0.71,0.40,28863,389,701087,413601,2159
683,24,47,97,4143,1504,35,46818,0.58,0.40,28896,384,706812,414203,2159
684,39,61,100,4159,1506,35,46846,0.58,0.40,29189,343,712216,415330,2161
685,43,92,114,4176,1509,35,46846,0.58,0.40,29244,341,718634,416790,2165
686,69,103,126,4194,1515,35,46875,0.58,0.40,29285,349,725658,419415,2172
687,91,108,135,4210,1522,35,46905,0.58,0.40,29360,352,730607,423305,2180
688,85,108,132,4221,1536,35,46977,0.58,0.40,29443,367,733852,431993,2195
689,90,107,135,4237,1549,35,47055,0.58,0.40,29626,369,741070,438358,2209
690,102,114,143,4248,1552,35,47170,0.58,0.40,29895,340,743628,439239,2212
691,97,119,141,4260,1566,35,47303,0.58,0.40,30123,338,746480,445465,2226
692,101,123,138,4269,1578,36,47485,0.58,0.40,30225,347,748022,450353,2239
693,109,125,139,4276,1584,36,47773,0.58,0.40,30300,349,751836,453870,2246
694,108,124,138,4281,1590,36,48076,0.58,0.40,30382,348,753150,457133,2252
695,106,115,131,4287,1603,36,48513,0.58,0.40,30456,366,754446,462757,2266
696,110,125,139,4299,1607,36,48906,0.58,0.40,30657,346,756795,466670,2270
697,120,124,138,4302,1611,36,49422,0.58,0.40,30720,345,757425,468686,2274
698,116,122,138,4307,1616,36,50014,0.58,0.41,30803,348,758405,469431,2279
699,118,126,139,4313,1621,36,50530,0.58,0.41,30988,340,759987,473299,2285
700,110,123,140,4327,1634,36,51042,0.58,0.41,31112,361,763642,479395,2301
701,113,124,141,4334,1640,36,51503,0.58,0.41,31354,351,765705,482239,2309
702,116,126,140,4337,1644,36,52059,0.58,0.41,31466,345,766200,486026,2315
703,116,124,140,4343,1650,36,52596,0.58,0.41,31519,351,767668,488622,2322
704,114,122,136,4344,1655,36,53323,0.58,0.41,31632,350,767911,495516,2327
705,120,127,141,4351,1657,36,53958,0.58,0.41,31732,340,769274,496221,2330
706,123,128,141,4357,1663,36,54686,0.58,0.41,31875,341,772339,498555,2338
707,121,128,142,4362,1667,36,55411,0.57,0.41,31933,341,774712,501108,2343
708,122,128,141,4365,1671,37,56042,0.57,0.41,31992,345,775282,502809,2347
709,118,125,140,4372,1679,37,56696,0.57,0.41,32072,353,776851,505351,2355
710,118,126,141,4377,1683,37,57370,0.57,0.41,32200,348,778098,506745,2361
711,122,129,142,4382,1687,37,58113,0.57,0.41,32290,345,780024,508076,2365
712,125,127,140,4383,1690,37,58874,0.57,0.41,32332,345,780702,509603,2368
713,125,128,142,4386,1691,37,59614,0.57,0.41,32385,340,781415,509999,2369
714,124,125,141,4389,1695,37,60409,0.57,0.42,32409,344,782028,512164,2374
715,116,126,141,4403,1709,37,61189,0.57,0.42,32509,368,785955,523221,2389
716,120,129,143,4408,1712,37,61907,0.57,0.42,32794,343,787951,524845,2392
717,112,121,134,4413,1726,37,62687,0.57,0.42,32851,374,790951,531936,2421
718,109,129,142,4427,1732,37,63393,0.57,0.42,33321,349,794620,534687,2427
719,114,123,137,4430,1740,37,64174,0.57,0.42,33400,354,795424,538618,2436
720,123,129,144,4438,1741,37,64995,0.57,0.42,33517,340,797326,539046,2437
721,125,129,143,4440,1744,37,65805,0.57,0.42,33556,341,798019,539856,2440
722,127,130,143,4441,1745,37,66631,0.57,0.42,33586,341,798228,541291,2442
723,127,132,145,4446,1748,37,67486,0.57,0.42,33627,342,799239,542770,2445
724,125,128,143,4449,1753,37,68342,0.57,0.42,33653,350,799833,545634,2450
725,126,130,143,4450,1754,37,69210,0.57,0.42,33749,340,800008,546817,2451
726,125,126,140,4451,1758,37,70040,0.57,0.42,33761,346,800184,548789,2457
727,126,130,143,4455,1759,37,70904,0.57,0.42,33810,340,801040,549112,2458
728,127,130,143,4461,1764,38,71790,0.57,0.42,33894,338,802405,553801,2464
729,125,132,143,4465,1768,38,72641,0.57,0.42,33936,344,803586,555113,2468
730,125,131,143,4468,1771,38,73416,0.57,0.43,34035,338,804284,556494,2473
731,109,130,145,4479,1780,38,73537,0.57,0.43,34035,361,807477,560687,2485
732,58,130,147,4486,1784,38,73613,0.55,0.43,34234,346,812022,562229,2489
733,26,75,150,4496,1786,38,73647,0.55,0.43,34353,336,814169,562873,2491
734,18,93,158,4509,1787,38,73664,0.55,0.43,34394,333,818892,563889,2492
735,33,113,157,4510,1789,38,73698,0.55,0.43,34409,335,819072,564234,2494
736,39,137,154,4510,1792,38,73732,0.55,0.43,34449,335,819072,565215,2498
737,71,149,155,4511,1792,38,73765,0.55,0.43,34473,331,819795,565555,2498
738,76,149,154,4512,1794,38,73782,0.55,0.43,34473,335,820012,566571,2500
739,14,130,150,4513,1798,38,73867,0.54,0.43,34503,339,820194,569234,2505
740,11,81,152,4517,1799,38,73867,0.55,0.43,34519,339,821045,569720,2506
741,12,125,157,4522,1799,38,73867,0.56,0.43,34558,333,822566,569904,2506
742,15,138,157,4523,1800,38,73867,0.56,0.43,34576,334,822750,570294,2507
743,95,140,157,4524,1801,38,73897,0.56,0.43,34599,334,823019,570638,2508
744,113,132,156,4524,1802,38,73897,0.66,0.43,34599,337,823019,570912,2509
745,16,32,155,4525,1804,38,73897,0.66,0.43,34599,343,823327,571358,2511
746,4,8,159,4530,1805,38,73897,0.56,0.43,34655,340,824498,572000,2512
747,3,5,160,4531,1805,38,73897,0.67,0.44,34682,337,824807,572471,2512
748,0,4,156,4535,1806,38,73897,0.54,0.44,34727,334,827229,572606,2513
749,7,12,61,4543,1806,38,73897,0.53,0.44,34749,331,829467,572610,2513
750,8,28,77,4560,1807,38,73897,0.53,0.44,34749,334,835614,572802,2515
751,16,41,94,4577,1807,38,73912,0.53,0.44,34749,334,843615,573131,2515
752,12,28,107,4593,1810,38,73952,0.54,0.44,34749,341,851452,574674,2518
753,20,38,124,4610,1810,38,73952,0.56,0.44,34764,339,856315,574949,2518
754,26,61,140,4627,1811,38,73952,0.56,0.44,34803,337,862453,575342,2520
755,55,89,156,4644,1812,38,73952,0.65,0.44,34803,340,868530,575725,2521
756,22,82,144,4652,1813,38,74064,0.65,0.44,34826,339,872533,576861,2523
757,28,68,144,4669,1813,38,74064,0.56,0.44,34867,334,881333,577216,2523
758,21,34,145,4686,1814,38,74094,0.55,0.44,34867,336,888134,578255,2524
759,25,41,155,4703,1814,38,74094,0.54,0.44,34885,334,897288,578888,2524
760,23,39,148,4713,1817,38,74094,0.53,0.44,34885,341,899796,580106,2527
761,29,44,135,4730,1819,38,74114,0.53,0.44,34938,340,906341,582546,2529
762,45,55,142,4747,1820,38,74114,0.54,0.44,34953,341,913212,583434,2531
763,50,76,158,4764,1821,38,74145,0.54,0.45,35010,336,925212,584659,2540
764,76,92,160,4767,1822,38,74328,0.54,0.45,35023,337,927151,585423,2541
765,72,87,150,4771,1826,38,74343,0.54,0.45,35090,337,929486,587370,2546
766,73,94,158,4783,1828,38,74374,0.54,0.45,35137,337,932866,587864,2549
767,43,73,131,4787,1830,38,74374,0.55,0.45,35137,341,934273,589461,2552
768,22,55,138,4803,1832,38,74374,0.63,0.45,35193,339,940704,590465,2554
769,22,42,145,4820,1835,38,74391,0.63,0.45,35220,342,945592,591256,2558
770,27,50,158,4836,1836,38,74391,0.55,0.45,35272,336,951188,592127,2560
771,27,45,137,4839,1837,38,74391,0.55,0.45,35278,337,951899,592447,2561
772,20,42,116,4855,1838,38,74409,0.52,0.45,35296,337,958238,592792,2563
773,30,46,110,4872,1838,38,74434,0.53,0.45,35315,335,970941,593858,2563
774,37,53,124,4889,1841,38,74434,0.53,0.45,35321,340,978309,595918,2566
775,42,61,118,4906,1842,38,74434,0.53,0.45,35374,335,984991,596394,2567
776,26,66,124,4922,1847,38,74522,0.52,0.45,35374,345,991529,599601,2573
777,45,86,138,4939,1849,38,74598,0.52,0.45,35470,339,997431,600938,2575
778,76,121,149,4956,1855,38,74629,0.52,0.46,35525,345,1006208,604146,2583
779,116,137,161,4969,1856,38,74712,0.53,0.46,35616,334,1013231,604890,2584
780,102,129,156,4974,1866,39,74990,0.53,0.46,35636,351,1016267,610852,2595
781,86,110,133,4980,1895,39,75332,0.53,0.46,36035,350,1018253,627240,2630
782,86,123,145,4997,1900,39,75764,0.52,0.46,36440,313,1025508,635786,2638
783,84,116,148,5014,1914,39,75994,0.52,0.46,36917,306,1034831,643612,2654
784,87,110,155,5028,1921,39,76121,0.52,0.46,37265,284,1038730,648167,2661
785,78,85,160,5035,1923,39,76329,0.52,0.46,37311,282,1042907,650360,2663
786,58,70,162,5047,1924,39,76339,0.60,0.46,37421,270,1051828,651876,2664
787,40,50,159,5055,1928,39,76339,0.60,0.46,37421,278,1055784,653636,2669
788,26,43,163,5063,1928,39,76339,0.59,0.46,37492,269,1059419,655328,2669
789,31,35,161,5071,1930,40,76402,0.53,0.46,37510,273,1061629,657501,2671
790,30,40,153,5084,1934,40,76420,0.53,0.46,37578,273,1067126,659526,2675
791,22,36,135,5101,1941,40,76420,0.53,0.46,37704,270,1074249,662736,2682
792,19,46,110,5118,1944,40,76420,0.53,0.46,37754,271,1080527,664903,2685
793,21,41,102,5134,1950,40,76420,0.53,0.46,37875,266,1086011,667962,2692
794,27,51,109,5151,1951,40,76420,0.53,0.47,37883,267,1090180,668419,2693
795,21,48,120,5168,1951,40,76481,0.53,0.47,37976,255,1095524,669028,2693
796,29,44,121,5185,1958,40,76497,0.53,0.47,38045,264,1102357,672405,2701
797,30,49,127,5201,1959,40,76497,0.53,0.47,38120,255,1111620,673464,2702
798,28,42,133,5218,1962,40,76497,0.53,0.47,38156,257,1118888,674359,2705
799,32,52,138,5235,1963,40,76535,0.54,0.47,38187,256,1124486,675861,2706
800,33,56,140,5252,1964,40,76535,0.55,0.47,38229,253,1132117,677400,2708
801,20,42,134,5269,1972,40,76556,0.55,0.47,38250,271,1137976,681554,2718
802,33,48,138,5285,1973,40,76556,0.56,0.47,38391,254,1152734,682205,2719
803,39,60,136,5302,1976,40,76587,0.57,0.47,38434,253,1172445,683603,2723
804,60,78,151,5319,1977,40,76587,0.57,0.47,38452,252,1185948,684642,2724
805,77,99,160,5333,1982,40,76682,0.57,0.47,38508,253,1194284,685981,2729
806,107,117,165,5349,1992,40,76923,0.57,0.47,38545,268,1216536,691296,2739
807,111,126,161,5349,1996,40,77170,0.57,0.47,38669,258,1216536,696963,2744
808,123,131,162,5352,1998,42,77413,0.56,0.47,41619,255,1217494,701138,2753
809,74,121,163,5355,2000,42,77469,0.55,0.47,41652,255,1218455,703112,2755
810,23,83,164,5356,2000,42,77505,0.54,0.48,41662,254,1218776,703638,2755
811,9,46,164,5356,2000,42,77522,0.53,0.48,41687,250,1218776,704038,2755
812,2,29,164,5357,2000,42,77522,0.52,0.48,41687,250,1218996,704219,2755
813,2,32,164,5365,2000,42,77522,0.51,0.48,41687,250,1221793,704402,2755
814,5,28,154,5374,2000,42,77522,0.50,0.48,41687,250,1227654,704685,2755
815,17,26,119,5390,2001,42,77522,0.50,0.48,41687,253,1234057,705227,2756
816,14,26,92,5407,2007,42,77522,0.50,0.48,41687,270,1241012,708575,2765
817,16,37,87,5424,2012,42,77522,0.52,0.48,41832,261,1246631,711311,2770
818,33,67,102,5441,2013,42,77538,0.52,0.48,41882,255,1255085,711584,2771
819,40,89,113,5457,2018,42,77570,0.52,0.48,41901,264,1259703,714431,2776
820,71,110,126,5474,2022,42,77696,0.52,0.48,42007,257,1266566,717296,2780
821,95,124,142,5491,2023,42,77827,0.52,0.48,42032,256,1271914,718492,2781
822,72,106,155,5508,2026,42,77876,0.52,0.48,42072,261,1281071,721047,2786
823,46,98,163,5520,2028,42,77887,0.52,0.48,42124,259,1284740,721947,2789
824,29,78,161,5523,2032,42,77918,0.52,0.48,42168,264,1285558,724312,2793
825,19,59,164,5527,2033,42,77918,0.52,0.48,42176,266,1287470,724641,2794
826,43,76,164,5528,2034,42,77918,0.72,0.49,42279,255,1287805,725767,2807
827,42,66,150,5529,2049,42,77936,0.72,0.49,42292,283,1288140,733640,2823
828,35,65,158,5542,2053,42,77936,0.72,0.49,42482,261,1293681,736716,2827
829,46,58,154,5553,2054,42,77936,0.51,0.49,42482,263,1305847,737586,2828
830,25,65,149,5568,2054,42,77936,0.50,0.49,42539,255,1310815,737985,2828
831,33,79,151,5585,2054,42,77936,0.49,0.49,42555,253,1318588,738650,2828
832,39,90,145,5602,2057,42,77957,0.50,0.49,42568,258,1324310,739921,2833
833,43,90,136,5618,2063,42,77957,0.50,0.49,42588,267,1333410,742952,2841
834,41,85,131,5635,2068,42,77957,0.50,0.49,42668,265,1341369,746088,2846
835,45,102,140,5652,2070,42,77975,0.72,0.49,42745,257,1347509,747613,2849
836,94,121,153,5669,2074,42,78011,0.72,0.49,42777,260,1353978,749538,2854
837,99,121,150,5680,2087,42,78242,0.72,0.49,42898,267,1359868,757115,2870
838,72,107,154,5696,2096,42,78295,0.72,0.49,42987,271,1364957,762488,2880
839,46,98,165,5709,2098,42,78352,0.51,0.49,43057,266,1374120,763545,2882
840,24,77,164,5716,2100,42,78381,0.51,0.49,43149,258,1377496,764821,2884
841,17,58,163,5719,2104,42,78413,0.51,0.50,43186,261,1378256,766779,2888
842,17,63,165,5730,2105,42,78413,0.51,0.50,43212,259,1384683,767069,2889
843,9,28,157,5746,2110,42,78431,0.50,0.50,43244,264,1395282,770048,2894
844,13,68,153,5763,2111,42,78431,0.50,0.50,43275,262,1404504,773219,2896
845,22,99,162,5780,2112,42,78431,0.50,0.50,43346,256,1412853,774331,2898
846,87,107,163,5785,2115,42,78431,0.50,0.50,43378,260,1417516,775986,2903
847,71,96,143,5789,2139,42,78431,0.50,0.50,43436,301,1420990,790246,2930
848,74,87,135,5798,2156,43,78695,0.50,0.50,43736,289,1433138,800643,2953
849,87,94,151,5815,2157,43,78769,0.50,0.50,43736,292,1439071,801363,2954
850,77,97,162,5832,2162,43,78787,0.50,0.50,44025,264,1448229,805249,2961
851,69,93,166,5839,2163,43,78787,0.48,0.50,44102,258,1454074,806014,2963
852,50,66,166,5853,2165,43,78823,0.49,0.50,44127,260,1462708,807034,2966
853,48,65,167,5868,2165,43,78859,0.50,0.50,44165,256,1467967,807634,2966
854,61,72,167,5881,2165,43,78873,0.50,0.50,44190,253,1474356,809641,2966
855,65,78,166,5888,2167,43,78902,0.50,0.50,44190,257,1477213,812496,2968
856,49,61,165,5893,2169,43,78920,0.51,0.50,44206,261,1479287,813523,2970
857,37,55,156,5907,2174,43,78981,0.50,0.51,44242,266,1484736,816694,2976
858,35,51,150,5924,2175,43,78992,0.50,0.51,44326,257,1491537,817715,2978
859,43,58,150,5941,2175,43,78992,0.50,0.51,44355,253,1499369,818370,2978
860,39,62,155,5959,2177,43,79006,0.50,0.51,44355,257,1506874,819513,2981
861,32,59,157,5976,2182,43,79006,0.50,0.51,44384,265,1517016,822559,2988
862,39,77,162,5992,2185,43,79022,0.50,0.51,44480,261,1524193,824570,2992
863,62,98,162,6005,2191,43,79096,0.50,0.51,44541,266,1533999,827608,3000
864,101,122,165,6011,2194,43,79197,0.50,0.51,44641,259,1536218,829572,3004
865,95,123,166,6018,2196,43,79197,0.50,0.51,44641,264,1540516,831292,3007
866,93,118,167,6028,2197,43,79197,0.49,0.51,44723,256,1546094,832120,3009
867,48,84,168,6036,2197,43,79197,0.48,0.51,44723,256,1549924,832961,3009
868,31,53,168,6043,2197,43,79234,0.48,0.51,44747,253,1554664,833924,3009
869,25,61,168,6050,2199,43,79270,0.47,0.51,44747,257,1556811,835025,3012
870,66,87,168,6052,2201,43,79270,0.47,0.51,44773,257,1557427,836327,3015
871,79,106,168,6056,2205,43,79337,0.47,0.51,44844,254,1563853,838878,3021
872,128,136,157,6060,2220,43,79447,0.48,0.52,44851,283,1564884,847845,3042
873,132,144,161,6071,2227,43,79664,0.49,0.52,45018,272,1571799,852995,3053
874,103,144,168,6078,2227,43,79705,0.49,0.52,45155,256,1576991,855886,3053
875,24,123,167,6078,2228,43,79741,0.49,0.52,45185,256,1576991,858782,3054
876,5,75,168,6079,2228,43,79741,0.49,0.52,45185,256,1578031,859307,3054
877,1,42,169,6080,2228,43,79741,0.49,0.52,45185,256,1578292,859511,3054
878,1,37,169,6082,2228,43,79741,0.49,0.52,45217,253,1579165,859598,3054
879,2,39,164,6090,2228,43,79741,0.61,0.52,45217,253,1583539,859599,3054
880,12,39,158,6103,2228,43,79741,0.49,0.52,45217,253,1591690,859599,3054
881,12,35,147,6120,2228,43,79741,0.49,0.52,45217,253,1600568,860647,3054
882,17,37,103,6136,2235,43,79798,0.49,0.52,45217,271,1610033,864143,3062
883,28,45,104,6153,2236,43,79798,0.49,0.52,45241,270,1617594,867624,3064
884,37,58,121,6170,2236,43,79830,0.49,0.52,45350,256,1626045,868347,3064
885,37,59,132,6187,2239,43,79844,0.49,0.52,45363,260,1634162,871465,3068
886,45,65,143,6204,2244,43,79962,0.49,0.52,45415,263,1640787,874410,3075
887,28,50,139,6220,2254,43,79984,0.48,0.53,45491,272,1646000,879723,3088
888,29,59,151,6237,2256,44,79984,0.48,0.53,45608,258,1652569,881156,3091
889,33,62,162,6254,2258,44,79984,0.48,0.53,45651,257,1658833,882232,3093
890,37,59,159,6265,2264,44,79984,0.48,0.53,45695,264,1664015,885273,3102
891,28,64,160,6280,2265,44,79984,0.48,0.53,45760,256,1671809,885702,3103
892,35,70,167,6294,2265,44,79984,0.48,0.53,45786,252,1677200,886300,3103
893,50,82,169,6300,2267,44,79984,0.48,0.53,45806,254,1679576,887293,3105
894,64,111,164,6302,2273,44,80054,0.48,0.53,45832,263,1681122,890666,3113
895,84,104,158,6312,2285,44,80156,0.47,0.53,45907,276,1685515,897953,3130
896,67,68,149,6325,2287,44,80156,0.48,0.53,45940,277,1691422,900648,3132
897,28,60,158,6342,2289,44,80178,0.48,0.53,46070,263,1699853,901572,3134
898,26,46,161,6358,2293,44,80197,0.48,0.53,46111,267,1705274,903285,3141
899,26,43,161,6367,2295,44,80197,0.48,0.53,46199,261,1710797,904927,3143
900,24,38,163,6376,2296,44,80197,0.48,0.53,46224,261,1715783,906127,3144
901,28,43,155,6383,2296,44,80197,0.48,0.53,46288,254,1720781,909302,3144
902,13,39,167,6400,2301,44,80225,0.48,0.54,46353,256,1728526,909355,3152
903,17,41,167,6417,2302,44,80225,0.47,0.54,46370,256,1742619,911087,3154
904,23,35,164,6433,2303,44,80267,0.47,0.54,46399,254,1750404,912307,3155
905,22,47,169,6450,2305,44,80267,0.47,0.54,46437,254,1760938,913395,3157
906,25,56,154,6467,2306,44,80267,0.46,0.54,46437,256,1767599,914293,3158
907,30,61,161,6484,2312,44,80308,0.46,0.54,46474,264,1774749,917182,3165
908,28,54,170,6501,2314,44,80327,0.46,0.54,46520,261,1781447,918961,3169
909,39,56,170,6513,2316,44,80345,0.46,0.54,46579,256,1788781,920012,3172
910,40,60,169,6528,2318,44,80345,0.46,0.54,46602,257,1797255,921261,3174
911,55,66,169,6538,2320,44,80381,0.46,0.54,46625,259,1801873,922678,3177
912,56,71,163,6552,2328,44,80406,0.45,0.54,46687,268,1808828,927414,3189
913,48,68,167,6569,2330,44,80468,0.45,0.54,46723,268,1814294,928532,3191
914,36,47,164,6577,2337,44,80525,0.45,0.54,46834,266,1816879,932547,3201
915,25,46,152,6589,2342,44,80635,0.45,0.54,46847,274,1830158,935113,3208
916,33,53,158,6606,2343,44,80673,0.45,0.54,46960,260,1846031,935411,3209
917,33,51,160,6623,2344,44,80673,0.45,0.55,47010,256,1859548,938532,3210
918,35,59,169,6639,2346,44,80732,0.46,0.55,47043,258,1869056,940209,3213
919,36,60,168,6656,2349,44,80782,0.45,0.55,47076,263,1879246,941713,3216
920,28,53,143,6669,2349,44,80992,0.45,0.55,47110,259,1886899,942288,3216
921,46,76,152,6686,2352,44,81127,0.72,0.55,47251,255,1901935,948041,3227
922,68,92,165,6704,2357,44,81420,0.72,0.55,47403,257,1910847,949392,3233
923,87,106,169,6716,2364,44,81538,0.72,0.55,47566,261,1919991,954152,3241
924,71,100,167,6723,2373,44,81556,0.72,0.55,47659,276,1925890,959603,3250
925,76,110,171,6730,2376,45,81556,0.72,0.55,47989,257,1929821,961704,3255
926,78,110,162,6737,2390,45,81704,0.72,0.55,48180,264,1933603,969706,3270
927,90,113,163,6747,2399,45,81837,0.44,0.55,48323,263,1943891,976040,3280
928,101,120,170,6757,2402,45,81897,0.72,0.56,48424,256,1947407,978229,3284
929,104,113,164,6760,2410,45,81974,0.72,0.56,48466,272,1949749,982088,3293
930,102,115,167,6775,2417,45,82082,0.43,0.56,48857,268,1954833,986414,3303
931,93,104,166,6785,2423,45,82241,0.43,0.56,49023,263,1965644,993559,3311
932,61,91,162,6798,2425,45,82284,0.44,0.56,49087,260,1975055,995064,3314
933,37,78,172,6816,2426,45,82284,0.44,0.56,49127,257,1983750,997892,3315
934,31,50,168,6825,2429,45,82284,0.44,0.56,49172,259,1988639,1000384,3318
935,30,50,163,6837,2430,45,82320,0.43,0.56,49223,257,1998149,1002120,3319
936,38,60,164,6854,2431,45,82320,0.44,0.56,49273,255,2008857,1003815,3320
937,40,56,167,6868,2437,45,82403,0.43,0.56,49273,271,2016707,1008789,3328
938,52,59,173,6875,2437,45,82439,0.72,0.57,49424,254,2018971,1009502,3328
939,59,76,173,6876,2438,45,82612,0.72,0.57,49495,252,2019575,1010666,3330
940,60,76,170,6886,2451,45,82886,0.72,0.57,49705,255,2022268,1018144,3346
941,34,45,142,6898,2470,45,82922,0.72,0.57,49730,302,2029477,1028802,3369
942,32,45,131,6917,2473,46,82922,0.44,0.57,50192,264,2043144,1031057,3373
943,30,53,121,6934,2478,46,82922,0.44,0.57,50287,265,2048388,1033401,3379
944,39,61,130,6952,2480,46,82946,0.44,0.57,50420,257,2061325,1034592,3381
945,36,56,133,6969,2483,46,82946,0.44,0.57,50446,262,2077854,1037159,3386
946,35,57,133,6987,2485,46,82970,0.44,0.57,50485,263,2089313,1038757,3388
947,42,68,135,7004,2488,46,82979,0.44,0.57,50631,259,2101019,1040219,3391
948,45,57,138,7021,2490,46,82979,0.44,0.58,50698,257,2111647,1042729,3394
949,41,60,144,7040,2495,46,83009,0.43,0.58,50729,264,2123317,1046025,3400
950,32,57,150,7057,2497,46,83009,0.43,0.58,50825,258,2138875,1047740,3404
951,29,57,152,7075,2499,46,83043,0.43,0.58,50842,261,2163635,1048801,3407
952,44,54,150,7092,2499,46,83065,0.43,0.58,50919,253,2178443,1050402,3407
953,33,56,147,7109,2505,46,83104,0.42,0.58,50928,269,2203206,1056690,3416
954,33,68,152,7127,2505,46,83104,0.41,0.58,50945,267,2219526,1058274,3416
955,42,75,154,7144,2505,46,83104,0.42,0.58,51081,252,2229572,1059051,3416
956,67,99,172,7162,2505,46,83104,0.42,0.58,51081,252,2249635,1060035,3416
957,78,113,174,7171,2511,46,83104,0.42,0.58,51217,252,2257909,1067565,3424
958,87,126,168,7175,2521,46,83104,0.42,0.59,51538,252,2259814,1074794,3438
959,98,130,167,7186,2533,46,83146,0.42,0.59,51778,258,2273822,1085718,3454
960,117,143,173,7193,2533,46,83164,0.42,0.59,51839,252,2276600,1087613,3454
961,117,139,167,7199,2545,47,83293,0.42,0.59,52150,264,2279235,1098768,3469
962,124,144,169,7206,2550,47,83383,0.42,0.59,52313,266,2290201,1105926,3476
963,102,125,150,7212,2575,47,83525,0.42,0.59,52747,299,2293874,1125509,3509
964,115,140,165,7230,2578,47,83696,0.42,0.59,53312,261,2303099,1131806,3513
965,122,144,167,7239,2585,47,83920,0.42,0.59,53641,266,2311052,1139947,3524
966,130,146,169,7246,2590,47,84158,0.42,0.59,53788,266,2313692,1147052,3531
967,127,144,164,7252,2601,48,84487,0.42,0.59,54181,280,2321355,1157835,3546
968,130,148,172,7264,2604,48,84766,0.42,0.60,54661,261,2331405,1160525,3549
969,125,141,160,7267,2619,48,85094,0.42,0.60,54988,291,2335844,1172958,3569
970,131,153,171,7281,2622,48,85155,0.42,0.60,55529,261,2349850,1181509,3572
971,135,149,168,7285,2629,48,85227,0.41,0.60,55811,273,2351031,1189167,3580
972,140,151,170,7303,2645,48,85258,0.41,0.60,56149,279,2355551,1200952,3600
973,136,147,167,7308,2653,48,85418,0.42,0.60,56391,259,2359431,1205681,3612
974,122,161,185,7326,2653,48,85590,0.41,0.60,56396,258,2364009,1206822,3612
975,65,113,174,7333,2671,49,85600,0.41,0.60,56426,283,2368965,1220807,3632
976,23,66,175,7339,2676,49,85643,0.41,0.60,56765,265,2378147,1224540,3639
977,4,31,173,7340,2679,49,85686,0.41,0.60,56885,259,2379082,1225905,3643
978,3,23,175,7343,2679,49,85686,0.41,0.61,56902,257,2381621,1226296,3643
979,6,14,175,7348,2679,49,85686,0.41,0.61,56910,256,2383176,1226508,3643
980,11,16,175,7359,2679,49,85686,0.41,0.61,56965,253,2395461,1226995,3643
981,8,20,149,7372,2682,49,85733,0.41,0.61,56965,260,2410604,1228637,3646
982,19,33,108,7389,2683,49,85733,0.41,0.61,57027,256,2427433,1231532,3647
983,29,42,107,7407,2686,49,85733,0.40,0.61,57061,260,2445033,1232950,3652
984,37,66,110,7424,2687,49,85733,0.40,0.61,57147,256,2461463,1234571,3660
985,52,86,117,7441,2697,49,85781,0.40,0.61,57202,275,2477529,1242116,3671
986,65,103,135,7459,2697,49,85981,0.40,0.61,57443,253,2491316,1244719,3671
987,72,112,144,7476,2699,49,86059,0.39,0.62,57443,259,2504893,1247695,3674
988,50,84,145,7494,2707,49,86127,0.39,0.62,57443,278,2518586,1253697,3684
989,31,92,154,7511,2713,49,86147,0.38,0.62,57573,282,2531771,1257597,3700
990,30,109,163,7527,2720,49,86161,0.38,0.62,57894,273,2551292,1264232,3720
991,54,118,171,7540,2725,49,86191,0.72,0.62,58189,263,2571727,1269589,3730
992,71,120,169,7545,2732,49,86252,0.72,0.62,58275,272,2576545,1275983,3746
993,66,98,178,7554,2732,49,86258,0.72,0.62,58275,272,2582908,1276779,3746
994,65,117,176,7555,2735,49,86278,0.72,0.62,58668,253,2584327,1280729,3761
995,76,121,175,7558,2739,49,86418,0.72,0.62,58688,261,2586932,1287581,3771
996,66,121,175,7564,2745,50,86940,0.72,0.62,58816,258,2594418,1294127,3789
997,37,101,169,7570,2756,50,86981,0.40,0.62,58860,276,2599706,1307699,3815
998,18,69,176,7578,2757,50,86981,0.38,0.62,59053,261,2606671,1309871,3817
999,15,45,176,7582,2758,50,86996,0.38,0.62,59090,258,2609664,1312180,3821
1000,18,45,175,7590,2760,51,86996,0.37,0.62,61963,260,2615403,1315056,3825
1001,26,68,176,7592,2761,51,86996,0.37,0.63,62015,258,2617927,1316083,3827
1002,34,77,174,7594,2764,51,87065,0.37,0.63,62015,266,2621785,1318721,3835
1003,14,46,173,7600,2768,51,87111,0.40,0.63,62076,268,2625946,1322080,3843
1004,14,34,169,7613,2771,51,87131,0.40,0.63,62136,270,2635068,1324087,3851
1005,22,35,166,7628,2774,51,87165,0.39,0.63,62218,271,2649530,1326069,3859
1006,28,47,172,7643,2774,51,87224,0.39,0.63,62314,260,2657526,1333829,3859
1007,29,43,161,7652,2776,51,87275,0.39,0.63,62331,263,2663023,1336774,3863
1008,23,52,128,7669,2780,51,87275,0.39,0.63,62366,267,2680226,1339114,3873
1009,30,58,125,7686,2781,51,87290,0.39,0.63,62404,265,2694178,1342641,3875
1010,26,56,120,7703,2783,51,87336,0.38,0.63,62460,263,2705636,1346224,3879
1011,39,72,128,7720,2783,51,87356,0.72,0.63,62469,262,2715638,1347438,3883
1012,59,95,142,7737,2785,51,87415,0.72,0.63,62539,261,2731684,1350736,3887
1013,74,108,151,7753,2792,51,87642,0.72,0.63,62685,264,2749312,1355420,3903
1014,50,88,153,7770,2800,51,87884,0.72,0.63,62750,274,2772385,1362607,3921
1015,54,109,164,7787,2802,51,87985,0.39,0.63,62869,263,2787828,1368148,3925
1016,65,134,171,7801,2809,51,88254,0.39,0.64,62909,279,2800811,1378914,3952
1017,81,139,171,7809,2816,51,88628,0.39,0.64,63161,263,2810190,1388245,3972
1018,85,114,171,7816,2823,51,89262,0.39,0.64,63196,278,2813810,1394612,3988
1019,43,90,169,7826,2832,51,89282,0.39,0.64,63365,284,2826871,1403451,4001
1020,14,69,174,7840,2833,51,89282,0.39,0.64,63465,276,2843076,1405547,4003
1021,17,42,175,7845,2833,51,89282,0.38,0.64,63584,261,2845356,1407478,4003
1022,9,26,168,7848,2841,51,89294,0.38,0.64,63610,276,2846931,1412408,4014
1023,14,23,166,7858,2841,52,89294,0.38,0.64,63679,267,2868786,1413280,4014
1024,20,30,163,7870,2841,52,89294,0.36,0.64,63747,258,2877572,1414413,4014
1025,17,39,156,7885,2842,52,89294,0.35,0.64,63747,260,2893276,1419378,4015
1026,20,41,135,7902,2847,52,89294,0.36,0.64,63765,269,2908458,1422822,4023
1027,21,58,137,7919,2848,52,89310,0.36,0.64,63792,268,2937506,1425172,4024
1028,41,72,149,7936,2849,52,89310,0.37,0.64,63880,261,2950003,1426844,4026
1029,63,90,165,7953,2850,52,89357,0.36,0.64,63907,260,2960878,1428150,4027
1030,67,120,177,7969,2854,52,89372,0.36,0.65,63960,262,2972587,1432585,4033
1031,82,124,178,7972,2856,52,89688,0.36,0.65,64018,260,2978051,1435260,4037
1032,74,121,165,7977,2874,52,89964,0.36,0.65,64274,260,2982595,1447695,4063
1033,72,126,169,7992,2885,52,90317,0.36,0.65,64385,269,3001034,1455942,4079
1034,82,134,176,8002,2888,52,90667,0.36,0.65,64541,258,3005622,1459185,4083
1035,86,139,176,8007,2893,52,91020,0.36,0.65,64626,258,3010932,1464086,4089
1036,89,139,175,8010,2897,52,91491,0.36,0.65,64663,261,3012697,1469528,4095
1037,83,140,171,8014,2905,52,92037,0.36,0.65,64763,263,3019036,1480735,4104
1038,85,143,176,8023,2909,52,92527,0.36,0.65,64851,261,3030165,1487766,4108
1039,99,146,178,8026,2910,52,93023,0.36,0.65,64904,258,3034948,1492473,4109
1040,101,145,177,8029,2914,52,93726,0.36,0.65,64916,266,3040222,1499772,4114
1041,100,143,175,8031,2918,52,94412,0.36,0.65,65010,265,3041023,1505827,4120
1042,98,144,176,8036,2922,52,95163,0.36,0.65,65134,263,3046221,1514917,4125
1043,89,139,169,8040,2933,52,95679,0.36,0.65,65187,284,3047832,1530117,4142
1044,87,143,175,8051,2938,52,96178,0.36,0.65,65444,273,3059502,1537836,4149
1045,90,145,178,8056,2940,52,96717,0.72,0.66,65647,264,3067443,1543546,4160
1046,94,143,175,8058,2945,52,97180,0.72,0.66,65751,271,3068743,1551659,4166
1047,99,147,179,8063,2946,52,98270,0.72,0.66,65881,262,3072411,1552405,4167
1048,84,108,172,8068,2958,52,98483,0.72,0.66,65890,290,3078540,1567028,4183
1049,56,106,170,8081,2973,53,98503,0.35,0.66,66264,303,3085224,1580066,4201
1050,44,72,179,8094,2977,53,98608,0.36,0.66,66622,271,3093345,1583441,4206
1051,36,47,178,8095,2979,53,98765,0.37,0.66,66736,262,3093839,1586637,4209
1052,15,37,176,8097,2983,53,98765,0.37,0.66,66771,267,3095982,1592810,4215
1053,8,39,163,8109,2985,53,98765,0.37,0.66,66832,264,3114598,1594616,4217
1054,17,34,166,8126,2986,53,98765,0.70,0.66,66841,266,3140667,1595695,4218
1055,16,40,166,8143,2986,53,98765,0.37,0.66,66884,261,3158187,1597819,4218
1056,23,47,141,8160,2987,53,98765,0.36,0.66,66884,264,3179225,1599808,4219
1057,19,44,132,8177,2987,53,98861,0.36,0.66,66893,263,3193293,1603315,4219
1058,25,43,135,8194,2990,53,98861,0.36,0.66,66934,265,3208292,1606620,4222
1059,32,55,146,8210,2991,53,99164,0.36,0.67,66969,263,3221458,1612873,4223
1060,39,57,128,8227,3000,53,99356,0.36,0.67,66977,282,3234292,1624271,4236
1061,37,52,132,8244,3003,53,99374,0.36,0.67,67043,282,3247301,1627072,4241
1062,37,56,122,8261,3006,53,99406,0.36,0.67,67212,268,3261251,1630631,4245
1063,47,65,125,8278,3008,53,99426,0.36,0.67,67239,271,3282333,1634745,4248
1064,40,66,130,8295,3008,53,99505,0.36,0.67,67340,259,3297492,1636803,4248
1065,39,63,141,8312,3009,53,99523,0.68,0.67,67340,262,3323814,1638059,4249
1066,31,64,150,8329,3011,53,99523,0.35,0.67,67356,266,3351115,1641317,4251
1067,35,49,146,8346,3011,53,99523,0.35,0.67,67403,260,3366765,1643837,4251
1068,28,50,148,8363,3016,53,99536,0.34,0.67,67411,269,3379529,1647912,4258
1069,30,52,150,8380,3022,53,99613,0.33,0.67,67505,274,3397563,1653016,4267
1070,30,53,148,8396,3024,53,99732,0.33,0.67,67599,268,3411748,1656251,4270
1071,24,63,142,8413,3028,53,99748,0.35,0.67,67680,270,3427363,1661286,4275
1072,16,55,144,8430,3029,53,99764,0.33,0.67,67752,264,3446206,1664421,4277
1073,25,44,137,8447,3037,53,99764,0.36,0.68,67797,283,3458179,1669599,4292
1074,24,51,140,8464,3038,53,99764,0.33,0.68,67878,277,3466919,1672150,4294
1075,33,68,150,8481,3041,53,99826,0.36,0.68,68040,266,3479804,1675401,4298
1076,53,89,162,8498,3046,53,99963,0.36,0.68,68103,271,3490083,1679250,4305
1077,68,97,167,8515,3058,53,100076,0.36,0.68,68221,282,3504886,1687981,4322
1078,87,111,176,8528,3060,53,100259,0.35,0.68,68392,264,3513662,1692045,4324
1079,83,111,171,8539,3065,53,100305,0.34,0.68,68443,270,3521987,1695392,4330
1080,71,107,179,8553,3068,53,100318,0.33,0.68,68488,273,3537530,1699609,4335
1081,78,99,182,8559,3068,53,100318,0.33,0.68,68531,267,3546336,1700567,4335
1082,62,81,175,8560,3071,53,100406,0.34,0.68,68600,263,3549544,1703876,4340
1083,90,100,182,8567,3071,54,100406,0.34,0.68,68632,259,3558854,1704056,4340
1084,96,106,180,8568,3074,54,100550,0.34,0.68,68647,263,3559738,1707156,4343
1085,98,109,177,8575,3084,54,100653,0.34,0.68,68813,260,3563686,1716535,4355
1086,104,115,174,8581,3093,54,100763,0.34,0.68,68932,262,3571427,1723912,4368
1087,113,128,181,8590,3095,54,101055,0.33,0.69,68968,262,3589600,1730831,4372
1088,113,133,175,8593,3104,54,101498,0.33,0.69,69022,270,3593847,1744968,4384
1089,128,139,176,8602,3112,54,102111,0.33,0.69,69123,275,3601422,1754843,4392
1090,138,147,180,8610,3116,54,102759,0.33,0.69,69258,270,3616517,1761387,4397
1091,138,152,177,8613,3122,54,103434,0.33,0.69,69376,277,3620905,1767206,4403
1092,145,156,180,8619,3125,54,104174,0.33,0.69,69592,262,3625302,1773161,4407
1093,139,150,180,8624,3130,54,104338,0.33,0.69,69629,269,3628687,1776278,4414
1094,122,142,187,8640,3138,54,104428,0.33,0.69,69679,276,3635153,1784567,4427
1095,127,146,183,8646,3148,54,104566,0.33,0.69,69789,273,3637581,1793655,4450
1096,129,141,177,8646,3154,54,104847,0.33,0.69,69875,265,3637581,1801983,4459
1097,123,140,172,8652,3165,54,104934,0.33,0.69,69925,274,3644397,1814544,4476
1098,20,140,179,8661,3167,54,104967,0.32,0.69,69935,275,3662159,1816736,4478
1099,9,41,181,8668,3169,54,105008,0.31,0.69,70079,264,3671916,1819479,4481
1100,7,27,183,8680,3170,54,105058,0.32,0.69,70103,262,3681938,1821663,4482
1101,10,15,182,8683,3171,54,105119,0.32,0.69,70121,261,3684127,1823418,4484
1102,8,12,183,8686,3173,54,105119,0.32,0.70,70131,266,3686362,1826353,4486
1103,7,18,182,8699,3175,54,105153,0.33,0.70,70162,264,3696807,1827840,4489
1104,15,25,169,8713,3177,54,105165,0.33,0.70,70193,262,3718267,1829873,4492
1105,30,41,123,8731,3178,54,105165,0.34,0.70,70211,261,3753605,1831954,4493
1106,32,55,78,8748,3178,54,105176,0.34,0.70,70229,259,3766389,1836267,4493
1107,27,52,86,8765,3184,54,105250,0.34,0.70,70229,265,3786571,1840927,4503
1108,19,48,97,8782,3186,54,105250,0.34,0.70,70275,264,3808712,1843307,4506
1109,37,84,112,8800,3186,54,105250,0.34,0.70,70348,259,3832345,1845725,4506
1110,50,99,118,8817,3197,54,105250,0.34,0.70,70371,271,3856977,1856987,4523
1111,85,115,132,8842,3208,54,105372,0.34,0.70,70528,267,3880328,1862205,4536
1112,89,113,135,8862,3225,54,105583,0.33,0.70,70607,275,3919289,1875639,4560
1113,96,123,142,8879,3235,54,106058,0.33,0.70,70736,272,3938448,1882761,4573
1114,112,145,154,8896,3240,54,106518,0.33,0.70,70840,265,3960755,1890008,4579
1115,131,160,169,8914,3243,54,107044,0.33,0.70,70896,261,3978877,1894728,4582
1116,138,162,175,8929,3252,54,108070,0.33,0.71,70921,268,3995840,1908055,4596
1117,137,159,172,8939,3264,54,109059,0.33,0.71,70999,274,4004402,1927660,4614
1118,152,166,177,8946,3266,54,109980,0.33,0.71,71117,262,4024355,1929170,4617
1119,160,182,218,8993,3272,55,111168,0.33,0.71,71264,259,4059058,1936608,4626
1120,207,211,217,9001,3281,55,112742,0.33,0.71,71342,261,4062392,1950869,4638
1121,215,217,223,9017,3291,55,114775,0.33,0.71,71454,265,4069078,1969270,4651
1122,206,206,212,9017,3302,55,117392,0.33,0.71,71602,262,4069078,1996651,4667
1123,190,203,212,9023,3308,55,119286,0.33,0.71,71672,261,4071570,2007948,4673
1124,215,221,252,9071,3316,55,120388,0.33,0.71,71694,273,4091705,2015373,4684
1125,176,178,218,9073,3352,55,120569,0.33,0.71,71896,297,4092553,2041880,4732
1126,174,174,214,9073,3356,55,121616,0.33,0.71,72129,262,4092553,2046804,4738
1127,157,157,197,9073,3373,55,123107,0.33,0.71,72199,269,4092553,2085575,4760
1128,142,142,182,9073,3388,55,124426,0.33,0.71,72349,274,4092553,2108909,4782
1129,133,134,176,9077,3398,55,125851,0.33,0.71,72577,269,4097866,2122326,4798
1130,133,135,180,9086,3403,55,127929,0.33,0.72,72688,274,4104268,2131862,4803
1131,132,140,181,9091,3407,55,130374,0.33,0.72,72917,271,4110378,2143838,4810
1132,155,159,199,9116,3414,55,131967,0.33,0.72,73099,278,4123941,2157068,4819
1133,164,165,205,9142,3434,55,133519,0.33,0.72,73424,286,4134840,2177633,4846
1134,154,155,195,9144,3446,55,134718,0.33,0.72,73722,284,4135688,2189172,4862
1135,119,120,160,9144,3481,56,135774,0.33,0.72,74063,294,4135688,2217241,4907
1136,107,112,156,9153,3494,56,136873,0.33,0.72,74242,281,4142944,2228687,4925
1137,117,129,173,9170,3494,56,137657,0.33,0.72,74475,259,4170340,2229369,4925
1138,126,146,186,9184,3495,56,138385,0.33,0.72,74521,259,4185898,2232867,4927
1139,134,144,186,9187,3498,56,138915,0.33,0.72,74622,259,4188313,2236671,4932
1140,138,144,185,9189,3501,56,139818,0.33,0.72,74646,261,4189193,2245155,4937
1141,169,174,214,9228,3511,56,140596,0.33,0.72,74805,262,4205878,2253695,4950
1142,172,177,217,9236,3516,56,141465,0.33,0.72,74908,261,4209239,2257958,4957
1143,163,168,208,9238,3527,56,142416,0.33,0.73,74990,262,4210087,2266072,4971
1144,150,155,195,9238,3540,56,143489,0.33,0.73,75078,259,4210087,2277173,4988
1145,133,138,178,9238,3557,56,144381,0.33,0.73,75153,261,4210087,2292472,5011
1146,131,142,150,9250,3564,56,145214,0.33,0.73,75183,262,4226865,2298543,5021
1147,139,152,159,9267,3572,56,145824,0.32,0.73,75203,269,4247938,2306726,5034
1148,150,160,173,9287,3578,56,146257,0.32,0.73,75311,266,4271624,2313687,5040
1149,160,172,183,9302,3583,56,146962,0.32,0.73,75410,266,4291871,2321548,5047
1150,201,206,213,9338,3589,56,147837,0.32,0.73,75487,266,4306912,2333702,5053
1151,200,202,209,9342,3597,56,148762,0.32,0.73,75572,267,4308607,2339798,5062
1152,194,195,202,9346,3608,56,150688,0.32,0.73,75631,270,4310288,2350105,5076
1153,166,166,173,9346,3637,56,152133,0.32,0.73,75723,291,4310288,2372223,5118
1154,168,172,181,9355,3638,56,153634,0.32,0.73,75972,259,4315056,2372615,5119
1155,169,176,186,9366,3644,56,154685,0.32,0.73,76079,262,4338519,2378660,5127
1156,166,179,186,9378,3655,56,155976,0.32,0.73,76211,259,4362146,2391179,5142
1157,165,176,185,9383,3661,56,157673,0.32,0.74,76244,260,4377425,2401335,5150
1158,158,173,179,9389,3673,56,158359,0.32,0.74,76408,261,4384936,2420189,5166
1159,197,205,211,9429,3681,56,159176,0.32,0.74,76465,265,4402641,2437332,5178
1160,185,192,198,9431,3696,56,159797,0.32,0.74,76550,276,4403489,2455569,5198
1161,188,190,196,9431,3698,57,161333,0.32,0.74,76704,262,4403489,2459403,5200
1162,261,263,268,9535,3730,57,161685,0.32,0.74,76789,292,4447527,2496976,5245
1163,236,240,244,9551,3770,57,162352,0.32,0.74,77069,285,4454392,2556925,5303
1164,140,141,148,9551,3866,57,162523,0.31,0.74,77239,398,4454392,2646255,5429
1165,134,150,161,9568,3870,57,162573,0.30,0.74,77488,385,4472466,2647334,5435
1166,39,55,175,9586,3874,57,162663,0.30,0.74,78429,285,4511787,2650757,5440
1167,26,33,186,9599,3876,57,162796,0.30,0.74,78554,281,4521332,2653171,5442
1168,24,30,184,9603,3880,57,162864,0.29,0.74,78719,275,4523170,2657175,5448
1169,20,21,182,9611,3886,57,162890,0.29,0.74,78885,271,4526853,2662086,5457
1170,22,32,187,9623,3887,57,162890,0.29,0.74,78922,268,4538058,2664439,5458
1171,26,42,113,9640,3888,57,162890,0.29,0.75,79024,261,4554737,2666696,5459
1172,39,52,98,9657,3890,57,162903,0.28,0.75,79043,261,4569079,2667926,5461
1173,56,66,110,9675,3892,57,162928,0.28,0.75,79062,261,4588643,2670385,5464
1174,61,80,124,9692,3893,57,162928,0.28,0.75,79090,259,4621370,2672156,5466
1175,50,76,122,9710,3902,57,162928,0.28,0.75,79090,268,4650245,2680471,5475
1176,52,80,133,9727,3904,57,162997,0.27,0.75,79195,261,4688289,2684810,5477
1177,53,84,143,9744,3906,57,163032,0.27,0.75,79204,266,4719774,2688008,5481
1178,67,93,154,9762,3908,57,163032,0.27,0.75,79270,263,4748325,2691011,5483
1179,61,96,170,9779,3909,57,163045,0.28,0.75,79308,263,4791369,2695947,5484
1180,89,131,185,9796,3911,59,163084,0.28,0.75,82768,263,4811990,2698527,5488
1181,115,140,185,9801,3916,59,163216,0.28,0.75,82823,266,4817854,2702490,5494
1182,94,106,176,9806,3929,59,163349,0.28,0.75,82878,275,4820438,2720071,5514
1183,65,75,189,9824,3929,59,163475,0.28,0.75,82932,269,4844197,2723887,5514
1184,58,77,188,9837,3929,59,163527,0.28,0.76,83025,259,4857877,2725993,5514
1185,27,52,188,9843,3932,59,163678,0.26,0.76,83025,264,4873926,2731644,5520
1186,15,31,187,9852,3934,59,163678,0.26,0.76,83054,265,4884337,2734266,5522
1187,9,24,187,9864,3936,59,163678,0.26,0.76,83073,267,4912394,2736152,5525
1188,14,23,186,9873,3939,59,163678,0.26,0.76,83120,266,4935038,2740597,5528
1189,12,26,170,9882,3939,59,163678,0.27,0.76,83120,266,4969282,2744374,5528
1190,18,35,167,9899,3939,59,163678,0.27,0.76,83187,259,5004282,2745714,5528
1191,34,69,178,9917,3941,59,163678,0.72,0.76,83216,261,5027897,2746901,5530
1192,70,94,188,9933,3945,59,163726,0.72,0.76,83245,262,5057757,2749970,5534
1193,63,75,186,9943,3950,59,163778,0.72,0.76,83264,265,5069714,2755359,5540
1194,47,65,175,9956,3958,59,163857,0.27,0.76,83321,268,5080739,2762932,5551
1195,57,80,190,9983,3959,59,163874,0.27,0.76,83378,263,5101105,2768642,5553
1196,71,81,190,9986,3962,59,163887,0.28,0.76,83481,262,5107840,2772625,5558
1197,70,79,186,9987,3967,59,163931,0.28,0.76,83525,264,5111693,2776728,5564
1198,56,84,180,9991,3977,59,164005,0.25,0.77,83568,275,5127117,2787940,5579
1199,90,103,186,10005,3981,59,164005,0.25,0.77,83694,266,5140880,2794587,5585
1200,96,107,188,10012,3983,59,164005,0.25,0.77,83763,262,5151134,2798356,5588
1201,76,88,171,10023,3986,59,164005,0.26,0.77,83763,265,5166161,2802224,5591
1202,33,64,172,10040,3988,59,164005,0.26,0.77,83791,264,5197086,2805220,5593
1203,41,103,183,10057,3988,59,164005,0.26,0.77,83820,261,5217016,2806419,5593
1204,101,120,188,10065,3990,59,164005,0.72,0.77,83839,261,5225583,2810247,5595
1205,98,113,173,10067,4007,59,164067,0.72,0.77,83859,277,5230947,2825236,5617
1206,102,114,178,10078,4010,59,164085,0.72,0.77,84017,267,5252516,2831191,5622
1207,104,128,188,10094,4013,59,164111,0.72,0.77,84106,264,5265772,2837122,5627
1208,101,123,189,10101,4013,59,164165,0.24,0.77,84106,264,5273271,2838647,5627
1209,112,135,190,10106,4017,60,164240,0.24,0.77,87829,261,5288286,2842792,5632
1210,95,120,168,10115,4048,61,164442,0.24,0.78,88083,272,5306771,2867989,5673
1211,104,131,180,10132,4051,61,164753,0.24,0.78,88221,265,5322780,2875307,5677
1212,103,129,179,10147,4063,61,164871,0.24,0.78,88296,271,5337514,2888386,5696
1213,112,138,188,10166,4068,61,164957,0.25,0.78,88429,266,5355429,2894309,5705
1214,96,118,187,10173,4072,61,164984,0.25,0.78,88492,265,5367192,2898543,5711
1215,95,122,186,10181,4077,61,164984,0.25,0.78,88565,271,5382787,2909374,5718
1216,108,131,186,10188,4084,61,164984,0.25,0.78,88747,274,5395787,2916554,5729
1217,110,136,188,10194,4087,61,165118,0.25,0.78,89009,266,5404910,2921839,5734
1218,121,143,191,10199,4088,61,165366,0.25,0.78,89114,260,5409470,2923863,5735
1219,116,141,182,10199,4097,61,165884,0.25,0.79,89149,264,5409470,2933901,5744
1220,126,151,177,10208,4111,61,166150,0.25,0.79,89283,289,5417678,2953352,5764
1221,156,171,196,10230,4114,61,166255,0.25,0.79,89621,268,5430681,2968708,5769
1222,159,173,193,10232,4119,61,166476,0.25,0.79,89719,274,5431539,2977376,5778
1223,151,163,182,10234,4132,61,166999,0.24,0.79,90105,293,5432396,3000945,5797
1224,144,160,181,10243,4142,61,167671,0.24,0.79,90696,289,5446023,3022455,5814
1225,148,166,188,10255,4147,62,168176,0.24,0.79,91191,268,5456330,3029567,5825
1226,142,160,184,10259,4155,62,168439,0.25,0.79,91263,282,5462767,3049181,5838
1227,141,159,192,10268,4156,62,168476,0.25,0.79,91520,277,5478647,3050794,5840
1228,151,164,199,10276,4157,62,168653,0.25,0.80,91762,259,5482123,3055349,5841
1229,137,148,191,10278,4166,62,168727,0.25,0.80,91762,274,5482992,3065102,5855
1230,41,111,192,10283,4169,62,168751,0.25,0.80,92069,266,5488227,3074041,5859
1231,11,42,192,10287,4169,62,168785,0.25,0.80,92167,259,5493645,3075372,5859
1232,9,23,191,10293,4170,62,168802,0.25,0.80,92167,262,5512417,3078261,5861
1233,18,25,192,10309,4170,62,168802,0.25,0.80,92198,259,5537286,3082386,5861
1234,26,37,192,10322,4170,62,168971,0.25,0.80,92297,245,5562822,3093021,5861
1235,34,39,192,10327,4170,62,168995,0.25,0.80,92297,245,5568634,3095381,5861
1236,38,61,191,10335,4172,62,169175,0.25,0.80,92297,251,5577591,3098872,5863
1237,36,68,190,10338,4176,62,169224,0.25,0.81,92569,255,5579611,3103591,5869
1238,44,82,194,10343,4177,62,169326,0.25,0.81,92799,245,5584322,3106877,5871
1239,47,103,189,10343,4182,62,169467,0.25,0.81,92818,253,5584322,3120031,5880
1240,46,104,190,10347,4185,62,169705,0.25,0.81,92979,251,5596715,3131869,5884
1241,46,99,185,10350,4193,62,169895,0.25,0.81,93076,266,5600100,3142342,5897
1242,50,105,190,10358,4196,63,169999,0.25,0.81,93898,250,5608696,3146373,5904
1243,63,107,192,10361,4197,63,170046,0.25,0.81,94202,246,5610733,3148592,5906
1244,88,108,192,10363,4198,63,170108,0.25,0.81,94260,245,5613682,3151169,5908
1245,94,109,193,10364,4198,63,170194,0.25,0.81,94280,243,5614363,3152153,5908
1246,96,109,193,10366,4200,63,170317,0.25,0.82,94377,243,5615730,3155810,5912
1247,40,109,193,10368,4202,63,170386,0.24,0.82,94455,243,5616622,3161034,5916
1248,49,120,198,10381,4203,63,170386,0.24,0.82,94455,246,5632542,3165584,5918
1249,46,117,190,10386,4211,63,170413,0.24,0.82,94508,253,5638719,3176415,5932
1250,34,62,177,10399,4216,63,170446,0.24,0.82,94684,254,5654970,3187631,5940
1251,18,59,162,10417,4221,63,170570,0.23,0.82,95005,255,5674005,3196852,5948
1252,12,38,156,10435,4229,63,170667,0.23,0.82,95219,263,5709148,3205455,5962
1253,26,44,170,10453,4230,63,170702,0.22,0.82,95446,248,5733546,3209806,5964
1254,26,44,178,10470,4239,63,170859,0.20,0.82,95611,264,5761528,3219204,5980
1255,32,59,186,10489,4247,63,171075,0.20,0.83,95941,254,5795551,3228445,5992
1256,43,67,190,10498,4251,63,171217,0.20,0.83,96120,249,5802717,3239715,5998
1257,45,69,189,10505,4256,63,171516,0.21,0.83,96237,255,5805959,3248219,6004
1258,38,64,185,10511,4265,64,172004,0.21,0.83,96562,263,5815691,3263125,6019
1259,27,54,180,10524,4271,64,172226,0.21,0.83,96877,257,5838088,3277400,6030
1260,25,57,169,10541,4273,64,172226,0.21,0.83,96963,254,5862150,3280966,6033
1261,28,56,169,10558,4273,64,172277,0.22,0.83,97042,247,5899151,3286803,6033
1262,38,56,180,10576,4275,64,172327,0.22,0.83,97133,248,5916798,3289824,6036
1263,48,66,188,10594,4275,64,172444,0.22,0.83,97133,248,5941625,3291772,6036
1264,35,66,154,10609,4284,64,172467,0.22,0.84,97252,267,5965800,3302162,6052
1265,38,70,151,10626,4288,64,172467,0.22,0.84,97426,260,5991361,3311895,6059
1266,25,72,152,10644,4290,64,172569,0.22,0.84,97654,249,6002823,3315763,6062
1267,32,75,147,10662,4290,64,172569,0.21,0.84,97675,248,6018631,3323146,6062
1268,25,78,148,10680,4293,64,172664,0.21,0.84,97793,251,6034093,3329272,6067
1269,26,66,139,10697,4308,64,172746,0.21,0.84,97892,277,6043865,3344952,6091
1270,27,64,140,10715,4318,64,172835,0.20,0.84,98313,263,6088267,3354955,6108
1271,42,78,150,10733,4319,64,173060,0.20,0.84,98541,243,6136341,3360076,6110
1272,57,85,155,10751,4321,64,173255,0.19,0.85,98551,248,6155547,3365918,6114
1273,67,111,159,10768,4322,64,173581,0.72,0.85,98644,243,6184532,3372315,6126
1274,83,126,166,10786,4333,64,174166,0.72,0.85,98691,266,6214514,3391618,6140
1275,93,136,172,10804,4345,64,175045,0.72,0.85,98993,275,6264798,3407909,6153
1276,65,113,158,10823,4372,64,175232,0.72,0.85,99273,321,6293657,3435780,6211
1277,84,136,172,10841,4376,65,175347,0.72,0.85,100351,248,6336863,3440544,6224
1278,103,146,172,10858,4393,65,175880,0.72,0.85,100511,272,6370613,3470389,6264
1279,105,145,182,10874,4398,65,176276,0.72,0.85,100759,258,6399255,3482169,6276
1280,98,142,171,10887,4422,65,176276,0.72,0.85,100900,295,6418147,3522713,6328
1281,112,160,178,10896,4423,65,176416,0.72,0.85,101610,242,6431971,3524533,6330
1282,123,171,187,10913,4431,65,176562,0.72,0.85,101778,249,6458003,3549364,6350
1283,121,172,186,10927,4444,65,176794,0.72,0.85,102117,259,6481639,3578959,6378
1284,110,163,193,10940,4448,66,176953,0.18,0.86,102609,250,6502369,3596029,6391
1285,45,124,186,10948,4461,66,176981,0.20,0.86,102667,267,6510682,3616500,6429
1286,25,66,187,10958,4466,66,176981,0.20,0.86,102820,254,6537311,3621712,6441
1287,17,42,193,10967,4468,66,177000,0.20,0.86,102866,250,6550478,3624927,6447
1288,12,24,190,10970,4468,66,177000,0.40,0.86,102896,244,6554150,3630390,6447
1289,7,27,188,10976,4468,66,177028,0.40,0.86,102912,242,6561506,3631754,6447
1290,12,28,178,10984,4469,66,177028,0.40,0.86,102912,244,6571833,3633170,6449
1291,19,32,195,11002,4470,66,177028,0.19,0.86,102912,247,6587329,3635081,6451
1292,22,42,181,11019,4475,66,177111,0.19,0.86,102922,255,6613268,3640355,6469
1293,32,49,133,11037,4478,66,177144,0.18,0.86,102973,251,6649743,3646399,6477
1294,37,59,118,11054,4480,66,177157,0.19,0.86,102998,252,6687573,3651118,6483
1295,35,55,112,11072,4489,66,177404,0.19,0.86,103042,263,6705588,3666729,6511
1296,28,48,114,11089,4495,66,177475,0.19,0.86,103058,274,6747306,3675467,6535
1297,20,61,122,11107,4496,66,177475,0.19,0.87,103174,253,6768430,3678638,6539
1298,33,73,137,11124,4498,66,177532,0.19,0.87,103224,249,6791742,3682484,6547
1299,31,78,150,11142,4500,66,177637,0.19,0.87,103234,251,6814007,3683942,6553
1300,37,83,153,11159,4508,66,177666,0.19,0.87,103289,256,6840788,3693324,6575
1301,44,87,161,11177,4514,66,177699,0.19,0.87,103344,257,6871539,3700072,6593
1302,55,94,173,11194,4517,66,177713,0.19,0.87,103485,243,6898182,3705128,6601
1303,64,104,180,11213,4528,66,177767,0.19,0.87,103495,263,6933648,3714667,6637
1304,66,104,189,11230,4530,66,177825,0.18,0.87,103596,247,6962038,3719656,6641
1305,84,133,189,11248,4531,66,178060,0.18,0.87,103616,245,6994181,3725559,6643
1306,82,133,195,11257,4533,66,178103,0.18,0.87,103626,247,7012728,3728204,6646
1307,80,137,196,11265,4538,66,178117,0.18,0.87,103657,251,7026192,3735163,6654
1308,63,110,164,11266,4571,66,178230,0.18,0.87,103697,306,7026767,3767629,6712
1309,54,102,161,11279,4587,66,178329,0.18,0.87,104038,269,7068218,3791261,6739
1310,57,120,175,11299,4590,66,178385,0.18,0.87,104187,248,7103209,3800803,6743
1311,68,136,186,11316,4593,66,178441,0.18,0.88,104224,247,7132486,3805553,6748
1312,84,148,195,11332,4596,66,178459,0.18,0.88,104244,250,7173266,3810195,6753
1313,99,147,189,11335,4605,66,178535,0.18,0.88,104285,264,7187173,3831641,6768
1314,111,161,197,11346,4608,66,178606,0.17,0.88,104448,251,7230104,3847196,6777
1315,119,146,198,11350,4611,66,178675,0.17,0.88,104459,257,7232384,3855691,6781
1316,133,139,197,11352,4613,66,178703,0.17,0.88,104661,250,7233538,3860728,6783
1317,135,151,201,11356,4613,66,178731,0.17,0.88,104705,243,7236838,3862723,6783
1318,134,152,197,11363,4624,66,179027,0.17,0.88,104782,244,7254642,3883837,6803
1319,142,159,198,11365,4624,66,179759,0.17,0.88,104787,243,7261627,3888591,6803
1320,144,160,197,11367,4627,66,180695,0.17,0.88,104888,246,7263677,3897600,6809
1321,143,160,193,11369,4633,66,181932,0.17,0.88,105110,243,7264851,3916690,6817
1322,145,163,193,11376,4640,66,183555,0.17,0.88,105217,248,7273371,3944414,6828
1323,150,166,193,11381,4645,67,185055,0.17,0.88,105308,254,7276312,3980239,6839
1324,151,171,196,11389,4650,67,186099,0.17,0.89,105500,254,7287589,4011704,6846
1325,156,172,197,11393,4653,67,187881,0.17,0.89,105676,248,7289923,4016572,6851
1326,137,152,177,11396,4676,67,189557,0.17,0.89,105924,287,7292365,4058838,6887
1327,131,155,181,11412,4688,67,190775,0.17,0.89,106664,262,7315265,4089689,6904
1328,133,157,184,11429,4702,67,191747,0.16,0.89,106977,274,7340958,4115033,6926
1329,140,165,191,11444,4709,67,192481,0.16,0.89,107422,260,7362949,4131958,6936
1330,148,166,197,11452,4711,67,193166,0.16,0.89,107595,248,7377651,4140617,6942
1331,144,162,192,11454,4718,67,194054,0.72,0.89,107681,255,7379738,4147428,6952
1332,136,154,188,11461,4729,67,195009,0.72,0.89,107752,270,7393294,4168195,6964
1333,150,163,194,11472,4734,67,195617,0.72,0.89,108137,256,7404006,4178130,6969
1334,178,188,213,11510,4753,67,195791,0.72,0.89,108222,272,7425700,4208711,6990
1335,146,198,217,11514,4753,68,195819,0.17,0.89,108336,256,7427985,4209767,6993
1336,20,185,212,11516,4760,68,195847,0.17,0.89,108402,263,7429137,4219696,7003
1337,6,113,212,11516,4760,68,195875,0.17,0.90,108691,243,7429137,4221080,7003
1338,6,50,210,11516,4762,68,195875,0.14,0.90,108718,247,7429137,4225728,7007
1339,4,29,204,11516,4763,68,195875,0.17,0.90,108812,243,7429137,4228319,7009
1340,2,10,202,11516,4764,68,195875,0.17,0.90,108812,245,7429137,4229713,7010
1341,1,7,198,11517,4765,68,195875,0.17,0.90,108812,248,7429743,4233033,7012
1342,3,7,185,11519,4766,68,195875,0.14,0.90,108863,246,7430956,4233731,7014
1343,12,19,144,11534,4769,68,195890,0.14,0.90,108863,252,7450462,4239096,7020
1344,21,30,112,11551,4771,68,196029,0.15,0.90,108907,249,7477117,4243073,7023
1345,40,46,106,11570,4772,68,196201,0.15,0.90,108928,247,7512484,4245909,7025
1346,51,62,109,11588,4772,68,196201,0.15,0.90,108938,245,7532637,4253288,7025
1347,49,69,116,11605,4779,68,196260,0.16,0.90,108938,256,7554900,4261877,7035
1348,41,76,117,11623,4781,68,196260,0.16,0.90,109001,253,7595641,4267887,7037
1349,46,78,116,11640,4782,68,196289,0.16,0.90,109040,247,7639328,4271203,7039
1350,55,84,127,11658,4789,68,196304,0.16,0.91,109060,253,7694261,4281267,7050
1351,56,82,141,11675,4791,68,196393,0.16,0.91,109069,256,7730394,4285829,7054
1352,53,88,152,11693,4796,68,196674,0.16,0.91,109161,254,7766094,4302151,7062
1353,54,90,166,11711,4796,68,197116,0.14,0.91,109161,254,7822595,4303709,7062
1354,43,83,168,11728,4811,68,197159,0.67,0.91,109225,271,7852284,4326115,7085
1355,38,82,169,11746,4812,68,197159,0.67,0.91,109383,247,7908338,4331928,7086
1356,28,69,174,11763,4812,68,197279,0.67,0.91,109391,246,7931292,4341692,7086
1357,27,62,174,11781,4818,68,197294,0.67,0.91,109408,256,7952857,4353332,7092
1358,34,64,166,11799,4825,68,197339,0.15,0.91,109450,266,7984292,4362201,7102
1359,25,60,161,11816,4834,68,197384,0.15,0.91,109566,266,8017331,4374651,7117
1360,46,69,164,11834,4839,68,197414,0.15,0.91,109690,255,8042932,4385694,7126
1361,59,79,168,11851,4841,68,197584,0.15,0.91,109737,251,8086081,4392569,7128
1362,57,77,166,11869,4847,68,197644,0.15,0.91,109772,257,8110759,4401056,7137
1363,64,75,162,11887,4850,68,197690,0.15,0.92,109844,250,8138866,4405853,7141
1364,60,86,170,11904,4852,68,197690,0.15,0.92,109880,250,8176449,4409326,7144
1365,41,95,179,11922,4853,68,197762,0.15,0.92,109907,248,8206354,4413827,7145
1366,19,97,184,11939,4861,68,197976,0.15,0.92,109928,260,8236481,4427548,7154
1367,15,78,193,11957,4865,68,198005,0.21,0.92,109979,258,8277027,4434039,7160
1368,27,87,200,11971,4866,68,198005,0.21,0.92,110053,247,8299281,4442156,7161
1369,27,65,197,11984,4871,68,198005,0.20,0.92,110085,257,8311255,4446574,7171
1370,34,68,198,11998,4872,68,198030,0.12,0.92,110217,249,8346406,4451893,7173
1371,33,65,201,12009,4873,68,198030,0.14,0.92,110299,243,8363561,4453508,7174
1372,23,65,191,12019,4878,68,198030,0.14,0.92,110340,250,8373491,4460705,7184
1373,29,73,189,12037,4878,68,198106,0.14,0.92,110434,238,8392807,4462775,7184
1374,24,68,183,12054,4884,68,198165,0.14,0.92,110434,250,8425116,4470628,7191
1375,18,65,171,12072,4889,68,198241,0.14,0.92,110503,248,8456773,4477422,7201
1376,32,81,160,12089,4890,68,198256,0.14,0.93,110555,240,8478872,4483436,7203
1377,39,98,172,12107,4891,68,198256,0.14,0.93,110565,240,8500684,4486229,7205
1378,44,104,183,12125,4894,68,198304,0.14,0.93,110576,244,8535061,4491049,7210
1379,43,105,186,12142,4896,68,198380,0.14,0.93,110607,243,8558877,4495211,7214
1380,55,124,189,12160,4897,68,198380,0.14,0.93,110659,241,8606134,4503580,7219
1381,101,144,196,12173,4903,68,199262,0.72,0.93,110741,247,8624919,4518907,7234
1382,117,160,193,12179,4912,68,200646,0.72,0.93,110857,249,8629446,4531213,7243
1383,97,131,164,12188,4950,68,202930,0.72,0.93,110939,318,8645314,4581041,7284
1384,84,116,156,12198,4968,69,203878,0.72,0.93,111536,273,8675356,4610046,7310
1385,79,101,150,12216,4992,69,204733,0.13,0.93,111688,293,8707195,4644713,7338
1386,48,99,158,12234,4995,69,204816,0.13,0.93,111842,274,8753011,4655097,7344
1387,39,99,167,12251,4998,69,204829,0.13,0.93,112006,251,8791147,4660379,7349
1388,42,94,172,12269,5001,69,204909,0.12,0.93,112107,244,8829013,4667589,7353
1389,55,96,178,12287,5001,69,204909,0.12,0.94,112112,243,8853864,4669357,7353
1390,83,108,190,12304,5005,69,204930,0.12,0.94,112138,246,8880129,4682334,7359
1391,94,138,197,12322,5012,69,205014,0.12,0.94,112220,248,8905443,4696588,7371
1392,109,156,231,12364,5020,69,205637,0.12,0.94,112412,246,8978260,4706132,7383
1393,94,160,192,12364,5059,69,205903,0.12,0.94,112454,311,8978260,4753773,7443
1394,95,163,196,12379,5066,69,206143,0.11,0.94,112899,247,8989071,4769012,7454
1395,106,166,202,12387,5067,69,206203,0.11,0.94,112954,241,9003262,4777237,7456
1396,105,150,186,12390,5086,69,206284,0.11,0.94,113036,277,9006883,4814672,7487
1397,98,149,186,12404,5096,69,206372,0.11,0.94,113328,264,9039546,4833976,7503
1398,112,151,197,12421,5101,69,206424,0.11,0.94,113551,250,9080140,4842635,7512
1399,129,154,196,12428,5109,69,206671,0.12,0.94,113646,255,9093960,4851945,7524
1400,114,142,200,12435,5112,69,206908,0.12,0.94,113767,243,9107069,4860094,7529
1401,92,120,202,12440,5114,69,207011,0.12,0.95,113793,244,9115067,4868325,7532
1402,71,102,202,12442,5116,69,207091,0.12,0.95,113856,243,9116391,4874177,7535
1403,51,64,200,12449,5117,69,207091,0.12,0.95,113888,242,9127408,4877198,7537
1404,38,60,201,12453,5119,69,207091,0.12,0.95,113899,246,9132764,4880375,7540
1405,34,44,196,12456,5119,69,207091,0.10,0.95,113973,238,9134765,4880937,7540
1406,35,46,193,12465,5119,69,207091,0.10,0.95,113973,238,9149004,4882228,7540
1407,41,47,176,12477,5120,69,207091,0.10,0.95,113973,241,9182447,4887334,7542
1408,49,61,152,12495,5123,69,207216,0.10,0.95,114005,244,9207119,4891864,7548
1409,57,89,168,12513,5125,69,207216,0.10,0.95,114036,244,9255939,4897347,7551
1410,91,114,178,12532,5134,69,207740,0.10,0.95,114100,263,9307314,4916547,7568
1411,89,130,191,12556,5145,70,208084,0.10,0.95,114381,253,9349979,4930929,7587
1412,120,144,201,12576,5155,70,208311,0.10,0.95,114539,251,9376711,4952182,7603
1413,136,145,204,12585,5161,70,208549,0.10,0.95,114620,249,9384417,4961160,7612
1414,117,137,187,12597,5173,70,208821,0.10,0.96,114678,263,9402072,4981548,7633
1415,105,128,176,12617,5181,70,209112,0.10,0.96,114890,258,9437175,5006814,7646
1416,120,151,191,12634,5183,70,209315,0.10,0.96,115060,244,9464429,5015338,7650
1417,135,155,181,12648,5207,70,209975,0.10,0.96,115123,283,9503762,5054564,7689
1418,141,161,188,12668,5220,70,210678,0.10,0.96,115387,267,9529776,5090105,7710
1419,135,159,183,12685,5238,70,210929,0.10,0.96,115600,270,9558594,5129568,7742
1420,134,164,196,12708,5247,70,211098,0.10,0.96,115682,276,9587053,5149016,7754
1421,150,173,203,12719,5249,70,211258,0.10,0.96,115881,251,9618031,5159053,7757
1422,143,167,205,12722,5250,70,211523,0.10,0.96,115967,241,9630096,5165179,7759
1423,66,136,201,12724,5255,70,211595,0.10,0.96,115999,250,9632306,5172606,7766
1424,55,119,205,12728,5255,70,211595,0.10,0.96,116031,247,9639225,5173733,7766
1425,31,74,205,12731,5257,70,211595,0.10,0.96,116127,242,9643036,5178837,7769
1426,19,43,204,12738,5259,70,211595,0.09,0.96,116148,242,9656908,5182581,7771
1427,19,37,204,12747,5260,70,211658,0.09,0.97,116159,243,9683172,5189977,7772
1428,19,38,205,12759,5262,70,211806,0.09,0.97,116170,245,9712400,5195137,7775
1429,23,49,205,12776,5262,70,211997,0.09,0.97,116223,240,9739595,5200769,7775
1430,22,62,198,12794,5266,70,212010,0.09,0.97,116234,246,9792396,5207059,7780
1431,30,76,189,12812,5267,70,212085,0.08,0.97,116275,241,9816044,5216380,7782
1432,31,76,168,12829,5273,70,212176,0.10,0.97,116283,252,9843509,5225151,7791
1433,25,81,157,12847,5277,70,212373,0.10,0.97,116348,252,9877686,5237810,7796
1434,43,95,133,12865,5284,70,212373,0.09,0.97,116476,257,9923363,5250965,7807
1435,77,103,144,12882,5290,70,212484,0.09,0.97,116643,249,9966381,5259595,7816
1436,64,108,156,12900,5292,70,212594,0.09,0.97,116691,246,10021441,5272289,7818
1437,51,101,165,12918,5298,70,212815,0.08,0.97,116767,255,10066642,5290221,7827
1438,27,98,171,12937,5306,70,212925,0.08,0.97,116767,272,10120104,5303260,7841
1439,30,84,176,12955,5311,70,213342,0.10,0.98,116976,260,10135406,5316385,7849
1440,23,78,175,12973,5318,70,213407,0.09,0.98,117121,256,10163293,5331230,7861
1441,29,77,188,12991,5320,70,213407,0.08,0.98,117168,253,10190304,5334438,7864
1442,46,104,196,13008,5321,70,213507,0.08,0.98,117265,240,10219136,5336713,7865
1443,57,133,200,13026,5324,70,213743,0.10,0.98,117437,219,10273184,5342115,7870
1444,72,132,196,13044,5342,70,213852,0.09,0.98,117442,256,10318173,5367239,7900
1445,73,132,201,13063,5351,71,213852,0.09,0.98,117750,237,10343559,5381845,7917
1446,92,152,212,13082,5352,71,214149,0.09,0.98,117868,220,10381135,5388393,7918
1447,116,152,207,13088,5360,71,214262,0.09,0.98,117901,230,10388661,5400110,7930
1448,126,154,205,13094,5367,71,214727,0.09,0.98,118003,226,10399088,5406888,7940
1449,83,105,157,13101,5421,71,215668,0.09,0.98,118307,277,10410392,5476729,8023
1450,81,124,168,13119,5428,71,216304,0.09,0.98,118693,225,10439589,5485746,8036
1451,87,135,178,13137,5435,71,216783,0.09,0.98,118813,222,10489716,5497895,8047
1452,82,127,181,13155,5448,71,217217,0.09,0.99,118835,240,10535296,5525028,8066
1453,54,115,183,13172,5456,71,217422,0.09,0.99,118952,234,10563694,5544711,8080
1454,41,88,197,13190,5459,71,217504,0.09,0.99,119028,227,10592133,5557768,8085
1455,22,80,195,13208,5466,71,217585,0.08,0.99,119066,234,10642071,5571012,8096
1456,32,77,204,13220,5469,71,217585,0.08,0.99,119126,230,10659903,5577093,8102
1457,27,62,197,13231,5470,71,217615,0.07,0.99,119198,220,10672154,5580609,8103
1458,27,66,198,13249,5474,71,217727,0.06,0.99,119209,226,10713479,5590427,8108
1459,32,67,181,13263,5478,71,217798,0.06,0.99,119237,230,10737618,5600316,8115
1460,31,63,156,13280,5478,71,217814,0.06,0.99,119276,224,10767729,5601517,8115
1461,38,69,159,13299,5481,71,217814,0.06,0.99,119309,224,10804196,5607673,8119
1462,43,77,153,13317,5484,71,217901,0.05,0.99,119342,224,10854033,5613545,8125
1463,42,83,153,13335,5490,71,218038,0.06,0.99,119364,232,10900040,5630982,8136
1464,41,84,150,13352,5499,71,218191,0.05,0.99,119453,237,10932480,5648296,8149
1465,32,78,144,13370,5504,71,218305,0.05,1.00,119558,229,10979952,5660434,8157
1466,35,82,150,13388,5512,71,218394,0.08,1.00,119611,236,11004061,5671691,8169
1467,43,85,155,13406,5517,71,218394,0.08,1.00,119705,231,11067021,5678678,8178
1468,33,95,164,13423,5520,71,218462,0.05,1.00,119773,230,11118592,5683646,8183
1469,70,129,182,13441,5520,73,218586,0.05,1.00,124552,218,11148019,5698938,8189
1470,78,148,184,13459,5536,73,219055,0.05,1.00,124586,245,11190370,5722868,8214
1471,69,140,182,13477,5556,73,219376,0.05,1.00,124747,260,11228920,5755823,8247
1472,66,105,196,13505,5568,73,219442,0.05,1.00,124964,249,11276248,5775393,8267
1473,42,89,200,13521,5574,73,219615,0.08,1.00,125046,248,11318854,5792326,8274
1474,20,88,206,13533,5576,73,219676,0.07,1.00,125338,225,11358719,5796390,8278
1475,20,70,200,13539,5577,73,219676,0.05,1.00,125404,224,11369377,5799302,8279
1476,11,56,197,13553,5577,73,219676,0.05,1.00,125422,222,11393798,5802603,8279
1477,23,82,202,13569,5579,73,219706,0.05,1.00,125457,224,11422406,5806816,8282
1478,61,121,209,13576,5579,73,219747,0.05,1.00,125527,218,11435217,5808958,8282
1479,93,137,208,13582,5586,73,219848,0.06,1.00,125527,232,11439712,5819383,8293
1480,78,117,190,13592,5614,73,219848,0.07,1.00,125604,274,11450002,5856280,8339
1481,92,119,208,13611,5615,73,219848,0.07,1.00,125900,224,11478021,5860731,8341
1482,81,98,209,13616,5617,73,219925,0.07,1.00,125934,222,11497736,5866353,8344
1483,58,79,208,13623,5622,73,219948,0.07,1.00,125962,228,11505489,5875608,8354
1484,43,55,208,13627,5624,73,219989,0.07,1.00,126023,223,11519568,5885140,8357
1485,33,42,203,13633,5631,73,220019,0.06,1.00,126023,237,11536719,5897514,8367
1486,34,47,207,13650,5632,73,220019,0.06,1.00,126068,232,11580694,5901517,8369
1487,30,62,205,13668,5633,73,220019,0.07,1.00,126187,223,11606544,5905238,8371
1488,41,59,201,13686,5636,73,220053,0.07,1.00,126218,224,11654280,5909767,8376
1489,38,58,181,13704,5644,73,220175,0.07,1.00,126240,236,11680748,5920919,8388
1490,62,80,180,13722,5651,73,220360,0.07,1.00,126349,230,11739314,5929590,8400
1491,84,104,184,13739,5664,73,220604,0.07,1.00,126427,243,11787036,5947746,8419
1492,94,117,191,13765,5683,73,221005,0.07,1.00,126577,256,11849473,5973390,8450
1493,82,109,173,13784,5720,73,221695,0.06,1.00,126649,324,11889160,6024120,8510
1494,109,136,182,13800,5727,73,221823,0.06,1.00,126832,306,11911645,6046153,8518
1495,119,136,195,13820,5734,74,222222,0.05,1.00,127427,233,11956985,6067991,8533
1496,126,140,211,13837,5734,74,222327,0.06,1.00,127427,233,12003267,6070130,8533
1497,111,127,210,13848,5739,74,222532,0.06,1.00,127599,231,12018214,6085503,8541
1498,96,112,209,13855,5744,74,222603,0.06,1.00,127805,232,12026922,6096918,8549
1499,82,97,210,13868,5745,74,222662,0.06,1.00,128140,223,12054523,6101599,8551
