t,visible,near600,alive,spawned,killed,level,hit_damage,memory,erasure_global,xp_gained,xp_orbs,spawned_hp,damage_dealt,essence_gained
1,0,0,0,0,0,1,0,0.99,0.00,0,0,0,0,0
2,0,0,0,0,0,1,0,0.98,0.00,0,0,0,0,0
3,0,0,0,0,0,1,0,0.97,0.00,0,0,0,0,0
4,0,0,0,0,0,1,0,0.96,0.00,0,0,0,0,0
5,0,0,0,0,0,1,0,0.95,0.00,0,0,0,0,0
6,0,0,0,0,0,1,0,0.94,0.00,0,0,0,0,0
7,0,0,0,0,0,1,0,0.94,0.00,0,0,0,0,0
8,0,0,0,0,0,1,0,0.93,0.00,0,0,0,0,0
9,1,5,5,5,0,1,0,0.93,0.00,0,0,909,0,0
10,5,5,5,5,0,1,0,0.92,0.00,0,0,909,0,0
11,5,5,5,5,0,1,0,0.92,0.00,0,0,909,0,0
12,0,4,6,6,0,1,0,0.92,0.01,0,0,954,0,0
13,0,5,10,10,0,1,0,0.92,0.01,0,0,1137,0,0
14,0,0,10,10,0,1,0,0.92,0.01,0,0,1137,0,0
15,5,6,16,16,0,1,0,0.92,0.01,0,0,1397,0,0
16,6,7,17,17,0,1,0,0.91,0.01,0,0,1420,0,0
17,3,7,13,17,0,1,5,0.91,0.01,0,0,1420,19,0
18,1,4,12,17,1,1,5,0.90,0.01,0,1,1420,29,1
19,1,5,13,18,1,1,5,0.90,0.01,0,1,1443,29,1
20,2,5,13,18,1,1,5,0.90,0.01,0,1,1443,29,1
21,2,7,13,18,1,1,5,0.90,0.01,0,1,1443,38,1
22,2,6,12,18,2,1,5,0.91,0.01,0,2,1443,58,2
23,3,7,12,19,2,1,5,0.90,0.01,0,2,1466,67,2
24,5,7,12,19,2,1,5,0.90,0.01,0,2,1466,86,2
25,7,8,13,21,3,1,5,0.90,0.01,0,4,1513,106,13
26,8,9,14,22,3,1,26,0.90,0.01,16,2,1605,115,13
27,7,8,13,22,4,1,47,0.90,0.01,16,4,1605,134,14
28,2,4,14,23,4,1,47,0.90,0.01,32,2,1633,144,14
29,2,7,20,29,4,1,47,0.90,0.01,32,2,1960,154,14
30,7,8,22,31,4,1,53,0.91,0.01,32,2,2011,163,14
31,7,8,18,32,4,1,63,0.91,0.01,32,2,2035,173,14
32,8,10,20,34,4,1,63,0.91,0.01,32,2,2221,192,14
33,7,10,15,34,4,1,74,0.90,0.01,32,2,2221,211,14
34,0,4,12,35,5,1,74,0.91,0.02,32,4,2315,221,15
35,4,8,20,44,5,1,74,0.91,0.02,32,4,2829,221,15
36,4,10,22,46,5,1,74,0.90,0.02,32,4,3017,221,15
37,5,10,22,46,5,1,74,0.90,0.02,32,4,3017,230,25
38,5,12,24,48,5,1,85,0.90,0.02,32,4,3204,250,25
39,5,13,24,48,5,1,125,0.90,0.02,32,4,3204,259,25
40,6,12,23,48,6,1,152,0.90,0.02,32,5,3204,278,26
41,3,5,22,49,7,1,152,0.90,0.02,32,6,3299,288,27
42,3,7,29,56,7,1,152,0.90,0.02,32,6,3912,298,27
43,8,10,28,56,8,1,152,0.90,0.02,32,7,3912,317,28
44,9,12,29,57,8,1,152,0.90,0.02,32,7,3959,336,28
45,8,14,28,57,9,1,163,0.90,0.02,32,8,3959,355,37
46,8,11,27,57,10,2,169,0.90,0.02,40,8,3959,365,38
47,7,13,26,58,10,2,169,0.89,0.02,49,7,4006,365,38
48,1,10,26,58,10,2,169,0.89,0.02,49,7,4006,401,38
49,1,12,26,58,10,2,169,0.89,0.02,49,7,4006,401,45
50,3,10,25,60,13,2,169,0.89,0.02,49,11,4102,509,48
51,0,13,27,62,13,2,169,0.89,0.02,49,11,4154,509,48
52,4,9,26,65,13,2,169,0.89,0.02,49,11,4307,509,48
53,7,11,30,72,15,2,180,0.89,0.02,49,13,4880,600,50
54,11,14,30,79,17,2,180,0.88,0.02,49,16,5254,655,52
55,12,14,30,82,18,2,243,0.88,0.02,49,18,5422,737,53
56,6,11,24,85,19,2,243,0.89,0.03,49,20,5508,792,54
57,4,14,32,93,19,2,243,0.89,0.03,49,20,5965,802,54
58,5,14,34,101,20,2,243,0.89,0.03,49,22,6301,838,55
59,10,16,35,103,21,2,257,0.89,0.03,49,24,6397,893,56
60,12,17,36,104,21,2,275,0.89,0.03,59,22,6446,902,56
61,11,16,35,104,22,2,292,0.89,0.03,59,24,6446,948,57
62,9,12,36,106,22,2,292,0.88,0.03,78,21,6542,958,57
63,11,15,36,106,22,2,303,0.88,0.03,86,20,6542,1085,57
64,11,19,35,107,24,3,338,0.88,0.03,129,18,6590,1104,59
65,23,27,35,107,24,3,338,0.88,0.03,171,13,6590,1150,59
66,19,30,35,107,24,3,338,0.88,0.03,177,12,6590,1169,59
67,10,27,36,108,24,3,338,0.89,0.03,177,12,6615,1214,59
68,6,13,36,108,24,3,338,0.89,0.03,177,12,6615,1224,59
69,3,15,43,117,26,3,338,0.89,0.03,177,14,7393,1296,61
70,5,12,45,119,26,3,338,0.89,0.03,177,14,7466,1296,61
71,7,17,45,121,26,3,338,0.90,0.03,177,14,7856,1332,61
72,12,20,45,121,26,3,338,0.90,0.03,177,14,7856,1332,68
73,11,20,46,122,26,3,338,0.90,0.03,177,14,8051,1425,68
74,7,16,46,123,26,3,359,0.90,0.03,177,14,8080,1512,68
75,8,16,50,130,26,3,359,0.90,0.03,177,14,8452,1575,68
76,6,16,48,132,29,3,370,0.90,0.03,185,17,8648,1700,71
77,10,20,50,135,30,3,381,0.90,0.03,194,18,8943,1710,72
78,10,20,47,135,33,3,381,0.90,0.04,194,21,8943,1905,75
79,16,30,53,141,33,3,391,0.90,0.04,202,20,10024,1930,75
80,17,30,51,141,35,4,428,0.90,0.04,291,23,10024,2140,94
81,22,42,52,142,35,4,453,0.90,0.04,378,14,10049,2192,94
82,31,41,51,142,36,4,453,0.90,0.04,386,15,10049,2332,95
83,34,44,52,143,36,4,464,0.90,0.04,394,14,10148,2449,95
84,33,41,49,143,39,4,538,0.89,0.04,394,22,10148,2702,98
85,34,41,50,144,39,4,576,0.90,0.04,470,16,10247,2702,98
86,26,37,47,144,42,4,576,0.90,0.04,470,22,10247,2974,101
87,8,15,47,145,43,4,576,0.90,0.04,470,25,10272,2983,102
88,1,3,59,158,44,4,576,0.90,0.04,470,27,11293,3019,103
89,3,14,75,174,44,4,576,0.89,0.04,470,27,12336,3019,103
90,4,22,79,186,44,4,576,0.89,0.04,470,27,13033,3065,103
91,7,26,76,186,45,4,576,0.89,0.04,470,29,13033,3110,104
92,10,27,76,187,46,5,576,0.89,0.04,497,27,13133,3172,105
93,12,24,73,187,49,5,587,0.89,0.04,497,31,13133,3336,108
94,19,29,73,188,50,5,609,0.89,0.04,516,29,13266,3464,109
95,22,29,73,188,50,5,609,0.89,0.04,534,27,13266,3538,109
96,24,30,74,189,50,5,609,0.89,0.04,534,27,13400,3538,109
97,26,30,72,189,51,5,609,0.89,0.04,534,29,13400,3620,110
98,24,31,71,190,53,5,665,0.89,0.04,545,32,13534,3716,115
99,21,28,68,191,57,5,676,0.89,0.04,643,29,13668,4098,119
100,22,31,67,191,58,5,698,0.89,0.05,661,30,13668,4228,120
101,21,31,66,192,60,5,709,0.89,0.05,682,32,13802,4361,122
102,25,31,66,192,60,5,748,0.89,0.05,690,31,13802,4400,122
103,26,31,66,193,61,5,891,0.89,0.05,731,29,13937,4554,123
104,28,31,66,193,61,5,1010,0.89,0.05,731,29,13937,4563,123
105,29,31,66,194,62,6,1150,0.89,0.05,788,30,14038,4628,124
106,23,25,60,194,68,6,1391,0.89,0.05,809,42,14038,5159,130
107,23,27,62,197,69,6,1626,0.89,0.05,923,30,14343,5196,131
108,19,28,62,202,74,6,1883,0.89,0.05,945,39,14893,5847,136
109,25,28,62,202,74,7,2110,0.89,0.05,1037,27,14893,6007,136
110,19,25,60,207,81,7,2271,0.89,0.05,1037,48,15199,6957,143
111,19,28,62,210,82,7,2316,0.89,0.05,1233,27,15403,6984,144
112,22,29,63,212,83,7,2389,0.89,0.05,1242,29,15564,7115,145
113,21,29,63,212,83,7,2406,0.89,0.05,1260,27,15564,7163,145
114,20,28,63,216,87,7,2406,0.89,0.05,1260,39,15667,7722,149
115,25,29,63,216,87,7,2474,0.89,0.05,1357,27,15667,7793,149
116,26,29,63,218,89,8,2513,0.89,0.05,1394,29,15752,8077,151
117,24,29,63,221,92,8,2566,0.89,0.05,1430,34,15845,8266,154
118,26,26,63,225,96,8,2566,0.89,0.05,1514,33,16287,8456,158
119,26,26,62,226,96,8,2577,0.89,0.05,1532,31,16424,8498,158
120,22,24,59,227,100,8,2577,0.89,0.05,1532,37,16467,8836,162
121,17,28,62,239,109,8,2621,0.89,0.06,1571,50,17135,9504,171
122,21,29,61,241,112,8,2678,0.89,0.06,1691,42,17376,9756,174
123,21,28,60,242,114,8,2765,0.89,0.06,1728,44,17480,9807,176
124,19,27,60,245,117,9,2855,0.89,0.06,1843,37,17712,9955,179
125,18,26,59,247,120,9,2866,0.89,0.06,1881,39,17781,10233,182
126,16,27,61,253,124,9,2866,0.89,0.06,1966,35,18300,10490,186
127,24,27,61,255,126,9,2878,0.89,0.06,1983,37,18715,10527,188
128,26,31,64,259,127,9,2878,0.89,0.06,2032,33,19191,10728,189
129,20,36,61,259,130,9,2878,0.88,0.06,2043,37,19191,10881,192
130,10,25,63,261,130,9,2878,0.88,0.06,2101,30,19400,10968,192
131,6,19,58,261,132,9,2878,0.88,0.06,2101,35,19400,11080,194
132,8,19,59,262,132,9,2878,0.88,0.06,2110,34,19452,11080,194
133,10,22,62,267,134,9,2878,0.87,0.06,2129,36,19678,11225,196
134,5,14,62,270,137,9,2878,0.87,0.06,2129,43,19949,11478,199
135,2,18,68,276,137,9,2878,0.87,0.06,2136,42,20284,11478,199
136,3,28,65,277,140,9,2878,0.87,0.06,2136,47,20389,11590,202
137,6,33,66,278,140,9,2889,0.87,0.06,2151,45,20494,11604,202
138,23,37,63,278,143,9,2918,0.88,0.06,2220,42,20494,12101,205
139,26,47,60,279,147,9,2958,0.88,0.06,2248,48,20634,12419,209
140,17,50,59,279,148,9,2958,0.88,0.06,2271,46,20634,12505,210
141,21,43,57,280,151,9,2994,0.88,0.06,2271,55,20775,12833,213
142,7,15,57,280,151,9,2994,0.87,0.06,2271,55,20775,12907,213
143,6,17,71,295,152,9,2994,0.86,0.07,2271,58,22008,12953,214
144,11,20,85,311,152,9,2994,0.86,0.07,2271,58,22558,12963,214
145,14,21,93,326,156,9,3006,0.87,0.07,2271,62,23549,13329,218
146,17,30,87,331,158,10,3006,0.87,0.07,2307,64,23681,13557,220
147,23,32,80,331,164,10,3006,0.87,0.07,2360,63,23681,13754,226
148,27,32,80,332,165,10,3006,0.87,0.07,2396,60,23708,13908,227
149,23,26,71,332,165,10,3006,0.87,0.07,2414,58,23708,13937,227
150,22,31,59,341,166,10,3006,0.87,0.07,2414,60,24187,14011,228
151,5,23,50,343,167,10,3006,0.87,0.07,2414,62,24276,14073,229
152,10,16,59,356,170,10,3006,0.86,0.07,2425,66,25771,14184,232
153,13,23,72,373,173,10,3044,0.85,0.07,2433,71,26633,14500,235
154,15,31,71,374,175,10,3044,0.85,0.07,2491,70,26687,14583,237
155,11,35,70,379,181,10,3055,0.85,0.07,2491,76,26946,14973,243
156,11,37,69,379,182,10,3055,0.85,0.07,2518,75,26946,15061,244
157,8,28,65,380,182,10,3055,0.84,0.07,2575,67,27000,15071,244
158,5,27,62,381,184,10,3055,0.84,0.07,2575,71,27053,15202,246
159,5,24,63,384,185,10,3055,0.85,0.07,2587,72,27269,15304,247
160,4,27,64,388,187,10,3055,0.85,0.07,2609,73,27489,15498,249
161,9,30,62,389,190,10,3055,0.85,0.07,2649,72,27543,15657,252
162,17,39,62,390,191,10,3055,0.85,0.07,2654,72,27597,15689,253
163,18,39,61,390,192,10,3055,0.84,0.07,2654,73,27597,15725,254
164,3,30,55,391,193,10,3055,0.84,0.08,2654,75,27652,15772,255
165,5,33,54,391,194,11,3055,0.84,0.08,2944,77,27652,15844,256
166,6,37,54,392,195,11,3055,0.84,0.08,2961,77,27706,15916,257
167,16,35,72,410,195,11,3055,0.85,0.08,2961,77,28683,15918,257
168,21,22,70,411,198,11,3070,0.84,0.08,2961,83,28710,16461,260
169,18,37,68,416,205,11,3070,0.84,0.08,3029,89,28897,16887,267
170,28,46,65,417,209,11,3070,0.84,0.08,3132,85,28951,16988,271
171,26,50,60,418,215,11,3082,0.85,0.08,3132,95,29006,17407,277
172,35,47,57,418,218,11,3089,0.84,0.08,3187,94,29006,17567,284
173,34,43,53,419,223,11,3089,0.84,0.08,3218,99,29061,17785,299
174,24,35,45,424,236,11,3145,0.84,0.08,3350,96,29225,18010,312
175,31,33,44,425,238,11,3249,0.84,0.08,3393,94,29258,18313,314
176,25,37,44,430,243,11,3255,0.84,0.08,3426,97,29523,18731,319
177,20,36,43,431,245,11,3255,0.84,0.08,3436,100,29578,18881,321
178,22,38,43,433,247,11,3267,0.84,0.08,3464,100,29721,19056,323
179,21,38,43,435,249,12,3267,0.84,0.08,3501,99,29877,19143,325
180,6,26,49,442,250,12,3267,0.85,0.08,3533,97,30400,19199,326
181,8,16,56,451,252,12,3267,0.84,0.08,3555,98,30764,19342,328
182,11,26,68,468,255,12,3267,0.83,0.08,3598,97,31937,19562,331
183,15,39,77,478,256,12,3267,0.83,0.08,3609,97,32573,19719,332
184,23,37,75,479,259,12,3267,0.83,0.09,3624,101,32628,19819,335
185,13,34,75,483,261,12,3280,0.83,0.09,3664,98,32756,19999,337
186,14,31,70,490,266,12,3349,0.85,0.09,3685,109,33133,20561,342
187,18,22,67,504,273,12,3349,0.85,0.09,3744,111,35077,20799,349
188,13,22,65,520,275,12,3377,0.86,0.09,3770,112,35772,21172,351
189,20,29,73,537,279,12,3460,0.85,0.09,3841,112,37537,21910,355
190,25,35,77,547,281,12,3466,0.85,0.09,3868,113,38672,22157,357
191,29,34,76,548,283,12,3466,0.85,0.09,3900,111,38699,22330,359
192,28,33,75,549,285,12,3502,0.85,0.09,3917,113,38727,22705,361
193,26,36,70,561,287,12,3502,0.85,0.09,3934,115,39285,22841,363
194,22,31,66,571,288,12,3502,0.84,0.09,3951,115,40063,23142,364
195,21,28,67,587,290,12,3502,0.83,0.09,3951,117,40680,23368,366
196,12,26,77,604,297,12,3508,0.83,0.09,4032,115,41665,23569,373
197,8,19,77,620,303,12,3508,0.83,0.09,4032,122,43169,23811,379
198,14,27,83,637,303,12,3508,0.83,0.09,4051,120,44987,23917,379
199,18,35,82,654,304,12,3508,0.84,0.09,4051,121,46373,24221,380
200,15,22,77,666,311,12,3532,0.85,0.09,4051,138,46939,24599,387
201,17,33,79,683,312,12,3555,0.85,0.09,4066,137,48733,25012,388
202,18,34,79,694,317,12,3555,0.85,0.09,4107,140,49664,25205,393
203,22,40,70,695,317,12,3555,0.85,0.09,4116,139,49698,25278,393
204,25,40,66,695,321,12,3581,0.85,0.09,4132,143,49698,25602,397
205,20,32,65,697,324,13,3694,0.85,0.10,4190,141,49845,26331,400
206,18,23,73,711,328,13,3722,0.84,0.10,4238,144,51701,26991,404
207,19,33,81,726,330,13,3722,0.84,0.10,4254,148,53212,27232,406
208,19,30,78,737,334,13,3722,0.83,0.10,4262,151,54065,27491,410
209,16,39,94,753,334,13,3774,0.83,0.10,4290,148,54968,28005,410
210,14,22,84,764,341,13,3797,0.84,0.10,4299,167,56365,28557,417
211,13,27,77,776,345,13,3818,0.84,0.10,4324,172,56916,28918,421
212,12,32,77,778,347,13,3844,0.84,0.10,4324,176,57021,29121,423
213,10,38,76,780,350,13,3844,0.84,0.10,4405,172,57078,29265,426
214,14,43,75,780,351,13,3857,0.84,0.10,4405,174,57078,29431,427
215,17,45,73,781,354,13,3870,0.83,0.10,4435,173,57107,29656,430
216,4,24,71,781,354,13,3870,0.83,0.10,4462,169,57107,29665,430
217,5,33,78,798,358,13,3870,0.83,0.10,4882,176,57810,29845,434
218,22,39,78,798,358,13,3870,0.83,0.10,4882,176,57810,29939,434
219,19,34,72,799,365,13,3870,0.83,0.10,4882,184,57852,30135,441
220,19,30,74,811,370,13,3870,0.82,0.10,4882,194,58717,30436,446
221,23,33,73,813,372,13,3870,0.82,0.10,4888,197,58890,30583,448
222,27,33,77,818,373,13,3883,0.82,0.10,4906,195,59179,30632,449
223,26,40,85,830,374,13,3883,0.82,0.10,4906,197,59969,30960,450
224,12,30,81,836,377,13,3883,0.83,0.10,4906,203,60664,31080,453
225,21,38,83,846,378,14,3883,0.83,0.11,4917,203,61101,31138,454
226,25,34,82,850,380,14,3883,0.83,0.11,4929,205,61288,31324,456
227,19,37,76,855,385,14,3883,0.83,0.11,4964,211,61440,31581,461
228,33,42,75,855,386,14,3883,0.83,0.11,5027,204,61440,31620,462
229,32,39,74,860,392,14,3883,0.83,0.11,5034,211,61603,32407,468
230,13,30,79,870,393,14,3883,0.83,0.11,5034,212,62017,32462,469
231,14,20,83,887,394,14,3883,0.84,0.11,5034,213,63038,32500,470
232,11,34,81,898,400,14,3883,0.84,0.11,5034,219,63447,32927,476
233,16,36,77,898,404,14,3895,0.84,0.11,5099,219,63447,33222,480
234,28,43,74,899,408,14,3918,0.84,0.11,5125,221,63483,33414,484
235,29,42,67,899,415,14,3941,0.84,0.11,5178,226,63483,33719,491
236,15,29,73,909,418,14,3941,0.84,0.11,5197,227,63806,33895,494
237,9,23,73,925,424,14,3948,0.84,0.11,5268,225,64595,34452,500
238,11,28,82,942,430,14,3983,0.84,0.11,5348,228,65688,34866,506
239,18,35,88,959,435,14,3983,0.84,0.11,5447,222,67107,35074,511
240,32,55,105,983,437,14,3983,0.83,0.11,5447,225,68427,35309,513
241,48,69,115,1000,444,14,4010,0.83,0.11,5518,227,69931,36124,535
242,43,64,113,1006,452,14,4043,0.83,0.11,5590,229,70072,36802,543
243,38,65,110,1023,457,14,4043,0.83,0.11,5618,233,70768,37322,548
244,31,64,104,1036,466,14,4043,0.83,0.12,5666,247,71526,37980,557
245,38,68,100,1039,472,15,4043,0.83,0.12,5790,244,71598,38279,563
246,23,62,102,1051,482,15,4043,0.82,0.12,5833,260,72727,39149,573
247,17,69,110,1067,490,15,4043,0.83,0.12,5878,271,73776,39782,581
248,34,71,105,1068,496,15,4043,0.83,0.12,5959,276,73800,40292,587
249,30,70,91,1081,523,15,4043,0.82,0.12,6068,317,74599,41545,614
250,62,74,88,1090,535,16,4043,0.83,0.12,6750,264,75126,42447,626
251,58,74,88,1100,545,16,4161,0.83,0.12,7118,258,75483,44705,636
252,27,64,90,1112,555,16,4161,0.83,0.12,7173,273,75805,45739,646
253,10,57,105,1129,557,16,4161,0.83,0.12,7278,273,76574,45942,648
254,12,50,114,1146,564,16,4161,0.83,0.12,7304,285,77508,46249,655
255,33,60,122,1163,567,16,4161,0.82,0.12,7391,280,78491,46437,658
256,33,67,122,1172,575,16,4167,0.82,0.12,7592,294,79131,47195,666
257,42,65,112,1179,592,17,4167,0.82,0.13,7777,317,79471,48516,683
258,49,67,114,1191,602,17,4167,0.82,0.13,8053,309,80365,49204,693
259,27,68,125,1208,607,17,4167,0.82,0.13,8209,302,81372,49664,698
260,12,46,114,1213,612,17,4167,0.82,0.13,8455,291,81517,50025,703
261,9,32,114,1226,613,17,4167,0.81,0.13,8511,289,82088,50089,704
262,13,36,126,1239,614,17,4167,0.80,0.13,8535,288,82667,50118,705
263,12,32,121,1256,621,17,4167,0.80,0.13,8535,305,83818,50580,712
264,14,47,120,1273,625,17,4167,0.80,0.13,8535,317,85333,51081,716
265,31,65,128,1283,627,17,4182,0.80,0.13,8774,311,85980,51101,718
266,33,70,117,1285,639,18,4197,0.80,0.13,8847,330,86032,52194,730
267,59,84,118,1292,645,18,4218,0.81,0.13,8957,328,86234,52876,739
268,63,83,116,1293,648,18,4218,0.81,0.13,8972,334,86446,53064,742
269,44,68,118,1297,650,18,4248,0.81,0.13,9053,334,86947,53309,744
270,38,65,128,1311,651,18,4263,0.81,0.14,9053,337,88292,53598,745
271,19,38,127,1323,653,18,4285,0.81,0.14,9053,343,89654,54565,747
272,12,26,127,1325,654,18,4316,0.82,0.14,9148,340,90085,55287,748
273,6,25,128,1333,655,18,4316,0.82,0.14,9178,339,91171,55495,749
274,15,41,127,1339,656,18,4316,0.82,0.14,9195,340,91648,55606,750
275,23,54,124,1340,660,18,4323,0.82,0.14,9195,349,91675,55802,754
276,31,45,126,1344,662,18,4323,0.81,0.14,9227,349,91785,55930,756
277,22,40,125,1357,667,18,4363,0.81,0.14,9235,359,93329,56192,761
278,17,42,122,1370,673,18,4363,0.81,0.14,9303,363,94123,56649,767
279,46,62,129,1384,674,18,4363,0.81,0.14,9333,361,95766,56826,768
280,47,60,116,1387,690,18,4376,0.81,0.14,9433,383,96266,57287,784
281,35,73,107,1387,699,18,4376,0.81,0.14,9486,397,96266,57947,793
282,40,74,113,1396,702,18,4376,0.81,0.14,9527,396,96788,58094,796
283,8,48,122,1409,704,18,4376,0.81,0.15,9527,400,98611,58186,798
284,19,34,128,1422,708,18,4376,0.81,0.15,9546,407,100015,58505,802
285,17,31,127,1431,710,18,4376,0.81,0.15,9556,412,100638,59402,804
286,13,31,125,1443,712,18,4376,0.81,0.15,9604,410,101527,59641,806
287,15,30,120,1458,720,18,4376,0.80,0.15,9682,424,103420,60047,814
288,12,30,126,1475,725,18,4376,0.78,0.15,9737,428,104541,60560,819
289,16,39,110,1490,726,18,4376,0.78,0.15,9821,419,106693,60625,820
290,24,45,119,1507,728,18,4376,0.79,0.15,9833,423,108516,61150,822
291,19,43,102,1524,734,18,4376,0.80,0.15,9992,431,109845,61856,828
292,27,43,109,1541,736,19,4376,0.80,0.15,10118,428,110943,62343,830
293,26,47,110,1558,741,19,4376,0.80,0.15,10130,438,111650,62748,835
294,22,42,113,1575,747,19,4376,0.79,0.15,10185,445,113739,63286,841
295,17,38,108,1592,754,19,4431,0.79,0.15,10203,460,114555,64817,848
296,24,48,114,1609,761,19,4473,0.79,0.16,10627,456,116437,66330,855
297,22,52,120,1626,770,19,4504,0.78,0.16,10756,469,118059,67412,864
298,17,48,118,1642,773,19,4504,0.77,0.16,10897,465,120163,68220,867
299,21,46,115,1659,776,19,4504,0.78,0.16,11065,465,120943,68456,870
300,26,46,127,1676,777,19,4504,0.78,0.16,11097,465,122859,69118,871
301,20,38,112,1687,783,19,4519,0.79,0.16,11097,482,123804,69960,877
302,24,41,118,1704,784,20,4526,0.79,0.16,11466,468,125096,70032,878
303,20,39,125,1721,789,20,4583,0.79,0.16,11512,477,126519,70961,883
304,22,41,124,1733,791,20,4583,0.79,0.16,11595,474,127393,71242,885
305,23,46,129,1740,793,20,4583,0.79,0.16,11674,476,127784,71393,887
306,16,30,116,1745,802,20,4583,0.79,0.16,11711,495,128530,72537,896
307,20,36,112,1762,803,20,4583,0.79,0.16,11711,498,129965,73507,897
308,13,36,102,1779,813,20,4583,0.78,0.16,11735,523,131515,74032,907
309,28,53,112,1797,814,20,4583,0.78,0.17,12028,501,133495,74284,908
310,44,66,119,1810,820,20,4618,0.78,0.17,12028,517,134868,74974,922
311,55,69,113,1810,826,20,4651,0.78,0.17,12053,529,134868,75810,934
312,39,53,103,1811,833,20,4691,0.77,0.17,12145,536,134896,76463,948
313,41,62,102,1812,834,20,4691,0.77,0.17,12356,518,134924,76714,950
314,56,66,97,1812,839,20,4742,0.77,0.17,12407,528,134924,77026,960
315,47,55,88,1813,848,20,4822,0.77,0.17,12476,540,134952,77732,978
316,2,37,78,1820,860,20,4822,0.76,0.17,12643,552,135432,78562,1002
317,7,14,84,1837,865,21,4822,0.76,0.17,12757,548,136551,79284,1012
318,7,16,85,1854,875,21,4831,0.76,0.17,12927,547,138470,79983,1032
319,17,29,90,1870,877,21,4831,0.76,0.17,13091,533,140048,80259,1036
320,18,42,103,1887,881,21,4831,0.76,0.17,13276,525,142260,81333,1044
321,25,50,111,1903,889,21,4831,0.76,0.17,13285,543,143719,82236,1060
322,35,49,110,1906,893,21,4845,0.76,0.17,13301,550,143849,82580,1068
323,23,43,105,1923,903,21,4865,0.76,0.17,13348,563,145181,84124,1088
324,15,29,95,1939,913,21,4865,0.76,0.17,13413,581,146716,85374,1108
325,13,34,102,1956,920,21,4865,0.76,0.17,13667,569,148252,85962,1122
326,20,42,114,1972,922,21,4865,0.76,0.17,13684,571,150299,86147,1126
327,25,50,122,1989,923,21,4865,0.75,0.17,13715,569,151799,86490,1128
328,23,38,129,2002,929,21,4879,0.76,0.18,13727,579,152551,87132,1140
329,24,38,120,2018,933,21,4879,0.76,0.18,13814,577,154394,87349,1148
330,23,37,109,2035,938,21,4879,0.76,0.18,13845,582,156512,88405,1158
331,31,45,109,2052,940,21,4879,0.75,0.18,13864,585,157829,88866,1162
332,31,52,104,2068,945,21,4891,0.75,0.18,13988,582,159900,89424,1172
333,23,40,109,2085,948,21,4891,0.75,0.18,14007,585,161415,89931,1178
334,18,33,107,2101,952,21,4891,0.77,0.18,14089,582,164309,90376,1186
335,25,40,109,2118,953,21,4923,0.77,0.18,14163,577,165990,90929,1188
336,22,44,110,2135,958,21,4923,0.76,0.18,14206,581,167268,91547,1203
337,27,47,110,2142,965,21,4935,0.76,0.18,14206,591,168032,92045,1217
338,22,57,108,2152,977,22,4974,0.76,0.18,14290,598,168955,92701,1241
339,9,44,118,2163,978,22,4974,0.77,0.18,14359,593,170015,92744,1243
340,19,35,121,2179,981,22,4974,0.77,0.18,14397,595,172029,93184,1246
341,19,32,115,2196,985,22,4974,0.77,0.18,14516,589,174604,94154,1250
342,22,37,118,2212,990,22,4974,0.77,0.18,14547,597,176872,95130,1255
343,19,40,118,2229,992,22,4974,0.77,0.18,14616,593,177920,95536,1257
344,17,29,123,2245,993,22,4974,0.77,0.18,14694,588,179847,95768,1258
345,10,35,112,2262,994,22,4974,0.77,0.18,14694,590,182806,95977,1259
346,15,51,118,2275,997,22,4974,0.77,0.18,14718,593,185866,96282,1262
347,26,62,111,2275,1004,22,4974,0.77,0.19,14718,603,185866,97260,1269
348,36,75,96,2276,1020,22,5024,0.77,0.19,14868,612,185938,99105,1285
349,43,67,91,2276,1025,22,5069,0.77,0.19,14955,611,185938,100079,1290
350,36,58,92,2279,1027,22,5069,0.77,0.19,15059,604,186161,100984,1292
351,21,50,96,2285,1029,22,5069,0.77,0.19,15121,604,186664,102118,1294
352,22,57,94,2288,1034,22,5069,0.77,0.19,15183,606,187468,102979,1299
353,25,63,95,2293,1038,22,5069,0.77,0.19,15235,610,188928,103029,1303
354,30,62,92,2295,1042,22,5069,0.77,0.19,15311,607,189384,103359,1307
355,37,61,91,2300,1048,22,5069,0.77,0.19,15374,611,189859,103961,1313
356,49,59,90,2307,1056,22,5119,0.77,0.19,15456,619,190811,105119,1321
357,55,59,90,2308,1057,22,5170,0.77,0.19,15587,601,190872,105350,1322
358,56,61,90,2309,1058,22,5284,0.77,0.19,15587,603,191078,105426,1323
359,38,51,78,2316,1077,22,5428,0.77,0.19,15606,642,191962,107982,1342
360,33,54,79,2324,1084,23,5568,0.77,0.19,15889,635,193455,108786,1349
361,35,57,79,2330,1090,23,5680,0.77,0.19,15908,647,193997,109464,1355
362,39,64,79,2333,1093,23,5806,0.77,0.19,16002,645,194691,109965,1358
363,55,66,81,2338,1096,23,5944,0.77,0.19,16060,644,195306,110450,1361
364,54,64,79,2340,1100,23,6070,0.77,0.19,16138,644,195433,111629,1365
365,55,64,79,2344,1104,23,6159,0.77,0.19,16153,654,195679,113450,1373
366,48,59,75,2349,1113,23,6258,0.77,0.20,16246,664,196383,114669,1388
367,46,52,68,2356,1127,23,6420,0.77,0.20,16322,684,197182,115780,1402
368,39,55,74,2372,1137,23,6458,0.77,0.20,16382,697,198745,117151,1412
369,33,50,84,2389,1142,23,6458,0.76,0.20,16472,693,201872,118039,1417
370,37,57,94,2404,1146,23,6486,0.76,0.20,16569,688,203843,118495,1421
371,44,56,89,2407,1154,23,6486,0.76,0.20,16629,692,204777,119385,1429
372,54,62,84,2408,1160,23,6486,0.76,0.20,16694,694,205219,120602,1435
373,40,53,86,2421,1171,23,6486,0.77,0.20,16759,716,206479,123070,1446
374,27,48,90,2438,1184,23,6500,0.77,0.20,17117,713,208199,124771,1462
375,18,50,93,2449,1192,23,6500,0.76,0.20,17481,695,209274,125471,1470
376,39,60,92,2450,1194,24,6500,0.76,0.20,17574,684,209341,125949,1472
377,41,60,91,2451,1196,24,6500,0.76,0.20,17631,681,209409,126163,1474
378,29,56,84,2461,1213,24,6500,0.76,0.20,17686,709,210660,127662,1491
379,23,61,88,2478,1226,24,6509,0.76,0.20,17860,709,212219,129967,1504
380,35,58,82,2487,1241,24,6509,0.76,0.20,18026,719,212797,131900,1519
381,46,61,85,2495,1246,24,6509,0.76,0.20,18197,709,215092,132192,1524
382,48,61,85,2498,1249,24,6509,0.76,0.20,18242,707,216087,132761,1527
383,39,62,83,2507,1260,24,6534,0.76,0.20,18261,730,217088,133798,1538
384,48,59,83,2512,1265,24,6574,0.76,0.20,18311,732,217812,134530,1543
385,51,59,82,2515,1269,24,6624,0.76,0.21,18350,736,218023,135382,1547
386,49,61,81,2527,1282,24,6745,0.76,0.21,18441,748,218830,137578,1560
387,47,62,83,2541,1294,24,6783,0.76,0.21,18529,766,221046,139764,1572
388,47,63,84,2552,1304,24,6833,0.76,0.21,18722,772,223584,141104,1582
389,44,54,75,2557,1318,24,6871,0.76,0.21,18866,785,224327,143432,1596
390,35,58,79,2572,1329,24,6913,0.76,0.21,19050,780,226835,145147,1607
391,44,62,82,2577,1331,24,6938,0.76,0.21,19207,766,227812,145671,1609
392,44,60,79,2584,1341,24,7028,0.76,0.21,19296,783,228763,146782,1619
393,41,58,77,2597,1356,24,7054,0.76,0.21,19384,810,230231,149752,1634
394,49,61,78,2601,1359,25,7105,0.76,0.21,19462,803,230745,150761,1637
395,52,61,77,2603,1362,25,7105,0.76,0.21,19566,797,231328,151229,1640
396,60,66,79,2610,1367,25,7196,0.76,0.21,19698,793,232614,153260,1645
397,47,60,80,2617,1373,25,7243,0.76,0.21,20123,760,233795,155761,1651
398,39,51,83,2631,1384,25,7330,0.75,0.21,20390,764,235840,158465,1662
399,39,42,96,2647,1387,25,7330,0.75,0.21,20761,742,238293,159575,1665
400,29,43,108,2664,1391,25,7395,0.75,0.21,20870,742,240432,160821,1669
401,22,44,113,2681,1397,25,7437,0.74,0.21,20929,751,243222,162181,1676
402,20,51,115,2697,1400,25,7437,0.74,0.21,21061,744,245667,163436,1679
403,32,51,114,2714,1405,25,7437,0.74,0.21,21151,746,247593,164701,1684
404,33,62,111,2723,1415,25,7437,0.74,0.22,21283,752,248553,166010,1696
405,39,64,104,2725,1424,26,7451,0.74,0.22,21404,751,248906,167382,1706
406,42,59,106,2730,1427,26,7465,0.74,0.22,21532,738,249274,168206,1710
407,35,54,106,2743,1432,26,7465,0.73,0.22,21553,744,251439,168770,1715
408,29,59,109,2761,1434,26,7465,0.72,0.22,21602,743,254001,169285,1717
409,46,67,108,2764,1435,26,7465,0.72,0.22,21644,739,254330,169767,1727
410,31,55,91,2774,1462,26,7478,0.72,0.22,21674,790,256032,171683,1760
411,33,55,100,2791,1470,26,7501,0.72,0.22,21796,785,258431,172980,1769
412,33,50,110,2808,1475,26,7501,0.74,0.22,21912,774,261691,174071,1774
413,29,46,118,2824,1480,26,7501,0.74,0.22,22075,769,263627,175699,1779
414,41,62,121,2835,1481,26,7501,0.74,0.22,22204,757,265036,176185,1780
415,56,75,118,2835,1484,26,7542,0.74,0.22,22223,761,265036,176496,1785
416,69,83,111,2836,1492,26,7597,0.71,0.22,22272,773,265398,178101,1796
417,39,52,89,2837,1515,26,7664,0.72,0.22,22451,806,265763,183571,1822
418,44,55,92,2853,1528,26,7681,0.73,0.22,22723,801,268890,185602,1836
419,41,54,103,2870,1534,26,7732,0.73,0.22,23022,780,272737,188618,1844
420,33,51,114,2887,1539,26,7934,0.73,0.22,23166,778,275361,191860,1851
421,28,54,125,2903,1541,26,7963,0.73,0.22,23259,771,278936,192452,1853
422,27,54,125,2924,1546,27,7963,0.73,0.23,23536,762,283105,193536,1859
423,25,46,123,2941,1550,27,7963,0.74,0.23,23590,767,285115,195302,1865
424,26,37,120,2957,1555,27,7963,0.74,0.23,23614,775,286865,196718,1871
425,23,43,124,2974,1558,27,7963,0.75,0.23,23804,757,291217,197780,1874
426,17,40,124,2990,1561,27,7963,0.75,0.23,23875,754,294586,198555,1879
427,17,47,114,3007,1565,27,7992,0.75,0.23,23926,756,297261,199557,1884
428,27,57,117,3024,1574,27,7992,0.75,0.23,23967,768,301939,200966,1895
429,33,71,121,3031,1577,27,8021,0.75,0.23,23977,772,303555,201345,1899
430,45,77,118,3032,1581,27,8021,0.75,0.23,24020,774,303846,202054,1903
431,53,71,112,3039,1594,27,8050,0.74,0.23,24093,788,305281,204510,1919
432,56,70,112,3046,1601,27,8079,0.74,0.23,24164,790,306706,205382,1926
433,52,69,110,3057,1614,27,8120,0.74,0.23,24243,802,308285,207545,1940
434,59,70,109,3063,1621,27,8212,0.74,0.23,24264,813,308967,210053,1949
435,52,63,100,3072,1636,27,8319,0.74,0.23,24323,834,311468,211907,1966
436,57,72,103,3080,1641,27,8346,0.74,0.23,24359,839,313873,212225,1972
437,52,62,93,3089,1660,27,8411,0.74,0.23,24473,863,315659,217807,1994
438,44,68,96,3106,1674,27,8424,0.74,0.23,24862,859,318598,222600,2010
439,51,72,101,3116,1679,27,8437,0.74,0.23,25033,858,321453,224186,2016
440,60,72,100,3126,1689,27,8465,0.74,0.24,25365,851,323436,225585,2028
441,56,73,97,3131,1697,28,8506,0.74,0.24,25591,845,323866,227340,2037
442,62,77,100,3136,1699,28,8545,0.74,0.24,25852,829,324482,228173,2039
443,68,73,99,3143,1707,28,8600,0.74,0.24,25903,842,326046,229750,2048
444,65,76,100,3153,1716,28,8691,0.74,0.24,26026,847,328506,231170,2058
445,62,73,96,3158,1725,28,8811,0.74,0.24,26067,860,329497,234370,2067
446,55,72,94,3170,1739,28,8824,0.74,0.24,26288,868,331161,237140,2083
447,52,73,94,3184,1753,28,8837,0.74,0.24,26559,873,332754,240569,2098
448,47,64,86,3200,1777,28,8893,0.74,0.24,26895,887,334847,246122,2129
449,52,72,93,3214,1784,28,9000,0.74,0.24,27190,866,338012,247596,2138
450,47,70,94,3225,1794,28,9108,0.74,0.24,27301,876,340348,250526,2150
451,46,73,94,3231,1800,28,9164,0.74,0.24,27561,857,340895,252068,2157
452,55,74,95,3241,1809,28,9296,0.74,0.24,27694,859,341805,254756,2168
453,52,70,93,3255,1825,29,9469,0.74,0.24,27813,883,344111,258300,2186
454,46,67,90,3270,1843,29,9589,0.74,0.24,28011,905,346729,262309,2206
455,36,70,92,3287,1858,29,9723,0.74,0.24,28105,929,349614,264242,2223
456,46,73,95,3300,1868,29,9766,0.74,0.24,28303,930,350931,266112,2233
457,50,69,94,3315,1884,29,9872,0.74,0.24,28419,946,353590,268882,2252
458,51,72,98,3328,1893,29,10033,0.74,0.25,28471,962,358548,271326,2262
459,55,75,97,3333,1899,29,10168,0.74,0.25,28643,956,361007,272299,2268
460,45,71,95,3347,1915,29,10275,0.74,0.25,28759,972,362410,274852,2287
461,52,73,94,3356,1925,29,10329,0.74,0.25,28820,985,364181,277130,2300
462,48,70,94,3372,1941,29,10436,0.74,0.25,28890,1008,366961,279914,2318
463,52,72,94,3378,1947,29,10515,0.74,0.25,28943,1017,368205,281617,2325
464,44,71,91,3395,1967,29,10581,0.74,0.25,29143,1039,372225,285683,2348
465,43,72,94,3407,1976,29,10676,0.74,0.25,29263,1046,375262,287805,2358
466,61,72,94,3416,1985,29,10785,0.74,0.25,29431,1041,377579,291304,2367
467,50,70,90,3430,2003,29,10866,0.74,0.25,29567,1064,381153,295676,2391
468,50,69,91,3446,2018,29,10905,0.74,0.25,29804,1079,382722,298461,2407
469,64,74,92,3457,2028,29,10945,0.74,0.25,30073,1074,386770,300192,2427
470,63,75,95,3465,2033,30,10971,0.74,0.25,30229,1060,388406,302005,2432
471,69,73,94,3470,2039,30,11026,0.74,0.25,30306,1064,391364,304572,2439
472,59,74,94,3482,2051,30,11095,0.74,0.25,30540,1069,394137,310059,2451
473,55,77,96,3494,2061,30,11138,0.74,0.25,31030,1042,396053,311747,2462
474,47,70,92,3510,2081,30,11304,0.74,0.25,31169,1070,399972,315805,2483
475,55,76,96,3524,2091,30,11426,0.74,0.25,31409,1076,404212,320894,2494
476,53,75,95,3534,2102,30,11496,0.74,0.26,31585,1088,407815,322388,2506
477,62,73,94,3538,2107,30,11579,0.74,0.26,31875,1075,409726,323738,2512
478,63,75,101,3547,2109,30,11662,0.74,0.26,31965,1073,411205,323965,2514
479,74,79,99,3547,2111,30,11758,0.74,0.26,32011,1075,411205,324952,2517
480,74,76,98,3552,2117,30,11811,0.74,0.26,32073,1083,412348,327421,2523
481,56,67,90,3564,2137,30,11866,0.74,0.26,32168,1118,414514,333802,2543
482,56,75,96,3580,2147,30,11906,0.74,0.26,32327,1123,418969,337596,2554
483,54,78,98,3590,2155,30,11949,0.74,0.26,32578,1110,423343,339555,2563
484,52,77,96,3604,2170,31,12018,0.73,0.26,32757,1132,426415,342039,2578
485,72,79,98,3613,2177,31,12088,0.73,0.26,32996,1129,428230,345014,2587
486,71,82,100,3616,2178,31,12101,0.73,0.26,33076,1122,428793,346334,2588
487,61,80,98,3631,2195,31,12128,0.73,0.26,33351,1125,432796,351767,2606
488,58,81,99,3647,2210,31,12168,0.73,0.26,34102,1078,435661,355303,2622
489,59,81,100,3659,2221,31,12168,0.73,0.26,34711,1033,438439,357796,2634
490,62,79,98,3667,2231,31,12168,0.73,0.26,34970,1022,441951,361522,2646
491,59,69,92,3676,2246,31,12219,0.73,0.26,35143,1040,445980,366942,2664
492,44,64,91,3693,2264,32,12366,0.73,0.26,35578,1044,450716,371254,2683
493,50,80,102,3708,2268,32,12434,0.73,0.26,35746,1031,454433,372693,2687
494,60,81,100,3713,2275,32,12489,0.73,0.27,35823,1040,455933,375542,2696
495,65,78,96,3722,2288,32,12504,0.73,0.27,35978,1054,457047,378685,2710
496,67,81,98,3732,2296,32,12543,0.73,0.27,36202,1047,459184,380495,2719
497,70,76,97,3738,2303,32,12573,0.73,0.27,36361,1042,461616,383061,2729
498,59,75,96,3750,2316,32,12573,0.73,0.27,36468,1057,464016,387824,2746
499,58,75,99,3761,2324,32,12616,0.73,0.27,36537,1067,466660,390661,2755
500,63,79,99,3764,2327,32,12631,0.73,0.27,36766,1047,467011,391318,2758
501,68,76,94,3769,2337,32,12661,0.73,0.27,36860,1062,468377,394576,2770
502,60,80,98,3784,2348,32,12705,0.73,0.27,37150,1068,471837,398225,2783
503,54,66,89,3796,2369,32,12760,0.73,0.27,37269,1102,475052,405877,2807
504,47,61,89,3813,2386,32,12774,0.73,0.27,37602,1106,478852,410696,2824
505,42,68,94,3829,2396,32,12787,0.73,0.27,37921,1099,482597,412527,2835
506,52,80,99,3839,2401,33,12787,0.73,0.27,38214,1072,484369,414842,2841
507,63,77,99,3847,2409,33,12787,0.73,0.27,38357,1075,488846,418151,2850
508,55,74,97,3858,2422,33,12816,0.73,0.27,38534,1087,490614,420705,2865
509,55,67,97,3869,2433,33,12843,0.73,0.27,38700,1093,494851,424134,2876
510,49,69,96,3879,2444,33,12856,0.73,0.27,38897,1097,499541,425586,2887
511,46,82,103,3893,2451,33,12899,0.73,0.27,39011,1099,504112,427407,2894
512,53,82,100,3898,2459,33,12956,0.73,0.28,39177,1101,507424,429988,2902
513,60,79,100,3909,2470,33,13023,0.73,0.28,39375,1109,510106,434476,2913
514,67,78,96,3916,2481,33,13077,0.73,0.28,39502,1127,511243,438533,2924
515,64,78,101,3930,2490,33,13175,0.73,0.28,39668,1138,514014,440342,2937
516,62,86,103,3938,2496,33,13190,0.73,0.28,39932,1120,516932,442713,2944
517,72,84,101,3944,2504,33,13221,0.73,0.28,40103,1114,519271,444842,2952
518,58,71,90,3955,2526,33,13251,0.73,0.28,40205,1150,527578,449392,2975
519,59,74,99,3972,2534,33,13280,0.73,0.28,40444,1134,530997,455171,2984
520,60,82,104,3987,2543,33,13280,0.73,0.28,40720,1134,534298,460134,2994
521,72,85,103,3995,2552,34,13351,0.73,0.28,41080,1125,535914,465179,3006
522,73,85,101,4005,2564,34,13381,0.73,0.28,41331,1132,537287,469284,3020
523,66,76,97,4015,2578,34,13412,0.73,0.28,41507,1144,539230,473471,3039
524,77,82,96,4023,2587,34,13602,0.72,0.28,41927,1115,541735,481337,3050
525,61,81,94,4035,2601,34,13618,0.71,0.28,43319,984,543167,485484,3066
526,13,75,101,4050,2609,34,13648,0.70,0.28,43662,958,546679,487977,3075
527,17,49,121,4073,2612,35,13648,0.69,0.28,43882,935,550215,489361,3078
528,24,41,128,4090,2622,35,13648,0.69,0.28,43956,948,556290,492350,3089
529,20,40,135,4108,2632,35,13660,0.69,0.29,44185,952,561562,495801,3101
530,21,50,138,4125,2640,35,13660,0.69,0.29,44812,948,566446,500091,3111
531,24,46,138,4136,2648,35,13698,0.68,0.29,45358,945,568511,503082,3121
532,20,31,140,4145,2654,35,13715,0.68,0.29,45690,942,569925,505769,3127
533,24,50,106,4162,2660,35,13715,0.68,0.29,45908,939,575448,508093,3133
534,40,62,114,4179,2668,35,13715,0.68,0.29,46181,942,577740,509867,3143
535,36,68,116,4196,2683,35,13732,0.68,0.29,46325,963,584690,513365,3160
536,37,72,119,4213,2697,35,13732,0.68,0.29,46539,979,590370,517017,3174
537,47,71,132,4230,2701,35,13759,0.67,0.29,46724,974,597146,519514,3180
538,43,55,143,4245,2705,36,13759,0.66,0.29,47060,961,600534,521695,3184
539,27,44,142,4256,2714,36,13759,0.66,0.29,47290,966,603204,524200,3194
540,28,56,133,4272,2718,36,13759,0.65,0.30,47618,955,607800,525587,3198
541,54,70,142,4287,2722,36,13759,0.65,0.30,47823,949,613148,527934,3202
542,25,46,142,4295,2726,36,13759,0.67,0.30,47845,958,615179,529200,3206
543,20,46,134,4309,2729,36,13770,0.67,0.30,47955,965,620019,532415,3210
544,31,72,129,4330,2734,37,13770,0.67,0.30,50137,972,624692,534237,3215
545,41,82,132,4347,2748,37,13778,0.67,0.30,50187,997,628736,536582,3230
546,52,68,135,4362,2759,37,13789,0.67,0.30,50296,1012,632523,541049,3242
547,30,48,128,4375,2767,37,13796,0.67,0.30,50674,1001,635162,542355,3251
548,25,41,133,4393,2774,37,13814,0.66,0.30,50789,1003,638796,544910,3260
549,17,29,127,4410,2785,37,13814,0.65,0.30,50887,1019,640405,548320,3272
550,13,18,122,4427,2800,37,13814,0.67,0.30,51050,1029,645095,550618,3289
551,11,18,117,4444,2806,37,13814,0.67,0.30,51133,1031,647832,553875,3296
552,22,35,115,4461,2807,37,13814,0.67,0.31,51259,1022,653290,554686,3297
553,33,47,120,4478,2819,37,13814,0.67,0.31,51280,1049,657606,556094,3310
554,38,70,127,4495,2829,37,13814,0.67,0.31,51488,1056,665182,559108,3321
555,67,96,136,4512,2837,37,13825,0.67,0.31,51544,1065,673769,562097,3333
556,90,99,133,4527,2855,37,13925,0.67,0.31,51785,1080,679506,570422,3353
557,80,97,134,4546,2873,37,14048,0.67,0.31,52387,1083,685354,575704,3373
558,71,92,136,4562,2887,37,14065,0.64,0.31,52868,1079,690624,580184,3391
559,54,91,141,4577,2897,38,14065,0.66,0.31,53610,1057,692881,584084,3402
560,14,53,128,4583,2916,38,14065,0.66,0.31,53709,1096,693687,588716,3422
561,12,37,125,4596,2921,38,14065,0.65,0.31,53825,1099,695465,590579,3429
562,18,41,125,4613,2927,38,14065,0.65,0.31,54107,1089,699631,592053,3436
563,21,56,128,4630,2939,38,14065,0.65,0.31,54578,1072,704105,594041,3456
564,35,77,139,4647,2945,38,14081,0.65,0.32,54756,1069,707814,596332,3463
565,35,67,140,4657,2953,38,14106,0.64,0.32,54903,1070,709735,599521,3473
566,24,66,131,4670,2972,38,14189,0.64,0.32,55366,1086,712746,604094,3499
567,37,80,136,4688,2985,38,14237,0.64,0.32,55952,1077,716218,606600,3515
568,51,89,134,4703,3002,38,14237,0.64,0.32,56322,1080,718924,611049,3535
569,62,91,134,4718,3017,39,14260,0.65,0.32,56939,1079,722543,615831,3552
570,71,98,136,4735,3032,39,14286,0.65,0.32,57327,1088,726603,622762,3567
571,53,104,134,4747,3046,39,14412,0.65,0.32,58052,1091,730107,627938,3583
572,56,96,140,4762,3055,39,14412,0.65,0.32,58488,1086,732942,632036,3593
573,36,58,135,4771,3069,39,14420,0.66,0.32,58904,1105,734877,636724,3608
574,22,45,147,4787,3073,39,14469,0.66,0.32,59421,1081,740505,638788,3612
575,15,41,139,4793,3079,39,14469,0.66,0.33,59886,1065,741586,640955,3619
576,24,55,145,4805,3084,39,14469,0.66,0.33,59963,1076,744833,643260,3625
577,45,77,142,4809,3091,40,14469,0.66,0.33,60060,1087,745357,645858,3634
578,74,107,134,4817,3107,40,14546,0.65,0.33,60083,1126,747868,649708,3652
579,75,110,134,4830,3120,40,14608,0.65,0.33,60541,1137,753817,656498,3666
580,66,94,143,4851,3132,40,14642,0.65,0.33,61417,1099,757857,662487,3681
581,45,62,144,4858,3138,40,14837,0.63,0.33,61639,1100,759052,667246,3687
582,15,30,142,4866,3148,40,14862,0.64,0.33,61774,1115,762704,669565,3700
583,15,27,138,4874,3149,40,14862,0.65,0.33,62222,1096,765601,671072,3701
584,14,28,124,4885,3149,40,14862,0.65,0.33,62319,1085,769145,671436,3701
585,19,31,109,4902,3154,40,14862,0.65,0.33,62326,1097,774365,673617,3706
586,21,30,89,4919,3162,40,14862,0.64,0.33,62326,1117,779633,676696,3714
587,30,35,91,4936,3169,40,14884,0.64,0.34,62403,1131,782495,680121,3722
588,27,32,83,4953,3182,40,14892,0.64,0.34,62826,1149,785644,683460,3738
589,23,33,75,4971,3192,40,14892,0.63,0.34,63199,1155,791004,686530,3749
590,24,43,85,4988,3196,41,14909,0.63,0.34,63660,1130,795554,687866,3753
591,18,50,90,5005,3204,41,14909,0.63,0.34,63902,1127,807619,689595,3762
592,21,44,91,5022,3209,41,14926,0.63,0.34,63993,1130,814725,692176,3767
593,36,49,104,5039,3213,41,14926,0.62,0.34,64070,1132,817702,695185,3772
594,38,53,113,5056,3216,41,14926,0.62,0.34,64163,1134,820716,697350,3775
595,30,42,114,5073,3228,41,14937,0.61,0.34,64266,1162,824443,701652,3789
596,31,45,111,5090,3233,41,14937,0.62,0.34,64669,1142,827580,702800,3795
597,19,42,111,5111,3246,41,14937,0.62,0.34,64890,1157,832331,706312,3835
598,16,56,112,5128,3255,41,14953,0.62,0.35,65269,1154,835181,708106,3855
599,23,65,124,5145,3260,41,14953,0.62,0.35,65435,1158,838981,709632,3867
600,34,75,133,5161,3267,41,14953,0.72,0.35,65651,1164,841509,711732,3894
601,53,84,138,5176,3277,41,14994,0.72,0.35,65831,1165,844440,713540,3918
602,49,71,143,5191,3287,41,14994,0.72,0.35,66191,1157,848719,715842,3944
603,30,71,143,5207,3297,41,14994,0.72,0.35,66316,1168,852023,718518,3966
604,33,63,145,5219,3302,41,15010,0.61,0.35,66558,1153,855853,720388,3980
605,25,60,135,5236,3308,41,15010,0.61,0.35,66661,1158,858543,723821,3992
606,19,39,132,5252,3319,41,15010,0.61,0.35,66835,1171,862095,727587,4018
607,26,40,134,5269,3323,42,15010,0.61,0.35,66956,1169,866936,729309,4030
608,24,34,129,5286,3332,42,15010,0.61,0.35,67109,1173,870671,732001,4050
609,12,33,117,5302,3346,42,15010,0.61,0.35,67293,1179,876616,736134,4088
610,19,36,108,5319,3350,42,15010,0.61,0.35,67531,1158,880984,737736,4096
611,17,28,86,5336,3359,42,15026,0.61,0.35,67651,1163,884644,740241,4116
612,10,31,90,5353,3364,42,15026,0.62,0.35,67727,1168,889080,741358,4126
613,24,41,86,5369,3365,42,15026,0.62,0.35,67773,1165,894372,742517,4128
614,20,45,94,5386,3370,42,15026,0.63,0.35,67915,1157,899809,745235,4140
615,26,51,102,5403,3378,42,15026,0.63,0.36,68043,1164,911493,748486,4160
616,17,42,104,5419,3388,42,15026,0.63,0.36,68213,1170,917408,751387,4182
617,22,45,102,5436,3391,42,15026,0.63,0.36,68284,1168,921091,756767,4188
618,24,51,101,5454,3395,42,15026,0.63,0.36,68341,1170,925401,758690,4196
619,42,56,112,5470,3399,42,15042,0.63,0.36,68518,1169,930016,760772,4206
620,33,49,110,5487,3404,42,15042,0.62,0.36,68559,1178,935185,763328,4216
621,15,40,103,5504,3412,42,15042,0.62,0.36,68616,1192,943733,766030,4236
622,11,36,100,5521,3421,42,15042,0.62,0.36,68728,1203,947624,769771,4258
623,25,45,102,5537,3426,42,15042,0.62,0.36,68835,1203,951419,772394,4268
624,26,45,97,5554,3434,42,15042,0.63,0.36,68907,1214,955035,774975,4288
625,25,40,96,5571,3439,42,15042,0.64,0.36,68984,1218,959345,777036,4298
626,15,34,82,5587,3447,42,15060,0.65,0.36,69165,1211,967177,779725,4318
627,19,39,86,5604,3453,42,15060,0.65,0.36,69227,1217,972525,782313,4328
628,10,36,93,5621,3463,42,15069,0.65,0.36,69323,1227,982675,788759,4340
629,20,39,95,5637,3466,42,15109,0.66,0.36,69487,1217,986029,790669,4343
630,28,38,94,5654,3471,42,15109,0.67,0.36,69645,1215,994694,792683,4351
631,23,41,91,5671,3479,42,15109,0.67,0.36,69774,1215,1000150,797443,4360
632,30,45,96,5688,3487,42,15138,0.67,0.37,69868,1220,1004741,799319,4371
633,24,47,93,5704,3495,42,15138,0.67,0.37,69996,1229,1010733,801775,4380
634,30,55,101,5721,3503,42,15138,0.72,0.37,70139,1225,1013993,805717,4388
635,28,65,102,5738,3519,42,15152,0.72,0.37,70283,1241,1021474,808528,4406
636,37,69,113,5754,3524,43,15167,0.72,0.37,70434,1233,1025326,810301,4411
637,21,74,133,5800,3533,43,15183,0.65,0.37,70605,1230,1038345,815254,4421
638,47,82,134,5817,3546,43,15183,0.65,0.37,70804,1234,1041343,818769,4436
639,27,59,124,5833,3569,43,15250,0.64,0.37,70892,1291,1047837,829779,4462
640,26,86,124,5850,3586,43,15262,0.64,0.37,71394,1264,1051681,835568,4481
641,67,96,113,5859,3606,43,15296,0.65,0.37,71695,1266,1054944,841754,4507
642,68,101,113,5875,3622,43,15324,0.72,0.37,72069,1254,1059073,847023,4534
643,65,99,110,5890,3640,43,15487,0.72,0.37,72373,1254,1063091,853017,4555
644,68,100,111,5906,3655,43,15602,0.72,0.37,72625,1255,1073632,859877,4570
645,51,86,119,5922,3663,43,15602,0.63,0.37,72799,1248,1077747,863856,4578
646,30,54,117,5938,3678,43,15635,0.63,0.37,72883,1278,1081424,867641,4598
647,28,40,129,5955,3680,43,15635,0.61,0.37,72958,1271,1087456,868583,4601
648,13,29,128,5972,3693,43,15635,0.60,0.37,73199,1269,1092234,872745,4615
649,13,34,116,5989,3697,43,15635,0.60,0.38,73377,1252,1096632,875223,4619
650,15,36,111,6005,3705,43,15635,0.60,0.38,73484,1259,1100589,877086,4628
651,19,30,93,6022,3717,43,15635,0.60,0.38,73506,1288,1105048,882003,4642
652,20,34,88,6039,3722,43,15635,0.61,0.38,73769,1263,1108747,884723,4647
653,17,33,82,6055,3729,43,15669,0.61,0.38,73929,1256,1112300,886624,4656
654,17,43,87,6075,3739,44,15669,0.60,0.38,74074,1261,1119327,888499,4667
655,23,61,97,6092,3744,44,15669,0.60,0.38,74202,1254,1125545,890795,4687
656,19,63,101,6109,3757,44,15669,0.60,0.38,74289,1275,1129722,894143,4701
657,37,62,101,6125,3766,44,15669,0.60,0.38,74345,1289,1133948,897699,4711
658,18,41,105,6142,3779,44,15685,0.61,0.38,74616,1283,1137302,901925,4725
659,18,37,106,6159,3788,44,15685,0.61,0.38,74750,1287,1144475,904310,4736
660,22,40,109,6175,3795,44,15685,0.60,0.38,74952,1271,1152401,906942,4743
661,18,39,111,6193,3806,44,15685,0.60,0.38,75101,1278,1161219,911957,4754
662,18,48,109,6210,3811,44,15685,0.60,0.38,75238,1276,1167017,915171,4760
663,25,44,115,6227,3817,44,15700,0.60,0.38,75298,1282,1170317,917752,4766
664,20,39,117,6243,3823,44,15717,0.60,0.38,75383,1285,1175030,919283,4773
665,13,35,100,6260,3831,44,15717,0.60,0.38,75584,1279,1181195,921677,4782
666,12,30,99,6277,3838,44,15717,0.59,0.39,75602,1292,1185532,924895,4790
667,17,33,103,6293,3842,44,15749,0.59,0.39,75687,1289,1193273,926334,4794
668,20,38,111,6310,3843,44,15749,0.59,0.39,75753,1281,1197642,929065,4795
669,22,42,98,6327,3849,44,15749,0.60,0.39,75782,1288,1202124,932728,4802
670,11,47,88,6344,3856,44,15749,0.60,0.39,75874,1292,1209553,934679,4809
671,21,60,97,6360,3861,44,15749,0.60,0.39,75947,1296,1215428,936083,4814
672,30,71,106,6377,3869,44,15764,0.60,0.39,75984,1307,1221593,938825,4822
673,36,66,114,6394,3878,44,15764,0.59,0.39,76090,1313,1224847,945437,4831
674,15,48,110,6410,3894,44,15764,0.59,0.39,76370,1319,1228325,949598,4852
675,24,66,115,6427,3896,44,15764,0.59,0.39,76525,1305,1232365,951175,4855
676,31,65,122,6444,3904,44,15764,0.59,0.39,76612,1308,1236846,953876,4865
677,22,47,119,6461,3918,44,15779,0.59,0.39,76742,1320,1239970,959203,4884
678,11,36,118,6477,3931,44,15795,0.58,0.39,76869,1326,1245530,962967,4900
679,11,38,110,6494,3947,44,15795,0.58,0.39,77132,1319,1249208,967346,4917
680,18,53,117,6511,3957,44,15795,0.58,0.39,77204,1327,1254891,968945,4929
681,35,66,130,6527,3960,44,15795,0.58,0.39,77319,1314,1261027,970333,4933
682,21,53,128,6544,3975,44,15810,0.58,0.40,77409,1334,1265226,974590,4950
683,21,40,127,6561,3984,44,15810,0.57,0.40,77469,1347,1270976,978934,4960
684,10,41,125,6578,3991,44,15825,0.57,0.40,77672,1335,1279983,981737,4969
685,24,49,126,6594,3992,44,15825,0.57,0.40,77804,1317,1285826,984395,4970
686,35,45,114,6611,4003,45,15825,0.58,0.40,77826,1340,1291546,989800,4983
687,20,41,110,6628,4013,45,15825,0.58,0.40,77975,1346,1297620,994526,4995
688,23,54,115,6644,4023,45,15825,0.72,0.40,78222,1342,1304687,998468,5007
689,36,65,117,6661,4035,45,15825,0.72,0.40,78408,1348,1308899,1002126,5020
690,52,71,127,6678,4041,45,15825,0.72,0.40,78545,1342,1313603,1004760,5029
691,38,61,125,6695,4049,45,15884,0.58,0.40,78623,1354,1319536,1008818,5038
692,28,52,124,6711,4055,45,15884,0.58,0.40,78710,1360,1324863,1011120,5044
693,21,61,125,6728,4061,45,15899,0.58,0.40,78925,1348,1335479,1013806,5050
694,22,72,132,6745,4071,45,15899,0.58,0.40,78955,1369,1347534,1015787,5062
695,84,107,142,6762,4078,45,15960,0.58,0.40,79054,1373,1351802,1019286,5069
696,82,107,125,6778,4111,45,16097,0.58,0.40,79190,1434,1358541,1033056,5107
697,72,98,113,6785,4130,45,16114,0.72,0.40,79751,1412,1359813,1039953,5128
698,32,80,120,6802,4140,45,16114,0.72,0.40,80008,1407,1366161,1047132,5140
699,37,74,131,6818,4145,45,16130,0.58,0.41,80490,1361,1371139,1052264,5147
700,34,63,130,6835,4162,45,16130,0.58,0.41,80562,1391,1374762,1058641,5166
701,31,52,139,6852,4168,45,16130,0.57,0.41,80731,1382,1378483,1062810,5172
702,26,44,132,6869,4181,45,16130,0.57,0.41,80962,1383,1383094,1067376,5186
703,23,46,124,6885,4192,45,16164,0.57,0.41,81112,1386,1386701,1069589,5198
704,19,41,117,6902,4199,45,16164,0.57,0.41,81227,1388,1390784,1071706,5205
705,19,36,104,6919,4203,45,16164,0.57,0.41,81413,1369,1396252,1073695,5209
706,22,37,101,6937,4209,45,16164,0.58,0.41,81557,1362,1401981,1076836,5216
707,21,38,99,6953,4217,45,16164,0.58,0.41,81692,1360,1409497,1081125,5226
708,21,40,107,6970,4221,46,16164,0.58,0.41,81774,1357,1415533,1085441,5230
709,25,42,102,6987,4229,46,16164,0.58,0.41,81856,1368,1420308,1089100,5241
710,20,40,105,7003,4239,46,16183,0.57,0.41,81936,1378,1424635,1092385,5252
711,23,44,95,7020,4247,46,16264,0.57,0.41,82208,1364,1428826,1096245,5260
712,16,36,98,7037,4257,46,16264,0.57,0.41,82331,1371,1433673,1099567,5271
713,26,39,95,7054,4263,46,16264,0.57,0.41,82424,1373,1438023,1101438,5277
714,18,35,82,7070,4277,46,16288,0.57,0.41,82517,1388,1443827,1106439,5293
715,21,35,79,7087,4286,46,16288,0.57,0.42,82641,1393,1450999,1109183,5303
716,29,40,88,7104,4290,46,16288,0.57,0.42,82896,1368,1457346,1111895,5308
717,30,38,85,7121,4299,46,16288,0.57,0.42,83087,1359,1462496,1115257,5319
718,24,35,76,7137,4313,46,16288,0.57,0.42,83184,1381,1470505,1122762,5338
719,24,40,82,7154,4321,46,16288,0.56,0.42,83417,1370,1476831,1126057,5346
720,27,52,94,7171,4326,46,16288,0.56,0.42,83577,1357,1484480,1128522,5357
721,50,65,107,7188,4330,46,16288,0.56,0.42,83712,1348,1493064,1131730,5361
722,48,63,108,7204,4345,46,16288,0.56,0.42,83911,1361,1499871,1136789,5378
723,46,66,117,7221,4350,46,16288,0.57,0.42,84042,1356,1507730,1141754,5385
724,45,66,125,7238,4354,46,16322,0.57,0.42,84207,1343,1511098,1145748,5389
725,44,69,116,7263,4379,46,16322,0.56,0.42,84271,1397,1517514,1153195,5418
726,38,56,120,7279,4388,46,16369,0.56,0.42,84662,1370,1523349,1157184,5428
727,36,69,130,7296,4394,46,16369,0.56,0.42,85264,1343,1529412,1160222,5444
728,47,85,137,7313,4404,46,16369,0.72,0.42,85385,1351,1537423,1165634,5455
729,72,104,147,7328,4409,46,16444,0.72,0.42,85565,1341,1541557,1169064,5460
730,86,103,134,7333,4427,47,16475,0.72,0.42,85708,1366,1544223,1174542,5479
731,87,112,138,7347,4437,47,16569,0.72,0.43,85880,1368,1548722,1178261,5491
732,87,98,131,7355,4452,47,16664,0.72,0.43,86132,1368,1551579,1184403,5510
733,47,68,132,7371,4466,47,16664,0.55,0.43,86235,1392,1555326,1188142,5527
734,23,41,144,7388,4468,47,16681,0.55,0.43,86586,1354,1562900,1190373,5531
735,23,44,144,7405,4474,47,16681,0.54,0.43,86729,1350,1567242,1192547,5538
736,24,53,148,7422,4480,47,16698,0.54,0.43,86745,1364,1577584,1196242,5545
737,36,61,155,7433,4484,47,16713,0.54,0.43,86892,1355,1580393,1198925,5550
738,26,48,143,7437,4500,47,16774,0.54,0.43,86930,1387,1581772,1203912,5568
739,15,35,147,7452,4510,47,16862,0.55,0.43,87039,1402,1587434,1207486,5579
740,12,33,138,7469,4515,47,16862,0.55,0.43,87203,1394,1592442,1211997,5585
741,11,31,108,7485,4518,47,16862,0.55,0.43,87362,1381,1598438,1214933,5588
742,14,39,93,7502,4522,47,16862,0.55,0.43,87642,1360,1609373,1217507,5592
743,19,53,102,7519,4530,47,16879,0.55,0.43,87688,1372,1618597,1220560,5612
744,32,65,114,7536,4535,47,16896,0.55,0.43,87825,1367,1625400,1223906,5617
745,53,81,127,7552,4538,47,16896,0.55,0.43,88007,1352,1630806,1228533,5620
746,57,65,130,7569,4545,47,16896,0.55,0.43,88076,1364,1637905,1232337,5627
747,39,55,135,7586,4549,47,16933,0.56,0.44,88152,1368,1644491,1237071,5631
748,39,52,131,7603,4556,47,16933,0.56,0.44,88338,1367,1649791,1242324,5638
749,28,40,125,7619,4566,47,16933,0.56,0.44,88535,1363,1658042,1247058,5651
750,30,61,125,7636,4572,47,16948,0.56,0.44,88710,1356,1668825,1248501,5668
751,29,74,131,7653,4583,47,16948,0.56,0.44,88830,1365,1674893,1252157,5679
752,31,62,145,7670,4585,47,16979,0.56,0.44,88914,1358,1680601,1254257,5682
753,24,46,132,7686,4597,47,17201,0.55,0.44,88962,1382,1684600,1261892,5694
754,17,44,124,7703,4608,48,17201,0.55,0.44,91946,1366,1690084,1266181,5705
755,29,70,139,7720,4610,48,17201,0.55,0.44,92061,1357,1695735,1267371,5708
756,66,86,150,7737,4616,48,17218,0.55,0.44,92132,1362,1701566,1269942,5716
757,32,61,147,7753,4626,48,17218,0.54,0.44,92186,1383,1708885,1272307,5726
758,31,64,154,7770,4631,48,17236,0.54,0.44,92284,1382,1714159,1276591,5733
759,39,72,150,7777,4642,48,17236,0.72,0.44,92414,1390,1716266,1279495,5754
760,53,98,157,7788,4646,48,17236,0.72,0.44,92588,1377,1718982,1281019,5758
761,39,57,149,7800,4656,48,17236,0.72,0.44,92645,1395,1722360,1286481,5770
762,25,33,150,7814,4663,48,17236,0.53,0.44,92805,1394,1726209,1290286,5779
763,23,35,140,7829,4672,48,17253,0.53,0.45,92934,1401,1732016,1293345,5790
764,13,32,129,7846,4681,48,17253,0.53,0.45,92995,1412,1737596,1296914,5799
765,15,39,122,7862,4684,48,17253,0.54,0.45,93181,1392,1745199,1299503,5802
766,20,50,128,7879,4691,48,17253,0.54,0.45,93300,1393,1752317,1303954,5812
767,29,56,131,7896,4700,48,17253,0.54,0.45,93402,1401,1757522,1307722,5821
768,38,56,111,7913,4707,48,17290,0.54,0.45,93552,1396,1763746,1313204,5828
769,36,58,100,7929,4718,49,17345,0.54,0.45,93818,1395,1770748,1318439,5839
770,37,65,105,7946,4730,49,17378,0.54,0.45,93971,1401,1776837,1322547,5852
771,41,77,115,7963,4737,49,17406,0.54,0.45,94103,1399,1782414,1325979,5860
772,38,79,126,7980,4743,49,17424,0.54,0.45,94315,1385,1787859,1328421,5866
773,35,66,138,7996,4747,49,17441,0.54,0.45,94377,1390,1794338,1332179,5870
774,29,55,142,8013,4759,49,17441,0.54,0.45,94465,1408,1799611,1337039,5883
775,17,46,143,8030,4771,49,17441,0.54,0.45,94605,1425,1805193,1341556,5896
776,15,42,147,8047,4776,49,17458,0.54,0.45,94895,1399,1811016,1344634,5902
777,28,39,135,8063,4779,49,17458,0.54,0.45,95071,1385,1820094,1345292,5905
778,33,44,134,8080,4779,49,17458,0.54,0.45,95144,1376,1832697,1346596,5905
779,25,49,133,8097,4782,49,17458,0.55,0.46,95198,1378,1845165,1352652,5908
780,32,49,123,8114,4789,49,17496,0.56,0.46,95283,1385,1853899,1358931,5916
781,33,44,125,8131,4794,49,17496,0.56,0.46,95341,1392,1858486,1362524,5922
782,18,60,132,8147,4796,49,17496,0.55,0.46,95466,1381,1862692,1364806,5925
783,28,70,142,8164,4801,49,17496,0.54,0.46,95575,1378,1869562,1366591,5930
784,43,103,152,8181,4807,49,17514,0.72,0.46,95636,1387,1874799,1369860,5941
785,50,104,150,8194,4822,49,17529,0.72,0.46,95701,1409,1880213,1373807,5958
786,45,88,145,8208,4841,49,17564,0.72,0.46,95917,1422,1884175,1380819,5982
787,34,62,148,8225,4851,49,17602,0.54,0.46,96055,1432,1897891,1385356,5994
788,13,43,142,8242,4861,49,17602,0.54,0.46,96368,1411,1903032,1389687,6005
789,19,39,147,8259,4862,49,17602,0.53,0.46,96464,1400,1915028,1393071,6006
790,18,34,153,8275,4868,49,17602,0.53,0.46,96589,1396,1929689,1397510,6013
791,27,44,152,8292,4872,49,17602,0.54,0.46,96604,1406,1937785,1401981,6017
792,13,37,157,8309,4876,49,17787,0.54,0.46,96771,1398,1945358,1407785,6021
793,26,59,154,8325,4884,49,17981,0.72,0.46,97025,1400,1952788,1414524,6032
794,29,69,154,8337,4895,49,18028,0.72,0.46,97163,1417,1957000,1418245,6044
795,39,66,155,8346,4902,49,18090,0.72,0.47,97285,1418,1961157,1419722,6053
796,40,59,150,8364,4906,50,18090,0.72,0.47,97415,1409,1972288,1422040,6059
797,21,54,138,8381,4910,50,18108,0.53,0.47,97511,1405,1980373,1424757,6063
798,18,44,134,8398,4920,50,18108,0.51,0.47,97630,1417,1991989,1429202,6074
799,28,47,146,8414,4923,50,18108,0.53,0.47,97748,1410,2004044,1433698,6077
800,26,50,131,8431,4929,50,18262,0.53,0.47,97858,1414,2012465,1441326,6083
801,30,62,138,8448,4935,50,18301,0.53,0.47,98087,1411,2021047,1448404,6089
802,37,78,145,8465,4945,50,18301,0.50,0.47,98335,1413,2027225,1453867,6100
803,35,78,143,8481,4963,50,18384,0.50,0.47,98536,1427,2038030,1460769,6133
804,34,88,147,8498,4976,50,18400,0.50,0.47,98807,1417,2047328,1464411,6146
805,44,78,160,8515,4980,50,18400,0.52,0.47,98922,1412,2053020,1468872,6152
806,33,55,157,8531,4988,50,18400,0.51,0.47,99045,1415,2058624,1474801,6160
807,12,51,152,8547,4995,50,18400,0.50,0.47,99164,1417,2066475,1480138,6168
808,13,36,147,8564,5005,50,18400,0.50,0.47,99330,1424,2072240,1482911,6180
809,17,42,147,8581,5007,50,18400,0.52,0.47,99447,1415,2083900,1484493,6182
810,20,46,130,8598,5013,50,18556,0.53,0.47,99471,1429,2090586,1490726,6189
811,13,42,119,8615,5016,50,18556,0.52,0.48,99600,1424,2102408,1494093,6193
812,14,22,113,8631,5022,50,18556,0.52,0.48,99841,1418,2108351,1498374,6200
813,8,27,107,8648,5027,50,18556,0.52,0.48,100054,1406,2117562,1502492,6205
814,9,22,100,8665,5037,50,18572,0.52,0.48,100156,1419,2125041,1505571,6216
815,13,41,109,8682,5042,50,18572,0.52,0.48,100342,1406,2135541,1507588,6222
816,25,71,122,8698,5045,50,18572,0.52,0.48,100440,1401,2141294,1510711,6225
817,54,76,124,8715,5060,50,18572,0.52,0.48,100463,1430,2148951,1518478,6244
818,58,90,131,8732,5070,50,18572,0.51,0.48,100642,1433,2156315,1523739,6254
819,53,85,137,8749,5081,50,18710,0.51,0.48,100860,1430,2176939,1530020,6266
820,47,119,164,8777,5082,50,18710,0.51,0.48,101135,1398,2186990,1534569,6267
821,79,124,158,8783,5094,50,18710,0.72,0.48,101209,1418,2189722,1538719,6294
822,96,129,161,8795,5103,51,18761,0.72,0.48,101437,1406,2194702,1547102,6305
823,54,91,160,8803,5112,51,18781,0.72,0.48,101459,1425,2196128,1554400,6316
824,32,53,152,8811,5123,51,18801,0.49,0.49,101547,1444,2197826,1561502,6330
825,17,41,162,8827,5128,51,18801,0.50,0.49,101881,1429,2210917,1564445,6337
826,16,30,156,8834,5130,51,19026,0.50,0.49,102294,1410,2213792,1574130,6339
827,9,30,148,8847,5144,51,19073,0.50,0.49,102438,1440,2221104,1580463,6356
828,22,48,161,8865,5148,51,19073,0.50,0.49,103154,1419,2228363,1582906,6360
829,29,49,159,8870,5155,51,19113,0.50,0.49,103529,1415,2231294,1587032,6369
830,26,50,153,8876,5167,51,19141,0.50,0.49,103726,1426,2235381,1591590,6383
831,22,43,155,8892,5178,51,19191,0.51,0.49,104007,1428,2241386,1594947,6397
832,20,41,138,8907,5186,51,19191,0.51,0.49,104288,1433,2248156,1602745,6407
833,19,30,100,8924,5192,51,19191,0.51,0.49,104809,1418,2254906,1606149,6415
834,33,53,113,8941,5196,51,19200,0.72,0.49,104961,1415,2261289,1609508,6419
835,36,64,116,8959,5211,52,19229,0.72,0.50,105375,1436,2273135,1617504,6436
836,36,55,113,8976,5231,52,19330,0.72,0.50,105883,1442,2283205,1625419,6460
837,13,49,104,8993,5244,52,19484,0.51,0.50,106371,1446,2294368,1635186,6474
838,9,38,91,9011,5252,52,19484,0.51,0.50,106427,1459,2302487,1639602,6483
839,16,36,103,9028,5253,52,19484,0.48,0.50,106938,1426,2313622,1642659,6485
840,23,32,102,9045,5257,52,19484,0.50,0.50,107168,1416,2323178,1646520,6493
841,21,33,103,9062,5263,52,19484,0.47,0.50,107416,1418,2330241,1650848,6500
842,17,38,96,9080,5274,52,19508,0.48,0.50,107458,1445,2339250,1657288,6517
843,16,32,95,9097,5280,52,19508,0.48,0.50,107876,1425,2349206,1660940,6525
844,8,20,92,9114,5291,52,19508,0.49,0.50,108088,1439,2357886,1665615,6540
845,17,31,96,9132,5291,52,19544,0.49,0.51,108519,1408,2369871,1669570,6540
846,18,43,104,9149,5295,52,19580,0.49,0.51,108566,1415,2379525,1675550,6546
847,19,43,94,9167,5301,52,19580,0.49,0.51,108776,1419,2387493,1680255,6555
848,24,50,102,9185,5305,52,19656,0.49,0.51,108948,1418,2396818,1684709,6564
849,25,68,113,9202,5310,53,19656,0.50,0.51,109676,1410,2404449,1688403,6570
850,42,81,123,9219,5317,53,19674,0.49,0.51,109858,1417,2411547,1693439,6581
851,66,93,134,9241,5327,53,19717,0.49,0.51,110023,1428,2419574,1698743,6595
852,47,71,134,9260,5345,53,19717,0.50,0.51,110515,1452,2427875,1705129,6618
853,41,71,131,9279,5357,53,19717,0.50,0.51,110928,1454,2438860,1713885,6631
854,26,83,127,9296,5373,53,19766,0.72,0.51,111697,1457,2445469,1720977,6663
855,49,95,131,9314,5386,53,19820,0.72,0.52,112597,1438,2455215,1728859,6679
856,63,107,138,9331,5396,53,19820,0.72,0.52,112829,1442,2470955,1739292,6691
857,48,86,142,9350,5411,53,19829,0.72,0.52,113095,1457,2479521,1748494,6709
858,33,76,148,9370,5425,54,19858,0.49,0.52,113560,1463,2489596,1758562,6732
859,22,67,155,9387,5434,54,19899,0.49,0.52,114283,1438,2499773,1764950,6745
860,17,38,145,9404,5446,54,19899,0.49,0.52,114579,1448,2518815,1768848,6759
861,14,36,148,9422,5452,54,19927,0.49,0.52,114721,1450,2530071,1772811,6767
862,20,42,157,9439,5455,54,19927,0.48,0.52,115131,1425,2542842,1778686,6772
863,23,55,151,9456,5465,54,19927,0.48,0.52,115508,1434,2549867,1783762,6786
864,37,68,151,9474,5481,54,19946,0.48,0.52,115991,1461,2558557,1789233,6810
865,36,85,156,9489,5491,54,19946,0.48,0.53,116579,1434,2571287,1797519,6824
866,47,89,160,9501,5499,54,19997,0.48,0.53,116775,1447,2576462,1806998,6834
867,40,77,158,9512,5512,54,19997,0.48,0.53,116916,1461,2580436,1814575,6850
868,32,60,167,9523,5514,54,19997,0.48,0.53,117441,1439,2589962,1816835,6852
869,19,35,172,9532,5514,54,19997,0.48,0.53,117676,1421,2598778,1819823,6852
870,11,20,159,9541,5523,54,19997,0.48,0.53,117835,1429,2608155,1825284,6863
871,22,27,167,9555,5524,54,19997,0.47,0.53,117835,1432,2618641,1831522,6865
872,17,27,148,9565,5531,55,19997,0.47,0.53,117967,1438,2622188,1838693,6874
873,22,36,110,9583,5535,55,19997,0.46,0.53,118418,1421,2634309,1842020,6878
874,25,33,80,9600,5544,55,19997,0.47,0.53,118617,1422,2646736,1846187,6892
875,24,34,74,9617,5549,55,19997,0.48,0.53,118965,1400,2667730,1851565,6899
876,27,41,80,9635,5554,55,20085,0.48,0.54,119072,1405,2678067,1863147,6905
877,33,42,85,9652,5562,55,20214,0.50,0.54,119281,1411,2683937,1875022,6915
878,23,39,87,9669,5568,55,20235,0.58,0.54,119723,1414,2696142,1881242,6924
879,27,43,89,9687,5575,55,20235,0.58,0.54,120429,1410,2713558,1886596,6932
880,26,41,90,9704,5584,55,20358,0.57,0.54,121139,1400,2723073,1895733,6942
881,27,40,89,9721,5594,55,20358,0.52,0.54,121296,1416,2729335,1904107,6953
882,30,41,95,9739,5601,55,20371,0.52,0.54,121716,1408,2734451,1912084,6960
883,27,37,89,9760,5614,56,20371,0.51,0.54,122358,1412,2749867,1917915,6973
884,14,32,87,9777,5628,56,20371,0.50,0.54,122672,1425,2759572,1925839,6989
885,14,37,90,9796,5632,56,20371,0.49,0.54,122876,1417,2774354,1928083,6995
886,18,37,95,9813,5635,56,20371,0.49,0.55,123234,1395,2785773,1933260,6998
887,18,45,97,9830,5638,56,20371,0.48,0.55,123389,1393,2795510,1937205,7002
888,20,45,96,9848,5645,56,20371,0.47,0.55,123518,1400,2805382,1944624,7011
889,31,44,103,9865,5650,56,20380,0.46,0.55,123603,1403,2812334,1950227,7018
890,37,52,110,9882,5658,56,20445,0.46,0.55,124037,1402,2826142,1957346,7040
891,38,57,115,9898,5669,56,20445,0.46,0.55,124285,1405,2836253,1963139,7068
892,39,74,118,9915,5682,56,20483,0.72,0.55,124912,1405,2846825,1969971,7114
893,52,88,114,9932,5703,56,20557,0.72,0.55,125238,1434,2855120,1979983,7162
894,48,66,113,9949,5720,56,20610,0.72,0.55,125353,1464,2871085,1989372,7216
895,40,68,114,9966,5732,56,20693,0.46,0.55,125966,1431,2885437,1996622,7246
896,19,49,112,9982,5744,56,20693,0.46,0.55,126393,1411,2891895,2000247,7280
897,27,48,125,9999,5748,56,20693,0.46,0.55,126498,1411,2898827,2004604,7288
898,24,44,126,10016,5757,57,20693,0.46,0.56,126683,1409,2905796,2010584,7310
899,26,41,117,10033,5766,57,20693,0.46,0.56,126791,1414,2919646,2016119,7330
900,24,44,112,10050,5775,57,20693,0.46,0.56,126933,1417,2929055,2021451,7352
901,23,46,106,10067,5780,57,20693,0.46,0.56,127105,1406,2937210,2026599,7368
902,31,49,98,10083,5787,57,20693,0.45,0.56,127232,1410,2944270,2033013,7390
903,46,66,109,10100,5793,57,20693,0.45,0.56,127478,1403,2952093,2038691,7406
904,43,60,111,10117,5805,57,20693,0.45,0.56,127548,1422,2961449,2045948,7438
905,28,57,102,10134,5813,57,20693,0.45,0.56,127800,1412,2969560,2051004,7460
906,18,40,102,10151,5824,57,20693,0.45,0.56,127934,1428,2978252,2057645,7486
907,21,43,110,10167,5826,57,20711,0.44,0.56,128218,1402,2987570,2060972,7492
908,18,39,110,10184,5834,57,20711,0.43,0.56,128268,1420,2996366,2064500,7514
909,24,39,114,10201,5837,57,20711,0.43,0.56,128376,1416,3006868,2068667,7524
910,22,45,118,10218,5843,57,20725,0.43,0.56,128497,1419,3021346,2071920,7542
911,32,56,128,10235,5850,57,20725,0.43,0.56,128647,1416,3029701,2076309,7562
912,49,82,139,10252,5856,57,20777,0.43,0.56,128748,1418,3037407,2079933,7578
913,69,95,147,10268,5864,57,20881,0.43,0.57,128874,1422,3043144,2084784,7600
914,76,94,147,10285,5881,57,20949,0.43,0.57,129036,1437,3049010,2092399,7648
915,82,112,153,10302,5891,57,21020,0.43,0.57,129288,1422,3063195,2100230,7676
916,86,115,155,10319,5906,57,21207,0.43,0.57,129432,1443,3079141,2107570,7716
917,84,119,160,10336,5918,57,21394,0.43,0.57,129648,1445,3091839,2116411,7746
918,89,124,162,10351,5930,57,21714,0.43,0.57,129756,1463,3100032,2124993,7782
919,103,127,161,10366,5943,57,21999,0.43,0.57,129952,1476,3109612,2132661,7818
920,101,127,158,10382,5962,57,22269,0.43,0.57,130083,1507,3116118,2140914,7861
921,103,127,158,10398,5978,57,22489,0.43,0.57,130353,1514,3126802,2148131,7888
922,101,126,162,10414,5990,57,22643,0.42,0.57,130755,1490,3134475,2153940,7904
923,53,102,166,10428,6000,57,22660,0.42,0.57,131077,1476,3139284,2163674,7921
924,22,64,162,10434,6010,58,22697,0.42,0.57,131418,1459,3141232,2170784,7934
925,4,33,169,10445,6014,58,22716,0.42,0.57,131622,1447,3147546,2172604,7941
926,13,26,170,10448,6016,58,22716,0.42,0.57,131740,1439,3148437,2174929,7945
927,7,14,161,10452,6028,58,22716,0.43,0.57,131843,1457,3150519,2179720,7960
928,2,15,152,10469,6035,58,22716,0.43,0.57,131976,1458,3158615,2182968,7968
929,8,26,131,10486,6040,58,22716,0.42,0.58,132031,1465,3167807,2186397,7974
930,12,28,109,10502,6049,58,22716,0.43,0.58,132081,1484,3178367,2190934,7985
931,12,35,79,10519,6056,58,22716,0.43,0.58,132151,1490,3195866,2195144,7995
932,18,53,82,10536,6059,58,22716,0.43,0.58,132229,1487,3212951,2202033,7998
933,26,64,91,10553,6067,58,22732,0.43,0.58,132352,1493,3228145,2207002,8009
934,48,77,104,10570,6071,58,22749,0.43,0.58,132568,1481,3235539,2212228,8014
935,68,90,117,10588,6075,58,22783,0.43,0.58,132699,1477,3246216,2216975,8018
936,75,105,127,10604,6081,58,22816,0.43,0.58,132808,1477,3262606,2224073,8025
937,84,113,130,10621,6095,58,22900,0.43,0.58,132899,1498,3276147,2232729,8044
938,89,114,134,10638,6108,58,23001,0.43,0.58,133182,1501,3287292,2240881,8059
939,97,126,142,10655,6117,58,23201,0.43,0.58,133340,1509,3295747,2251994,8070
940,97,124,141,10672,6135,58,23384,0.43,0.58,133613,1528,3307385,2262091,8094
941,101,125,142,10689,6151,58,23707,0.43,0.58,134048,1516,3316008,2272552,8116
942,92,113,137,10705,6172,58,24094,0.43,0.58,134350,1534,3324303,2292267,8144
943,89,119,139,10722,6187,58,24439,0.43,0.59,134907,1512,3339752,2305084,8164
944,83,118,133,10739,6209,58,24926,0.43,0.59,135228,1535,3349625,2317982,8197
945,82,123,133,10756,6226,59,25360,0.42,0.59,135914,1520,3364178,2332473,8220
946,89,124,136,10773,6240,59,25635,0.42,0.59,136467,1489,3374702,2346564,8240
947,86,113,128,10790,6265,59,26048,0.42,0.59,136752,1526,3382668,2366173,8277
948,106,123,137,10807,6273,59,26202,0.42,0.59,137220,1507,3398052,2374839,8294
949,81,120,139,10823,6287,59,26256,0.40,0.59,137513,1515,3414906,2392708,8314
950,76,113,132,10840,6311,59,26378,0.40,0.59,138048,1531,3429108,2408109,8345
951,80,111,131,10857,6329,59,26448,0.40,0.59,138716,1515,3443240,2416826,8366
952,81,112,128,10874,6349,59,26536,0.40,0.59,139100,1521,3451733,2435864,8395
953,56,106,130,10891,6362,59,26606,0.40,0.59,139523,1510,3465896,2450067,8416
954,52,115,135,10908,6371,59,26640,0.40,0.59,140119,1481,3485167,2461496,8440
955,59,130,136,10924,6386,59,26743,0.40,0.59,140404,1495,3499447,2474500,8460
956,88,123,135,10941,6404,60,26777,0.40,0.59,140757,1509,3507642,2489051,8484
957,76,107,127,10958,6428,60,26983,0.41,0.59,141231,1522,3522019,2510197,8513
958,72,105,125,10975,6447,60,26995,0.41,0.60,141971,1494,3530066,2521479,8538
959,70,107,125,10992,6464,60,26995,0.41,0.60,142226,1507,3547024,2532537,8561
960,59,97,118,11009,6488,60,27029,0.41,0.60,142753,1513,3561124,2546832,8597
961,40,84,120,11026,6503,60,27092,0.41,0.60,143151,1508,3571728,2554993,8617
962,32,75,128,11042,6511,60,27116,0.40,0.60,143561,1481,3578881,2561281,8629
963,24,58,131,11059,6525,60,27116,0.41,0.60,143691,1502,3591413,2570769,8649
964,30,45,135,11076,6535,60,27116,0.40,0.60,143947,1501,3599696,2578799,8661
965,27,45,139,11093,6542,60,27116,0.40,0.60,144170,1492,3607804,2584357,8668
966,13,47,129,11110,6551,60,27116,0.39,0.60,144353,1489,3616658,2590426,8682
967,18,42,116,11127,6554,60,27135,0.40,0.60,144509,1477,3626525,2594244,8686
968,22,40,104,11144,6558,60,27135,0.40,0.60,144672,1470,3635360,2599269,8692
969,20,37,93,11160,6571,60,27135,0.40,0.60,144774,1487,3644195,2608542,8708
970,11,38,95,11177,6583,61,27152,0.40,0.60,145115,1480,3651587,2613570,8723
971,24,49,106,11194,6587,61,27152,0.40,0.60,145420,1454,3661916,2618019,8728
972,17,43,107,11211,6598,61,27152,0.40,0.60,145548,1472,3681334,2621830,8743
973,14,35,112,11229,6603,61,27152,0.40,0.61,145840,1447,3698400,2627553,8750
974,15,32,106,11246,6607,61,27152,0.40,0.61,145929,1445,3717509,2632880,8755
975,22,36,109,11263,6610,61,27152,0.41,0.61,146049,1436,3734984,2637145,8759
976,18,30,109,11279,6623,61,27188,0.41,0.61,146056,1463,3748130,2645379,8777
977,5,24,94,11296,6640,61,27408,0.41,0.61,146226,1478,3769982,2656381,8796
978,15,32,93,11313,6641,61,27408,0.41,0.61,146520,1447,3789998,2664338,8798
979,25,37,88,11330,6646,61,27408,0.41,0.61,146628,1448,3805318,2678091,8806
980,26,42,80,11347,6654,61,27408,0.41,0.61,146722,1458,3816875,2684551,8818
981,27,40,90,11364,6661,61,27408,0.41,0.61,146882,1459,3828394,2692011,8830
982,24,44,96,11381,6668,61,27427,0.41,0.61,146973,1464,3838841,2697166,8840
983,16,38,97,11397,6677,61,27427,0.41,0.61,147143,1465,3848696,2707170,8849
984,19,32,92,11414,6684,61,27427,0.41,0.61,147332,1455,3858829,2711019,8862
985,23,39,100,11431,6687,61,27427,0.41,0.61,147378,1458,3868159,2714913,8867
986,21,43,110,11448,6689,61,27446,0.41,0.61,147432,1456,3881699,2720480,8870
987,20,38,109,11465,6698,61,27501,0.41,0.61,147594,1466,3891426,2729977,8882
988,17,38,103,11482,6707,61,27501,0.41,0.62,147681,1476,3903575,2737565,8895
989,19,41,106,11499,6715,61,27501,0.41,0.62,147960,1457,3912323,2741471,8907
990,11,40,107,11515,6722,61,27501,0.41,0.62,148069,1464,3922361,2750938,8915
991,15,37,103,11532,6736,61,27572,0.41,0.62,148369,1462,3935538,2764150,8933
992,12,37,99,11549,6745,61,27608,0.41,0.62,148596,1467,3947715,2769941,8947
993,16,47,94,11566,6755,61,27608,0.41,0.62,148987,1447,3962525,2775565,8959
994,29,66,103,11583,6763,61,27645,0.41,0.62,149129,1443,3981198,2780573,8970
995,68,85,111,11600,6772,61,27793,0.40,0.62,149285,1443,4002056,2794536,8984
996,62,81,111,11617,6789,61,28059,0.39,0.62,149455,1469,4010111,2809783,9007
997,48,83,108,11633,6808,61,28059,0.39,0.62,149813,1474,4021810,2826229,9032
998,43,81,111,11650,6822,62,28079,0.39,0.62,150096,1473,4041018,2839782,9049
999,37,64,117,11667,6833,62,28098,0.38,0.62,150351,1467,4050430,2851868,9067
1000,25,68,120,11684,6847,62,28098,0.38,0.62,150779,1454,4062410,2860276,9086
1001,41,84,131,11701,6853,62,28098,0.38,0.62,151026,1438,4075794,2866139,9096
1002,59,110,132,11718,6869,62,28118,0.39,0.63,151130,1467,4092765,2877232,9117
1003,54,116,136,11735,6882,62,28118,0.39,0.63,151472,1458,4103318,2888487,9135
1004,58,98,135,11752,6900,62,28288,0.40,0.63,151626,1486,4113925,2901839,9163
1005,53,77,145,11768,6906,62,28288,0.40,0.63,151952,1464,4126382,2909650,9172
1006,39,81,156,11785,6912,62,28325,0.40,0.63,152362,1435,4140508,2918017,9180
1007,48,88,161,11802,6924,62,28342,0.40,0.63,152546,1454,4152371,2923227,9195
1008,52,110,160,11818,6941,62,28377,0.40,0.63,152853,1464,4163161,2934149,9219
1009,96,129,156,11835,6962,62,28416,0.40,0.63,153310,1463,4179585,2954514,9247
1010,89,121,151,11852,6984,62,28436,0.39,0.63,153899,1450,4191069,2973810,9276
1011,63,114,152,11869,7000,62,28436,0.39,0.63,154257,1456,4207086,2988451,9296
1012,65,107,149,11886,7020,63,28436,0.39,0.63,154606,1469,4222400,3003016,9321
1013,57,103,149,11902,7036,63,28475,0.38,0.63,155087,1458,4239416,3016173,9343
1014,49,101,154,11919,7048,63,28475,0.38,0.63,155269,1468,4249130,3032192,9361
1015,41,110,158,11937,7062,63,28493,0.38,0.63,155707,1466,4257921,3046423,9379
1016,75,130,166,11954,7071,63,28493,0.39,0.63,156019,1457,4268964,3054707,9392
1017,56,118,163,11970,7090,63,28493,0.39,0.64,156170,1493,4277700,3069736,9414
1018,44,79,170,11987,7100,63,28493,0.39,0.64,156536,1479,4295746,3078269,9426
1019,20,55,171,12001,7109,63,28493,0.39,0.64,156753,1478,4307528,3085543,9437
1020,17,33,174,12012,7115,63,28493,0.39,0.64,156916,1471,4320963,3090721,9445
1021,10,23,168,12021,7126,63,28493,0.39,0.64,156997,1488,4326977,3096290,9461
1022,19,28,168,12034,7128,63,28493,0.38,0.64,157107,1478,4339878,3102525,9464
1023,29,35,134,12048,7132,63,28493,0.38,0.64,157210,1476,4352502,3105483,9470
1024,22,34,126,12065,7144,63,28493,0.38,0.64,157269,1495,4365001,3111933,9487
1025,30,54,139,12082,7148,63,28493,0.38,0.64,157481,1479,4383074,3119185,9492
1026,49,59,148,12099,7156,63,28528,0.38,0.64,157582,1488,4393177,3124811,9502
1027,19,40,117,12116,7167,63,28528,0.38,0.64,157791,1494,4405960,3133579,9515
1028,21,40,90,12133,7174,63,28528,0.38,0.64,157860,1502,4419191,3139409,9525
1029,17,46,98,12150,7181,63,28528,0.38,0.64,157990,1504,4432719,3144482,9534
1030,18,33,100,12166,7190,63,28528,0.37,0.64,158079,1511,4448411,3150772,9549
1031,25,35,82,12183,7200,63,28528,0.37,0.64,158222,1520,4459997,3163198,9562
1032,24,35,78,12200,7208,63,28528,0.36,0.65,158460,1512,4470442,3172536,9573
1033,26,37,81,12217,7218,63,28528,0.35,0.65,158594,1522,4486309,3180592,9591
1034,37,45,90,12234,7225,64,28528,0.35,0.65,162916,1491,4495154,3186026,9599
1035,44,62,100,12251,7232,64,28545,0.35,0.65,163064,1489,4506340,3191647,9608
1036,35,46,94,12268,7247,64,28545,0.35,0.65,163107,1518,4522834,3203763,9631
1037,29,46,92,12285,7259,64,28686,0.35,0.65,163419,1510,4533551,3217953,9647
1038,41,64,101,12302,7267,64,28686,0.35,0.65,163861,1480,4548694,3225297,9659
1039,62,83,112,12319,7273,65,28775,0.35,0.65,163922,1487,4564549,3232424,9666
1040,84,102,121,12347,7291,65,28919,0.35,0.65,164018,1521,4582637,3240564,9685
1041,95,118,126,12364,7303,65,29047,0.35,0.65,164558,1495,4597015,3254308,9700
1042,93,113,121,12381,7325,65,29227,0.35,0.65,168474,1519,4609828,3270323,9738
1043,65,95,125,12398,7338,66,29227,0.35,0.65,170942,1515,4628803,3285756,9754
1044,21,81,133,12415,7347,66,29227,0.36,0.65,171120,1517,4637966,3297533,9768
1045,13,57,140,12432,7357,66,29227,0.37,0.65,171335,1515,4655766,3312073,9781
1046,14,39,148,12449,7366,66,29227,0.37,0.66,171472,1523,4667092,3317383,9791
1047,15,43,158,12466,7373,66,29322,0.37,0.66,171608,1530,4690561,3328941,9801
1048,17,37,157,12483,7382,66,29398,0.37,0.66,171839,1530,4711805,3345762,9814
1049,12,28,143,12500,7393,66,29398,0.37,0.66,172072,1533,4729501,3352657,9826
1050,21,33,136,12516,7398,66,29398,0.37,0.66,172281,1526,4745237,3358156,9831
1051,9,33,114,12533,7409,66,29398,0.36,0.66,172366,1539,4759535,3368073,9844
1052,12,33,91,12550,7417,66,29398,0.36,0.66,172640,1524,4775826,3376066,9854
1053,16,30,92,12567,7423,66,29446,0.35,0.66,172690,1533,4791135,3386195,9861
1054,16,32,80,12584,7435,66,29446,0.34,0.66,172869,1543,4809728,3394266,9876
1055,18,38,85,12601,7443,66,29446,0.34,0.66,173026,1543,4826979,3404334,9887
1056,23,36,86,12618,7454,66,29494,0.34,0.66,173132,1559,4836991,3416504,9902
1057,25,33,90,12635,7460,66,29494,0.34,0.66,173281,1555,4847811,3423887,9911
1058,17,37,95,12652,7467,66,29494,0.34,0.66,173556,1543,4858799,3429914,9918
1059,19,38,89,12669,7476,66,29494,0.33,0.66,173599,1556,4874050,3436077,9930
1060,26,44,99,12685,7480,66,29512,0.34,0.67,173651,1559,4892009,3441310,9936
1061,20,41,102,12702,7489,66,29512,0.35,0.67,173799,1561,4909251,3448238,9948
1062,26,50,103,12719,7492,67,29569,0.34,0.67,173976,1544,4917331,3460590,9952
1063,24,43,98,12736,7505,67,29605,0.34,0.67,174079,1564,4931122,3473956,9970
1064,23,62,101,12753,7516,67,29605,0.34,0.67,174331,1565,4955150,3480648,9985
1065,18,57,102,12770,7532,67,29623,0.35,0.67,174516,1577,4966282,3489610,10004
1066,17,64,105,12787,7546,67,29623,0.72,0.67,174736,1576,4988977,3501346,10023
1067,36,89,114,12805,7555,67,29623,0.72,0.67,175010,1562,5018941,3513082,10033
1068,53,92,115,12822,7571,67,29623,0.72,0.67,175179,1578,5033777,3531028,10050
1069,34,81,122,12839,7579,67,29623,0.35,0.67,175291,1583,5045001,3543857,10058
1070,26,84,127,12856,7590,67,29623,0.36,0.67,175548,1585,5057926,3551251,10071
1071,42,95,132,12872,7601,67,29623,0.35,0.67,175834,1581,5071815,3558578,10086
1072,56,107,137,12889,7613,67,29681,0.35,0.67,175934,1596,5092927,3567367,10104
1073,35,93,138,12906,7625,67,29702,0.35,0.67,176121,1600,5109670,3577447,10118
1074,21,60,145,12923,7634,67,29702,0.35,0.67,176275,1604,5124803,3597721,10129
1075,28,49,150,12940,7643,67,29702,0.35,0.68,176419,1607,5143389,3608460,10141
1076,27,45,153,12957,7657,67,29760,0.35,0.68,176717,1605,5155082,3624242,10160
1077,32,45,156,12974,7669,67,29780,0.33,0.68,176859,1614,5162929,3636158,10176
1078,31,37,149,12991,7683,67,29839,0.32,0.68,177174,1617,5173123,3650003,10196
1079,17,32,123,13008,7697,67,29839,0.34,0.68,177384,1624,5188131,3658381,10219
1080,21,34,103,13025,7706,67,29839,0.35,0.68,177709,1609,5201393,3664580,10232
1081,18,25,79,13042,7719,67,29839,0.35,0.68,177886,1621,5217495,3677405,10251
1082,20,27,78,13059,7727,67,29839,0.35,0.68,178138,1609,5228196,3683819,10261
1083,28,44,86,13076,7732,67,29839,0.35,0.68,178381,1592,5248229,3692156,10268
1084,31,46,93,13094,7742,67,29859,0.35,0.68,178537,1600,5276790,3696695,10280
1085,18,42,97,13111,7753,67,29859,0.35,0.68,178741,1586,5294312,3705801,10299
1086,17,37,102,13128,7757,67,29859,0.33,0.68,178835,1586,5317510,3713086,10304
1087,12,35,102,13145,7767,67,29884,0.33,0.68,178928,1588,5343366,3727787,10319
1088,20,30,110,13163,7775,67,29884,0.32,0.68,178955,1597,5353971,3735878,10330
1089,17,28,95,13180,7789,68,29884,0.32,0.69,179026,1619,5383761,3747223,10351
1090,16,32,101,13197,7794,68,29906,0.32,0.69,179181,1617,5403495,3753552,10359
1091,12,44,101,13215,7795,68,29906,0.33,0.69,179362,1599,5421596,3764314,10360
1092,11,53,105,13232,7801,68,29906,0.33,0.69,179540,1590,5436584,3773339,10370
1093,24,63,112,13249,7811,68,29906,0.33,0.69,179613,1598,5457803,3786643,10384
1094,27,70,115,13266,7824,68,29906,0.33,0.69,179814,1616,5479418,3798622,10402
1095,44,90,126,13284,7829,68,29931,0.33,0.69,180062,1602,5507947,3805079,10409
1096,61,102,137,13301,7835,68,29981,0.33,0.69,180247,1599,5519222,3812719,10418
1097,58,106,140,13318,7848,68,30042,0.32,0.69,180402,1605,5560690,3825324,10436
1098,50,111,149,13336,7857,68,30148,0.32,0.69,180583,1609,5587626,3836442,10451
1099,62,124,159,13353,7864,68,30215,0.32,0.69,180734,1612,5608183,3849816,10460
1100,69,131,167,13370,7873,68,30521,0.32,0.69,180806,1626,5624479,3865848,10473
1101,73,142,178,13387,7879,68,30677,0.32,0.69,180983,1620,5642040,3883636,10481
1102,74,136,171,13396,7895,68,30736,0.32,0.69,181287,1628,5646386,3906111,10505
1103,66,133,170,13412,7912,68,30803,0.32,0.70,181878,1623,5657579,3926720,10526
1104,65,137,172,13428,7925,68,30865,0.32,0.70,182107,1630,5679051,3940216,10542
1105,56,133,167,13440,7942,68,31014,0.32,0.70,182336,1645,5695147,3956211,10568
1106,64,136,170,13456,7955,68,31151,0.32,0.70,182755,1637,5722431,3966152,10587
1107,62,141,175,13472,7966,68,31196,0.32,0.70,182979,1639,5743284,3981362,10601
1108,77,119,149,13485,8005,68,31218,0.32,0.70,183367,1694,5756447,4027654,10649
1109,95,127,160,13508,8017,68,31243,0.32,0.70,183631,1697,5776439,4045572,10665
1110,58,112,146,13525,8048,69,31305,0.32,0.70,184280,1714,5810189,4067667,10708
1111,69,122,157,13543,8055,69,31305,0.32,0.70,184847,1671,5840834,4087964,10716
1112,99,134,157,13560,8072,69,31353,0.32,0.70,185213,1677,5852188,4121696,10739
1113,75,149,158,13582,8093,69,31431,0.31,0.70,185990,1661,5875700,4152176,10773
1114,88,141,180,13622,8111,69,31431,0.32,0.70,186813,1630,5922497,4170168,10800
1115,84,123,175,13627,8121,69,31492,0.31,0.70,187222,1620,5924995,4195690,10812
1116,83,119,160,13637,8146,69,31663,0.32,0.70,187586,1653,5936504,4230107,10850
1117,99,144,168,13663,8164,69,31815,0.30,0.71,188263,1623,5957017,4264099,10875
1118,107,146,158,13682,8193,69,31941,0.31,0.71,188640,1641,5986453,4289984,10914
1119,98,135,159,13703,8213,70,31941,0.31,0.71,189337,1633,6017720,4328953,10947
1120,87,121,150,13721,8240,70,31966,0.72,0.71,189896,1649,6047543,4358440,10983
1121,94,128,152,13742,8259,70,32023,0.72,0.71,190563,1642,6066082,4391433,11007
1122,99,134,156,13759,8272,70,32115,0.72,0.71,191183,1620,6084034,4411786,11021
1123,68,130,154,13777,8292,70,32263,0.30,0.71,191634,1630,6100643,4445067,11045
1124,58,97,158,13794,8305,70,32312,0.32,0.71,191954,1636,6124536,4465006,11060
1125,40,80,165,13811,8315,70,32312,0.30,0.71,192282,1635,6141588,4474968,11075
1126,11,68,173,13829,8325,70,32312,0.30,0.71,192606,1627,6166326,4486099,11087
1127,19,50,183,13846,8331,70,32312,0.30,0.71,193163,1598,6181621,4491189,11099
1128,22,38,184,13860,8335,70,32312,0.31,0.71,193181,1608,6191549,4500222,11105
1129,13,32,163,13873,8348,70,32312,0.31,0.71,193419,1609,6210660,4509795,11121
1130,16,31,137,13890,8355,70,32312,0.29,0.71,193530,1608,6225511,4517309,11130
1131,18,40,125,13907,8364,70,32312,0.29,0.72,193662,1610,6240905,4525102,11156
1132,25,63,132,13925,8375,70,32312,0.29,0.72,193817,1609,6263353,4531949,11173
1133,43,79,144,13942,8380,70,32312,0.29,0.72,193974,1602,6274141,4538142,11180
1134,34,68,128,13959,8393,70,32324,0.30,0.72,194016,1615,6296626,4557276,11199
1135,14,53,120,13977,8408,70,32324,0.30,0.72,194184,1625,6337081,4571311,11218
1136,13,57,124,13994,8409,70,32324,0.29,0.72,194329,1609,6366498,4578364,11219
1137,20,69,133,14011,8412,71,32324,0.30,0.72,194452,1599,6391323,4585857,11223
1138,24,97,142,14029,8421,71,32324,0.30,0.72,194538,1610,6412551,4601759,11243
1139,54,110,151,14046,8429,71,32339,0.30,0.72,194716,1609,6434159,4617341,11253
1140,40,88,151,14063,8446,71,32366,0.30,0.72,194882,1612,6444320,4643230,11277
1141,28,77,144,14083,8460,71,32391,0.30,0.72,194957,1633,6469867,4658281,11298
1142,37,84,142,14100,8476,71,32391,0.30,0.72,195366,1623,6493476,4669294,11321
1143,49,103,145,14117,8490,71,32447,0.30,0.72,195601,1613,6518222,4680663,11339
1144,51,92,146,14135,8506,71,32458,0.30,0.72,195793,1626,6533938,4694367,11361
1145,35,71,152,14152,8514,71,32458,0.29,0.73,195996,1621,6566215,4705519,11373
1146,20,61,152,14169,8523,71,32458,0.28,0.73,196104,1633,6579982,4717551,11388
1147,21,49,152,14187,8530,71,32458,0.29,0.73,196349,1621,6593768,4727297,11399
1148,24,42,149,14204,8541,71,32508,0.29,0.73,196583,1630,6638992,4739086,11413
1149,20,37,133,14221,8552,71,32508,0.30,0.73,196774,1625,6670135,4752430,11428
1150,23,44,115,14239,8556,71,32508,0.30,0.73,197066,1613,6711031,4765987,11432
1151,17,39,100,14256,8564,71,32609,0.30,0.73,197361,1608,6742594,4784640,11443
1152,15,55,107,14273,8567,71,32609,0.30,0.73,197516,1604,6760083,4799815,11449
1153,20,70,116,14291,8576,71,32609,0.30,0.73,197694,1608,6801893,4812637,11461
1154,29,100,121,14308,8588,71,32609,0.30,0.73,197797,1621,6832933,4824873,11478
1155,44,94,116,14325,8610,71,32609,0.30,0.73,198038,1634,6862712,4841486,11511
1156,60,98,117,14343,8627,71,32678,0.30,0.73,198274,1646,6908521,4860879,11537
1157,72,110,127,14360,8634,71,32678,0.30,0.73,198716,1624,6934055,4875534,11547
1158,81,113,134,14378,8645,71,32744,0.30,0.73,198875,1631,6969359,4893206,11559
1159,99,133,147,14395,8649,71,32859,0.30,0.74,199198,1616,6990760,4918613,11563
1160,100,135,149,14412,8664,72,32945,0.30,0.74,199581,1619,7015606,4964132,11584
1161,108,136,150,14430,8681,72,33210,0.30,0.74,199987,1628,7041209,5013265,11607
1162,121,143,155,14451,8697,72,33625,0.30,0.74,200691,1615,7070937,5055112,11628
1163,104,133,146,14468,8723,72,34245,0.30,0.74,201326,1632,7102646,5090077,11665
1164,98,125,140,14486,8747,72,34632,0.30,0.74,201884,1637,7141991,5117645,11697
1165,86,135,148,14504,8757,72,34717,0.30,0.74,202219,1624,7182638,5142906,11711
1166,100,141,155,14523,8769,72,34866,0.30,0.74,202500,1623,7207926,5182727,11729
1167,65,139,152,14541,8788,72,35279,0.29,0.74,202871,1647,7226889,5221715,11753
1168,71,138,153,14560,8806,72,35302,0.29,0.74,203555,1639,7244579,5253206,11778
1169,114,142,159,14578,8818,72,35426,0.30,0.74,204131,1612,7275219,5277675,11791
1170,99,109,140,14601,8860,73,35550,0.30,0.74,204358,1699,7293542,5343288,11844
1171,89,117,148,14635,8886,73,35703,0.30,0.74,205822,1643,7330182,5374740,11878
1172,90,114,134,14652,8917,73,35874,0.30,0.75,206445,1662,7357091,5412253,11924
1173,99,120,132,14674,8941,73,35965,0.30,0.75,207113,1652,7386186,5449323,11953
1174,106,125,136,14705,8968,73,36093,0.28,0.75,207718,1659,7406477,5483642,11990
1175,103,120,133,14727,8993,73,36310,0.28,0.75,208326,1653,7436602,5524883,12027
1176,106,129,151,14755,9003,73,36310,0.28,0.75,208812,1642,7459523,5550869,12042
1177,83,105,154,14772,9017,74,36413,0.28,0.75,209613,1638,7476979,5576734,12065
1178,24,63,154,14790,9033,74,36448,0.28,0.75,210336,1647,7497404,5597920,12088
1179,28,63,160,14808,9040,74,36448,0.28,0.75,211240,1631,7529733,5603340,12097
1180,47,73,171,14825,9042,74,36448,0.28,0.75,211576,1612,7550100,5610226,12100
1181,46,63,179,14843,9050,74,36472,0.27,0.76,211717,1626,7576451,5622977,12113
1182,34,59,168,14860,9061,74,36472,0.26,0.76,211932,1640,7592277,5648251,12130
1183,28,49,133,14878,9070,74,36547,0.27,0.76,212392,1630,7606196,5666239,12143
1184,10,40,120,14896,9086,74,36547,0.26,0.76,213376,1641,7620135,5681485,12162
1185,17,30,117,14913,9094,74,36547,0.26,0.76,213801,1619,7632900,5688956,12171
1186,15,36,98,14931,9108,74,36547,0.26,0.76,214118,1622,7647712,5701582,12190
1187,24,46,110,14949,9114,75,36547,0.26,0.76,214484,1613,7663294,5708881,12197
1188,35,60,116,14966,9121,75,36547,0.26,0.76,214801,1602,7680229,5718351,12207
1189,41,73,118,14984,9136,75,36571,0.26,0.76,215023,1619,7696485,5731527,12228
1190,58,88,128,15002,9144,75,36617,0.27,0.77,215233,1625,7711641,5745098,12242
1191,48,89,136,15021,9155,75,36617,0.27,0.77,215533,1631,7753130,5760332,12255
1192,26,68,141,15039,9164,75,36722,0.28,0.77,215800,1635,7772682,5776215,12268
1193,19,55,143,15056,9176,75,36722,0.28,0.77,216156,1638,7794684,5790269,12283
1194,14,34,144,15074,9191,75,36722,0.28,0.77,216535,1649,7814588,5806877,12305
1195,16,40,147,15092,9198,75,36722,0.28,0.77,217211,1626,7856560,5820649,12316
1196,22,39,148,15109,9206,75,36771,0.28,0.77,217861,1611,7898812,5844102,12328
1197,32,60,146,15127,9211,75,36771,0.28,0.77,218565,1597,7915443,5868703,12337
1198,38,79,152,15145,9223,75,36771,0.28,0.77,219054,1611,7935729,5895539,12352
1199,54,90,143,15162,9249,75,36793,0.28,0.77,219376,1665,7944768,5920677,12387
1200,54,90,144,15186,9272,76,36828,0.27,0.78,221092,1631,7963868,5948198,12420
1201,46,98,144,15209,9295,76,36828,0.27,0.78,222134,1609,7984400,5967590,12450
1202,45,102,145,15226,9311,76,36828,0.27,0.78,222769,1604,7998830,5979781,12471
1203,62,116,157,15246,9319,76,36852,0.27,0.78,223663,1574,8030356,5990065,12484
1204,85,127,160,15264,9334,76,36909,0.27,0.78,224046,1588,8048109,6000417,12507
1205,51,100,156,15281,9355,76,36933,0.27,0.78,224561,1608,8067514,6026918,12534
1206,53,78,167,15305,9368,77,37151,0.28,0.78,225924,1575,8088922,6057807,12552
1207,31,63,171,15325,9384,77,37218,0.27,0.78,227041,1571,8115177,6086027,12571
1208,26,66,175,15342,9392,77,37218,0.27,0.78,227948,1550,8136648,6101734,12580
1209,23,52,173,15360,9397,77,37218,0.25,0.79,228539,1539,8161538,6121826,12585
1210,18,47,165,15378,9405,77,37218,0.24,0.79,228891,1544,8177228,6134189,12595
1211,23,43,156,15395,9413,77,37218,0.24,0.79,229186,1544,8203923,6144218,12609
1212,13,32,129,15413,9423,78,37256,0.23,0.79,230019,1538,8223761,6155651,12625
1213,19,43,128,15431,9427,78,37256,0.24,0.79,230569,1522,8245530,6168627,12631
1214,14,39,113,15448,9435,78,37256,0.24,0.79,230823,1532,8271925,6182201,12643
1215,21,52,113,15466,9445,78,37325,0.24,0.79,231493,1529,8293069,6195778,12659
1216,34,77,124,15484,9451,78,37325,0.24,0.79,232104,1520,8319412,6207729,12667
1217,53,85,130,15501,9462,78,37325,0.24,0.79,232265,1537,8330714,6219502,12686
1218,59,81,126,15519,9484,78,37349,0.24,0.80,232673,1558,8347042,6242411,12723
1219,65,79,131,15539,9499,78,37395,0.24,0.80,233690,1530,8374154,6259298,12749
1220,49,64,129,15556,9518,78,37461,0.23,0.80,234551,1531,8399055,6281409,12777
1221,41,78,131,15574,9534,79,37461,0.23,0.80,235684,1519,8422020,6314436,12801
1222,57,96,140,15592,9543,79,37483,0.22,0.80,236768,1503,8453483,6326641,12812
1223,70,111,143,15609,9557,79,37483,0.22,0.80,237168,1528,8484465,6349132,12835
1224,102,119,144,15631,9578,79,37483,0.22,0.80,237996,1550,8517007,6374010,12866
1225,86,125,150,15649,9590,79,37796,0.22,0.80,239428,1509,8534972,6414919,12884
1226,56,102,139,15666,9618,79,37820,0.22,0.80,240078,1562,8549525,6445007,12929
1227,23,63,145,15684,9630,80,37820,0.22,0.81,241813,1537,8593030,6466427,12947
1228,22,57,159,15702,9634,80,37820,0.22,0.81,242970,1480,8612231,6476364,12954
1229,20,43,169,15720,9642,80,37820,0.22,0.81,244421,1419,8633408,6490717,12966
1230,18,35,165,15737,9654,80,37919,0.21,0.81,245192,1410,8675305,6510702,12985
1231,20,36,155,15755,9662,80,37919,0.21,0.81,245774,1390,8695528,6521807,12998
1232,20,35,148,15773,9669,80,37919,0.21,0.81,246280,1373,8727138,6534590,13009
1233,24,46,121,15790,9675,81,37919,0.21,0.81,246936,1349,8747655,6547068,13017
1234,25,46,100,15808,9684,81,38020,0.22,0.81,247232,1352,8773780,6562830,13031
1235,30,47,89,15826,9694,81,38020,0.22,0.81,247684,1355,8790644,6578342,13047
1236,22,42,87,15843,9704,81,38020,0.22,0.82,248471,1359,8810359,6599877,13064
1237,23,42,92,15861,9710,81,38036,0.23,0.82,248888,1351,8830955,6610359,13075
1238,23,41,93,15879,9718,81,38036,0.23,0.82,249896,1338,8870605,6625335,13088
1239,27,41,101,15897,9725,81,38106,0.23,0.82,250128,1343,8905494,6647455,13097
1240,18,39,96,15914,9739,81,38106,0.23,0.82,250840,1353,8926641,6670654,13121
1241,21,47,92,15932,9751,81,38106,0.23,0.82,251615,1353,8991484,6683975,13140
1242,30,80,107,15950,9754,82,38106,0.23,0.82,252382,1325,9011665,6702611,13150
1243,44,87,108,15968,9771,82,38106,0.72,0.82,252857,1345,9027425,6713164,13210
1244,63,88,110,15985,9786,82,38132,0.72,0.82,253118,1349,9057176,6736638,13242
1245,53,90,114,16003,9800,82,38169,0.72,0.82,253721,1362,9091908,6770443,13272
1246,42,85,115,16020,9810,82,38482,0.23,0.83,254407,1353,9135142,6805271,13302
1247,33,59,122,16038,9821,82,38482,0.22,0.83,254873,1351,9161227,6823005,13334
1248,27,58,125,16055,9828,82,38536,0.22,0.83,255241,1339,9196919,6841255,13360
1249,30,63,137,16072,9831,82,38536,0.72,0.83,255432,1332,9230056,6856189,13366
1250,50,94,147,16090,9838,82,38536,0.72,0.83,255481,1350,9253224,6875224,13388
1251,54,100,139,16107,9863,82,38560,0.72,0.83,255752,1366,9287191,6905271,13438
1252,49,70,136,16125,9884,82,38583,0.72,0.83,256171,1365,9326268,6928136,13493
1253,25,52,135,16142,9902,82,38916,0.22,0.83,256617,1378,9350495,6967710,13543
1254,15,44,137,16160,9916,82,38971,0.22,0.83,256973,1381,9385374,7000420,13585
1255,21,37,134,16177,9929,83,39011,0.22,0.83,257719,1363,9397314,7022730,13628
1256,14,37,129,16195,9943,83,39011,0.22,0.83,258276,1358,9439765,7050491,13670
1257,22,46,131,16212,9952,83,39011,0.22,0.83,258655,1343,9458903,7057197,13696
1258,13,46,121,16230,9965,83,39011,0.22,0.83,258733,1368,9485131,7084487,13742
1259,24,59,110,16247,9974,83,39011,0.22,0.83,259228,1343,9498054,7097244,13774
1260,31,71,120,16265,9982,83,39036,0.22,0.84,259416,1341,9533047,7106500,13804
1261,34,75,126,16282,9993,83,39060,0.22,0.84,259603,1341,9572523,7123420,13842
1262,54,87,141,16307,10003,83,39114,0.22,0.84,259743,1352,9592789,7147719,13880
1263,50,87,139,16327,10025,83,39114,0.22,0.84,260200,1356,9614023,7175323,13954
1264,50,78,137,16344,10044,83,39151,0.71,0.84,260391,1376,9657336,7209081,14020
1265,35,62,143,16362,10055,83,39224,0.71,0.84,260850,1367,9701474,7238411,14048
1266,25,50,151,16389,10068,83,39306,0.71,0.84,261275,1361,9745216,7271681,14080
1267,18,44,142,16407,10076,83,39306,0.22,0.84,261653,1347,9771766,7286808,14100
1268,13,34,145,16424,10082,83,39306,0.71,0.84,261738,1354,9806822,7309735,14112
1269,5,33,138,16442,10088,83,39306,0.70,0.84,261898,1352,9852272,7323811,14124
1270,13,30,140,16463,10098,84,39306,0.70,0.84,262420,1347,9899089,7353189,14151
1271,20,38,117,16481,10106,84,39306,0.21,0.84,262683,1349,9920402,7372588,14181
1272,25,45,111,16498,10112,84,39354,0.20,0.84,263128,1332,9946580,7386833,14189
1273,13,33,100,16516,10133,84,39410,0.19,0.85,263249,1374,9985482,7417671,14224
1274,20,36,94,16533,10138,84,39486,0.19,0.85,263750,1346,10032720,7433994,14231
1275,25,41,94,16551,10144,84,39598,0.18,0.85,263995,1346,10061102,7464202,14240
1276,26,44,93,16568,10155,84,39598,0.18,0.85,264225,1352,10083837,7483699,14258
1277,19,45,95,16586,10169,84,39598,0.18,0.85,264474,1366,10120462,7505102,14281
1278,17,45,104,16603,10174,84,39598,0.18,0.85,264821,1337,10137462,7518983,14288
1279,21,41,102,16621,10184,84,39598,0.18,0.85,265001,1342,10160475,7533922,14305
1280,25,48,107,16638,10188,84,39598,0.18,0.85,265097,1335,10187540,7542590,14310
1281,32,63,118,16665,10197,84,39598,0.18,0.85,265161,1353,10252982,7565325,14323
1282,27,61,119,16682,10211,84,40017,0.19,0.85,265512,1354,10277923,7601604,14344
1283,49,82,127,16700,10221,84,40363,0.19,0.85,266046,1331,10314413,7625928,14361
1284,57,85,128,16717,10237,84,40363,0.19,0.85,266886,1351,10356765,7642458,14397
1285,55,92,129,16735,10254,84,40363,0.72,0.85,267178,1350,10402063,7664183,14429
1286,73,100,128,16752,10272,84,40394,0.72,0.86,267485,1350,10420115,7683007,14451
1287,78,110,138,16770,10280,85,40433,0.72,0.86,267790,1328,10444755,7719126,14462
1288,61,100,128,16787,10307,85,40539,0.72,0.86,267992,1358,10487372,7766542,14492
1289,63,95,133,16805,10318,85,40576,0.72,0.86,268356,1358,10513156,7801965,14505
1290,27,64,130,16824,10336,85,40689,0.18,0.86,268732,1374,10560365,7840427,14527
1291,27,53,137,16842,10339,85,40689,0.18,0.86,268997,1360,10587679,7858171,14533
1292,25,57,138,16859,10348,85,40689,0.18,0.86,269376,1359,10609324,7877227,14548
1293,22,63,143,16877,10361,85,40689,0.18,0.86,269561,1376,10643806,7890876,14572
1294,55,87,151,16894,10370,85,40713,0.18,0.86,269701,1382,10678403,7905027,14588
1295,46,86,148,16913,10392,85,40726,0.18,0.86,270002,1415,10706855,7944210,14626
1296,46,106,159,16932,10400,85,40787,0.18,0.86,270653,1377,10750866,7965463,14638
1297,54,117,159,16950,10418,85,40824,0.18,0.86,271121,1393,10784613,7991902,14663
1298,68,127,156,16969,10440,85,40937,0.18,0.86,271519,1420,10804982,8033496,14694
1299,89,121,156,16989,10460,85,41002,0.18,0.87,272427,1402,10843641,8076256,14725
1300,80,108,155,17020,10492,86,41110,0.71,0.87,273078,1425,10876351,8120598,14770
1301,68,92,157,17040,10510,86,41110,0.18,0.87,274095,1382,10906745,8149144,14793
1302,60,78,161,17057,10521,86,41110,0.18,0.87,274457,1373,10928675,8170995,14806
1303,24,43,161,17075,10535,86,41138,0.18,0.87,274816,1370,10955379,8189788,14830
1304,29,43,153,17092,10542,86,41138,0.19,0.87,275239,1332,10984701,8203602,14844
1305,22,46,155,17110,10547,86,41195,0.19,0.87,275388,1327,11024204,8219678,14852
1306,23,40,142,17127,10557,86,41195,0.19,0.87,275464,1344,11045994,8237935,14867
1307,30,43,129,17145,10563,86,41195,0.19,0.87,275692,1342,11070456,8251579,14877
1308,31,45,108,17162,10573,86,41195,0.19,0.87,276146,1335,11091390,8272382,14892
1309,27,48,111,17180,10585,86,41281,0.18,0.87,276378,1335,11118698,8287720,14912
1310,42,69,118,17198,10594,86,41281,0.18,0.87,276568,1330,11166602,8298090,14924
1311,59,83,128,17215,10601,86,41306,0.18,0.87,276754,1324,11209430,8314546,14935
1312,64,91,125,17233,10622,86,41372,0.18,0.88,276882,1361,11251569,8343073,14970
1313,70,94,128,17258,10644,86,41372,0.18,0.88,277358,1355,11277316,8385508,15006
1314,55,81,120,17278,10672,87,41511,0.18,0.88,277842,1376,11306865,8423113,15053
1315,51,84,116,17295,10693,87,41609,0.18,0.88,278186,1390,11342464,8455833,15088
1316,41,77,116,17313,10711,87,41637,0.18,0.88,278808,1372,11394016,8478701,15120
1317,37,73,128,17334,10720,87,41665,0.18,0.88,279275,1345,11432187,8502053,15136
1318,30,58,130,17353,10734,87,41693,0.17,0.88,279549,1345,11489723,8520443,15160
1319,37,58,135,17370,10736,87,41809,0.16,0.88,279756,1333,11525730,8544952,15163
1320,26,40,127,17388,10754,87,41867,0.70,0.88,279984,1348,11567441,8568119,15196
1321,26,42,131,17406,10760,87,41867,0.70,0.88,280562,1328,11618340,8584966,15205
1322,18,38,135,17424,10768,87,41867,0.70,0.88,280823,1324,11671144,8608704,15215
1323,13,27,134,17442,10782,87,41903,0.16,0.88,281426,1287,11710779,8636625,15235
1324,18,36,124,17461,10789,87,41903,0.16,0.88,281827,1258,11754145,8652357,15244
1325,21,45,123,17479,10791,87,41903,0.17,0.89,282001,1235,11785016,8659123,15248
1326,32,63,125,17497,10796,87,41903,0.17,0.89,282241,1235,11818316,8680640,15254
1327,44,73,131,17515,10808,87,41903,0.17,0.89,282365,1250,11877540,8699846,15274
1328,68,96,136,17533,10821,87,41903,0.16,0.89,282451,1273,11907944,8723803,15293
1329,77,104,138,17551,10837,87,41966,0.16,0.89,282660,1283,11938810,8759229,15315
1330,69,109,142,17573,10855,88,42107,0.70,0.89,283038,1282,11974822,8800012,15344
1331,55,88,152,17591,10863,88,42216,0.69,0.89,283654,1245,12012164,8829810,15356
1332,51,74,159,17609,10874,88,42246,0.69,0.89,283961,1230,12037274,8865819,15367
1333,26,60,166,17627,10885,88,42246,0.16,0.89,284908,1181,12104554,8895534,15386
1334,29,54,178,17645,10886,88,42374,0.16,0.89,285571,1111,12164173,8917981,15388
1335,35,43,176,17663,10893,88,42437,0.16,0.89,286029,1087,12197336,8949315,15399
1336,31,40,161,17681,10907,88,42437,0.15,0.89,286345,1094,12247203,8980490,15423
1337,29,47,151,17699,10912,88,42437,0.15,0.89,286552,1082,12299770,9003995,15429
1338,30,55,134,17717,10918,88,42437,0.15,0.90,286797,1071,12340296,9040185,15440
1339,25,52,124,17735,10925,88,42437,0.15,0.90,286921,1079,12384836,9055317,15451
1340,29,45,113,17753,10931,88,42501,0.15,0.90,287168,1076,12434517,9074889,15459
1341,25,53,115,17773,10935,88,42501,0.15,0.90,287390,1069,12486509,9096503,15466
1342,33,48,115,17791,10948,88,42501,0.14,0.90,287471,1087,12520325,9125271,15489
1343,34,51,112,17809,10958,88,42528,0.14,0.90,287890,1073,12575829,9146982,15504
1344,38,55,114,17827,10967,88,42528,0.14,0.90,288160,1076,12604015,9185841,15521
1345,33,48,101,17845,10983,89,42657,0.14,0.90,288518,1088,12637353,9224200,15546
1346,18,40,85,17863,11002,89,42686,0.14,0.90,288764,1104,12655879,9253358,15576
1347,11,38,87,17881,11012,89,42686,0.14,0.90,289289,1078,12703663,9275694,15592
1348,17,28,84,17899,11023,89,42686,0.14,0.90,289578,1078,12725834,9296439,15608
1349,17,32,86,17917,11033,89,42686,0.14,0.90,289808,1078,12773067,9308237,15625
1350,20,31,84,17935,11046,89,42686,0.14,0.90,289911,1092,12806252,9326711,15646
1351,30,42,90,17953,11053,89,42815,0.14,0.91,290171,1079,12858947,9357669,15656
1352,29,41,96,17972,11061,89,42828,0.15,0.91,290331,1081,12888272,9386141,15671
1353,23,48,84,17990,11070,89,42893,0.15,0.91,290731,1077,12912111,9413311,15688
1354,11,42,85,18008,11083,89,42893,0.15,0.91,291042,1088,12966625,9434052,15711
1355,11,36,84,18026,11097,89,42893,0.15,0.91,291425,1092,13008115,9451978,15730
1356,18,34,93,18044,11105,89,42893,0.16,0.91,291674,1089,13055889,9466919,15744
1357,16,45,103,18062,11111,89,42893,0.16,0.91,291954,1080,13099798,9481331,15753
1358,34,59,113,18080,11119,89,42893,0.72,0.91,292125,1078,13124257,9493507,15775
1359,42,78,122,18098,11128,89,42893,0.72,0.91,292280,1084,13154270,9514767,15785
1360,30,69,118,18116,11143,89,42893,0.72,0.91,292347,1102,13190141,9540372,15804
1361,31,56,126,18134,11150,89,42958,0.15,0.91,292642,1090,13236859,9563317,15814
1362,28,41,123,18153,11163,89,42989,0.15,0.91,292799,1101,13276812,9585680,15834
1363,20,34,121,18171,11181,89,42989,0.41,0.91,293126,1119,13304569,9626936,15860
1364,23,36,115,18189,11187,89,42989,0.41,0.92,293272,1115,13350923,9637466,15868
1365,25,37,100,18207,11197,90,43020,0.41,0.92,293761,1093,13386646,9666987,15886
1366,22,37,89,18225,11207,90,43020,0.15,0.92,294033,1083,13424026,9693730,15901
1367,35,46,91,18243,11216,90,43020,0.33,0.92,294338,1073,13450728,9718783,15914
1368,31,48,86,18261,11229,90,43020,0.33,0.92,294390,1101,13491780,9748234,15935
1369,21,44,82,18279,11247,90,43020,0.33,0.92,294851,1101,13537049,9776513,15956
1370,23,51,94,18298,11253,90,43020,0.33,0.92,295146,1081,13573506,9794447,15967
1371,26,53,89,18316,11258,90,43020,0.15,0.92,295410,1079,13597821,9809618,15974
1372,28,47,91,18334,11271,90,43020,0.15,0.92,295519,1101,13644267,9835647,15994
1373,23,57,95,18352,11284,90,43020,0.15,0.92,295989,1086,13669470,9852139,16014
1374,32,57,95,18370,11302,90,43020,0.15,0.92,296258,1092,13701522,9869720,16043
1375,39,64,93,18388,11322,90,43062,0.15,0.92,296541,1091,13764580,9888998,16078
1376,68,88,114,18418,11331,90,43097,0.15,0.92,296782,1076,13891786,9929253,16092
1377,75,93,120,18436,11343,90,43238,0.15,0.93,296994,1080,13926210,9989449,16114
1378,71,96,121,18455,11361,92,44498,0.15,0.93,306547,1092,13951309,10052747,16156
1379,47,83,119,18473,11381,92,44498,0.13,0.93,307003,1095,13998867,10110250,16192
1380,35,72,126,18491,11392,92,44498,0.13,0.93,307260,1096,14072788,10148543,16210
1381,19,61,126,18511,11408,92,44498,0.14,0.93,307470,1110,14106167,10200055,16234
1382,25,59,123,18529,11419,92,44498,0.13,0.93,308009,1093,14131800,10223786,16252
1383,10,48,120,18547,11436,92,44498,0.13,0.93,308359,1103,14168864,10241001,16280
1384,25,70,129,18566,11446,92,44498,0.13,0.93,308850,1071,14235664,10255305,16306
1385,33,92,139,18584,11454,92,44498,0.13,0.93,308946,1073,14283079,10265556,16315
1386,47,88,154,18602,11457,92,44530,0.13,0.93,309057,1060,14321676,10282878,16321
1387,28,59,154,18620,11471,92,44679,0.13,0.93,309099,1086,14363765,10318236,16345
1388,28,55,157,18640,11478,92,44679,0.13,0.93,309188,1093,14410793,10341439,16355
1389,21,51,152,18658,11492,92,44711,0.13,0.93,309486,1093,14451072,10374330,16379
1390,28,54,160,18676,11502,93,44739,0.13,0.94,309781,1089,14493293,10398058,16396
1391,39,59,172,18695,11506,93,44812,0.13,0.94,310064,1079,14536630,10427370,16404
1392,40,54,169,18713,11518,93,44826,0.13,0.94,310333,1093,14574768,10460163,16424
1393,42,53,163,18732,11527,93,44826,0.13,0.94,310832,1091,14603279,10485267,16438
1394,37,62,131,18750,11542,93,44826,0.13,0.94,311116,1097,14650475,10513739,16465
1395,48,74,135,18768,11556,93,44826,0.13,0.94,311452,1091,14698271,10534671,16486
1396,63,85,141,18787,11569,93,44920,0.13,0.94,311636,1092,14753521,10554954,16508
1397,73,89,144,18805,11584,93,45150,0.13,0.94,311942,1089,14800851,10582813,16532
1398,71,104,151,18823,11594,93,45584,0.13,0.94,312159,1081,14837439,10620398,16550
1399,80,113,159,18841,11603,93,45817,0.13,0.94,312578,1075,14875233,10671108,16566
1400,85,114,160,18859,11620,93,46073,0.13,0.94,312914,1099,14920271,10711067,16594
1401,82,115,160,18877,11638,93,46437,0.13,0.94,313407,1109,14981160,10747774,16621
1402,90,126,170,18896,11647,93,46748,0.13,0.94,313779,1092,15018441,10779751,16635
1403,90,134,175,18914,11660,93,46999,0.13,0.95,314013,1103,15048101,10821005,16653
1404,95,137,173,18932,11680,93,47408,0.13,0.95,314257,1127,15084816,10857461,16687
1405,96,134,170,18950,11701,94,48081,0.12,0.95,314989,1124,15116809,10906326,16728
1406,82,127,166,18968,11720,94,48260,0.12,0.95,315489,1121,15159195,10949859,16757
1407,89,138,169,19001,11745,94,48288,0.12,0.95,315993,1118,15209259,11005071,16791
1408,94,146,177,19019,11755,94,48395,0.12,0.95,316571,1096,15286323,11041825,16807
1409,99,148,179,19037,11771,94,48604,0.12,0.95,316803,1118,15326819,11071491,16835
1410,94,148,178,19055,11790,94,49051,0.12,0.95,317321,1125,15370874,11103511,16865
1411,98,136,180,19073,11806,94,49212,0.12,0.95,317971,1117,15415001,11149369,16892
1412,87,124,192,19096,11817,94,49470,0.12,0.95,318324,1114,15473389,11205063,16909
1413,48,88,187,19110,11836,94,49470,0.12,0.95,318787,1117,15504696,11242431,16940
1414,46,71,201,19127,11839,94,49502,0.12,0.95,319303,1085,15553016,11261391,16946
1415,36,55,197,19139,11846,94,49502,0.12,0.95,319492,1084,15573554,11282031,16956
1416,27,53,195,19153,11860,94,49502,0.11,0.96,319643,1108,15595516,11308136,16979
1417,17,47,180,19168,11874,94,49533,0.11,0.96,319942,1111,15643212,11336702,16999
1418,7,33,157,19186,11886,94,49693,0.11,0.96,320338,1094,15687681,11359806,17019
1419,22,39,144,19204,11890,94,49693,0.10,0.96,320508,1089,15721419,11386407,17025
1420,25,37,105,19222,11905,95,49693,0.09,0.96,320722,1103,15751891,11413105,17052
1421,18,37,99,19241,11913,95,49722,0.09,0.96,320920,1102,15806989,11436066,17063
1422,30,40,106,19259,11916,95,49722,0.09,0.96,321224,1082,15856894,11450527,17068
1423,20,42,96,19277,11928,95,49722,0.11,0.96,321296,1100,15912109,11472499,17086
1424,26,41,108,19295,11934,95,49790,0.11,0.96,321463,1096,15979104,11502601,17098
1425,31,39,99,19313,11945,95,49790,0.11,0.96,321667,1100,16005048,11532884,17117
1426,21,39,97,19332,11958,95,49790,0.11,0.96,321848,1119,16041634,11567396,17139
1427,27,41,98,19350,11972,95,49790,0.11,0.96,322338,1101,16076206,11586457,17160
1428,36,56,106,19368,11977,95,49790,0.10,0.97,322573,1081,16132333,11598320,17168
1429,38,48,104,19386,11992,95,49876,0.10,0.97,322632,1115,16169257,11629612,17196
1430,39,45,101,19405,12007,95,50194,0.09,0.97,322968,1119,16219377,11681746,17221
1431,28,43,93,19423,12028,95,50194,0.09,0.97,323474,1118,16257220,11710537,17253
1432,48,57,97,19442,12043,95,50208,0.09,0.97,323820,1111,16282491,11740109,17278
1433,43,59,91,19460,12067,95,50269,0.09,0.97,324202,1123,16301190,11759544,17310
1434,40,56,92,19479,12082,95,50471,0.08,0.97,324465,1121,16331703,11789378,17330
1435,20,49,83,19497,12096,95,50471,0.09,0.97,324604,1129,16388790,11823031,17353
1436,16,33,86,19515,12107,95,50471,0.09,0.97,325047,1106,16416651,11848397,17370
1437,13,33,92,19533,12113,95,50471,0.09,0.97,325197,1099,16494113,11871109,17381
1438,21,32,100,19552,12118,95,50471,0.09,0.97,325385,1096,16528478,11905105,17389
1439,22,30,96,19570,12132,95,50471,0.09,0.97,325491,1120,16564694,11927350,17410
1440,18,34,99,19588,12137,95,50471,0.09,0.97,325774,1113,16637804,11944572,17419
1441,16,34,96,19606,12145,95,50635,0.09,0.98,326056,1102,16681716,11968218,17431
1442,27,55,111,19625,12149,96,50635,0.09,0.98,326286,1096,16733240,11991355,17442
1443,30,62,116,19643,12162,96,50674,0.09,0.98,326434,1113,16784835,12018653,17462
1444,41,74,124,19661,12172,96,50763,0.09,0.98,326714,1112,16833235,12057798,17478
1445,60,98,133,19682,12184,96,50797,0.09,0.98,327003,1114,16871834,12094516,17499
1446,72,101,134,19700,12201,96,50797,0.09,0.98,327493,1114,16924331,12118828,17525
1447,68,95,127,19718,12225,96,50811,0.09,0.98,327737,1140,16945019,12159594,17563
1448,59,90,124,19736,12246,96,50905,0.09,0.98,328072,1147,16987534,12201380,17595
1449,72,105,138,19755,12251,96,51194,0.09,0.98,328654,1108,17032187,12242127,17601
1450,63,106,139,19773,12268,96,51299,0.09,0.98,328903,1130,17102985,12288209,17627
1451,77,113,146,19791,12279,96,51543,0.09,0.98,329494,1107,17130771,12335532,17642
1452,71,109,141,19810,12302,96,51707,0.09,0.98,329884,1142,17173890,12371362,17682
1453,84,120,152,19828,12309,96,52074,0.09,0.99,330173,1129,17214002,12416023,17695
1454,77,119,153,19846,12326,96,52336,0.09,0.99,330458,1145,17273688,12452857,17723
1455,86,131,160,19864,12337,96,52816,0.09,0.99,331118,1115,17315839,12474592,17741
1456,95,139,168,19883,12348,96,53171,0.09,0.99,331372,1128,17375623,12514171,17758
1457,99,145,173,19901,12360,96,53737,0.09,0.99,331535,1147,17414983,12550888,17779
1458,108,153,182,19919,12369,97,54271,0.09,0.99,332026,1141,17453566,12581475,17799
1459,84,120,176,19938,12394,97,54402,0.09,0.99,332705,1158,17482800,12614616,17843
1460,44,81,169,19958,12410,97,54492,0.09,0.99,333602,1127,17557910,12654627,17866
1461,18,64,173,19976,12417,97,54507,0.09,0.99,334058,1110,17633928,12677626,17879
1462,19,55,180,19995,12425,97,54507,0.09,0.99,334150,1115,17689636,12707501,17893
1463,23,44,181,20013,12439,97,54507,0.09,0.99,334270,1132,17736224,12762893,17918
1464,22,41,175,20031,12449,97,54507,0.08,0.99,334363,1144,17772378,12788155,17934
1465,23,35,156,20049,12462,97,54507,0.08,0.99,334765,1132,17808006,12811843,17956
1466,17,32,133,20068,12478,97,54572,0.08,1.00,335025,1147,17840796,12838366,17981
1467,12,22,101,20086,12495,97,54572,0.08,1.00,335304,1150,17875343,12862728,18009
1468,20,30,98,20104,12500,97,54572,0.08,1.00,335610,1125,17931331,12882646,18017
1469,19,32,95,20124,12507,97,54572,0.08,1.00,335781,1124,18006364,12904733,18028
1470,21,31,95,20142,12516,97,54572,0.08,1.00,335915,1128,18052015,12924663,18044
1471,17,31,91,20160,12526,97,54572,0.08,1.00,336074,1136,18093459,12947133,18060
1472,22,45,98,20179,12532,97,54572,0.08,1.00,336298,1126,18153674,12965230,18069
1473,50,64,110,20197,12537,97,54572,0.72,1.00,336522,1114,18181082,12985507,18075
1474,59,76,114,20215,12550,97,54587,0.72,1.00,336583,1133,18210682,13009598,18088
1475,38,71,110,20234,12572,97,54587,0.72,1.00,336801,1157,18257901,13042312,18116
1476,23,44,110,20252,12585,97,54587,0.08,1.00,337001,1163,18330580,13089482,18132
1477,15,41,104,20270,12600,97,54587,0.08,1.00,337352,1151,18398536,13116822,18153
1478,25,63,113,20289,12605,98,54587,0.08,1.00,337695,1127,18452562,13135983,18164
1479,43,81,121,20307,12615,98,54587,0.08,1.00,337887,1126,18483434,13163572,18179
1480,62,87,122,20325,12632,98,54667,0.07,1.00,338091,1144,18551541,13194380,18207
1481,63,91,122,20344,12651,98,54782,0.07,1.00,338329,1152,18580429,13238389,18235
1482,77,95,124,20362,12667,98,54851,0.07,1.00,338596,1147,18639774,13290244,18258
1483,41,82,124,20381,12686,98,55025,0.07,1.00,339017,1153,18704980,13351949,18285
1484,26,66,127,20399,12701,98,55102,0.07,1.00,339451,1161,18744059,13372679,18307
1485,18,35,130,20417,12716,98,55135,0.07,1.00,340129,1152,18776983,13406658,18328
1486,10,32,129,20436,12729,98,55135,0.06,1.00,340600,1143,18811016,13431740,18349
1487,17,41,144,20470,12740,98,55135,0.05,1.00,340780,1149,18893157,13462610,18367
1488,17,31,133,20488,12755,98,55135,0.04,1.00,341076,1142,18946129,13487872,18391
1489,15,44,136,20507,12760,98,55135,0.04,1.00,341332,1127,18992663,13511063,18399
1490,14,39,141,20525,12773,98,55135,0.04,1.00,341575,1137,19038927,13531459,18419
1491,19,52,148,20543,12780,98,55135,0.04,1.00,341752,1135,19090021,13552795,18431
1492,44,76,162,20566,12789,99,55135,0.04,1.00,349343,1134,19144933,13573600,18449
1493,49,83,165,20584,12804,99,55135,0.04,1.00,349509,1145,19204812,13598796,18473
1494,52,88,164,20603,12813,100,55168,0.04,1.00,349744,1129,19261683,13620730,18489
1495,43,68,146,20625,12831,100,55168,0.05,1.00,349841,1164,19340863,13698367,18518
1496,30,54,142,20643,12839,100,55241,0.05,1.00,350152,1157,19369743,13735052,18529
1497,32,56,144,20662,12850,100,55256,0.06,1.00,350461,1159,19428956,13779994,18547
1498,31,49,133,20680,12870,100,55256,0.06,1.00,350849,1178,19484859,13806662,18578
1499,26,49,121,20699,12883,100,55256,0.06,1.00,350940,1196,19525616,13828929,18600
