t,visible,near600,alive,spawned,killed,level,hit_damage,memory,erasure_global,xp_gained,xp_orbs,spawned_hp,damage_dealt,essence_gained
1,0,0,0,0,0,1,0,0.99,0.00,0,0,0,0,0
2,0,0,0,0,0,1,0,0.98,0.00,0,0,0,0,0
3,0,0,0,0,0,1,0,0.97,0.00,0,0,0,0,0
4,0,0,0,0,0,1,0,0.96,0.00,0,0,0,0,0
5,0,0,0,0,0,1,0,0.95,0.00,0,0,0,0,0
6,0,0,0,0,0,1,0,0.94,0.00,0,0,0,0,0
7,0,0,0,0,0,1,0,0.94,0.00,0,0,0,0,0
8,0,0,0,0,0,1,0,0.93,0.00,0,0,0,0,0
9,1,5,5,5,0,1,0,0.93,0.00,0,0,909,0,0
10,5,5,5,5,0,1,0,0.92,0.00,0,0,909,0,0
11,5,5,5,5,0,1,0,0.92,0.00,0,0,909,0,0
12,0,4,6,6,0,1,0,0.92,0.01,0,0,954,0,0
13,0,5,10,10,0,1,0,0.92,0.01,0,0,1137,0,0
14,0,0,10,10,0,1,0,0.92,0.01,0,0,1137,0,0
15,5,6,16,16,0,1,0,0.92,0.01,0,0,1397,0,0
16,6,7,17,17,0,1,0,0.91,0.01,0,0,1420,0,0
17,3,7,13,17,0,1,5,0.91,0.01,0,0,1420,19,0
18,1,4,12,17,1,1,5,0.90,0.01,0,1,1420,29,1
19,1,5,13,18,1,1,5,0.90,0.01,0,1,1443,29,1
20,2,5,13,18,1,1,5,0.90,0.01,0,1,1443,29,1
21,2,7,13,18,1,1,5,0.90,0.01,0,1,1443,38,1
22,2,6,12,18,2,1,5,0.91,0.01,0,2,1443,58,2
23,3,7,12,19,2,1,5,0.90,0.01,0,2,1466,67,2
24,5,7,12,19,2,1,5,0.90,0.01,0,2,1466,86,2
25,7,8,13,21,3,1,5,0.90,0.01,0,4,1513,106,25
26,8,9,14,22,3,1,26,0.90,0.01,16,2,1605,115,25
27,7,8,13,22,4,1,58,0.90,0.01,16,4,1605,134,26
28,2,6,14,23,4,1,58,0.90,0.01,32,2,1644,144,26
29,2,7,20,29,4,1,58,0.90,0.01,32,2,1971,154,26
30,8,8,22,31,4,1,58,0.91,0.01,32,2,2022,163,26
31,7,7,18,32,4,1,58,0.91,0.01,32,2,2115,173,26
32,6,9,20,34,4,1,69,0.91,0.01,32,2,2302,192,26
33,7,9,16,35,4,1,69,0.90,0.01,32,2,2325,202,26
34,5,6,15,37,4,1,89,0.91,0.02,32,2,2606,211,26
35,4,9,19,42,4,1,89,0.91,0.02,32,2,3448,221,26
36,6,10,21,45,4,1,89,0.90,0.02,32,2,3659,230,26
37,7,10,21,45,4,1,89,0.90,0.02,32,2,3659,250,33
38,7,12,23,47,4,1,89,0.90,0.02,32,2,3792,259,33
39,7,12,23,47,4,1,89,0.90,0.02,32,2,3792,278,33
40,9,12,23,47,4,1,130,0.90,0.02,32,2,3792,298,33
41,5,10,22,48,4,1,130,0.90,0.02,32,2,3886,307,33
42,6,10,22,49,4,1,130,0.90,0.02,32,2,3909,317,33
43,7,10,22,49,4,1,130,0.90,0.02,32,2,3909,326,33
44,7,11,23,50,4,1,130,0.90,0.02,32,2,3949,326,33
45,8,14,23,50,4,1,130,0.90,0.02,32,2,3949,326,73
46,10,13,23,50,4,1,153,0.90,0.02,32,2,3949,346,73
47,5,11,23,51,4,1,174,0.89,0.02,32,2,4044,365,73
48,4,13,22,51,4,1,174,0.89,0.02,32,2,4044,374,73
49,4,14,23,52,4,1,174,0.89,0.02,32,2,4083,374,83
50,5,15,24,53,4,1,174,0.89,0.02,32,2,4107,394,83
51,5,15,24,53,4,1,174,0.89,0.02,32,2,4107,413,83
52,2,11,23,54,4,1,174,0.89,0.02,32,2,4202,422,83
53,2,11,27,60,4,1,174,0.88,0.02,32,2,4553,442,83
54,8,14,30,66,4,1,174,0.88,0.02,32,2,5381,442,83
55,12,13,30,68,4,1,174,0.88,0.02,32,2,5429,461,83
56,12,14,29,71,4,1,174,0.88,0.03,32,2,5578,480,83
57,4,15,29,73,4,1,174,0.89,0.03,32,2,5698,490,83
58,2,11,31,79,4,1,174,0.89,0.03,32,2,5914,509,83
59,5,13,34,85,4,1,185,0.89,0.03,32,2,6106,528,83
60,4,17,34,86,5,2,185,0.89,0.03,40,3,6130,538,84
61,5,17,33,86,5,2,195,0.89,0.03,48,2,6130,538,84
62,5,15,34,87,5,2,206,0.89,0.03,48,2,6154,538,84
63,3,12,33,90,7,2,206,0.88,0.03,48,6,6299,617,86
64,5,17,34,91,7,2,206,0.88,0.03,64,4,6348,617,86
65,9,26,34,91,7,2,206,0.89,0.03,64,4,6348,617,86
66,21,25,33,91,8,2,217,0.88,0.03,64,6,6348,666,87
67,16,20,33,92,9,2,258,0.88,0.03,64,8,6388,736,88
68,5,19,33,92,9,2,258,0.89,0.03,64,8,6388,785,88
69,2,12,34,93,9,2,258,0.89,0.03,64,8,6518,824,88
70,5,5,39,99,10,2,258,0.89,0.03,64,10,6972,864,89
71,5,8,42,102,10,2,258,0.89,0.03,64,10,7321,864,89
72,6,20,48,110,10,2,258,0.90,0.03,64,10,8378,874,89
73,6,20,48,111,11,2,258,0.90,0.03,64,12,8475,998,100
74,8,18,48,111,11,2,258,0.90,0.03,64,12,8475,1082,100
75,10,16,46,112,12,2,368,0.90,0.03,64,15,8573,1237,101
76,9,16,46,112,12,2,368,0.90,0.03,85,12,8573,1396,101
77,9,22,47,113,12,2,368,0.90,0.03,85,12,8671,1415,101
78,10,27,47,113,12,2,368,0.90,0.04,85,12,8671,1615,101
79,10,24,48,114,12,2,368,0.90,0.04,85,12,8701,1804,101
80,0,12,51,118,13,2,368,0.90,0.04,85,15,8878,1979,102
81,12,21,62,130,13,2,368,0.90,0.04,85,15,9671,1979,102
82,10,22,62,132,14,2,368,0.90,0.04,85,17,9795,2118,103
83,8,21,61,133,16,2,368,0.90,0.04,96,19,9824,2182,105
84,14,20,64,136,16,2,368,0.90,0.04,118,15,9914,2192,105
85,16,25,64,139,16,2,368,0.90,0.04,118,15,9998,2241,105
86,13,21,60,139,20,2,368,0.90,0.04,118,20,9998,2386,109
87,12,22,59,140,22,3,380,0.90,0.04,155,18,10022,2572,111
88,13,20,60,141,22,3,380,0.90,0.04,165,16,10047,2581,111
89,8,12,58,141,24,3,380,0.89,0.04,174,18,10047,2641,113
90,5,13,72,155,24,3,380,0.89,0.04,174,18,11058,2641,113
91,9,18,74,164,26,3,380,0.89,0.04,174,20,11556,2711,115
92,14,22,78,169,26,3,380,0.89,0.04,183,19,12255,2720,115
93,9,18,73,170,32,3,380,0.89,0.04,183,25,12455,2918,121
94,12,24,76,173,32,3,380,0.89,0.04,226,20,12605,2980,121
95,13,21,74,173,34,3,391,0.89,0.04,226,24,12605,3166,123
96,12,24,82,185,35,3,398,0.89,0.04,237,24,12961,3307,124
97,11,23,76,185,40,3,404,0.89,0.04,248,28,12961,3544,129
98,13,19,75,186,42,4,411,0.89,0.04,438,25,13011,3614,136
99,12,15,75,195,43,4,411,0.89,0.04,447,26,13630,3663,137
100,8,18,77,204,44,4,411,0.88,0.05,447,28,14200,3736,138
101,15,23,84,216,45,4,411,0.88,0.05,447,30,14923,3769,139
102,15,20,72,222,46,4,411,0.87,0.05,447,32,15553,3863,140
103,18,26,67,236,47,4,422,0.87,0.05,447,34,16235,3959,141
104,11,22,61,246,49,4,439,0.88,0.05,447,38,16665,4128,143
105,14,22,58,257,53,4,439,0.89,0.05,447,42,17522,4271,147
106,13,23,54,261,54,4,445,0.89,0.05,447,43,17639,4346,148
107,15,27,56,264,55,4,445,0.89,0.05,464,42,17720,4356,149
108,19,30,56,265,56,4,456,0.89,0.05,464,43,17746,4396,150
109,18,22,51,266,57,4,478,0.89,0.05,464,44,17771,4548,151
110,9,22,58,280,60,4,478,0.89,0.05,464,50,18460,4631,154
111,11,23,60,293,60,4,478,0.89,0.05,464,50,19137,4640,154
112,16,28,57,301,62,4,478,0.88,0.05,464,54,19392,4780,156
113,20,27,53,304,63,4,478,0.88,0.05,464,56,19698,4846,157
114,18,27,45,308,64,4,485,0.86,0.05,464,58,19826,4981,158
115,11,20,46,315,65,4,485,0.86,0.05,464,60,20075,5049,159
116,9,23,54,325,66,4,485,0.88,0.05,464,62,21083,5125,160
117,7,21,56,331,67,4,485,0.89,0.05,464,63,21391,5157,161
118,9,18,60,341,68,4,507,0.88,0.05,464,65,21761,5283,162
119,13,20,71,358,69,4,507,0.88,0.05,464,68,22469,5342,163
120,20,29,72,371,71,4,513,0.87,0.05,464,71,23216,5425,165
121,9,22,69,378,77,4,535,0.87,0.06,464,82,23525,5637,171
122,6,24,72,381,77,5,535,0.86,0.06,514,76,23608,5668,171
123,6,28,75,386,79,5,535,0.86,0.06,514,79,23742,5791,173
124,17,29,73,386,81,5,535,0.86,0.06,534,80,23742,5852,186
125,16,28,71,387,84,5,557,0.86,0.06,543,83,23846,6085,189
126,19,27,68,390,87,5,557,0.86,0.06,582,81,24012,6190,192
127,19,28,61,396,89,5,585,0.86,0.06,591,82,24334,6309,194
128,21,25,59,400,89,5,585,0.86,0.06,591,82,24749,6353,194
129,20,25,57,400,91,5,585,0.86,0.06,591,86,24749,6449,196
130,19,28,55,401,94,5,585,0.86,0.06,631,84,24854,6526,199
131,18,23,55,403,96,5,585,0.86,0.06,657,83,24916,6597,201
132,9,28,64,415,98,5,695,0.86,0.06,657,87,25699,6964,203
133,18,28,71,426,98,5,695,0.86,0.06,657,87,26410,7012,203
134,19,31,67,432,100,5,783,0.86,0.06,657,90,26964,7169,205
135,18,29,62,437,101,5,806,0.86,0.06,657,93,27341,7427,206
136,27,33,62,441,102,5,806,0.86,0.06,672,93,27530,7580,207
137,27,33,62,442,103,5,839,0.86,0.06,704,92,27635,7723,208
138,22,28,61,444,106,5,845,0.86,0.06,728,93,27698,7873,226
139,19,24,59,450,108,6,845,0.87,0.06,784,93,28019,7975,228
140,15,22,56,458,108,6,845,0.87,0.06,784,93,28657,7997,228
141,15,25,62,469,109,6,867,0.87,0.06,784,94,29310,8067,229
142,12,27,65,478,109,6,956,0.87,0.06,784,94,29891,8377,229
143,14,32,66,484,109,6,956,0.87,0.07,784,94,30314,8456,229
144,17,30,62,484,112,6,956,0.87,0.07,784,102,30314,8629,232
145,26,38,62,485,113,6,956,0.87,0.07,799,103,30367,8638,233
146,28,34,58,486,118,6,990,0.87,0.07,844,103,30473,8919,238
147,25,31,55,488,123,6,1036,0.87,0.07,901,101,30526,9062,243
148,24,32,55,489,124,6,1058,0.87,0.07,951,96,30632,9117,244
149,21,32,52,493,129,6,1110,0.87,0.07,1004,95,31005,9350,249
150,22,33,53,497,132,7,1161,0.87,0.07,1039,94,31378,9476,252
151,26,33,52,497,133,7,1183,0.87,0.07,1039,97,31378,9697,253
152,26,33,52,500,136,7,1284,0.87,0.07,1084,100,31698,9912,256
153,26,35,54,503,137,7,1418,0.87,0.07,1151,94,31912,9968,257
154,30,34,53,503,138,7,1570,0.87,0.07,1173,94,31912,10136,258
155,30,34,52,505,140,7,1645,0.87,0.07,1210,95,32019,10295,260
156,28,33,51,507,143,7,1726,0.87,0.07,1229,98,32073,10404,263
157,30,34,51,508,144,7,1837,0.87,0.07,1260,96,32099,10520,264
158,28,30,51,508,144,7,1873,0.87,0.07,1271,94,32099,10646,264
159,27,34,53,511,145,7,1963,0.87,0.07,1271,96,32180,10903,265
160,19,34,51,511,147,7,1986,0.87,0.07,1280,99,32180,10962,267
161,15,26,53,514,148,7,1997,0.86,0.07,1280,101,32266,11035,268
162,17,28,66,527,148,7,1997,0.86,0.07,1314,97,32990,11103,268
163,12,33,68,535,149,7,2003,0.86,0.07,1314,98,33552,11281,269
164,10,26,67,542,153,7,2026,0.86,0.08,1323,101,34310,11457,273
165,16,23,72,555,153,7,2116,0.86,0.08,1323,101,35084,11769,273
166,20,30,67,564,153,7,2162,0.86,0.08,1323,101,35356,11840,273
167,15,26,65,571,155,7,2162,0.86,0.08,1323,105,35714,12073,275
168,10,27,70,583,158,7,2162,0.86,0.08,1323,111,36894,12199,278
169,9,29,73,596,159,7,2162,0.86,0.08,1323,114,37966,12355,279
170,12,31,78,604,159,7,2162,0.86,0.08,1323,114,38393,12374,279
171,16,30,80,616,162,7,2223,0.86,0.08,1323,120,38949,12725,282
172,19,28,77,627,163,7,2223,0.86,0.08,1340,120,39714,12784,283
173,15,32,74,638,164,8,2223,0.87,0.08,1365,119,40180,12924,284
174,17,34,72,646,166,8,2223,0.84,0.08,1365,123,40469,13032,286
175,10,27,73,654,167,8,2223,0.84,0.08,1365,125,40797,13254,287
176,10,29,81,666,170,8,2223,0.85,0.08,1365,131,41319,13317,290
177,22,56,99,685,171,8,2238,0.85,0.08,1382,131,42362,13411,291
178,30,63,97,686,174,8,2246,0.84,0.08,1393,135,42417,13549,294
179,43,66,95,686,176,8,2292,0.84,0.08,1405,137,42417,13846,296
180,44,69,93,687,179,8,2345,0.84,0.08,1445,137,42444,14097,299
181,63,70,89,687,183,8,2368,0.84,0.08,1488,140,42444,14424,303
182,59,65,84,688,189,8,2397,0.84,0.08,1633,133,42485,14634,309
183,55,59,81,688,192,8,2397,0.84,0.08,1677,132,42485,14789,312
184,48,56,76,689,198,8,2440,0.84,0.09,1723,136,42531,15134,318
185,51,53,75,690,199,9,2465,0.85,0.09,1775,132,42558,15204,319
186,31,37,59,690,206,9,2465,0.85,0.09,1792,138,42558,15427,326
187,10,24,57,696,208,9,2473,0.85,0.09,1792,142,42855,15531,328
188,35,48,61,700,208,9,2473,0.85,0.09,1792,142,42966,15540,328
189,44,50,58,701,212,9,2580,0.85,0.09,1844,144,42994,15826,332
190,31,37,45,701,225,9,2697,0.85,0.09,1943,156,42994,16258,345
191,29,33,47,703,225,9,2697,0.86,0.09,1980,151,43050,16321,345
192,15,27,51,709,227,9,2697,0.86,0.09,2005,152,43496,16393,347
193,22,28,63,723,229,9,2697,0.85,0.09,2005,156,44151,16536,349
194,22,34,76,738,231,9,2710,0.85,0.09,2005,160,44979,16631,351
195,33,36,81,745,232,9,2725,0.85,0.09,2005,162,45372,16881,352
196,33,37,80,746,233,9,2733,0.84,0.09,2022,162,45484,16944,353
197,27,35,80,754,239,9,2826,0.85,0.09,2040,168,46152,17262,359
198,21,34,80,764,241,9,2826,0.85,0.09,2065,167,46831,17430,361
199,25,33,61,768,243,9,2834,0.84,0.09,2065,171,47123,17467,367
200,29,34,59,768,243,9,2834,0.84,0.09,2099,167,47123,17626,380
201,27,38,59,771,246,9,2871,0.84,0.09,2099,172,47219,17876,383
202,28,38,58,773,249,9,2871,0.83,0.09,2165,168,47302,18043,386
203,24,36,61,779,252,9,2871,0.83,0.09,2165,171,47766,18203,389
204,13,38,64,782,252,9,2871,0.82,0.09,2165,171,48034,18222,389
205,10,47,65,783,252,9,2897,0.82,0.10,2165,171,48147,18379,389
206,4,50,66,784,252,10,2897,0.82,0.10,2414,171,48181,18502,389
207,16,52,66,784,252,10,2897,0.82,0.10,2414,171,48181,18502,389
208,17,51,65,785,254,10,2910,0.82,0.10,2414,175,48210,18675,391
209,5,30,63,785,256,10,2910,0.83,0.10,2414,178,48210,18766,393
210,3,20,68,794,258,10,2910,0.84,0.10,2414,184,48774,18816,395
211,11,26,79,810,259,10,2923,0.84,0.10,2414,185,49339,18942,396
212,15,30,89,827,263,10,2929,0.84,0.10,2423,188,50489,19167,400
213,21,37,101,842,264,10,2929,0.84,0.10,2442,187,51698,19232,401
214,22,38,86,848,264,10,2989,0.85,0.10,2442,187,52677,19486,401
215,20,30,79,853,264,10,3026,0.84,0.10,2442,187,52849,19549,401
216,15,34,78,866,265,10,3057,0.84,0.10,2442,189,53331,19734,402
217,21,33,84,879,269,10,3064,0.84,0.10,2442,193,53716,19977,406
218,23,28,79,891,274,10,3088,0.83,0.10,2442,202,54274,20134,411
219,24,36,87,906,274,10,3114,0.82,0.10,2459,200,55339,20175,411
220,17,37,81,916,276,10,3127,0.82,0.10,2477,201,55669,20347,413
221,13,28,82,928,280,10,3127,0.82,0.10,2477,209,56502,20549,417
222,15,36,93,945,282,10,3146,0.82,0.10,2477,213,57606,20662,419
223,22,43,90,954,283,10,3146,0.82,0.10,2494,212,58329,20714,420
224,19,30,89,960,284,10,3217,0.82,0.10,2494,214,59140,21103,421
225,21,36,94,975,284,10,3230,0.82,0.11,2494,214,59961,21170,421
226,22,35,88,984,285,10,3387,0.82,0.11,2494,216,60512,21517,422
227,22,34,83,991,288,10,3387,0.83,0.11,2494,222,60820,21757,425
228,15,34,88,999,291,10,3387,0.82,0.11,2494,228,61433,21859,428
229,25,39,87,1000,293,10,3387,0.82,0.11,2532,227,61468,21942,430
230,24,39,84,1001,296,10,3387,0.82,0.11,2550,231,61503,22099,433
231,29,39,83,1002,297,10,3387,0.82,0.11,2559,231,61736,22202,434
232,29,48,81,1003,300,10,3387,0.82,0.11,2559,236,61970,22399,440
233,34,48,80,1003,301,10,3387,0.82,0.11,2689,229,61970,22440,441
234,34,47,79,1004,303,10,3387,0.82,0.11,2699,230,62087,22549,443
235,33,49,78,1004,304,10,3387,0.82,0.11,2727,228,62087,22572,444
236,38,50,79,1005,304,10,3410,0.82,0.11,2727,228,62130,22621,444
237,42,48,77,1005,306,10,3422,0.82,0.11,2727,232,62130,22968,446
238,40,46,74,1006,309,11,3434,0.82,0.11,2760,232,62173,23194,449
239,43,47,75,1008,310,11,3483,0.82,0.11,2790,231,62645,23371,450
240,42,52,80,1017,314,11,3557,0.82,0.11,2813,239,63190,23494,454
241,61,69,97,1034,314,11,3606,0.82,0.11,2895,228,64339,23724,454
242,65,79,106,1045,315,11,3644,0.82,0.11,2905,228,65197,23916,455
243,60,76,103,1051,324,11,3669,0.82,0.11,2957,242,65734,24242,464
244,66,74,101,1054,329,11,3719,0.82,0.12,3004,247,65881,24409,469
245,70,75,102,1056,330,11,3799,0.82,0.12,3145,229,66021,24530,470
246,72,76,103,1057,330,11,3862,0.82,0.12,3168,226,66063,24593,470
247,71,76,102,1060,334,11,3915,0.82,0.12,3168,234,66229,24846,474
248,73,78,104,1062,334,11,3978,0.82,0.12,3229,226,66294,25106,474
249,71,76,102,1063,337,11,4075,0.82,0.12,3248,231,66318,25464,477
250,71,78,102,1067,339,11,4151,0.82,0.12,3291,231,66468,25673,479
251,70,75,99,1069,344,12,4265,0.82,0.12,3364,233,66534,26191,484
252,72,78,102,1075,347,12,4357,0.82,0.12,3458,231,66945,26470,487
253,72,76,101,1077,350,12,4445,0.82,0.12,3485,235,67079,26753,490
254,73,77,102,1081,353,12,4526,0.82,0.12,3583,236,67727,27004,493
255,79,80,105,1091,360,12,4546,0.82,0.12,3710,244,68290,27274,500
256,70,79,104,1092,362,12,4614,0.82,0.12,3882,230,68326,27412,502
257,68,87,111,1099,362,12,4649,0.81,0.13,3894,228,68489,27512,502
258,63,80,111,1100,363,12,4649,0.80,0.13,3894,230,68572,27790,503
259,57,78,111,1101,364,12,4664,0.80,0.13,3894,232,68655,27875,504
260,59,76,107,1102,369,12,4664,0.80,0.13,3913,238,68678,27997,509
261,55,72,103,1103,374,12,4679,0.81,0.13,3980,236,68702,28154,514
262,32,48,112,1114,376,12,4679,0.81,0.13,4002,238,69705,28255,516
263,21,33,125,1131,380,12,4686,0.81,0.13,4002,247,71102,28532,520
264,15,33,128,1136,381,12,4686,0.82,0.13,4002,249,71364,28595,521
265,18,36,127,1144,382,12,4693,0.82,0.13,4002,252,71979,28687,522
266,17,44,127,1157,382,13,4693,0.82,0.13,4049,250,72674,28761,522
267,21,52,123,1171,384,13,4706,0.82,0.13,4049,255,73664,29074,524
268,31,63,127,1179,385,13,4750,0.82,0.13,4104,250,74334,29193,525
269,39,77,126,1180,387,13,4797,0.82,0.13,4104,255,74526,29457,527
270,58,72,121,1181,393,13,4858,0.82,0.14,4182,264,74718,29677,533
271,56,71,115,1189,393,13,4894,0.81,0.14,4192,263,75583,29804,533
272,42,56,113,1205,394,13,4931,0.80,0.14,4227,260,76436,30041,534
273,41,56,123,1221,395,13,4950,0.80,0.14,4227,262,77418,30373,535
274,39,48,123,1226,400,13,4950,0.80,0.14,4227,275,77840,30624,540
275,36,63,128,1233,400,13,4950,0.81,0.14,4227,275,78612,30644,540
276,52,88,127,1235,403,13,4957,0.81,0.14,4227,282,78660,30930,543
277,69,88,119,1235,411,13,5006,0.81,0.14,4707,299,78660,31396,551
278,78,96,118,1236,413,14,5075,0.81,0.14,4961,281,78720,31550,553
279,61,76,113,1237,419,14,5098,0.81,0.14,5036,288,78781,31860,559
280,63,70,113,1240,422,14,5098,0.81,0.14,5122,283,78890,32003,562
281,61,69,125,1260,426,14,5098,0.81,0.14,5142,289,79873,32260,566
282,45,57,126,1272,429,14,5111,0.81,0.14,5142,294,80553,32400,569
283,18,30,127,1280,433,14,5117,0.81,0.15,5150,302,81089,32530,573
284,16,20,127,1292,435,14,5117,0.81,0.15,5172,304,81998,32663,575
285,16,27,127,1306,438,14,5117,0.81,0.15,5172,310,83877,32807,578
286,21,34,126,1308,441,14,5117,0.81,0.15,5172,319,83926,33042,591
287,41,50,128,1312,443,14,5123,0.80,0.15,5280,315,84366,33159,593
288,32,46,125,1323,449,14,5140,0.80,0.15,5349,321,84697,33350,599
289,31,49,117,1338,453,14,5140,0.80,0.15,5395,321,85388,33558,603
290,34,49,108,1355,458,14,5157,0.80,0.15,5419,327,86201,33766,608
291,29,52,122,1372,460,14,5157,0.80,0.15,5456,325,87480,33866,610
292,18,51,128,1386,460,14,5164,0.80,0.15,5475,323,88937,34040,610
293,25,47,124,1396,462,14,5164,0.80,0.15,5475,328,89892,34174,612
294,37,68,130,1408,462,14,5225,0.80,0.15,5475,328,90545,34449,612
295,69,84,129,1408,463,14,5370,0.80,0.15,5535,328,90545,34684,613
296,71,84,123,1410,471,15,5543,0.80,0.16,5711,327,90595,35319,621
297,62,74,112,1417,489,15,5896,0.80,0.16,5952,332,90860,36000,639
298,60,79,115,1434,503,15,6165,0.80,0.16,6129,342,92184,36877,653
299,56,78,102,1439,521,15,6374,0.80,0.16,6316,360,92512,37594,671
300,64,86,106,1454,532,16,6468,0.80,0.16,6792,340,93790,37896,682
301,61,78,100,1459,543,16,6623,0.79,0.16,6950,344,94336,38396,693
302,69,88,107,1468,545,16,6661,0.79,0.16,7095,325,95680,38567,695
303,71,89,108,1477,553,16,6907,0.79,0.16,7211,323,95902,38979,703
304,62,87,106,1485,563,16,7112,0.79,0.16,7288,328,96338,39531,713
305,68,93,112,1503,575,16,7196,0.79,0.16,7495,334,96834,40044,725
306,43,86,105,1512,591,17,7285,0.79,0.16,7626,337,97577,40822,741
307,50,88,107,1517,594,17,7324,0.79,0.16,7729,328,97970,41331,744
308,51,89,108,1524,600,17,7406,0.79,0.16,7823,338,98433,41591,750
309,71,89,106,1527,605,17,7766,0.79,0.17,8098,331,98621,42559,755
310,79,94,111,1533,606,17,8131,0.79,0.17,8253,315,98846,42824,756
311,92,111,131,1561,614,18,8228,0.79,0.17,8784,308,99539,43721,772
312,83,103,121,1561,622,18,8368,0.79,0.17,8963,318,99539,44648,788
313,73,95,112,1562,632,18,8711,0.79,0.17,9428,310,99592,45693,808
314,53,76,93,1566,655,18,9203,0.79,0.17,9609,316,99691,46938,857
315,43,67,85,1567,664,19,9562,0.79,0.17,9710,319,99756,47730,875
316,40,63,81,1567,668,19,9980,0.79,0.17,9989,313,99756,48271,883
317,35,60,77,1568,673,19,10313,0.79,0.17,10363,316,99820,48525,893
318,34,62,78,1569,673,19,10472,0.79,0.17,10670,306,99884,48620,893
319,32,61,76,1569,675,19,10590,0.79,0.17,10816,305,99884,48720,897
320,33,61,76,1570,676,19,10808,0.79,0.17,10877,303,99949,48911,899
321,33,60,75,1570,677,20,10876,0.79,0.17,10938,303,99949,49019,901
322,35,60,74,1571,678,20,11054,0.78,0.17,10938,305,99981,49113,903
323,36,59,73,1572,680,20,11138,0.79,0.17,10950,308,100014,49275,907
324,62,70,80,1582,683,20,11168,0.79,0.17,11019,309,100261,49442,913
325,62,72,80,1623,724,20,11215,0.79,0.17,11166,344,101306,51633,995
326,50,64,69,1627,739,20,11222,0.78,0.17,11634,320,101404,52440,1025
327,21,57,70,1630,741,20,11291,0.78,0.17,11634,326,101507,52787,1029
328,4,30,76,1636,741,20,11291,0.78,0.18,11654,325,101841,52826,1029
329,11,22,81,1649,749,20,11298,0.78,0.18,11654,333,103576,53280,1045
330,15,35,99,1668,750,20,11298,0.78,0.18,11674,332,104665,53625,1047
331,20,56,110,1680,751,20,11298,0.78,0.18,11674,335,105510,54120,1049
332,29,55,107,1681,755,20,11298,0.78,0.18,11742,339,105575,54576,1057
333,25,47,110,1689,760,20,11333,0.78,0.18,11742,348,106230,54961,1067
334,25,43,117,1702,762,20,11360,0.77,0.18,11796,344,106842,55201,1071
335,22,43,120,1719,765,20,11360,0.77,0.18,11827,346,107737,55329,1077
336,24,46,106,1736,768,20,11374,0.76,0.18,11846,350,108554,55565,1083
337,26,44,115,1752,772,20,11374,0.76,0.18,11901,352,109376,55879,1091
338,20,48,125,1769,772,20,11374,0.75,0.18,11901,352,110244,55967,1091
339,30,48,124,1784,776,20,11396,0.75,0.18,11901,360,111046,56326,1099
340,33,57,124,1794,777,20,11396,0.75,0.18,11958,356,111594,56573,1101
341,29,52,130,1804,781,20,11396,0.77,0.18,11983,361,112178,56958,1105
342,23,53,126,1818,787,20,11413,0.77,0.18,11995,371,113020,57474,1111
343,18,45,128,1832,790,20,11413,0.77,0.18,12042,370,113952,57830,1114
344,24,43,128,1847,791,20,11413,0.77,0.18,12042,372,114646,57902,1115
345,24,45,129,1864,794,20,11413,0.77,0.18,12042,378,115591,58302,1118
346,28,50,121,1873,796,20,11470,0.77,0.18,12055,380,116100,58607,1120
347,30,46,118,1874,800,20,11484,0.76,0.19,12073,386,116167,58891,1124
348,29,48,117,1875,802,20,11498,0.76,0.19,12092,388,116233,59064,1126
349,34,62,115,1875,804,20,11510,0.76,0.19,12116,389,116233,59206,1128
350,45,60,115,1876,805,20,11572,0.76,0.19,12151,386,116300,59377,1129
351,26,44,118,1882,808,20,11572,0.74,0.19,12151,392,116534,59584,1132
352,14,48,121,1891,812,20,11572,0.75,0.19,12163,398,117040,59724,1136
353,26,64,122,1892,812,20,11572,0.75,0.19,12198,393,117174,59724,1136
354,50,68,122,1892,812,20,11572,0.75,0.19,12207,392,117174,59738,1136
355,70,76,126,1900,816,20,11572,0.75,0.19,12207,400,117443,59997,1140
356,69,78,122,1902,822,20,11635,0.75,0.19,12207,412,117533,60508,1147
357,79,88,118,1902,826,21,11709,0.75,0.19,13417,406,117533,60837,1159
358,42,82,115,1903,830,21,11750,0.76,0.19,13429,412,117566,61159,1163
359,12,78,116,1904,830,21,11778,0.76,0.19,13550,399,117600,61186,1163
360,2,32,112,1908,837,21,11792,0.76,0.19,13560,412,117782,61481,1170
361,7,18,116,1925,839,21,11792,0.77,0.19,13560,416,118856,61713,1172
362,12,21,120,1941,843,21,11792,0.77,0.19,13560,424,119569,61906,1176
363,11,30,133,1957,845,21,11799,0.77,0.19,13575,425,120641,62075,1178
364,9,36,133,1964,847,21,11799,0.77,0.19,13605,424,120944,62178,1180
365,19,39,134,1965,847,21,11799,0.77,0.19,13614,423,120978,62216,1180
366,22,39,132,1965,849,21,11812,0.77,0.20,13624,426,120978,62543,1182
367,20,39,128,1968,856,22,11812,0.77,0.20,13644,437,121287,62841,1189
368,27,53,134,1976,858,22,11833,0.76,0.20,13733,427,121988,63112,1191
369,34,55,134,1978,859,22,11892,0.76,0.20,13743,427,122167,63397,1192
370,37,51,130,1979,864,22,12006,0.76,0.20,13758,434,122202,63731,1197
371,43,56,135,1984,864,22,12006,0.76,0.20,13808,426,122452,63800,1197
372,43,52,129,1986,872,22,12141,0.76,0.20,13852,439,122536,64531,1205
373,46,51,131,1991,875,22,12182,0.76,0.20,13983,431,122725,64768,1208
374,46,54,132,1997,880,22,12207,0.76,0.20,14039,434,123292,65006,1213
375,49,57,131,2000,884,22,12240,0.76,0.20,14118,430,123643,65452,1217
376,44,59,128,2004,891,22,12411,0.76,0.20,14187,437,123924,66256,1224
377,41,59,128,2011,898,22,12540,0.76,0.20,14310,442,124307,66642,1231
378,48,65,133,2018,900,22,12629,0.76,0.20,14471,426,124659,66797,1233
379,51,64,131,2020,904,22,12764,0.76,0.20,14481,432,124994,67066,1237
380,59,66,133,2024,906,22,12782,0.76,0.20,14523,428,126133,67545,1239
381,60,65,132,2026,909,22,13114,0.76,0.20,14561,428,126228,67721,1242
382,53,61,127,2028,916,22,13247,0.76,0.20,14622,436,126371,68558,1249
383,50,59,126,2034,923,22,13473,0.76,0.20,14691,442,126708,69052,1256
384,47,61,129,2044,930,22,13661,0.76,0.20,14842,440,127261,69459,1263
385,47,62,130,2051,936,22,13686,0.76,0.21,14953,440,127653,69979,1272
386,52,66,133,2056,938,23,13878,0.76,0.21,15170,426,128219,70142,1274
387,53,60,124,2058,949,23,13878,0.76,0.21,15185,446,128339,70679,1285
388,36,62,120,2059,954,23,13914,0.75,0.21,15308,440,128383,70918,1290
389,10,38,119,2059,955,23,13970,0.75,0.21,15319,441,128383,71298,1291
390,10,31,131,2072,956,23,13970,0.74,0.21,15319,444,129152,71329,1292
391,14,29,134,2077,958,23,13970,0.73,0.21,15319,450,129579,71526,1294
392,7,17,129,2079,965,23,14006,0.73,0.21,15319,464,129669,72115,1301
393,7,12,136,2087,966,23,14006,0.73,0.21,15383,458,130329,72157,1302
394,9,13,135,2092,967,23,14006,0.72,0.21,15383,460,130690,72256,1303
395,10,23,123,2109,969,23,14006,0.72,0.21,15383,464,131772,72516,1305
396,22,34,99,2125,972,23,14048,0.73,0.21,15395,468,132724,72723,1308
397,31,47,90,2142,977,23,14098,0.72,0.21,15411,476,133892,73174,1313
398,35,56,99,2159,984,23,14144,0.72,0.21,15580,468,135362,73621,1330
399,44,67,108,2172,988,23,14342,0.72,0.21,15624,469,135933,74063,1334
400,48,65,108,2178,993,23,14377,0.73,0.21,15669,474,136358,74452,1340
401,53,67,102,2183,999,23,14406,0.73,0.21,15730,477,136656,74754,1347
402,54,70,101,2186,1003,23,14495,0.73,0.21,15806,473,136830,75033,1353
403,46,63,103,2189,1003,23,14618,0.73,0.21,15846,466,136976,75230,1353
404,28,55,102,2203,1004,23,14654,0.73,0.22,15863,467,138251,75845,1355
405,18,61,107,2218,1005,23,14676,0.73,0.22,15863,469,139679,76038,1356
406,30,69,105,2219,1008,23,14794,0.73,0.22,15889,470,139983,76425,1359
407,42,73,102,2219,1011,23,15016,0.73,0.22,15945,472,139983,76829,1366
408,42,65,91,2220,1023,23,15241,0.73,0.22,16058,484,140289,77707,1383
409,50,72,89,2221,1026,23,15338,0.73,0.22,16240,466,140335,77829,1387
410,63,81,88,2221,1027,23,15352,0.72,0.22,16269,464,140335,78033,1389
411,59,68,80,2222,1036,24,15381,0.72,0.22,16509,459,140374,78786,1399
412,41,65,85,2233,1042,24,15395,0.74,0.22,16611,458,140995,79315,1407
413,13,38,96,2244,1042,24,15410,0.74,0.22,16611,458,141836,79328,1407
414,16,37,108,2261,1047,24,15410,0.74,0.22,16667,460,143243,79877,1413
415,22,42,119,2277,1052,24,15424,0.73,0.22,16723,462,144140,80257,1419
416,36,55,125,2294,1055,24,15452,0.73,0.22,16754,464,145521,80500,1422
417,52,59,136,2311,1056,24,15452,0.72,0.22,16793,462,146560,80589,1423
418,42,62,128,2320,1060,24,15452,0.72,0.22,16793,470,147071,81270,1427
419,32,49,102,2333,1065,24,15452,0.72,0.22,16793,480,147814,81689,1432
420,10,25,105,2350,1066,24,15452,0.72,0.22,16793,482,148893,81758,1433
421,19,42,114,2366,1069,24,15452,0.72,0.22,16793,488,149764,82180,1436
422,38,53,122,2377,1072,24,15452,0.72,0.23,16793,494,150478,82372,1440
423,33,49,127,2390,1075,24,15452,0.72,0.23,16793,500,151407,82774,1444
424,27,49,128,2407,1086,24,15479,0.72,0.23,16793,522,152421,83688,1456
425,30,52,137,2423,1087,24,15479,0.72,0.23,16812,522,153512,83757,1457
426,25,39,125,2432,1088,24,15479,0.72,0.23,16812,524,154293,83968,1458
427,19,42,124,2448,1090,24,15508,0.72,0.23,16812,528,155124,84360,1460
428,29,57,135,2465,1094,24,15524,0.72,0.23,16812,536,156129,84593,1464
429,59,84,136,2466,1094,24,15538,0.72,0.23,16832,534,156197,84978,1464
430,88,95,129,2467,1102,24,15603,0.72,0.23,16845,549,156264,85648,1474
431,92,93,126,2468,1106,24,15723,0.72,0.23,16875,555,156305,85969,1479
432,88,96,120,2468,1112,24,15804,0.72,0.23,16956,559,156305,86557,1486
433,87,94,112,2469,1121,24,15983,0.72,0.23,17140,556,156468,87425,1495
434,71,75,92,2469,1141,24,16224,0.72,0.23,17344,558,156468,88523,1519
435,68,74,93,2477,1148,24,16526,0.72,0.23,17459,556,157366,89133,1527
436,65,78,94,2485,1155,24,16783,0.72,0.23,17557,558,157846,89759,1534
437,62,71,89,2488,1163,24,17014,0.72,0.23,17583,572,157998,90475,1544
438,49,69,84,2498,1178,24,17226,0.72,0.23,17632,596,158528,91731,1565
439,47,74,87,2509,1185,24,17397,0.71,0.23,17726,600,159385,92341,1572
440,65,75,85,2513,1191,24,17556,0.71,0.24,17772,605,159807,92797,1579
441,63,74,83,2519,1199,24,17676,0.71,0.24,17860,613,160183,93619,1588
442,70,76,85,2525,1203,24,17874,0.71,0.24,17984,610,160768,94143,1592
443,73,77,85,2526,1204,25,18075,0.71,0.24,18056,605,160936,94313,1593
444,63,75,84,2535,1214,25,18320,0.71,0.24,18082,623,161735,95786,1604
445,53,75,85,2549,1227,25,18583,0.71,0.24,18134,645,163250,96871,1620
446,62,78,86,2554,1231,25,18771,0.71,0.24,18193,646,163489,97186,1624
447,68,77,87,2561,1237,25,19080,0.71,0.24,18232,652,164306,97894,1631
448,64,75,84,2566,1245,25,19304,0.71,0.24,18298,662,164731,98666,1640
449,66,79,86,2577,1253,25,19554,0.71,0.24,18337,675,166299,99444,1652
450,66,78,86,2582,1258,25,19789,0.71,0.24,18416,675,167125,99935,1682
451,72,76,87,2585,1260,25,19927,0.71,0.24,18501,668,167339,100210,1684
452,67,75,87,2591,1266,25,20092,0.71,0.24,18573,675,167734,100986,1692
453,62,76,83,2597,1276,25,20305,0.71,0.24,18672,686,168228,101931,1705
454,69,78,87,2603,1278,25,20475,0.71,0.24,18895,669,168487,102769,1707
455,74,77,84,2604,1282,25,20792,0.71,0.24,18941,675,168559,103625,1712
456,76,78,88,2608,1282,25,21321,0.71,0.24,19260,641,168761,103732,1712
457,70,75,89,2615,1288,25,21807,0.71,0.24,19540,629,169225,104705,1719
458,64,75,91,2627,1298,25,21868,0.70,0.24,19656,643,170028,105751,1731
459,70,78,89,2628,1301,26,21928,0.70,0.25,19898,630,170115,106189,1737
460,80,80,87,2629,1303,26,22216,0.71,0.25,19943,630,170203,106556,1739
461,79,81,87,2631,1305,26,22527,0.71,0.25,20033,626,170467,106694,1742
462,78,80,86,2632,1307,26,22700,0.70,0.25,20042,629,170555,107204,1744
463,71,74,80,2635,1316,26,23021,0.70,0.25,20083,642,170732,107685,1755
464,76,82,88,2645,1318,26,23230,0.70,0.25,20228,630,171588,108055,1757
465,76,81,88,2646,1319,26,23376,0.70,0.25,20241,630,171662,108183,1758
466,80,81,87,2648,1322,26,23678,0.71,0.25,20297,629,171796,108539,1761
467,81,82,88,2652,1325,26,23961,0.71,0.25,20337,629,172302,108789,1765
468,78,82,88,2655,1328,26,24201,0.71,0.25,20367,631,173018,109053,1768
469,77,82,88,2656,1329,26,24491,0.71,0.25,20416,627,173258,109219,1770
470,77,82,88,2659,1332,26,24888,0.71,0.25,20447,630,173453,109663,1774
471,75,81,87,2662,1336,26,25167,0.71,0.25,20469,636,173663,110275,1778
472,63,81,89,2671,1343,26,25485,0.71,0.25,20528,643,174685,110771,1788
473,32,78,89,2680,1352,26,25529,0.71,0.25,20840,626,175275,111684,1797
474,39,74,83,2685,1363,26,25549,0.71,0.25,21125,617,175624,112179,1810
475,15,70,93,2695,1363,26,25578,0.71,0.25,21151,614,176444,112299,1810
476,8,31,101,2707,1367,26,25578,0.71,0.25,21158,621,177161,112584,1814
477,15,23,111,2724,1372,26,25609,0.71,0.26,21158,631,178303,112934,1820
478,21,29,125,2741,1375,26,25609,0.71,0.26,21200,629,179884,113260,1823
479,20,37,131,2757,1379,26,25722,0.72,0.26,21200,637,181838,113826,1828
480,10,36,125,2773,1385,26,25801,0.72,0.26,21250,650,182894,114372,1834
481,15,51,121,2790,1385,26,25801,0.72,0.26,21349,640,184515,114420,1834
482,38,66,115,2806,1387,26,25801,0.72,0.26,21355,643,185871,114545,1836
483,54,84,115,2814,1392,26,25852,0.72,0.26,21402,644,186588,114826,1841
484,58,80,110,2815,1398,27,26009,0.71,0.26,21455,649,186775,115576,1847
485,43,75,109,2817,1401,27,26019,0.71,0.26,21498,649,187150,116002,1850
486,21,73,114,2824,1403,27,26019,0.71,0.26,21544,646,188045,116923,1852
487,23,77,123,2836,1406,27,26056,0.71,0.26,21560,649,189357,117493,1855
488,33,79,121,2836,1408,27,26056,0.71,0.26,21610,648,189357,117751,1858
489,33,91,117,2837,1413,27,26191,0.71,0.26,21650,653,189435,118421,1863
490,47,97,109,2838,1422,27,26214,0.71,0.26,21698,663,189515,119100,1872
491,62,94,107,2839,1425,27,26244,0.71,0.26,21748,663,189562,120069,1875
492,66,78,107,2840,1426,27,26244,0.71,0.26,21748,666,189642,120776,1876
493,43,52,119,2853,1427,27,26274,0.71,0.26,21803,663,191921,120954,1877
494,24,35,133,2869,1429,27,26409,0.71,0.26,21854,660,193507,122111,1879
495,23,40,143,2886,1429,27,26409,0.70,0.27,21874,657,195442,122226,1879
496,21,40,136,2894,1434,27,26425,0.70,0.27,21894,665,196282,122760,1884
497,27,50,143,2901,1434,27,26425,0.70,0.27,21948,657,197544,123250,1884
498,27,49,138,2901,1439,27,26425,0.70,0.27,21948,671,197544,123920,1891
499,31,53,141,2908,1441,27,26440,0.70,0.27,22008,668,198515,124179,1894
500,14,50,142,2917,1441,27,26440,0.69,0.27,22021,666,199587,124230,1894
501,11,24,113,2926,1443,27,26450,0.69,0.27,22035,668,200727,124659,1896
502,15,35,111,2942,1445,27,26473,0.69,0.27,22035,672,201994,124884,1898
503,19,44,116,2959,1449,27,26473,0.68,0.27,22035,684,203657,125337,1902
504,33,56,120,2976,1450,27,26533,0.67,0.27,22055,683,205304,125737,1903
505,53,74,134,2992,1452,27,26547,0.67,0.27,22096,684,206966,126099,1905
506,56,84,138,3004,1459,27,26655,0.67,0.27,22109,696,208282,126666,1913
507,67,87,137,3006,1461,27,26803,0.67,0.27,22197,687,208480,126802,1915
508,74,86,132,3006,1466,27,26965,0.67,0.27,22235,691,208480,127343,1921
509,72,86,126,3007,1473,27,27189,0.67,0.27,22317,691,208580,127895,1928
510,71,89,127,3012,1477,27,27476,0.67,0.27,22392,686,208913,128201,1932
511,74,90,126,3014,1480,27,27782,0.67,0.27,22455,681,209013,128514,1936
512,76,88,125,3017,1484,27,28111,0.67,0.28,22493,684,209315,128847,1941
513,79,90,125,3019,1486,27,28533,0.67,0.28,22521,684,209450,129539,1943
514,72,86,121,3023,1494,27,28970,0.67,0.28,22589,697,209692,130338,1952
515,72,86,121,3028,1499,27,29370,0.67,0.28,22724,693,210436,131068,1958
516,73,88,121,3032,1503,27,29742,0.67,0.28,22816,690,210798,131445,1963
517,77,91,121,3033,1504,27,30124,0.67,0.28,22888,681,210873,131807,1965
518,76,91,116,3034,1510,27,30391,0.68,0.28,22888,695,210948,132485,1974
519,47,79,103,3036,1525,27,30391,0.68,0.28,23018,716,211098,133599,1989
520,33,61,108,3044,1528,27,30481,0.69,0.28,23031,720,211731,134235,1992
521,41,56,124,3061,1529,27,30595,0.69,0.28,23071,718,213875,134651,1993
522,48,65,137,3078,1533,27,30665,0.69,0.28,23142,719,215440,135114,1999
523,63,85,143,3085,1534,28,30711,0.69,0.28,23242,710,216406,135449,2000
524,84,91,143,3086,1535,28,30889,0.69,0.28,23329,704,216613,136136,2001
525,60,67,144,3091,1539,28,30919,0.69,0.28,23329,716,217098,136819,2006
526,27,52,144,3094,1540,28,30919,0.69,0.28,23359,715,217411,136995,2008
527,6,29,132,3111,1544,28,30919,0.70,0.28,23364,725,218718,137662,2012
528,12,30,142,3128,1545,28,30950,0.70,0.28,23384,725,220353,137892,2013
529,22,46,132,3144,1545,28,30950,0.69,0.29,23466,714,221849,138025,2013
530,20,48,121,3161,1553,28,30950,0.69,0.29,23482,728,223619,138613,2023
531,27,67,130,3178,1558,28,30950,0.69,0.29,23547,726,225088,138955,2028
532,48,76,139,3194,1564,28,31001,0.69,0.29,23569,734,226408,139583,2036
533,47,78,145,3202,1566,28,31051,0.69,0.29,23689,718,227123,139955,2038
534,31,64,145,3207,1569,28,31090,0.69,0.29,23717,720,227524,140275,2042
535,14,45,141,3214,1574,28,31090,0.69,0.29,23717,730,228058,140874,2047
536,17,40,146,3227,1575,28,31090,0.68,0.29,23717,732,229064,140982,2048
537,19,39,133,3240,1579,28,31105,0.68,0.29,23717,743,230188,141310,2053
538,20,49,129,3256,1583,28,31116,0.67,0.29,23738,748,231601,141856,2059
539,29,51,129,3273,1586,28,31129,0.67,0.29,23816,748,233472,142212,2062
540,25,54,126,3290,1591,28,31129,0.66,0.29,23816,763,234644,142877,2068
541,23,58,124,3306,1594,28,31129,0.66,0.29,23837,769,236162,143084,2072
542,18,41,120,3323,1601,28,31129,0.68,0.29,23892,781,237721,143718,2083
543,17,36,124,3341,1608,28,31181,0.68,0.29,23892,799,239309,144457,2092
544,19,47,129,3357,1613,28,31233,0.68,0.29,23933,804,240963,145076,2100
545,33,73,143,3374,1615,28,31288,0.68,0.29,24001,798,242753,145715,2102
546,43,88,144,3377,1617,28,31357,0.68,0.29,24036,798,243046,145873,2104
547,67,94,141,3377,1619,28,31445,0.68,0.30,24056,800,243046,146196,2106
548,73,103,141,3383,1625,28,31592,0.68,0.30,24090,809,243420,147099,2113
549,75,105,144,3393,1632,28,31799,0.68,0.30,24239,798,244292,147689,2121
550,72,108,139,3402,1645,28,32031,0.68,0.30,24323,811,245406,148554,2137
551,77,107,137,3410,1655,28,32395,0.68,0.30,24439,815,245799,149673,2152
552,81,108,134,3420,1668,28,32737,0.68,0.30,24635,819,248090,150987,2166
553,84,110,135,3433,1680,28,33052,0.68,0.30,24844,823,250972,152286,2179
554,82,110,137,3446,1691,29,33407,0.68,0.30,25049,822,252195,153381,2190
555,88,120,143,3458,1697,29,33648,0.68,0.30,25262,806,253221,154087,2197
556,102,117,139,3463,1706,29,34007,0.68,0.30,25337,820,254486,155352,2209
557,103,122,146,3473,1709,29,34388,0.68,0.30,25516,802,255374,155688,2212
558,81,110,132,3484,1734,29,34448,0.68,0.30,26118,802,257001,157853,2240
559,82,118,146,3504,1740,29,34504,0.68,0.31,26187,806,258786,158540,2248
560,69,99,144,3506,1744,29,34530,0.65,0.31,26224,808,258965,159197,2252
561,27,65,138,3509,1753,29,34545,0.66,0.31,26238,824,259144,159878,2263
562,17,38,147,3519,1754,29,34545,0.65,0.31,26298,819,259999,160019,2264
563,13,19,141,3523,1761,29,34545,0.65,0.31,26337,834,260631,160672,2273
564,13,18,138,3534,1766,29,34559,0.65,0.31,26337,845,261778,161103,2278
565,17,27,113,3551,1770,29,34569,0.66,0.31,26433,845,264852,161486,2284
566,26,39,88,3568,1772,29,34583,0.66,0.31,26516,839,268810,161814,2286
567,17,35,78,3585,1777,29,34618,0.66,0.31,26516,853,271604,162311,2291
568,35,49,96,3603,1777,29,34618,0.66,0.31,26521,852,273595,162434,2291
569,37,61,110,3620,1778,29,34618,0.66,0.31,26521,854,275514,163152,2292
570,52,73,115,3637,1786,29,34820,0.72,0.32,26535,872,276950,164926,2322
571,68,85,127,3658,1793,29,35141,0.72,0.32,26696,870,280726,166081,2329
572,67,83,136,3677,1794,29,35184,0.72,0.32,26875,858,282057,166344,2330
573,64,76,143,3693,1798,30,35220,0.66,0.32,27158,850,283121,167090,2335
574,65,79,149,3702,1798,30,35305,0.65,0.32,27214,842,283557,167581,2335
575,59,80,142,3704,1806,30,35312,0.65,0.32,27297,847,283697,167957,2344
576,73,88,140,3713,1817,30,35355,0.65,0.32,27335,856,284272,168691,2356
577,78,91,142,3724,1825,30,35369,0.65,0.32,27467,858,285489,169377,2367
578,56,74,148,3735,1827,30,35379,0.65,0.32,27490,859,287506,169638,2370
579,30,48,132,3736,1829,30,35389,0.65,0.32,27495,863,287553,169826,2372
580,22,47,135,3753,1830,30,35389,0.65,0.32,27504,864,289386,169949,2373
581,20,40,141,3768,1834,30,35389,0.66,0.32,27532,872,292980,170381,2378
582,23,36,149,3776,1834,30,35398,0.65,0.33,27532,872,293919,170515,2378
583,19,38,146,3789,1839,30,35437,0.63,0.33,27566,883,295489,171328,2383
584,20,42,132,3807,1844,30,35466,0.65,0.33,27641,888,298044,172050,2389
585,24,48,132,3824,1850,30,35476,0.64,0.33,27716,893,300116,172366,2395
586,31,60,148,3841,1851,30,35526,0.64,0.33,27838,880,304104,172838,2396
587,34,61,149,3849,1852,30,35526,0.65,0.33,27852,881,304888,172992,2398
588,39,61,149,3865,1852,30,35526,0.65,0.33,27882,879,306962,173433,2398
589,29,72,144,3888,1854,30,35572,0.65,0.33,27882,884,309298,174046,2400
590,39,81,145,3898,1860,30,35626,0.65,0.33,27964,888,309933,174930,2407
591,51,89,143,3903,1867,30,35755,0.65,0.33,28015,903,310332,175878,2415
592,56,87,137,3909,1879,30,36027,0.65,0.33,28279,916,310917,177182,2428
593,66,103,146,3921,1882,30,36412,0.65,0.34,28663,888,312440,177570,2431
594,63,101,139,3934,1902,31,36739,0.65,0.34,29186,884,314841,179333,2456
595,60,94,132,3949,1924,31,36990,0.65,0.34,29521,884,317690,180778,2481
596,66,94,130,3966,1942,31,37217,0.65,0.34,29924,889,319528,182126,2501
597,71,101,137,3983,1952,31,37382,0.65,0.34,30170,892,323954,182883,2514
598,80,106,141,3996,1961,31,37456,0.65,0.34,30264,901,325652,183551,2524
599,81,109,142,4005,1969,31,37581,0.64,0.34,30386,902,327131,184374,2532
600,92,123,150,4014,1970,31,37988,0.64,0.34,30562,884,330184,184602,2533
601,98,122,148,4024,1981,31,38499,0.64,0.34,30767,884,330868,186002,2546
602,105,121,145,4032,1992,32,38800,0.64,0.34,31075,893,331637,188453,2557
603,124,133,159,4050,1996,32,38841,0.64,0.34,31164,893,332891,189522,2563
604,123,132,155,4056,2006,32,38945,0.64,0.34,31312,897,333184,190516,2573
605,114,118,141,4056,2020,32,39293,0.64,0.35,31438,907,333184,191815,2590
606,117,125,146,4070,2029,32,39485,0.64,0.35,31690,909,334104,193177,2599
607,123,133,154,4078,2029,32,39663,0.64,0.35,32286,881,334489,193763,2599
608,55,109,136,4087,2056,32,39680,0.64,0.35,32323,920,335267,195953,2626
609,39,88,150,4103,2058,32,39698,0.61,0.35,32623,886,336675,196003,2628
610,23,49,145,4104,2064,32,39735,0.61,0.35,32688,897,336726,196760,2635
611,21,58,145,4111,2071,33,39811,0.72,0.35,32930,889,337985,197166,2648
612,37,72,150,4117,2072,33,39856,0.72,0.35,32969,886,338462,197396,2649
613,27,45,149,4120,2075,33,39915,0.72,0.35,32969,894,338658,197804,2653
614,13,34,151,4123,2075,33,39923,0.62,0.35,33028,889,338853,197989,2653
615,3,32,146,4132,2077,33,39923,0.61,0.35,33028,895,339505,198301,2656
616,12,27,147,4145,2079,33,39958,0.60,0.36,33038,899,340923,198599,2658
617,17,20,98,4156,2087,33,39973,0.61,0.36,33092,911,342281,199253,2668
618,22,34,87,4173,2088,33,40042,0.62,0.36,33204,900,344654,199591,2672
619,29,44,84,4190,2095,33,40085,0.72,0.36,33238,913,347212,200188,2712
620,31,60,99,4206,2096,33,40144,0.72,0.36,33365,902,349034,200362,2714
621,48,79,115,4223,2097,33,40162,0.72,0.36,33377,903,351249,200760,2718
622,34,62,124,4240,2101,33,40180,0.72,0.36,33473,908,353417,201340,2726
623,22,45,130,4257,2106,33,40180,0.62,0.36,33484,917,357557,202094,2742
624,25,65,140,4273,2109,33,40180,0.72,0.36,33506,920,362674,202513,2762
625,41,86,142,4278,2112,33,40210,0.72,0.36,33572,918,364055,202836,2768
626,53,98,135,4279,2120,33,40236,0.72,0.36,33666,922,364191,203455,2788
627,43,101,133,4279,2122,33,40252,0.72,0.36,33748,915,364191,203771,2794
628,53,105,129,4280,2127,33,40252,0.72,0.36,33767,924,364259,204854,2806
629,61,104,123,4281,2134,33,40342,0.72,0.36,33853,926,364327,205616,2820
630,27,75,130,4289,2134,33,40373,0.62,0.36,33902,918,365286,205802,2820
631,15,68,138,4306,2139,33,40373,0.62,0.36,33968,920,367240,206340,2834
632,33,95,150,4320,2141,33,40373,0.62,0.37,34011,918,370362,206913,2838
633,53,123,144,4321,2148,33,40434,0.62,0.37,34104,919,370500,207359,2854
634,98,115,135,4321,2157,33,40800,0.72,0.37,34146,932,370500,209816,2874
635,75,99,130,4324,2165,33,40858,0.71,0.37,34245,932,370750,211321,2892
636,17,87,143,4339,2167,33,40858,0.62,0.37,34307,927,372352,211409,2896
637,20,96,149,4345,2167,33,40858,0.62,0.37,34307,927,373397,211546,2896
638,18,74,150,4348,2169,33,40858,0.62,0.37,34321,928,373933,212473,2900
639,20,43,152,4355,2170,33,40880,0.59,0.37,34321,930,374792,212593,2902
640,29,67,153,4358,2172,33,40880,0.59,0.37,34336,933,375144,212996,2906
641,35,80,152,4358,2173,33,40880,0.59,0.37,34336,936,375144,213138,2908
642,46,85,151,4361,2176,33,40895,0.59,0.37,34380,936,375459,213463,2914
643,58,93,150,4366,2182,33,40929,0.59,0.37,34453,939,375931,213986,2928
644,78,102,148,4369,2187,33,41026,0.59,0.37,34514,941,376319,214550,2938
645,90,104,147,4370,2189,33,41083,0.59,0.37,34584,935,376424,214756,2942
646,83,102,143,4377,2200,33,41330,0.59,0.37,34679,941,377313,215422,2964
647,87,109,145,4383,2204,33,41640,0.59,0.37,34817,930,377928,215902,2974
648,105,115,145,4385,2206,33,41940,0.59,0.37,34846,931,378143,216185,2976
649,109,115,145,4387,2208,33,42214,0.58,0.38,34853,934,378354,216511,2978
650,110,114,144,4389,2211,33,42298,0.58,0.38,34896,935,378566,216969,2981
651,109,113,144,4392,2214,33,42474,0.59,0.38,34932,938,378938,217439,2984
652,39,111,142,4397,2220,33,42532,0.59,0.38,34976,949,379517,218574,2991
653,27,85,148,4405,2220,33,42532,0.59,0.38,35034,941,382640,218707,2991
654,18,36,153,4417,2220,34,42532,0.60,0.38,35117,930,384308,219193,2991
655,18,25,150,4423,2224,34,42532,0.60,0.38,35117,942,384872,219637,2995
656,15,28,145,4436,2228,34,42532,0.60,0.38,35117,950,388000,220173,2999
657,15,24,153,4446,2229,34,42601,0.60,0.38,35147,948,389233,220745,3000
658,15,54,141,4489,2230,34,42601,0.61,0.38,35147,950,394451,220996,3001
659,45,62,111,4506,2239,34,42729,0.61,0.38,35147,969,396957,222284,3010
660,63,92,126,4523,2239,34,42749,0.60,0.38,35170,965,399637,222739,3010
661,78,105,134,4538,2246,34,42811,0.60,0.38,35304,964,400953,223630,3019
662,74,104,135,4545,2252,34,42826,0.60,0.38,35477,957,402768,224671,3025
663,64,106,146,4559,2255,34,42922,0.59,0.38,35535,955,407385,225355,3028
664,57,92,153,4567,2256,34,42922,0.59,0.38,35582,951,409195,225823,3029
665,44,77,153,4570,2258,34,42933,0.58,0.39,35611,952,409570,226305,3031
666,30,65,150,4583,2262,34,42986,0.58,0.39,35640,956,411155,226790,3036
667,19,74,146,4597,2271,34,43092,0.61,0.39,35757,960,416550,227787,3047
668,36,82,151,4610,2279,34,43092,0.58,0.39,35875,962,419210,228149,3056
669,12,67,153,4615,2282,34,43092,0.61,0.39,35959,958,419705,228401,3060
670,10,46,148,4628,2284,34,43092,0.70,0.39,36012,956,422062,228882,3062
671,12,29,144,4643,2288,34,43092,0.60,0.39,36018,966,425618,229216,3066
672,27,37,140,4660,2290,34,43101,0.60,0.39,36039,968,428429,229735,3068
673,28,76,147,4677,2293,34,43119,0.60,0.39,36065,971,430323,230466,3071
674,47,91,152,4685,2296,34,43149,0.70,0.39,36099,974,431223,231073,3078
675,54,107,151,4686,2298,34,43276,0.72,0.39,36220,963,431531,231364,3087
676,49,104,137,4687,2313,34,43424,0.72,0.39,36423,959,431609,232690,3102
677,50,85,137,4692,2318,34,43665,0.72,0.39,36436,972,432616,233256,3108
678,38,77,151,4709,2320,34,43735,0.59,0.39,36546,965,434990,234142,3110
679,36,62,155,4718,2320,34,43795,0.58,0.39,36575,962,437377,234554,3110
680,41,76,154,4721,2321,34,43795,0.58,0.39,36615,960,438157,235075,3114
681,50,89,154,4723,2323,34,43795,0.58,0.39,36755,959,438783,235546,3116
682,75,103,152,4725,2327,34,43885,0.59,0.40,36770,966,439254,236412,3120
683,97,116,144,4726,2336,34,43918,0.59,0.40,36811,980,439369,238323,3131
684,85,119,142,4727,2339,34,43935,0.60,0.40,36841,982,439684,239621,3134
685,48,102,140,4731,2345,34,43951,0.57,0.40,36855,994,440949,240409,3141
686,25,70,152,4743,2345,34,43951,0.57,0.40,36855,994,442165,241266,3141
687,13,29,151,4749,2350,34,43981,0.58,0.40,36855,1009,442953,241701,3147
688,15,23,152,4759,2350,34,43981,0.58,0.40,36885,1005,444685,241951,3147
689,8,14,154,4767,2355,34,43981,0.58,0.40,36937,1012,445467,242583,3152
690,9,17,122,4773,2356,34,43981,0.59,0.40,36937,1014,446349,242822,3153
691,14,28,92,4790,2360,34,44019,0.72,0.40,36937,1025,450887,243344,3159
692,17,41,106,4807,2363,34,44047,0.72,0.40,36985,1023,454895,243639,3162
693,25,56,120,4823,2364,34,44062,0.72,0.40,36985,1025,456488,243831,3163
694,48,75,135,4840,2365,34,44062,0.72,0.40,37008,1023,459508,244785,3164
695,65,88,147,4857,2370,34,44062,0.72,0.40,37008,1037,464527,245662,3170
696,61,93,131,4870,2371,34,44390,0.72,0.40,37112,1029,467251,246616,3171
697,58,95,126,4886,2376,34,44442,0.72,0.40,37227,1029,471655,247670,3176
698,61,102,133,4898,2381,34,44452,0.58,0.41,37255,1038,474718,249380,3182
699,45,94,144,4915,2384,34,44665,0.58,0.41,37353,1033,480315,249883,3185
700,23,69,154,4931,2387,35,44684,0.57,0.41,37394,1032,482671,250422,3189
701,22,43,150,4934,2387,35,44694,0.57,0.41,37424,1027,483660,250819,3189
702,11,29,145,4942,2390,35,44694,0.56,0.41,37424,1033,485113,251468,3192
703,7,38,151,4955,2391,35,44694,0.56,0.41,37516,1024,486609,252028,3193
704,9,27,131,4962,2394,35,44694,0.56,0.41,37541,1030,487296,252416,3196
705,14,25,118,4979,2397,35,44694,0.56,0.41,37541,1036,489704,252891,3199
706,24,35,100,4996,2403,35,44710,0.58,0.41,37614,1045,492832,253501,3207
707,30,45,102,5013,2403,35,44853,0.58,0.41,37649,1041,495272,254543,3207
708,23,45,109,5029,2407,35,44853,0.58,0.41,37687,1044,499980,255111,3212
709,23,49,114,5046,2413,35,44901,0.58,0.41,37693,1055,502887,256037,3218
710,18,38,124,5063,2420,35,44939,0.57,0.41,37693,1070,506408,256854,3227
711,19,43,134,5079,2420,35,44939,0.56,0.41,37753,1060,509691,257067,3227
712,21,42,129,5096,2420,35,44939,0.56,0.41,37806,1052,512416,257449,3227
713,21,64,133,5113,2421,35,44951,0.56,0.41,37806,1054,515484,258144,3228
714,31,93,141,5130,2424,35,45004,0.56,0.41,39565,1054,518116,258404,3231
715,68,110,153,5146,2426,35,45036,0.56,0.42,39595,1054,520230,258680,3233
716,62,109,157,5154,2429,35,45119,0.55,0.42,39610,1058,521515,259699,3236
717,53,105,152,5165,2435,35,45145,0.55,0.42,39643,1065,522942,261090,3244
718,57,107,143,5175,2450,35,45255,0.55,0.42,39749,1081,524441,262124,3261
719,88,124,152,5184,2450,36,45423,0.56,0.42,39936,1054,525611,262397,3261
720,109,125,153,5186,2451,36,45486,0.57,0.42,39945,1055,525911,263682,3263
721,102,113,157,5193,2454,36,45486,0.57,0.42,39945,1061,526751,264472,3266
722,60,67,153,5194,2459,36,45495,0.57,0.42,39963,1069,526838,265025,3273
723,41,72,157,5199,2460,36,45495,0.57,0.42,41765,1068,527705,265363,3274
724,57,86,152,5202,2468,36,45495,0.57,0.42,41795,1080,528020,265944,3283
725,79,101,148,5209,2479,36,45512,0.57,0.42,41889,1087,528687,266962,3301
726,88,125,154,5218,2482,36,45512,0.57,0.42,42029,1070,529537,267427,3305
727,106,128,152,5218,2484,36,45546,0.72,0.42,42065,1068,529537,267984,3324
728,110,123,146,5219,2491,36,45704,0.72,0.42,42108,1076,529667,268994,3331
729,91,95,144,5220,2494,36,45704,0.57,0.42,42169,1073,529844,269518,3337
730,28,51,158,5236,2495,36,45738,0.57,0.42,42181,1074,534978,269951,3338
731,40,84,158,5239,2497,36,45738,0.57,0.43,42181,1078,535442,270512,3341
732,101,120,156,5240,2500,36,45753,0.57,0.43,42199,1082,535549,271011,3344
733,109,134,155,5242,2503,37,45753,0.72,0.43,42255,1083,535764,271425,3350
734,46,122,147,5244,2513,37,45787,0.57,0.43,42357,1100,535980,273340,3361
735,6,106,152,5256,2520,37,45787,0.57,0.43,42403,1110,538412,274159,3369
736,13,25,157,5263,2522,37,45787,0.57,0.43,42403,1114,539043,274548,3371
737,9,18,152,5265,2529,37,45824,0.57,0.43,42403,1132,539514,275383,3380
738,4,15,153,5275,2536,37,45824,0.57,0.43,42435,1146,542454,276065,3388
739,8,15,152,5284,2536,37,45824,0.57,0.43,42464,1142,543547,276196,3388
740,14,26,156,5300,2539,37,45824,0.56,0.43,42482,1146,546869,276546,3392
741,18,25,118,5311,2542,37,45824,0.56,0.43,42491,1154,549902,276895,3395
742,21,35,66,5327,2545,37,45824,0.56,0.43,42601,1149,552868,277609,3399
743,29,47,74,5344,2547,37,45843,0.56,0.43,42641,1150,555456,278076,3401
744,27,54,81,5361,2550,37,45856,0.56,0.43,42658,1156,558346,278661,3405
745,42,66,97,5378,2551,37,45929,0.56,0.43,42692,1154,561305,279254,3407
746,60,82,111,5396,2555,37,45978,0.56,0.43,42753,1157,564067,279863,3412
747,88,103,126,5413,2557,37,46194,0.56,0.44,42798,1155,566285,280783,3414
748,96,120,137,5432,2565,37,46367,0.56,0.44,42950,1150,569652,281754,3423
749,112,135,151,5449,2568,37,46583,0.56,0.44,42999,1149,571969,282576,3427
750,122,135,151,5453,2572,37,46912,0.56,0.44,43072,1148,572843,283656,3431
751,125,135,151,5459,2578,37,47511,0.56,0.44,43164,1149,574440,285191,3440
752,126,136,153,5468,2585,37,48253,0.56,0.44,43300,1146,575871,286619,3448
753,125,136,152,5476,2594,37,49006,0.56,0.44,43440,1150,577289,287888,3458
754,124,138,153,5482,2599,37,49853,0.56,0.44,43545,1149,578349,289492,3463
755,123,135,150,5487,2607,37,51177,0.56,0.44,43652,1156,579267,291549,3472
756,112,126,141,5497,2626,37,52464,0.56,0.44,44178,1139,581025,294597,3496
757,113,132,146,5508,2632,37,53481,0.56,0.44,44591,1102,582743,296319,3502
758,115,128,142,5513,2641,38,54266,0.56,0.44,44907,1086,583318,297755,3515
759,119,126,137,5518,2651,38,54609,0.72,0.44,45166,1078,584276,299555,3529
760,121,125,134,5519,2655,38,55278,0.72,0.44,45346,1065,584468,300496,3533
761,95,123,132,5520,2658,38,55876,0.72,0.44,45393,1064,584661,301577,3536
762,50,119,136,5524,2658,38,55876,0.55,0.44,45443,1058,585403,302064,3536
763,14,76,144,5541,2667,38,55888,0.54,0.45,45467,1080,587871,303014,3547
764,25,53,160,5558,2668,38,55888,0.53,0.45,45508,1077,590417,303302,3549
765,28,32,158,5559,2669,38,55904,0.55,0.45,45532,1077,590515,303748,3550
766,7,26,154,5562,2672,38,55904,0.54,0.45,45532,1086,590807,304462,3553
767,4,21,152,5569,2673,38,55921,0.54,0.45,45555,1085,592583,304661,3554
768,11,14,114,5578,2677,38,55933,0.54,0.45,45555,1097,595148,305116,3559
769,10,26,79,5595,2679,38,55933,0.54,0.45,45555,1101,597656,305551,3562
770,19,36,88,5611,2682,38,56059,0.53,0.45,45576,1106,599953,307174,3565
771,38,52,88,5629,2684,38,56059,0.53,0.45,45620,1107,602908,307653,3567
772,43,58,104,5646,2684,38,56059,0.53,0.45,45620,1107,604780,308152,3567
773,45,53,112,5663,2688,38,56076,0.53,0.45,45620,1115,607062,309402,3573
774,48,63,123,5679,2693,38,56086,0.53,0.45,45645,1121,609841,309880,3579
775,52,80,130,5696,2702,38,56174,0.53,0.45,45707,1129,613120,310968,3590
776,70,92,139,5713,2710,38,56397,0.53,0.45,45819,1127,615005,311869,3598
777,59,81,153,5730,2711,38,56397,0.53,0.45,45819,1129,618920,312247,3600
778,37,72,153,5746,2712,38,56432,0.52,0.45,45921,1115,621386,312954,3601
779,42,55,157,5763,2715,38,56432,0.52,0.46,45921,1121,623912,313576,3604
780,27,52,161,5774,2716,38,56432,0.52,0.46,45940,1120,626303,313998,3605
781,26,38,153,5787,2718,38,56432,0.52,0.46,45946,1124,627888,314558,3607
782,20,46,156,5804,2718,38,56432,0.53,0.46,45946,1124,631169,315391,3607
783,31,69,147,5820,2720,38,56432,0.53,0.46,45946,1129,634144,316097,3609
784,63,85,155,5835,2727,38,56432,0.52,0.46,45946,1143,636315,317328,3617
785,73,96,157,5842,2732,38,56462,0.52,0.46,46039,1139,638985,318131,3623
786,77,98,154,5852,2745,38,56604,0.52,0.46,46276,1129,640673,319412,3637
787,77,90,144,5861,2764,38,56787,0.52,0.46,46531,1126,643583,321520,3659
788,74,102,149,5878,2775,38,56897,0.52,0.46,46668,1127,647162,322896,3672
789,84,113,158,5893,2780,38,57141,0.52,0.46,46707,1134,650177,324129,3677
790,94,110,153,5898,2790,38,57312,0.52,0.46,46885,1131,651009,325014,3687
791,110,118,160,5909,2793,38,57689,0.52,0.46,46933,1130,653346,326439,3692
792,109,122,156,5912,2800,38,57788,0.52,0.46,46946,1149,653708,328571,3700
793,87,130,162,5919,2801,38,57854,0.52,0.46,46992,1144,654904,329011,3701
794,46,109,159,5921,2806,38,58001,0.52,0.46,47147,1134,655156,329921,3707
795,39,56,160,5925,2809,38,58082,0.52,0.47,47172,1138,656251,330546,3710
796,21,47,160,5929,2812,38,58117,0.52,0.47,47215,1140,657061,331296,3713
797,13,37,157,5939,2814,38,58134,0.52,0.47,47252,1139,659068,331469,3716
798,23,32,151,5954,2815,38,58134,0.52,0.47,47280,1139,661150,332262,3718
799,23,31,124,5971,2824,38,58186,0.52,0.47,47296,1155,663905,333586,3729
800,21,40,103,5987,2825,39,58225,0.53,0.47,47346,1151,666937,334167,3731
801,24,42,104,6004,2830,39,58291,0.53,0.47,47430,1148,669784,335141,3737
802,30,42,108,6021,2832,39,58304,0.53,0.47,47515,1141,672397,336162,3740
803,36,54,114,6038,2834,39,58439,0.53,0.47,47568,1140,675367,336861,3743
804,20,57,122,6054,2836,39,58459,0.51,0.47,47568,1146,678223,337653,3745
805,22,57,131,6071,2837,39,58459,0.53,0.47,47615,1143,681807,337811,3746
806,32,65,136,6089,2837,39,58459,0.53,0.47,47615,1143,684715,338513,3746
807,37,86,151,6106,2839,39,58459,0.53,0.47,47615,1147,687607,339442,3748
808,60,102,162,6121,2843,39,58475,0.53,0.47,47662,1150,689788,340102,3754
809,84,118,162,6123,2845,39,58564,0.53,0.47,47717,1148,690006,340846,3757
810,76,109,149,6126,2860,39,58741,0.53,0.48,47908,1149,690554,342981,3773
811,90,124,161,6141,2863,39,59119,0.53,0.48,47999,1144,693228,344124,3777
812,98,123,160,6144,2867,39,59463,0.53,0.48,48021,1149,693632,345174,3782
813,107,124,157,6149,2874,39,60093,0.53,0.48,48079,1155,694553,347014,3790
814,107,130,160,6157,2879,39,60894,0.53,0.48,48192,1151,696067,347364,3796
815,108,130,158,6165,2889,39,61558,0.53,0.48,48411,1145,697526,348385,3808
816,113,136,158,6171,2895,39,62364,0.53,0.48,48489,1150,699047,349956,3814
817,115,137,157,6177,2902,39,63103,0.53,0.48,48665,1146,701650,351064,3823
818,119,136,155,6185,2912,39,63836,0.53,0.48,48767,1160,702880,353069,3834
819,127,138,159,6195,2918,39,64721,0.53,0.48,48917,1159,704878,354915,3841
820,126,135,157,6201,2926,39,65596,0.53,0.48,49058,1163,706033,356421,3852
821,129,142,165,6210,2927,39,66387,0.53,0.48,49239,1143,707576,356604,3853
822,108,142,164,6211,2929,39,66400,0.52,0.48,49239,1148,707802,358164,3855
823,98,129,161,6212,2933,39,66429,0.50,0.48,49263,1156,708029,359185,3859
824,72,110,164,6216,2934,39,66447,0.52,0.48,49310,1152,708938,359609,3860
825,85,125,164,6217,2935,39,66447,0.52,0.48,49350,1149,709052,359914,3862
826,83,134,158,6218,2942,39,66473,0.49,0.49,49413,1155,709166,361138,3871
827,93,134,156,6225,2951,39,66763,0.50,0.49,49509,1168,710312,363700,3881
828,93,127,163,6235,2954,39,66798,0.51,0.49,49602,1165,712266,364355,3885
829,101,105,146,6237,2973,39,66834,0.69,0.49,49759,1202,713188,366218,3907
830,18,36,155,6250,2973,40,66834,0.69,0.49,49972,1175,716068,366888,3907
831,19,54,162,6260,2974,40,66834,0.68,0.49,49979,1177,717882,367882,3909
832,39,96,163,6264,2977,40,66834,0.68,0.49,50039,1178,718462,368330,3913
833,112,137,160,6267,2979,40,66834,0.69,0.49,50130,1172,718966,369122,3916
834,128,141,159,6268,2981,40,66847,0.69,0.49,50152,1174,719161,370086,3918
835,129,140,153,6269,2988,40,67204,0.69,0.49,50168,1189,719356,372632,3926
836,106,136,154,6273,2991,40,67472,0.52,0.49,50290,1180,721000,373152,3929
837,16,126,163,6285,2994,40,67472,0.52,0.49,50325,1182,724332,374478,3932
838,13,96,163,6290,2997,40,67488,0.51,0.49,50325,1191,725589,375151,3935
839,10,27,164,6296,3000,40,67509,0.51,0.49,50325,1198,726890,375766,3938
840,13,23,165,6299,3002,40,67509,0.51,0.49,50325,1204,728123,376432,3941
841,13,23,166,6302,3004,40,67509,0.50,0.50,50325,1209,728956,376650,3943
842,15,22,164,6303,3006,40,67509,0.50,0.50,52397,1214,729075,377585,3945
843,18,34,163,6307,3010,40,67509,0.50,0.50,52461,1214,729912,378026,3950
844,17,33,163,6310,3013,40,67509,0.50,0.50,52501,1215,731348,378469,3953
845,7,16,166,6315,3013,40,67509,0.49,0.50,52517,1213,732629,379078,3953
846,5,13,162,6324,3017,40,67520,0.48,0.50,52517,1225,734395,380265,3961
847,13,19,152,6337,3018,40,67520,0.48,0.50,52517,1227,739349,380460,3962
848,13,29,161,6354,3020,40,67536,0.49,0.50,52530,1230,746226,381069,3965
849,14,35,116,6371,3020,40,67536,0.48,0.50,52530,1230,751428,381418,3965
850,26,47,81,6391,3024,41,67568,0.47,0.50,52554,1236,755331,382151,3971
851,28,50,91,6409,3026,41,67568,0.48,0.50,52554,1241,759946,382618,3973
852,19,48,102,6426,3029,41,67601,0.50,0.50,52573,1244,763798,383328,3976
853,21,53,112,6443,3032,41,67619,0.50,0.50,52573,1251,768512,384178,3979
854,27,53,124,6460,3032,41,67619,0.50,0.50,52573,1251,778520,384383,3979
855,19,47,123,6476,3038,41,67619,0.47,0.50,52589,1267,783240,385810,3987
856,35,61,134,6493,3038,41,67619,0.49,0.50,52726,1250,789138,386195,3987
857,54,89,150,6510,3039,41,67640,0.49,0.51,52734,1252,793974,387037,3998
858,54,86,151,6527,3055,41,67834,0.49,0.51,52759,1281,798823,389685,4024
859,42,71,159,6540,3057,41,67834,0.49,0.51,52907,1263,803479,390427,4027
860,36,64,157,6556,3058,41,67850,0.49,0.51,52997,1254,809128,391116,4028
861,31,64,159,6573,3062,41,67850,0.49,0.51,53028,1261,812178,391641,4033
862,39,69,167,6583,3063,41,67885,0.49,0.51,53076,1257,815887,392272,4035
863,36,63,167,6588,3068,41,67885,0.49,0.51,53089,1265,816820,392949,4042
864,12,47,161,6602,3070,41,67950,0.50,0.51,53131,1264,821107,393477,4045
865,20,38,158,6618,3073,41,67997,0.50,0.51,53131,1273,825354,394232,4050
866,23,45,150,6635,3075,41,68038,0.50,0.51,53131,1277,828860,395443,4053
867,35,51,148,6652,3075,41,68052,0.50,0.51,53131,1277,832059,395750,4053
868,32,69,159,6669,3077,42,68052,0.50,0.51,55303,1277,835140,396879,4056
869,46,88,166,6680,3081,42,68185,0.50,0.51,55364,1276,837425,397563,4060
870,68,98,168,6687,3084,42,68327,0.50,0.51,55418,1274,838623,397996,4064
871,67,95,164,6695,3088,42,68341,0.49,0.51,55425,1281,840203,399327,4070
872,74,95,159,6707,3092,42,68391,0.46,0.52,55483,1281,843816,400094,4076
873,72,83,162,6724,3096,42,68391,0.47,0.52,55499,1287,846980,400804,4080
874,62,94,162,6739,3097,42,68391,0.47,0.52,55515,1288,850472,401978,4081
875,90,103,167,6746,3099,42,68407,0.47,0.52,55556,1287,852092,402617,4092
876,95,108,158,6749,3111,42,68691,0.47,0.52,55614,1307,852544,405118,4108
877,76,90,164,6763,3117,42,68701,0.47,0.52,55683,1311,855594,405664,4117
878,56,71,168,6771,3118,42,68736,0.46,0.52,55806,1295,857375,407407,4118
879,47,67,160,6780,3120,42,68736,0.47,0.52,55856,1293,859968,408294,4120
880,43,68,168,6791,3121,42,68755,0.47,0.52,55901,1291,864213,408705,4121
881,25,53,169,6798,3121,42,68755,0.48,0.52,55901,1291,865409,409013,4121
882,16,41,157,6806,3124,42,68755,0.48,0.52,55925,1294,869599,410037,4125
883,20,29,137,6824,3135,42,68755,0.48,0.52,55925,1316,872827,410630,4137
884,25,33,119,6841,3141,42,68854,0.47,0.52,55925,1329,876586,412162,4146
885,31,46,121,6858,3143,42,68896,0.47,0.53,55941,1333,879158,412851,4148
886,49,61,118,6876,3146,42,68933,0.47,0.53,56066,1327,882736,413924,4151
887,60,73,123,6893,3151,42,69016,0.47,0.53,56244,1326,886156,414529,4159
888,80,92,133,6910,3158,42,69238,0.72,0.53,56408,1326,890992,415892,4182
889,78,89,129,6928,3176,42,69542,0.72,0.53,56458,1365,897145,418624,4202
890,66,82,111,6945,3182,42,69552,0.72,0.53,56863,1334,900124,419470,4209
891,62,82,125,6962,3183,42,69604,0.47,0.53,56896,1332,904497,420178,4211
892,61,88,140,6980,3186,42,69604,0.47,0.53,56937,1334,910153,421051,4216
893,85,113,150,6997,3193,42,69700,0.47,0.53,57036,1345,914109,422255,4224
894,94,123,156,7014,3204,42,70066,0.47,0.53,57208,1353,921557,424303,4238
895,92,118,164,7028,3210,42,70317,0.47,0.54,57477,1345,927915,425722,4247
896,87,108,172,7036,3210,42,70540,0.47,0.54,57592,1336,930342,427395,4247
897,68,93,162,7042,3210,42,70540,0.47,0.54,57684,1327,931206,427806,4247
898,61,86,165,7054,3212,42,70540,0.47,0.54,57684,1333,936582,428553,4249
899,62,76,166,7059,3213,42,70540,0.47,0.54,57684,1335,938051,429866,4250
900,44,86,169,7063,3214,42,70540,0.47,0.54,57684,1337,939360,430536,4251
901,53,90,164,7065,3220,42,70553,0.47,0.54,57701,1350,939798,431821,4266
902,56,91,160,7072,3231,42,70659,0.47,0.54,57791,1371,941389,433364,4280
903,48,60,157,7083,3245,43,70846,0.47,0.54,58071,1372,943688,435169,4299
904,45,79,163,7100,3248,43,70859,0.47,0.54,58350,1352,947550,436165,4304
905,64,103,163,7115,3255,43,71036,0.47,0.55,58416,1359,950592,437820,4313
906,112,129,169,7124,3257,43,71227,0.47,0.55,58532,1351,956250,438341,4315
907,115,124,170,7136,3268,43,71240,0.47,0.55,58565,1373,958351,440179,4332
908,92,127,171,7138,3269,43,71269,0.47,0.55,58711,1358,958570,441386,4333
909,38,115,165,7138,3275,43,71269,0.47,0.55,58716,1370,958570,443180,4341
910,14,89,170,7144,3276,43,71269,0.46,0.55,58716,1371,963302,443381,4343
911,12,108,160,7145,3287,43,71269,0.46,0.55,58716,1390,963549,444599,4368
912,44,126,167,7156,3291,43,71269,0.46,0.55,58861,1376,967570,445492,4372
913,32,107,171,7162,3293,43,71269,0.46,0.55,58901,1376,969084,446345,4376
914,18,54,171,7162,3293,43,71298,0.46,0.55,59016,1363,969084,447019,4376
915,3,32,169,7167,3295,43,71319,0.45,0.56,59016,1367,970447,447514,4378
916,7,36,162,7180,3297,43,71340,0.45,0.56,59016,1371,977451,447991,4381
917,22,27,162,7195,3306,43,71340,0.44,0.56,59016,1389,980726,449129,4391
918,19,37,142,7208,3307,43,71358,0.44,0.56,59016,1392,985202,450658,4392
919,25,45,124,7225,3311,43,71475,0.43,0.56,59041,1400,989080,451622,4398
920,28,63,110,7243,3317,43,71755,0.43,0.56,59272,1402,995477,453526,4405
921,61,84,125,7260,3318,43,72029,0.43,0.56,59413,1389,999688,453791,4406
922,64,95,136,7277,3324,43,72348,0.43,0.56,59501,1395,1006085,455249,4414
923,52,90,136,7295,3331,43,72431,0.45,0.56,59587,1404,1010840,456846,4422
924,46,89,132,7314,3334,43,72431,0.45,0.56,59795,1395,1017882,457995,4427
925,51,98,146,7331,3336,43,72469,0.45,0.57,59845,1394,1021776,458950,4429
926,60,114,162,7349,3338,43,72533,0.45,0.57,59895,1393,1031184,459782,4433
927,83,119,159,7359,3351,43,72792,0.72,0.57,59972,1415,1032928,462039,4456
928,90,119,155,7372,3368,43,73303,0.72,0.57,60219,1430,1034973,464722,4475
929,81,115,163,7389,3377,43,73506,0.72,0.57,60606,1414,1042576,466259,4484
930,59,111,170,7401,3380,43,73506,0.45,0.57,60770,1407,1046296,466666,4487
931,51,107,162,7412,3385,44,73570,0.45,0.57,60950,1401,1051174,467620,4494
932,75,115,171,7428,3388,44,73570,0.44,0.57,61034,1399,1059307,468424,4497
933,93,122,171,7434,3389,44,73588,0.44,0.57,61131,1394,1062022,469262,4499
934,98,118,163,7435,3398,44,74018,0.44,0.57,61373,1401,1062237,472199,4512
935,78,102,150,7445,3421,44,74421,0.44,0.58,61527,1440,1064198,475530,4542
936,39,87,155,7465,3435,44,74510,0.44,0.58,61890,1436,1074299,477306,4562
937,33,70,163,7483,3441,44,74628,0.44,0.58,62029,1438,1079997,478494,4571
938,46,90,168,7500,3442,44,74638,0.44,0.58,62362,1407,1087969,478850,4572
939,53,105,167,7505,3448,44,74741,0.44,0.58,62379,1418,1089721,480710,4580
940,49,99,160,7512,3462,44,75174,0.44,0.58,62506,1432,1092073,482782,4597
941,42,85,158,7521,3463,44,75261,0.44,0.58,62731,1410,1094323,483275,4599
942,69,123,173,7538,3464,44,75622,0.44,0.58,62797,1405,1101154,485236,4600
943,87,138,173,7541,3467,44,76151,0.44,0.58,62833,1410,1101704,487144,4604
944,112,151,173,7545,3471,44,76220,0.44,0.58,62884,1416,1102378,488837,4610
945,96,135,174,7549,3474,44,76309,0.44,0.59,62982,1414,1102858,490582,4613
946,53,104,175,7551,3475,44,76352,0.43,0.59,63000,1415,1103092,491300,4614
947,13,61,176,7553,3476,44,76394,0.43,0.59,63076,1411,1103325,491813,4615
948,2,28,171,7553,3478,44,76394,0.43,0.59,63076,1415,1103325,492628,4617
949,2,13,171,7559,3478,44,76394,0.43,0.59,63076,1415,1105758,492674,4617
950,6,13,153,7565,3482,44,76394,0.40,0.59,63076,1427,1106897,493426,4625
951,17,27,131,7582,3482,44,76394,0.41,0.59,63092,1425,1112395,494271,4625
952,24,38,109,7599,3482,44,76394,0.41,0.59,63092,1425,1115618,495460,4625
953,22,43,95,7616,3488,44,76406,0.41,0.59,63092,1437,1123263,496677,4637
954,27,47,87,7632,3492,44,76406,0.42,0.59,63101,1444,1128879,496913,4647
955,27,58,97,7649,3493,44,76429,0.42,0.59,63128,1443,1133120,497829,4649
956,20,65,110,7666,3494,44,76429,0.42,0.59,63128,1446,1136408,499050,4653
957,26,66,126,7683,3495,44,76448,0.43,0.59,63269,1432,1143615,499938,4657
958,24,63,126,7700,3496,44,76479,0.43,0.60,63294,1432,1148925,500935,4659
959,25,91,142,7717,3497,44,76503,0.43,0.60,63326,1430,1155035,501286,4661
960,68,112,156,7733,3499,44,76548,0.43,0.60,63347,1431,1158791,501647,4665
961,84,127,168,7750,3504,44,76703,0.43,0.60,63360,1439,1165218,503079,4677
962,99,130,169,7757,3510,44,77383,0.43,0.60,63442,1439,1166851,506484,4691
963,110,136,174,7762,3510,44,78141,0.43,0.60,63496,1431,1169798,506962,4691
964,87,114,159,7766,3529,44,78350,0.42,0.60,63510,1469,1170817,510131,4739
965,75,110,167,7781,3536,45,78388,0.42,0.60,63739,1454,1173866,511603,4757
966,71,88,173,7790,3539,45,78388,0.42,0.60,63793,1452,1176505,512367,4763
967,35,48,175,7792,3539,45,78388,0.42,0.60,63807,1450,1176902,512693,4763
968,17,27,175,7798,3542,45,78388,0.42,0.60,63807,1459,1178694,513908,4773
969,24,33,174,7809,3543,45,78388,0.42,0.60,63807,1462,1181917,514696,4775
970,29,53,162,7826,3544,45,78419,0.42,0.60,63807,1465,1189395,515706,4777
971,47,65,174,7842,3548,45,78464,0.42,0.60,63855,1467,1199420,516500,4789
972,40,50,168,7843,3555,45,78464,0.42,0.60,63889,1477,1199587,518132,4809
973,34,48,174,7850,3556,45,78483,0.42,0.61,63897,1478,1202610,518529,4811
974,29,49,173,7866,3563,45,78483,0.41,0.61,63959,1485,1207538,519726,4827
975,29,47,174,7883,3565,45,78530,0.41,0.61,63984,1487,1216626,521599,4831
976,19,44,159,7896,3568,45,78554,0.40,0.61,64010,1491,1221346,521843,4841
977,26,41,148,7913,3571,45,78578,0.39,0.61,64051,1492,1229227,522900,4849
978,26,49,147,7930,3574,45,78595,0.38,0.61,64099,1492,1237385,523691,4855
979,29,68,132,7948,3579,45,78595,0.38,0.61,64153,1498,1243915,524889,4862
980,59,89,148,7965,3580,45,78662,0.38,0.61,64258,1487,1249447,526090,4863
981,74,105,160,7981,3583,45,78916,0.39,0.61,64310,1486,1252535,527219,4867
982,88,121,175,7998,3584,45,79032,0.39,0.61,64317,1487,1256893,528568,4869
983,93,119,170,7999,3590,45,79348,0.39,0.61,64351,1495,1257065,529912,4877
984,95,121,169,8006,3597,45,79886,0.39,0.61,64461,1495,1260246,531401,4889
985,101,140,176,8013,3597,45,80171,0.38,0.61,64461,1495,1262083,531990,4889
986,94,128,175,8016,3601,45,80171,0.39,0.61,64530,1495,1263243,533177,4896
987,71,91,176,8017,3601,45,80171,0.40,0.62,64573,1490,1263940,534027,4896
988,39,56,175,8017,3602,45,80228,0.40,0.62,64598,1489,1263940,534692,4898
989,12,29,175,8020,3603,45,80228,0.41,0.62,64598,1491,1264815,535034,4899
990,9,17,166,8032,3603,45,80228,0.41,0.62,64612,1489,1268352,535399,4899
991,21,49,171,8049,3603,45,80228,0.41,0.62,64620,1488,1274247,536156,4899
992,45,67,175,8055,3605,45,80228,0.41,0.62,64731,1481,1275423,536770,4902
993,63,73,174,8058,3609,45,80297,0.41,0.62,64766,1488,1276025,537423,4906
994,76,79,178,8072,3618,45,80655,0.41,0.62,64903,1490,1278935,541877,4918
995,66,70,158,8072,3637,45,81334,0.41,0.62,64992,1524,1278935,543441,4949
996,48,80,165,8081,3639,46,81361,0.41,0.62,68448,1516,1280613,543684,4951
997,39,59,177,8095,3639,46,81381,0.40,0.62,68696,1481,1284179,544409,4951
998,9,29,176,8101,3640,46,81381,0.39,0.62,68724,1480,1286224,544839,4952
999,8,27,164,8110,3640,46,81381,0.39,0.62,68724,1480,1288827,545370,4952
1000,23,38,154,8127,3641,46,81381,0.39,0.62,68724,1482,1294140,546391,4953
1001,23,50,146,8144,3641,46,81396,0.38,0.62,68724,1482,1299925,547176,4953
1002,32,53,126,8161,3642,46,81408,0.38,0.63,68724,1484,1303852,547702,4955
1003,33,65,121,8177,3643,46,81490,0.38,0.63,68738,1484,1309569,548784,4957
1004,45,97,131,8194,3643,46,81766,0.38,0.63,68751,1482,1314634,549095,4957
1005,78,112,143,8211,3648,46,82128,0.38,0.63,68822,1482,1319175,550288,4964
1006,87,128,156,8228,3651,46,82301,0.38,0.63,68850,1485,1323851,551277,4968
1007,58,116,158,8245,3653,46,82338,0.37,0.63,68876,1486,1330144,552083,4970
1008,47,87,172,8262,3653,46,82399,0.37,0.63,68907,1482,1336023,553078,4970
1009,38,64,175,8267,3655,46,82399,0.38,0.63,68907,1486,1337068,554260,4972
1010,24,57,177,8274,3655,46,82399,0.39,0.63,68907,1486,1340105,554701,4972
1011,7,44,176,8274,3656,46,82416,0.39,0.63,68916,1487,1340105,555468,4973
1012,3,34,168,8279,3658,46,82416,0.38,0.63,68916,1492,1341223,555741,4976
1013,14,46,163,8293,3661,46,82416,0.38,0.63,68944,1495,1344281,556188,4980
1014,34,68,175,8310,3664,46,82416,0.38,0.63,68952,1500,1349032,557245,4983
1015,35,59,173,8317,3669,46,82529,0.38,0.63,69005,1503,1354498,558365,4990
1016,45,56,159,8326,3673,46,82529,0.38,0.63,69033,1507,1356906,559714,4997
1017,43,52,157,8343,3676,46,82549,0.38,0.64,69124,1500,1363970,560167,5001
1018,38,61,164,8360,3681,46,82549,0.37,0.64,69152,1506,1370422,561507,5006
1019,62,98,178,8374,3681,46,82549,0.37,0.64,69173,1503,1374893,561798,5006
1020,88,117,176,8376,3685,46,82791,0.72,0.64,69217,1507,1375451,562929,5018
1021,95,120,170,8382,3697,46,83462,0.72,0.64,69329,1516,1377547,567789,5033
1022,84,111,178,8391,3698,47,83733,0.72,0.64,69378,1511,1382324,568431,5035
1023,48,64,167,8394,3703,47,83749,0.36,0.64,69441,1514,1382899,569219,5043
1024,49,54,160,8405,3704,47,83749,0.37,0.64,69469,1512,1385406,569706,5044
1025,40,50,168,8422,3704,47,83749,0.37,0.64,69469,1512,1392453,570544,5044
1026,42,45,163,8432,3708,47,83761,0.37,0.64,69478,1521,1394961,571878,5048
1027,44,60,174,8448,3710,47,83886,0.37,0.64,72109,1522,1400003,573171,5050
1028,48,67,173,8453,3716,47,84164,0.37,0.64,72151,1528,1401050,574542,5061
1029,57,73,174,8460,3721,47,84779,0.37,0.64,72269,1522,1405718,576574,5070
1030,39,52,172,8468,3729,47,84850,0.37,0.64,72340,1528,1409877,578097,5081
1031,41,59,171,8485,3729,48,84886,0.37,0.65,72403,1519,1414908,578793,5081
1032,38,59,147,8502,3736,48,85124,0.37,0.65,72451,1527,1420621,580752,5091
1033,45,76,148,8519,3737,48,85236,0.37,0.65,72494,1523,1425168,581137,5093
1034,57,92,161,8536,3741,48,85286,0.72,0.65,72642,1521,1432526,581893,5099
1035,70,108,175,8553,3744,48,85659,0.72,0.65,72654,1525,1437743,583107,5102
1036,61,85,179,8557,3744,48,85679,0.72,0.65,72679,1521,1438865,584622,5102
1037,41,67,179,8566,3744,48,85714,0.36,0.65,72679,1521,1443991,585266,5102
1038,32,64,163,8578,3745,48,85714,0.36,0.65,72679,1523,1452202,585661,5103
1039,27,50,171,8595,3749,48,85764,0.36,0.65,72688,1530,1463329,587297,5107
1040,40,57,169,8612,3749,48,85764,0.35,0.65,72688,1530,1472162,587578,5107
1041,49,60,167,8629,3752,48,86060,0.36,0.65,72745,1530,1476485,588779,5113
1042,53,67,158,8646,3753,48,86060,0.36,0.65,72745,1532,1482628,590540,5114
1043,54,62,154,8663,3755,48,86080,0.36,0.65,72812,1528,1488789,591334,5116
1044,74,88,158,8680,3756,48,86080,0.72,0.65,72812,1530,1497463,592287,5144
1045,80,103,170,8697,3761,48,86191,0.72,0.66,72841,1536,1503318,593433,5149
1046,99,107,173,8708,3768,48,86390,0.72,0.66,72905,1541,1509459,595501,5157
1047,85,97,174,8720,3771,48,86418,0.37,0.66,73011,1532,1513824,596821,5161
1048,85,103,165,8736,3773,48,86476,0.37,0.66,73040,1532,1518553,597729,5165
1049,98,123,177,8751,3776,48,86992,0.37,0.66,73068,1534,1525195,601132,5169
1050,97,113,159,8755,3798,48,87748,0.37,0.66,73125,1570,1528486,604019,5200
1051,73,86,164,8768,3801,48,87814,0.37,0.66,73369,1542,1538312,605199,5203
1052,39,56,174,8785,3805,48,87867,0.37,0.66,73454,1538,1546770,606165,5209
1053,28,44,170,8797,3806,48,87927,0.37,0.66,73468,1538,1551730,606621,5210
1054,31,49,180,8814,3807,48,87927,0.37,0.66,73511,1534,1556992,607147,5212
1055,29,43,175,8823,3807,48,87947,0.37,0.66,73532,1531,1559437,608279,5212
1056,32,48,164,8837,3808,48,87968,0.36,0.66,73532,1534,1564060,609055,5213
1057,30,51,146,8853,3808,48,87968,0.36,0.66,73532,1534,1568819,609428,5213
1058,25,46,117,8870,3812,48,87968,0.36,0.66,73532,1545,1575480,611225,5217
1059,31,50,126,8887,3812,48,87993,0.36,0.66,73532,1545,1584542,611665,5217
1060,42,54,127,8904,3812,48,87993,0.35,0.67,73604,1537,1590043,612831,5217
1061,47,71,141,8921,3813,48,88077,0.35,0.67,73604,1539,1594936,614461,5219
1062,69,88,149,8938,3821,48,88351,0.35,0.67,73722,1539,1601116,616515,5230
1063,108,130,167,8964,3829,48,88744,0.35,0.67,73740,1553,1610545,618758,5241
1064,123,152,176,8978,3834,48,88971,0.35,0.67,73890,1550,1619159,622232,5248
1065,141,157,179,8983,3836,48,89177,0.35,0.67,74040,1537,1621124,625335,5251
1066,134,142,166,8985,3851,48,90245,0.35,0.67,74110,1567,1621982,633810,5275
1067,119,135,160,8999,3871,48,92005,0.35,0.67,74495,1558,1627312,640004,5303
1068,115,128,157,9012,3887,48,93847,0.35,0.67,74862,1545,1631451,644707,5323
1069,117,140,163,9029,3898,48,95364,0.35,0.67,75177,1534,1638754,648556,5337
1070,120,147,166,9046,3912,49,96586,0.35,0.67,75532,1537,1647564,651686,5358
1071,127,156,175,9061,3918,49,98032,0.35,0.67,75727,1533,1653051,654130,5365
1072,133,157,178,9068,3922,49,99852,0.35,0.67,75861,1530,1656447,658510,5370
1073,123,144,168,9072,3936,49,101785,0.35,0.67,76126,1530,1657974,665203,5389
1074,114,145,167,9089,3954,49,103173,0.35,0.68,76534,1533,1664278,668387,5415
1075,125,151,181,9106,3957,49,104657,0.35,0.68,76624,1533,1670381,670419,5419
1076,136,158,181,9111,3962,49,106284,0.35,0.68,76750,1530,1671790,674002,5426
1077,131,150,174,9115,3973,49,108248,0.35,0.68,76822,1550,1672776,680850,5439
1078,124,146,168,9120,3984,49,109923,0.35,0.68,77019,1560,1674104,684631,5454
1079,127,151,173,9131,3990,49,111171,0.35,0.68,77298,1546,1681514,687193,5461
1080,131,159,180,9140,3992,49,112345,0.35,0.68,77456,1534,1685724,689346,5463
1081,137,158,179,9142,3995,49,113865,0.35,0.68,77492,1537,1686468,692862,5466
1082,134,155,176,9145,4001,49,115558,0.35,0.68,77591,1541,1687615,695557,5474
1083,139,160,181,9151,4002,49,117331,0.35,0.68,77717,1530,1690297,698384,5475
1084,133,150,172,9153,4013,49,119121,0.35,0.68,77873,1548,1691207,700068,5492
1085,139,159,181,9163,4014,49,120528,0.35,0.68,78113,1530,1694352,701528,5493
1086,136,159,179,9164,4017,49,121884,0.35,0.68,78146,1534,1695063,703459,5497
1087,131,157,178,9169,4023,49,123166,0.35,0.68,78311,1532,1698324,704343,5506
1088,137,162,182,9174,4024,49,124498,0.35,0.69,78365,1530,1700019,705340,5507
1089,135,160,179,9175,4028,49,125859,0.35,0.69,78419,1530,1700428,707214,5513
1090,134,157,176,9179,4035,49,127108,0.35,0.69,78555,1530,1701865,708830,5523
1091,136,163,183,9189,4038,49,128639,0.35,0.69,78596,1531,1711650,711086,5526
1092,139,162,183,9189,4038,49,130232,0.35,0.69,78605,1530,1711650,712763,5526
1093,140,162,183,9191,4040,49,131843,0.35,0.69,78623,1530,1713101,714629,5528
1094,137,159,181,9194,4045,50,133275,0.35,0.69,78677,1536,1714036,716575,5534
1095,140,160,182,9196,4046,50,134495,0.35,0.69,78804,1533,1716160,717569,5536
1096,143,160,181,9197,4048,50,135673,0.35,0.69,79186,1530,1716369,718523,5549
1097,145,160,182,9199,4049,50,136952,0.72,0.69,79229,1531,1716787,719223,5566
1098,145,161,183,9200,4049,50,138291,0.72,0.69,79238,1530,1716997,720142,5566
1099,144,159,181,9200,4051,50,139755,0.72,0.69,79247,1535,1716997,722164,5569
1100,142,160,182,9203,4053,50,141255,0.72,0.69,79329,1530,1720902,723258,5588
1101,146,160,182,9205,4055,50,142409,0.72,0.69,79384,1530,1724286,724211,5591
1102,165,179,202,9226,4056,50,142536,0.72,0.70,79393,1530,1730349,725254,5592
1103,126,178,202,9229,4059,50,142691,0.72,0.70,79393,1535,1731224,729977,5595
1104,91,161,189,9229,4072,50,142699,0.33,0.70,79424,1545,1731224,736482,5610
1105,92,157,182,9229,4079,50,142699,0.33,0.70,79515,1537,1731224,737827,5619
1106,131,158,183,9231,4080,50,142966,0.33,0.70,79550,1533,1732081,739190,5620
1107,147,161,183,9232,4081,50,142966,0.33,0.70,79586,1532,1733798,740723,5621
1108,72,100,182,9233,4083,50,143007,0.33,0.70,79604,1534,1735520,741237,5624
1109,45,50,183,9235,4084,50,143052,0.33,0.70,79604,1537,1737462,741728,5625
1110,12,17,183,9236,4085,50,143052,0.33,0.70,79633,1535,1738219,742606,5627
1111,10,14,183,9239,4088,50,143052,0.33,0.70,79660,1541,1739371,743064,5633
1112,8,14,184,9240,4088,50,143052,0.33,0.70,79725,1533,1739589,743651,5633
1113,3,14,184,9249,4089,50,143093,0.33,0.70,79747,1532,1743956,744661,5635
1114,10,16,167,9258,4091,50,143093,0.33,0.70,79747,1536,1748839,745342,5639
1115,15,32,132,9275,4092,50,143093,0.33,0.70,79747,1537,1759130,746029,5640
1116,22,41,93,9292,4092,50,143154,0.33,0.71,79756,1536,1765951,748206,5640
1117,21,66,83,9310,4092,51,143310,0.33,0.71,82600,1536,1774620,749458,5640
1118,35,77,93,9327,4099,51,143465,0.33,0.71,82664,1538,1783247,751352,5648
1119,68,84,104,9344,4105,51,143646,0.33,0.71,82701,1541,1795552,752803,5655
1120,44,92,122,9362,4105,51,143646,0.33,0.71,82701,1541,1805425,753266,5655
1121,53,82,135,9379,4106,51,143672,0.33,0.71,82747,1538,1814635,754838,5656
1122,61,91,143,9396,4108,51,143704,0.33,0.71,82761,1539,1827822,756130,5659
1123,71,98,165,9418,4108,51,143885,0.32,0.71,82761,1539,1843231,756733,5659
1124,72,114,176,9435,4112,51,143934,0.32,0.71,82803,1538,1856465,758317,5666
1125,83,120,179,9448,4122,51,144106,0.72,0.71,82926,1539,1863380,760408,5690
1126,69,106,161,9459,4151,51,144895,0.72,0.71,83010,1564,1869359,768512,5723
1127,57,99,170,9471,4154,51,144957,0.31,0.71,83010,1567,1873839,769884,5726
1128,32,83,183,9488,4155,51,144957,0.31,0.71,83254,1539,1885555,770368,5727
1129,47,107,181,9494,4157,51,144957,0.31,0.71,83282,1540,1888857,772653,5730
1130,65,115,179,9498,4163,51,144995,0.31,0.72,83313,1543,1889769,775786,5738
1131,74,114,178,9506,4170,51,145290,0.31,0.72,83374,1547,1893316,778359,5746
1132,38,90,177,9517,4179,51,145442,0.30,0.72,83468,1548,1903141,780472,5757
1133,74,132,200,9540,4179,51,145547,0.30,0.72,83575,1536,1909275,782016,5757
1134,64,118,179,9540,4200,51,145774,0.30,0.72,83722,1543,1909275,788655,5786
1135,94,136,181,9547,4205,51,145787,0.30,0.72,83770,1542,1913319,791578,5795
1136,88,125,175,9552,4216,51,145787,0.30,0.72,83803,1549,1914478,794282,5811
1137,99,124,187,9565,4217,51,145799,0.29,0.72,83813,1548,1927364,795135,5812
1138,67,74,186,9565,4218,51,145799,0.30,0.72,83914,1538,1927364,796169,5813
1139,11,23,184,9570,4218,51,145799,0.30,0.72,83914,1538,1933446,796644,5813
1140,4,10,180,9576,4221,51,145812,0.30,0.72,83923,1541,1939492,797917,5818
1141,11,19,176,9587,4221,51,145812,0.30,0.72,83932,1540,1943439,798830,5818
1142,14,32,182,9597,4225,51,145870,0.30,0.72,83958,1542,1955376,800164,5823
1143,21,44,185,9601,4226,51,145883,0.31,0.72,83984,1540,1961278,800740,5824
1144,16,49,186,9604,4228,51,145883,0.31,0.73,83994,1542,1962337,802248,5826
1145,12,34,178,9604,4228,51,145916,0.31,0.73,84001,1541,1962337,802725,5826
1146,17,40,148,9614,4231,51,145950,0.31,0.73,84018,1545,1970021,803773,5829
1147,26,58,164,9632,4233,51,145950,0.31,0.73,84063,1543,1984340,804741,5832
1148,47,83,177,9649,4236,51,146207,0.31,0.73,84137,1541,1998983,805922,5837
1149,51,89,183,9661,4242,51,146349,0.31,0.73,84176,1545,2008699,808912,5846
1150,60,94,185,9665,4244,51,146446,0.31,0.73,84224,1542,2014715,809961,5848
1151,41,72,184,9668,4247,51,146664,0.31,0.73,84224,1545,2015439,811852,5852
1152,35,62,184,9671,4248,51,146765,0.31,0.73,84267,1541,2016744,812323,5854
1153,46,88,186,9674,4249,51,146765,0.31,0.73,84286,1541,2018344,814420,5856
1154,62,111,185,9675,4251,51,147198,0.31,0.73,84301,1542,2018952,817068,5859
1155,109,143,187,9678,4252,51,147198,0.31,0.73,84301,1543,2021195,818040,5861
1156,101,143,186,9682,4257,51,147586,0.30,0.73,84325,1545,2023377,820577,5867
1157,36,130,191,9687,4257,51,147619,0.29,0.73,84354,1540,2025146,822038,5867
1158,14,60,191,9687,4257,51,147619,0.28,0.74,84359,1539,2025146,822762,5867
1159,7,30,187,9688,4258,51,147619,0.28,0.74,84374,1539,2025689,823347,5868
1160,13,50,186,9692,4259,51,147645,0.28,0.74,84374,1542,2028799,824456,5870
1161,16,69,184,9693,4262,51,147670,0.28,0.74,84407,1544,2029245,826005,5874
1162,37,95,184,9698,4267,51,147670,0.28,0.74,84479,1544,2031058,826902,5883
1163,36,103,178,9702,4277,51,147792,0.28,0.74,84533,1547,2033298,829022,5896
1164,43,116,182,9712,4283,51,147858,0.28,0.74,84663,1541,2038216,829945,5904
1165,62,123,184,9719,4288,51,148055,0.28,0.74,84715,1540,2040267,831900,5912
1166,82,123,182,9723,4294,51,148346,0.28,0.74,84783,1540,2042522,835005,5920
1167,87,122,182,9734,4305,51,148992,0.28,0.74,84864,1545,2053992,839715,5935
1168,89,124,177,9740,4316,52,149775,0.27,0.74,85006,1541,2057874,843437,5951
1169,88,121,176,9751,4328,52,150648,0.27,0.74,85153,1548,2070843,848661,5971
1170,101,133,186,9763,4330,52,151651,0.27,0.74,85260,1537,2075508,855272,5973
1171,104,131,183,9767,4337,52,153108,0.27,0.74,85315,1550,2076906,866161,5982
1172,107,121,178,9772,4347,52,155525,0.27,0.75,85435,1557,2087104,874879,5996
1173,95,122,174,9781,4360,52,158100,0.27,0.75,85653,1567,2100475,883779,6015
1174,104,132,184,9795,4364,52,160751,0.27,0.75,85950,1540,2111206,890273,6022
1175,113,134,184,9803,4371,52,163018,0.27,0.75,86067,1546,2114958,902697,6031
1176,107,128,178,9807,4381,52,165465,0.27,0.75,86163,1565,2117277,912451,6049
1177,93,118,170,9822,4404,52,166951,0.27,0.75,86929,1552,2127965,922850,6079
1178,96,127,179,9840,4413,52,167946,0.27,0.75,87291,1538,2144321,927018,6093
1179,101,128,185,9850,4417,52,169045,0.27,0.75,87385,1537,2161313,931185,6099
1180,107,131,185,9856,4423,52,170433,0.27,0.75,87419,1546,2165686,937675,6105
1181,115,139,187,9861,4426,52,171962,0.27,0.75,87502,1541,2168477,943848,6124
1182,109,138,188,9865,4429,52,173305,0.27,0.75,87544,1540,2170105,947703,6127
1183,111,135,185,9866,4433,52,175589,0.27,0.75,87578,1542,2170367,952503,6132
1184,134,143,187,9870,4435,52,177778,0.28,0.75,87627,1540,2172076,956765,6134
1185,193,198,241,9932,4443,52,178114,0.27,0.75,87665,1553,2191048,965051,6146
1186,156,181,216,9938,4474,52,178518,0.28,0.76,87886,1576,2192545,980271,6188
1187,127,174,212,9938,4478,52,178672,0.28,0.76,88129,1547,2192545,981625,6192
1188,53,133,214,9944,4482,53,178672,0.29,0.76,88294,1538,2193880,982828,6200
1189,16,72,211,9944,4484,53,178723,0.29,0.76,88314,1538,2193880,984596,6203
1190,12,27,210,9944,4485,53,178723,0.29,0.76,88314,1541,2193880,985100,6205
1191,4,21,207,9944,4485,53,178723,0.29,0.76,88387,1535,2193880,985742,6205
1192,3,20,206,9944,4486,53,178723,0.29,0.76,88387,1538,2193880,986652,6206
1193,1,12,203,9944,4486,53,178723,0.28,0.76,88387,1538,2193880,986969,6206
1194,1,14,190,9944,4487,53,178723,0.28,0.76,88424,1538,2193880,987563,6208
1195,2,37,188,9946,4489,53,178723,0.29,0.76,88424,1541,2195776,988011,6212
1196,32,63,188,9949,4491,53,178723,0.28,0.76,88454,1543,2202292,988963,6214
1197,53,63,189,9953,4493,53,178748,0.28,0.76,88505,1540,2207458,990290,6218
1198,54,62,187,9956,4497,53,178761,0.28,0.76,88510,1543,2208277,991751,6223
1199,6,56,181,9963,4505,53,178761,0.68,0.77,88536,1548,2210193,993322,6233
1200,10,16,182,9972,4506,53,178761,0.28,0.77,88545,1550,2213897,993803,6234
1201,11,25,189,9984,4508,53,178761,0.28,0.77,88570,1549,2222368,995381,6236
1202,9,21,157,9988,4513,53,178813,0.27,0.77,88592,1551,2225680,996697,6242
1203,16,28,112,10006,4514,53,178857,0.27,0.77,88611,1551,2245034,998514,6244
1204,17,53,116,10023,4514,53,178920,0.27,0.77,88668,1545,2262474,1000456,6244
1205,46,70,132,10041,4516,53,178984,0.27,0.77,88668,1549,2273921,1001995,6254
1206,68,85,146,10058,4519,53,179219,0.27,0.77,88744,1549,2291224,1003436,6258
1207,62,96,148,10077,4520,53,179320,0.27,0.77,88773,1547,2302643,1005657,6259
1208,46,105,169,10103,4521,53,179451,0.26,0.77,88792,1546,2325867,1008622,6260
1209,39,110,185,10120,4522,53,179491,0.26,0.77,88802,1546,2341736,1010019,6261
1210,45,85,191,10127,4522,53,179610,0.25,0.77,88811,1545,2343706,1011524,6261
1211,28,68,151,10127,4523,53,179610,0.24,0.77,88811,1546,2343706,1012494,6262
1212,44,108,165,10144,4526,53,179663,0.24,0.77,88821,1548,2353160,1014392,6266
1213,71,129,185,10170,4532,53,180154,0.25,0.78,88879,1548,2374696,1016413,6277
1214,94,137,190,10179,4536,53,180879,0.25,0.78,88956,1545,2382404,1019442,6284
1215,102,150,184,10184,4547,53,182100,0.25,0.78,89057,1546,2388144,1024089,6301
1216,124,159,185,10195,4557,53,183998,0.25,0.78,89179,1545,2399464,1029156,6315
1217,132,154,181,10206,4572,53,184873,0.25,0.78,89188,1561,2409682,1037910,6340
1218,135,150,180,10220,4587,53,184873,0.25,0.78,89341,1561,2417639,1042083,6364
1219,148,162,191,10232,4588,53,185331,0.25,0.78,89463,1547,2425195,1044301,6366
1220,144,164,190,10236,4593,53,185720,0.25,0.78,89596,1549,2426965,1047386,6374
1221,139,164,188,10241,4600,53,186310,0.25,0.78,89721,1546,2429500,1050062,6386
1222,148,169,193,10249,4603,53,187352,0.25,0.79,89784,1546,2432509,1052572,6391
1223,148,169,190,10252,4609,53,189676,0.25,0.79,89877,1545,2433623,1058560,6400
1224,138,153,181,10255,4621,53,191926,0.24,0.79,90032,1555,2434771,1063832,6417
1225,142,158,191,10268,4624,53,191947,0.24,0.79,90137,1551,2445522,1071626,6422
1226,145,161,190,10271,4628,53,192109,0.24,0.79,90253,1547,2448092,1074059,6427
1227,135,152,176,10278,4649,53,194964,0.24,0.79,90562,1574,2456642,1088615,6462
1228,143,159,182,10290,4655,53,200441,0.24,0.79,90846,1562,2469850,1099995,6470
1229,146,168,189,10304,4662,53,202167,0.24,0.79,90991,1566,2480608,1102776,6479
1230,118,168,197,10314,4664,53,202254,0.25,0.79,91010,1568,2483382,1104269,6483
1231,32,150,195,10314,4666,53,202369,0.25,0.80,91232,1555,2483382,1105518,6485
1232,28,153,200,10320,4667,53,202377,0.25,0.80,91349,1547,2485050,1106496,6487
1233,21,106,200,10324,4671,53,202393,0.25,0.80,91373,1551,2486164,1107640,6493
1234,3,39,196,10324,4673,54,202393,0.25,0.80,91398,1550,2486164,1108620,6495
1235,0,26,188,10326,4677,54,202393,0.25,0.80,91448,1549,2488662,1109626,6500
1236,3,42,190,10330,4679,54,202393,0.25,0.80,91480,1548,2494274,1110054,6503
1237,11,79,193,10333,4679,54,202393,0.25,0.80,91523,1542,2495725,1111993,6503
1238,19,89,193,10335,4681,54,202393,0.25,0.80,91535,1546,2496283,1113471,6506
1239,27,44,190,10336,4685,54,202393,0.25,0.80,91584,1545,2497080,1114353,6511
1240,20,33,193,10344,4685,54,202419,0.25,0.81,91620,1541,2502513,1115138,6511
1241,17,35,193,10345,4685,55,202471,0.25,0.81,94792,1541,2503448,1116118,6511
1242,25,45,192,10345,4686,55,202523,0.25,0.81,94792,1543,2503448,1117272,6512
1243,39,59,193,10346,4686,55,202626,0.24,0.81,94812,1541,2503716,1118228,6512
1244,43,78,192,10350,4689,55,202626,0.24,0.81,94864,1546,2505602,1118763,6519
1245,84,95,192,10353,4692,55,202685,0.72,0.81,95011,1544,2508437,1119515,6529
1246,89,107,193,10356,4694,55,202797,0.72,0.81,95075,1541,2510469,1120066,6531
1247,79,87,190,10360,4701,55,202805,0.72,0.81,95075,1548,2513239,1122472,6540
1248,29,56,192,10370,4704,55,202829,0.24,0.81,95095,1547,2518818,1123150,6543
1249,20,30,193,10380,4705,55,202840,0.24,0.82,95146,1542,2526185,1123619,6544
1250,21,27,156,10389,4707,55,202853,0.21,0.82,95186,1540,2537492,1125844,6546
1251,25,44,156,10406,4710,55,202853,0.72,0.82,95232,1541,2560893,1126955,6550
1252,37,62,173,10424,4711,55,203048,0.72,0.82,95291,1537,2578792,1128072,6551
1253,52,87,190,10444,4714,55,203456,0.72,0.82,95397,1537,2591219,1131592,6554
1254,59,79,190,10453,4718,55,203539,0.72,0.82,95469,1541,2597936,1132831,6559
1255,47,70,167,10465,4719,55,203574,0.21,0.82,95495,1541,2609307,1133979,6561
1256,49,72,156,10487,4720,55,203574,0.20,0.82,95605,1533,2621823,1134870,6563
1257,40,55,162,10505,4722,55,203625,0.56,0.82,95634,1535,2629874,1136007,6566
1258,51,62,158,10522,4723,55,203625,0.56,0.83,95653,1536,2638310,1137378,6568
1259,51,56,150,10540,4727,55,203636,0.56,0.83,95663,1544,2646793,1138966,6573
1260,47,58,152,10558,4728,55,203636,0.22,0.83,95691,1543,2652830,1140010,6574
1261,51,65,147,10576,4730,55,203661,0.22,0.83,95758,1540,2663250,1141152,6576
1262,52,69,144,10593,4730,55,203763,0.22,0.83,95778,1538,2674118,1143054,6576
1263,55,69,141,10611,4738,55,203763,0.22,0.83,95818,1556,2693818,1145683,6588
1264,59,73,151,10629,4739,55,203776,0.22,0.83,95857,1555,2709712,1146748,6590
1265,81,100,159,10647,4745,56,203828,0.22,0.83,99409,1544,2725361,1148489,6603
1266,109,137,174,10664,4747,56,204702,0.22,0.84,99509,1540,2737854,1152563,6607
1267,114,131,160,10682,4778,56,205444,0.22,0.84,99730,1597,2747123,1160739,6656
1268,127,140,174,10700,4780,56,205740,0.22,0.84,100503,1537,2761574,1162871,6660
1269,133,149,186,10718,4782,56,206064,0.22,0.84,100543,1539,2779744,1166374,6662
1270,136,150,193,10733,4784,56,206088,0.21,0.84,100591,1540,2785758,1169012,6666
1271,110,125,191,10739,4786,57,206300,0.20,0.84,100694,1538,2790240,1171941,6672
1272,82,100,186,10747,4791,57,206393,0.20,0.84,100714,1550,2804360,1174171,6680
1273,63,74,193,10761,4793,57,206441,0.19,0.84,100907,1540,2817233,1174905,6682
1274,58,80,195,10766,4793,57,206489,0.19,0.84,100984,1534,2821310,1175997,6682
1275,86,114,187,10766,4801,57,206868,0.19,0.85,101084,1545,2821310,1179255,6704
1276,109,117,190,10774,4806,57,207349,0.19,0.85,101355,1538,2828685,1181074,6712
1277,86,103,185,10784,4811,57,207516,0.18,0.85,101453,1548,2838730,1183691,6721
1278,60,71,183,10798,4815,57,207516,0.18,0.85,101603,1549,2855047,1185652,6728
1279,62,76,183,10814,4817,57,207516,0.18,0.85,101825,1540,2871425,1186826,6730
1280,96,120,193,10826,4817,57,207516,0.18,0.85,101885,1534,2884648,1188187,6730
1281,108,129,194,10832,4822,57,207708,0.18,0.85,101949,1539,2888508,1189184,6736
1282,142,165,195,10837,4826,57,208087,0.18,0.85,101999,1542,2892974,1191735,6743
1283,151,161,186,10838,4836,57,208968,0.18,0.85,102255,1537,2893272,1197008,6759
1284,126,137,168,10852,4868,57,209777,0.18,0.85,102265,1597,2904221,1205394,6849
1285,130,153,183,10872,4873,57,210785,0.18,0.86,102937,1538,2924912,1209291,6865
1286,138,164,195,10889,4878,57,212286,0.18,0.86,103113,1534,2940701,1215910,6885
1287,139,161,188,10894,4890,57,215284,0.18,0.86,103433,1536,2945531,1223307,6927
1288,138,165,193,10906,4897,57,219201,0.18,0.86,103539,1534,2953832,1231653,6953
1289,135,157,187,10913,4910,58,223174,0.18,0.86,103687,1534,2960420,1242012,7000
1290,139,170,195,10924,4913,58,228095,0.18,0.86,103787,1537,2972059,1249725,7012
1291,139,169,194,10929,4919,58,233041,0.18,0.86,103975,1534,2976767,1256940,7030
1292,146,165,192,10935,4927,58,237905,0.18,0.86,104329,1537,2983305,1263468,7056
1293,145,168,194,10943,4933,58,243179,0.18,0.86,104656,1534,2990489,1273721,7070
1294,141,165,191,10949,4942,58,247618,0.18,0.86,105089,1534,2994244,1282038,7100
1295,148,168,193,10954,4945,58,251808,0.18,0.86,105149,1534,2998466,1291579,7112
1296,146,169,194,10958,4948,58,256365,0.18,0.86,105290,1534,2999878,1296995,7124
1297,150,165,193,10961,4952,58,259590,0.18,0.86,105290,1544,3003839,1304726,7138
1298,155,167,203,10975,4956,58,259796,0.20,0.87,105650,1536,3009820,1306494,7152
1299,103,132,195,10975,4964,58,259921,0.18,0.87,105660,1549,3009820,1311148,7178
1300,61,119,197,10980,4967,58,259982,0.19,0.87,105736,1543,3014817,1312792,7190
1301,16,69,196,10980,4968,58,259982,0.19,0.87,105801,1537,3014817,1313708,7192
1302,6,41,197,10984,4968,58,260033,0.19,0.87,105806,1536,3016790,1314392,7192
1303,7,50,194,10994,4971,58,260048,0.19,0.87,105816,1540,3022582,1315842,7198
1304,15,73,196,10997,4972,58,260151,0.19,0.87,105836,1539,3025900,1316420,7210
1305,21,101,197,10998,4972,58,260303,0.19,0.87,105866,1536,3027165,1317259,7210
1306,22,133,196,11001,4975,58,260703,0.19,0.87,105896,1536,3034236,1319074,7220
1307,23,141,196,11004,4978,58,260941,0.19,0.87,105937,1536,3042961,1320842,7230
1308,30,150,196,11011,4985,58,260955,0.19,0.87,105957,1548,3057613,1322146,7250
1309,133,155,197,11013,4985,58,261018,0.19,0.87,106028,1534,3059622,1323970,7250
1310,147,172,198,11017,4985,58,261018,0.18,0.87,106028,1534,3060997,1325460,7250
1311,151,172,197,11018,4986,58,261018,0.18,0.88,106028,1536,3061916,1327025,7254
1312,161,179,204,11028,4986,58,261018,0.19,0.88,106038,1534,3067682,1328373,7254
1313,169,183,211,11036,4986,58,261018,0.19,0.88,106038,1534,3070439,1330372,7254
1314,168,177,205,11036,4992,58,261104,0.19,0.88,106063,1535,3070439,1332876,7263
1315,156,179,197,11036,5000,58,261377,0.17,0.88,106128,1536,3070439,1335707,7278
1316,151,182,193,11041,5009,58,263040,0.17,0.88,106128,1550,3073791,1340134,7293
1317,172,195,213,11069,5017,58,263711,0.18,0.88,106199,1561,3084794,1353454,7306
1318,167,182,221,11077,5017,59,263774,0.19,0.88,106837,1534,3087684,1357164,7309
1319,69,132,221,11080,5019,59,263829,0.18,0.88,106837,1537,3094803,1359501,7311
1320,25,43,220,11080,5020,59,263857,0.18,0.88,106837,1539,3094803,1360815,7313
1321,8,10,219,11080,5020,59,263857,0.17,0.88,106852,1536,3094803,1361112,7313
1322,0,0,198,11080,5024,59,263857,0.15,0.88,106858,1541,3094803,1361704,7318
1323,0,7,187,11089,5024,59,263857,0.15,0.88,106858,1541,3104477,1362400,7318
1324,9,22,177,11106,5027,59,263857,0.15,0.89,106871,1543,3125789,1363981,7322
1325,19,42,195,11126,5029,59,263857,0.15,0.89,106904,1541,3163316,1364894,7326
1326,31,63,196,11130,5032,59,263891,0.15,0.89,106916,1545,3167707,1366256,7332
1327,40,73,198,11134,5034,59,263968,0.15,0.89,106957,1541,3171154,1367243,7335
1328,46,84,196,11137,5037,59,264259,0.15,0.89,106982,1542,3173844,1368620,7339
1329,70,88,197,11142,5039,59,264742,0.15,0.89,107008,1542,3179430,1371315,7341
1330,78,85,198,11148,5044,59,265592,0.15,0.89,107069,1540,3188705,1373902,7350
1331,79,82,197,11152,5049,59,266814,0.15,0.89,107105,1541,3192576,1381938,7359
1332,65,69,183,11154,5065,59,268722,0.15,0.89,107120,1554,3194708,1388569,7384
1333,61,73,185,11169,5076,59,270970,0.15,0.89,107269,1540,3203661,1393974,7401
1334,61,73,189,11187,5089,59,273692,0.15,0.89,107367,1542,3220829,1402298,7423
1335,66,83,195,11201,5095,59,276179,0.15,0.89,107453,1546,3241791,1411481,7434
1336,75,88,199,11205,5095,59,278774,0.15,0.89,107505,1539,3245517,1416779,7434
1337,74,85,195,11205,5099,59,281948,0.15,0.90,107535,1544,3245517,1422331,7440
1338,65,81,191,11209,5107,59,285058,0.72,0.90,107694,1539,3249457,1427438,7462
1339,62,86,194,11217,5112,59,287889,0.72,0.90,107837,1539,3257161,1433608,7468
1340,67,88,198,11224,5115,59,290824,0.72,0.90,107899,1542,3265965,1444119,7471
1341,65,86,197,11226,5118,59,292256,0.72,0.90,107950,1547,3270140,1447078,7475
1342,64,83,198,11230,5121,59,292392,0.72,0.90,108001,1546,3271676,1450687,7478
1343,81,124,200,11232,5121,59,292632,0.16,0.90,108001,1546,3272476,1452315,7478
1344,73,123,199,11232,5122,59,292726,0.16,0.90,108104,1536,3272476,1453458,7480
1345,59,107,201,11234,5122,59,292801,0.16,0.90,108119,1533,3275289,1454113,7480
1346,31,69,200,11234,5123,59,292854,0.17,0.90,108139,1533,3275289,1455312,7481
1347,11,62,204,11251,5124,59,292889,0.16,0.90,108139,1536,3294196,1456161,7482
1348,17,37,199,11258,5125,59,292906,0.15,0.90,108169,1534,3300870,1457497,7484
1349,16,28,200,11265,5125,59,292906,0.15,0.90,108293,1530,3306589,1458297,7484
1350,9,30,199,11278,5126,59,292906,0.16,0.91,108293,1532,3326519,1458891,7485
1351,15,39,191,11296,5126,59,292965,0.15,0.91,108293,1532,3354354,1459923,7485
1352,28,65,171,11313,5126,59,293025,0.15,0.91,108293,1532,3389053,1461013,7485
1353,56,86,189,11331,5126,59,293184,0.15,0.91,108293,1532,3406160,1462069,7485
1354,73,96,200,11347,5126,59,293323,0.15,0.91,108293,1532,3430008,1463869,7485
1355,82,124,201,11356,5127,59,293662,0.15,0.91,108303,1532,3443390,1464881,7487
1356,84,115,200,11362,5131,59,294146,0.15,0.91,108314,1538,3448751,1468157,7493
1357,90,127,200,11372,5136,59,294484,0.15,0.91,108396,1532,3460151,1470035,7501
1358,102,139,201,11375,5137,59,295068,0.15,0.91,108427,1532,3463142,1472779,7502
1359,115,144,199,11375,5139,59,296219,0.15,0.91,108427,1537,3463142,1477532,7506
1360,125,143,198,11377,5142,59,297395,0.15,0.91,108479,1537,3469829,1480807,7511
1361,128,146,198,11381,5145,59,299445,0.15,0.91,108542,1532,3479460,1485199,7516
1362,131,149,199,11385,5147,59,301744,0.15,0.91,108587,1530,3483239,1489844,7518
1363,137,148,200,11390,5151,59,304361,0.15,0.92,108649,1532,3485681,1498745,7523
1364,134,147,198,11392,5155,59,306770,0.15,0.92,108659,1538,3486496,1503346,7530
1365,89,145,196,11405,5160,59,307032,0.15,0.92,108688,1543,3499585,1506298,7539
1366,69,137,196,11428,5162,59,307104,0.15,0.92,108717,1542,3513428,1508145,7542
1367,42,92,195,11444,5164,59,307224,0.15,0.92,108777,1537,3532064,1509992,7545
1368,50,115,199,11452,5167,59,307300,0.15,0.92,108829,1533,3539568,1510844,7549
1369,88,148,200,11455,5169,59,307536,0.15,0.92,108865,1530,3540851,1512294,7552
1370,135,173,198,11457,5173,59,307677,0.15,0.92,108865,1538,3541709,1514307,7559
1371,160,180,205,11467,5176,59,307744,0.15,0.92,108891,1539,3545914,1516050,7565
1372,137,171,213,11475,5176,59,307773,0.15,0.92,108922,1533,3549269,1517054,7565
1373,34,155,213,11475,5176,59,307773,0.15,0.92,108938,1530,3549269,1518796,7565
1374,0,88,209,11475,5179,59,307773,0.15,0.92,108938,1534,3549269,1520662,7570
1375,0,9,208,11475,5180,59,307773,0.15,0.92,108938,1535,3549269,1521049,7572
1376,0,1,202,11475,5180,59,307773,0.13,0.93,108943,1534,3549269,1521243,7572
1377,1,5,199,11484,5180,59,307773,0.12,0.93,108948,1533,3555345,1522201,7572
1378,12,16,194,11496,5181,59,307864,0.12,0.93,108948,1535,3580104,1523191,7574
1379,16,25,146,11512,5184,59,307957,0.12,0.93,108948,1541,3594812,1524683,7580
1380,26,44,163,11530,5185,59,308008,0.12,0.93,108996,1535,3614055,1525221,7581
1381,40,68,178,11548,5187,59,308788,0.12,0.93,109007,1537,3637444,1528333,7584
1382,56,82,176,11565,5189,59,309297,0.13,0.93,109017,1539,3651033,1531518,7587
1383,66,91,173,11583,5192,59,309597,0.13,0.93,109045,1541,3687856,1533636,7591
1384,73,104,171,11601,5199,59,310021,0.13,0.93,109097,1545,3717004,1536806,7604
1385,95,115,177,11618,5203,59,310581,0.13,0.93,109166,1541,3733600,1541881,7609
1386,83,118,183,11636,5209,60,311072,0.13,0.93,109198,1547,3746349,1545530,7621
1387,50,110,193,11657,5220,60,311120,0.14,0.93,109260,1558,3767360,1547848,7637
1388,40,93,196,11670,5221,60,311297,0.14,0.93,109304,1552,3782559,1549682,7638
1389,35,89,184,11682,5222,60,311501,0.14,0.94,109465,1527,3789997,1551026,7640
1390,63,126,200,11699,5223,60,311973,0.14,0.94,109546,1516,3817108,1554485,7642
1391,90,144,199,11705,5230,60,313110,0.14,0.94,109584,1524,3823667,1558242,7650
1392,120,158,203,11719,5240,60,314397,0.13,0.94,109663,1530,3836355,1568869,7665
1393,114,141,183,11725,5266,60,314699,0.13,0.94,109772,1562,3840163,1580121,7708
1394,93,150,193,11745,5276,60,314757,0.12,0.94,110047,1530,3859997,1584308,7723
1395,65,131,203,11756,5277,60,314870,0.11,0.94,110106,1522,3875567,1585350,7725
1396,36,86,206,11760,5278,60,315016,0.11,0.94,110170,1513,3877323,1586382,7727
1397,25,51,205,11760,5278,60,315161,0.12,0.94,110180,1511,3877323,1587606,7727
1398,4,35,201,11764,5279,60,315161,0.12,0.94,110180,1512,3880419,1588612,7729
1399,6,33,185,11770,5279,60,315161,0.12,0.94,110180,1512,3889906,1589139,7729
1400,13,51,194,11788,5280,60,315161,0.13,0.94,110189,1513,3911488,1590558,7731
1401,32,71,204,11799,5281,60,315226,0.13,0.94,110189,1515,3928324,1592214,7732
1402,48,78,203,11800,5283,60,315318,0.13,0.95,110210,1515,3929958,1592921,7735
1403,70,93,209,11810,5287,60,315544,0.13,0.95,110268,1512,3946335,1593823,7742
1404,72,105,203,11810,5292,60,316101,0.13,0.95,110283,1518,3946335,1599039,7751
1405,69,107,197,11811,5298,60,316746,0.13,0.95,110325,1519,3946805,1601632,7759
1406,77,107,197,11818,5305,60,317243,0.13,0.95,110390,1518,3955569,1604674,7768
1407,81,108,194,11825,5315,60,317837,0.13,0.95,110518,1511,3964310,1607246,7785
1408,95,114,203,11837,5318,60,318679,0.13,0.95,110528,1512,3986904,1610709,7789
1409,103,116,201,11838,5321,60,320447,0.13,0.95,110533,1514,3987760,1616007,7793
1410,103,115,200,11841,5325,60,322660,0.13,0.95,110569,1514,3990333,1622421,7801
1411,106,117,202,11845,5327,60,324932,0.13,0.95,110610,1511,3994630,1627539,7804
1412,98,109,199,11852,5337,60,327274,0.13,0.95,110729,1511,4012840,1631884,7819
1413,97,117,201,11863,5344,60,329108,0.13,0.95,110819,1517,4023983,1638899,7830
1414,107,122,204,11866,5344,60,331228,0.13,0.95,110861,1511,4032164,1642063,7830
1415,110,123,203,11867,5345,60,333612,0.12,0.96,110882,1511,4032888,1645069,7832
1416,112,122,203,11869,5347,60,336017,0.12,0.96,110930,1511,4037483,1649641,7836
1417,105,121,203,11875,5353,60,338316,0.12,0.96,111066,1514,4058594,1657427,7847
1418,107,120,200,11877,5358,60,340435,0.12,0.96,111119,1521,4060297,1661446,7855
1419,108,123,203,11882,5360,60,342326,0.12,0.96,111182,1514,4068586,1664096,7858
1420,109,121,202,11884,5363,60,344275,0.12,0.96,111330,1511,4073719,1666146,7864
1421,111,123,205,11888,5364,60,345947,0.12,0.96,111383,1511,4082537,1670842,7865
1422,112,124,204,11888,5365,60,347984,0.12,0.96,111436,1511,4082537,1673099,7867
1423,114,125,205,11889,5365,60,350135,0.12,0.96,111436,1511,4083030,1676037,7867
1424,113,124,204,11889,5366,60,352171,0.12,0.96,111488,1511,4083030,1679117,7869
1425,111,125,205,11893,5369,60,354004,0.12,0.96,111646,1511,4086749,1681541,7872
1426,111,125,204,11895,5371,60,355790,0.12,0.96,111657,1513,4089730,1686594,7875
1427,111,124,203,11896,5373,60,358080,0.12,0.97,111667,1516,4091225,1688897,7877
1428,112,125,203,11900,5375,60,360471,0.12,0.97,111742,1515,4098964,1691814,7880
1429,113,126,204,11903,5377,60,362364,0.12,0.97,111816,1511,4104969,1694172,7884
1430,114,126,205,11904,5377,60,364754,0.12,0.97,111816,1511,4106223,1699009,7884
1431,111,124,203,11905,5380,60,367014,0.12,0.97,111816,1519,4107481,1702170,7889
1432,110,124,206,11910,5381,60,369416,0.12,0.97,111879,1517,4115559,1704990,7890
1433,110,124,205,11910,5382,61,371928,0.12,0.97,111963,1514,4115559,1708664,7895
1434,109,125,205,11911,5383,61,374250,0.12,0.97,111963,1517,4117335,1715189,7897
1435,112,126,206,11912,5383,61,376798,0.12,0.97,112058,1511,4119116,1717794,7897
1436,113,126,206,11913,5384,61,379118,0.12,0.97,112058,1514,4119626,1720228,7898
1437,114,126,206,11913,5384,61,381586,0.12,0.97,112084,1511,4119626,1723433,7898
1438,110,122,205,11916,5388,61,383658,0.12,0.97,112243,1514,4123476,1728133,7905
1439,109,125,205,11917,5389,61,385530,0.12,0.97,112296,1514,4124761,1730628,7907
1440,111,127,205,11919,5390,61,387631,0.12,0.98,112307,1514,4127184,1732407,7909
1441,112,127,205,11920,5391,61,389453,0.12,0.98,112338,1514,4128991,1736293,7911
1442,114,123,203,11921,5394,61,391007,0.12,0.98,112391,1520,4133137,1738236,7917
1443,110,128,206,11926,5396,61,391413,0.11,0.98,112550,1517,4140804,1740667,7920
1444,117,137,211,11932,5397,61,391593,0.11,0.98,112657,1513,4143451,1742029,7922
1445,61,141,213,11934,5397,61,391666,0.09,0.98,112667,1511,4144343,1743817,7922
1446,53,92,212,11934,5398,61,391696,0.08,0.98,112667,1512,4144343,1744701,7924
1447,45,73,207,11934,5398,61,391762,0.08,0.98,112667,1512,4144343,1745612,7924
1448,29,45,207,11938,5399,61,391791,0.08,0.98,112672,1512,4146272,1746380,7925
1449,14,25,201,11942,5400,61,391791,0.09,0.98,112677,1512,4150339,1747647,7927
1450,12,22,183,11952,5400,61,391888,0.09,0.98,112677,1512,4176692,1748663,7927
1451,21,35,174,11970,5401,61,391936,0.09,0.98,112682,1513,4214457,1749812,7928
1452,36,50,163,11988,5402,61,392120,0.09,0.98,112848,1506,4242817,1751485,7929
1453,43,59,134,12005,5402,61,392385,0.72,0.99,112975,1493,4263453,1753266,7929
1454,59,80,146,12023,5406,61,392972,0.72,0.99,112997,1498,4299875,1757509,7933
1455,81,109,161,12041,5408,61,393789,0.72,0.99,113059,1493,4322607,1761118,7936
1456,97,109,165,12059,5415,61,394754,0.72,0.99,113059,1507,4347339,1766404,7944
1457,83,105,156,12082,5421,61,394876,0.09,0.99,113124,1507,4371386,1770067,7951
1458,83,108,167,12100,5422,61,395011,0.09,0.99,113239,1495,4406280,1772389,7952
1459,90,108,181,12118,5423,61,395230,0.09,0.99,113303,1488,4435698,1774014,7953
1460,84,106,185,12136,5424,61,395382,0.09,0.99,113457,1477,4465781,1776463,7955
1461,94,107,196,12153,5425,61,395382,0.09,0.99,113468,1477,4489849,1778483,7956
1462,104,115,201,12169,5426,61,395415,0.06,0.99,113485,1477,4506946,1781089,7957
1463,105,108,198,12178,5428,61,395573,0.06,0.99,113502,1479,4515373,1782950,7961
1464,104,109,190,12189,5430,61,395653,0.06,0.99,113531,1479,4525142,1785232,7965
1465,92,101,183,12206,5432,61,395800,0.07,1.00,113531,1483,4548255,1787604,7968
1466,104,113,192,12224,5433,61,395909,0.06,1.00,113574,1477,4569993,1789237,7970
1467,105,112,188,12242,5436,61,395940,0.06,1.00,113574,1483,4601252,1791464,7975
1468,97,113,193,12260,5436,61,396021,0.06,1.00,113596,1479,4634878,1793264,7975
1469,108,122,189,12275,5436,61,396373,0.07,1.00,113624,1475,4651452,1795795,7975
1470,99,110,205,12293,5438,61,396761,0.43,1.00,113624,1479,4681175,1799308,7979
1471,112,120,208,12309,5439,61,396895,0.43,1.00,113659,1477,4694706,1802136,7980
1472,103,112,208,12313,5440,61,397274,0.08,1.00,113677,1477,4698347,1804225,7981
1473,100,113,208,12326,5440,61,397379,0.08,1.00,113692,1475,4721444,1808130,7981
1474,118,134,206,12340,5446,61,397911,0.08,1.00,113730,1480,4732881,1811081,7991
1475,125,146,203,12346,5455,61,399311,0.08,1.00,113845,1477,4736273,1816477,8006
1476,167,184,209,12356,5459,61,400910,0.07,1.00,113862,1482,4749586,1826857,8014
1477,159,178,211,12363,5464,61,401570,0.06,1.00,113920,1485,4757222,1834949,8021
1478,143,165,208,12365,5469,61,401660,0.05,1.00,113991,1485,4761212,1838684,8030
1479,129,144,200,12366,5478,61,401701,0.05,1.00,114079,1493,4761782,1841982,8044
1480,123,138,208,12380,5479,61,401701,0.06,1.00,114131,1489,4781295,1845100,8045
1481,123,138,202,12385,5488,61,401701,0.06,1.00,114244,1493,4788759,1848145,8058
1482,131,150,205,12393,5493,61,402480,0.06,1.00,114416,1481,4797105,1853039,8066
1483,120,130,185,12399,5519,61,405782,0.06,1.00,114690,1487,4809778,1870088,8107
1484,94,115,174,12417,5547,61,407850,0.06,1.00,114765,1530,4837542,1883686,8149
1485,85,113,170,12451,5579,62,408353,0.07,1.00,115100,1538,4881220,1891824,8202
1486,91,118,172,12469,5587,62,408735,0.06,1.00,115460,1491,4931036,1896961,8216
1487,106,130,192,12493,5590,62,409017,0.06,1.00,115586,1482,4968877,1900498,8222
1488,118,156,205,12511,5594,62,410309,0.06,1.00,115754,1476,4999944,1903008,8228
1489,122,158,200,12522,5610,62,412332,0.06,1.00,115883,1488,5011707,1916847,8252
1490,126,161,204,12531,5615,62,413893,0.06,1.00,115992,1486,5021987,1925705,8261
1491,97,143,204,12546,5621,62,414449,0.06,1.00,116023,1497,5049549,1929894,8268
1492,87,137,204,12560,5624,62,414718,0.05,1.00,116137,1492,5059880,1932907,8273
1493,75,113,208,12573,5626,62,414792,0.04,1.00,116245,1484,5068006,1934850,8277
1494,66,93,208,12582,5628,62,414878,0.07,1.00,116325,1483,5072680,1935890,8281
1495,51,77,209,12587,5629,62,414930,0.07,1.00,116386,1481,5089859,1937391,8282
1496,29,73,199,12596,5631,62,414974,0.07,1.00,116430,1484,5117431,1938149,8286
1497,42,90,201,12614,5631,62,414974,0.07,1.00,116518,1475,5143755,1938985,8286
1498,56,108,191,12633,5631,62,415321,0.07,1.00,116518,1475,5182005,1941984,8286
1499,60,115,190,12651,5633,62,415675,0.07,1.00,116518,1481,5220511,1944808,8289
