t,visible,near600,alive,spawned,killed,level,hit_damage,memory,erasure_global,xp_gained,xp_orbs,spawned_hp,damage_dealt,essence_gained
1,0,0,0,0,0,1,0,0.99,0.00,0,0,0,0,0
2,0,0,0,0,0,1,0,0.99,0.00,0,0,0,0,0
3,0,0,0,0,0,1,0,0.97,0.00,0,0,0,0,0
4,0,0,0,0,0,1,0,0.97,0.00,0,0,0,0,0
5,0,0,0,0,0,1,0,0.96,0.00,0,0,0,0,0
6,0,0,0,0,0,1,0,0.96,0.00,0,0,0,0,15
7,0,0,0,0,0,1,0,0.96,0.00,0,0,0,0,15
8,0,0,0,0,0,1,0,0.96,0.00,0,0,0,0,15
9,3,4,4,4,0,1,0,0.95,0.00,0,0,232,0,15
10,5,5,5,5,0,1,0,0.94,0.00,0,0,323,0,15
11,3,3,5,5,0,1,0,0.93,0.00,0,0,323,0,15
12,1,4,10,10,0,1,0,0.92,0.01,0,0,578,0,15
13,4,5,11,11,0,1,0,0.92,0.01,0,0,601,0,15
14,4,4,11,11,0,1,0,0.93,0.01,0,0,601,10,15
15,2,4,12,12,0,1,0,0.92,0.01,0,0,624,10,15
16,2,2,13,16,0,1,0,0.92,0.01,0,0,784,10,15
17,1,2,14,18,0,1,0,0.92,0.01,0,0,903,10,15
18,2,4,16,21,0,1,0,0.92,0.01,0,0,1018,10,15
19,5,6,17,23,0,1,0,0.92,0.01,0,0,1084,10,15
20,6,7,17,23,0,1,0,0.92,0.01,0,0,1084,10,15
21,6,10,17,23,0,1,0,0.92,0.01,0,0,1084,19,15
22,3,10,17,23,0,1,0,0.91,0.01,0,0,1084,38,15
23,2,7,18,24,0,1,0,0.91,0.01,0,0,1107,48,15
24,0,5,18,24,0,1,0,0.91,0.01,0,0,1107,48,15
25,0,7,18,24,0,1,0,0.91,0.01,0,0,1107,48,23
26,1,9,19,25,0,1,0,0.91,0.01,0,0,1153,48,23
27,1,8,19,25,0,1,0,0.90,0.01,0,0,1153,48,23
28,0,6,19,25,0,1,0,0.90,0.01,0,0,1153,48,23
29,0,7,22,29,0,1,0,0.89,0.01,0,0,1416,48,23
30,2,6,22,31,0,1,0,0.90,0.01,0,0,1665,48,23
31,3,5,28,37,0,1,0,0.91,0.01,0,0,2224,58,23
32,3,8,27,43,0,1,0,0.91,0.01,0,0,2737,77,23
33,4,10,27,43,0,1,0,0.91,0.01,0,0,2737,86,23
34,7,10,27,43,0,1,0,0.91,0.02,0,0,2737,106,23
35,7,11,27,44,0,1,0,0.91,0.02,0,0,2765,115,23
36,7,7,26,45,0,1,0,0.91,0.02,0,0,2793,125,23
37,4,7,32,52,0,1,0,0.90,0.02,0,0,3023,134,23
38,8,12,35,57,0,1,16,0.90,0.02,0,0,3304,163,23
39,9,12,35,57,0,1,33,0.90,0.02,0,0,3304,173,83
40,9,11,34,57,1,1,71,0.90,0.02,0,1,3304,192,84
41,10,12,35,58,1,1,92,0.90,0.02,9,0,3399,202,84
42,7,8,27,58,1,1,92,0.90,0.02,9,0,3399,221,84
43,8,11,29,62,1,1,92,0.90,0.02,9,0,3564,230,84
44,11,13,30,63,1,1,92,0.90,0.02,9,0,3587,230,84
45,10,12,29,64,3,1,92,0.89,0.02,9,2,3611,250,86
46,11,12,29,64,3,1,99,0.89,0.02,26,0,3611,269,86
47,9,12,29,66,3,1,99,0.89,0.02,26,0,3658,288,86
48,7,11,23,67,3,1,99,0.89,0.02,26,0,3687,298,86
49,8,12,24,68,3,1,99,0.89,0.02,26,0,3715,307,86
50,8,14,24,69,4,1,110,0.89,0.02,26,2,3744,326,87
51,11,16,24,69,4,1,141,0.89,0.02,34,1,3744,346,87
52,16,20,25,70,4,2,141,0.89,0.02,42,0,3773,355,87
53,12,18,22,70,7,2,168,0.90,0.02,42,5,3773,498,90
54,4,16,20,70,9,2,168,0.90,0.02,58,5,3773,586,92
55,6,10,21,71,9,2,168,0.90,0.02,68,3,3801,604,92
56,8,14,28,78,9,2,185,0.90,0.03,68,3,4338,636,92
57,3,12,31,84,12,2,185,0.90,0.03,68,6,4698,712,95
58,5,10,32,85,12,2,185,0.91,0.03,68,6,4746,721,95
59,5,12,32,85,12,2,185,0.91,0.03,68,6,4746,731,95
60,4,10,40,93,12,2,185,0.90,0.03,68,6,5371,750,95
61,5,12,37,99,12,2,185,0.89,0.03,68,6,5596,769,95
62,11,18,38,106,12,2,196,0.89,0.03,68,6,5781,815,95
63,14,17,41,110,13,2,218,0.89,0.03,68,8,5934,978,96
64,15,19,35,115,15,2,218,0.89,0.03,76,11,6090,1009,98
65,4,19,35,118,18,2,218,0.90,0.03,76,14,6381,1132,101
66,9,11,34,122,19,2,218,0.90,0.03,76,15,6769,1145,102
67,6,17,38,132,19,2,218,0.90,0.03,76,15,7496,1145,102
68,7,12,35,134,19,2,218,0.90,0.03,76,15,7691,1177,102
69,7,11,42,142,20,2,218,0.90,0.03,76,17,8264,1195,103
70,11,17,49,150,20,2,218,0.90,0.03,76,17,8620,1227,103
71,12,17,50,156,22,2,218,0.90,0.03,76,19,8997,1266,105
72,2,21,45,162,23,2,224,0.89,0.03,76,20,9267,1296,106
73,3,14,45,163,23,2,224,0.89,0.03,76,20,9291,1306,106
74,2,13,43,173,23,2,224,0.89,0.03,76,20,9623,1329,106
75,7,18,49,181,23,2,224,0.89,0.03,76,20,9886,1356,106
76,10,17,48,182,23,2,240,0.88,0.03,76,20,9911,1410,106
77,11,24,45,183,24,2,240,0.88,0.03,85,20,9935,1417,107
78,10,25,43,183,26,2,240,0.88,0.04,101,22,9935,1492,109
79,11,25,43,184,27,2,246,0.88,0.04,112,21,10034,1515,110
80,18,23,43,184,27,2,246,0.88,0.04,121,20,10034,1515,110
81,16,24,41,185,27,2,246,0.88,0.04,121,20,10075,1524,110
82,22,26,40,185,27,2,246,0.88,0.04,121,20,10075,1560,110
83,17,20,34,187,35,3,257,0.88,0.04,129,27,10129,1805,118
84,22,29,42,198,38,3,257,0.88,0.04,215,20,10557,1900,121
85,21,26,37,199,44,3,257,0.88,0.04,223,31,10607,2200,127
86,14,23,36,199,45,4,269,0.87,0.04,417,21,10607,2324,133
87,6,23,38,203,46,4,269,0.89,0.04,417,22,10781,2344,134
88,5,18,43,212,46,4,269,0.89,0.04,417,22,11427,2389,134
89,7,16,51,221,47,4,269,0.89,0.04,417,24,12033,2441,135
90,12,23,62,233,48,4,269,0.90,0.04,417,26,12830,2508,136
91,12,15,60,236,49,4,276,0.90,0.04,417,28,12905,2573,137
92,11,18,58,239,50,4,294,0.90,0.04,434,28,13162,2643,138
93,11,20,58,239,50,4,315,0.89,0.04,445,26,13162,2666,138
94,10,25,58,240,51,4,359,0.89,0.04,445,28,13296,2783,139
95,10,27,55,240,54,4,392,0.89,0.04,472,29,13296,2939,142
96,11,27,55,241,55,5,403,0.89,0.04,488,29,13429,2949,143
97,13,29,55,241,55,5,446,0.89,0.04,510,26,13429,2981,143
98,15,29,55,242,56,5,490,0.89,0.04,510,28,13480,3012,144
99,17,30,56,243,56,5,522,0.89,0.04,520,26,13580,3058,144
100,16,27,53,243,59,5,544,0.89,0.05,529,29,13580,3125,147
101,17,28,54,244,59,5,620,0.89,0.05,549,26,13681,3169,147
102,16,26,52,244,61,5,697,0.89,0.05,560,28,13681,3190,149
103,16,27,53,246,62,5,740,0.89,0.05,576,28,13883,3202,150
104,17,28,54,248,63,5,784,0.89,0.05,592,28,14015,3238,151
105,19,29,55,249,63,5,838,0.89,0.05,608,26,14116,3288,151
106,15,28,54,249,64,5,838,0.89,0.05,608,28,14116,3318,152
107,17,29,55,250,64,5,849,0.89,0.05,619,26,14146,3392,152
108,19,29,55,251,65,5,871,0.89,0.05,619,28,14172,3536,153
109,9,20,51,251,66,5,871,0.89,0.05,619,29,14172,3567,154
110,10,18,49,263,66,5,871,0.89,0.05,619,29,14773,3582,154
111,10,26,54,277,66,5,871,0.88,0.05,619,29,15726,3622,154
112,13,22,57,280,66,5,871,0.88,0.05,619,29,15818,3684,154
113,10,24,68,291,66,5,871,0.87,0.05,619,29,16651,3693,154
114,9,26,64,296,66,5,871,0.86,0.05,619,29,16866,3713,154
115,14,28,63,296,67,5,871,0.86,0.05,619,30,16866,3736,165
116,16,32,63,297,68,5,882,0.86,0.05,628,30,16891,3762,166
117,18,28,61,297,68,5,882,0.86,0.05,628,30,16891,3806,166
118,9,12,49,300,68,5,904,0.87,0.05,637,29,16968,3925,166
119,11,22,60,313,69,5,904,0.87,0.05,653,29,17375,3938,167
120,17,27,66,321,69,5,904,0.87,0.05,653,29,17770,3964,167
121,15,22,68,324,69,5,916,0.87,0.06,653,29,17924,4000,167
122,13,28,68,325,70,5,916,0.86,0.06,653,31,17976,4030,168
123,8,33,69,326,70,5,916,0.85,0.06,653,31,18028,4050,168
124,6,38,68,326,71,5,916,0.85,0.06,695,33,18028,4061,169
125,13,41,69,327,71,5,971,0.85,0.06,712,31,18079,4172,169
126,29,49,68,327,72,5,993,0.85,0.06,712,33,18079,4199,170
127,39,57,69,328,72,5,993,0.86,0.06,712,33,18131,4244,170
128,34,51,63,329,79,6,993,0.86,0.06,882,46,18175,4618,177
129,38,50,62,329,80,6,1116,0.86,0.06,902,44,18175,4826,178
130,18,29,48,330,95,6,1169,0.86,0.06,911,63,18201,5239,193
131,8,28,51,333,95,6,1169,0.86,0.06,951,58,18305,5263,193
132,5,25,57,342,98,6,1169,0.86,0.06,951,64,18740,5342,196
133,8,30,56,345,98,6,1169,0.86,0.06,951,64,19053,5369,196
134,13,35,56,346,99,6,1169,0.86,0.06,951,66,19158,5394,197
135,18,34,56,346,99,6,1214,0.85,0.06,962,64,19158,5411,197
136,17,28,52,347,99,6,1214,0.85,0.06,962,64,19263,5470,197
137,12,24,61,360,99,6,1214,0.85,0.06,962,64,19947,5575,197
138,19,28,62,363,99,6,1214,0.85,0.06,962,64,20026,5594,197
139,25,33,63,364,99,6,1214,0.85,0.06,962,64,20052,5605,197
140,35,53,64,365,99,6,1214,0.85,0.06,962,64,20157,5745,197
141,38,48,60,366,104,6,1225,0.86,0.06,962,74,20210,5966,202
142,45,53,60,366,104,7,1225,0.85,0.06,1046,64,20210,6052,202
143,40,48,52,367,113,7,1414,0.85,0.07,1055,83,20263,6317,211
144,35,36,51,367,114,7,1414,0.86,0.07,1055,85,20263,6349,212
145,11,16,56,372,114,7,1440,0.86,0.07,1077,82,20819,6425,212
146,14,29,66,387,115,7,1440,0.85,0.07,1086,83,22173,6435,213
147,21,32,66,387,115,7,1440,0.85,0.07,1086,83,22173,6449,213
148,24,37,66,388,116,7,1451,0.85,0.07,1103,83,22200,6471,214
149,26,45,66,388,116,7,1451,0.85,0.07,1103,83,22200,6490,214
150,30,52,65,389,118,7,1463,0.85,0.07,1112,84,22232,6555,216
151,48,55,64,389,119,7,1474,0.85,0.07,1120,84,22232,6603,217
152,54,56,64,390,120,7,1491,0.85,0.07,1138,83,22264,6740,218
153,54,56,61,391,124,7,1513,0.85,0.07,1138,91,22296,7027,222
154,53,53,58,391,127,7,1547,0.85,0.07,1172,90,22296,7112,225
155,50,51,55,392,131,7,1580,0.85,0.07,1243,89,22328,7293,229
156,46,47,51,392,135,7,1625,0.85,0.07,1271,91,22328,7361,233
157,48,48,52,393,135,7,1670,0.85,0.07,1308,85,22360,7394,233
158,47,47,51,393,136,7,1737,0.85,0.07,1308,86,22360,7457,234
159,43,45,52,394,136,7,1790,0.85,0.07,1317,85,22392,7668,234
160,29,62,67,411,136,7,1790,0.85,0.07,1317,85,23308,7692,234
161,59,65,68,412,136,7,1790,0.85,0.07,1317,85,23340,7714,234
162,64,65,68,413,137,7,1790,0.85,0.07,1317,87,23373,7872,235
163,63,64,66,413,139,7,1804,0.85,0.07,1334,88,23373,8271,237
164,60,61,64,414,142,8,1834,0.85,0.08,1376,89,23405,8371,240
165,55,56,59,414,147,8,1842,0.85,0.08,1427,92,23405,8538,245
166,52,53,56,415,151,8,1842,0.85,0.08,1453,97,23514,8733,249
167,27,49,54,415,153,8,1849,0.84,0.08,1526,92,23514,8839,251
168,39,47,52,416,156,8,1857,0.84,0.08,1560,94,23622,8927,254
169,42,44,49,417,159,8,1857,0.85,0.08,1594,94,23731,8986,261
170,41,41,48,417,160,8,1857,0.85,0.08,1602,94,23731,9004,262
171,40,42,48,418,161,8,1857,0.85,0.08,1647,95,23840,9074,263
172,35,37,43,418,166,8,1857,0.85,0.08,1665,103,23840,9323,268
173,35,36,43,419,166,8,1857,0.85,0.08,1682,101,23950,9333,268
174,33,35,41,419,168,8,1857,0.85,0.08,1699,105,23950,9386,280
175,31,33,39,420,171,8,1857,0.85,0.08,1711,109,24059,9681,283
176,21,34,39,431,182,9,1957,0.84,0.08,1758,123,24558,10036,294
177,24,38,41,433,182,9,1957,0.84,0.08,1804,116,24613,10045,294
178,11,36,43,435,182,9,1963,0.84,0.08,1804,116,24668,10086,294
179,3,20,49,442,183,9,1963,0.85,0.08,1804,117,24940,10095,295
180,6,23,66,459,183,9,1963,0.85,0.08,1812,116,25750,10110,295
181,15,32,78,475,184,9,1969,0.86,0.08,1812,117,26410,10200,296
182,17,33,82,484,186,9,1982,0.86,0.08,1812,119,27169,10258,298
183,13,27,70,493,190,9,1994,0.86,0.08,1812,123,27607,10387,302
184,12,24,64,505,190,9,1994,0.86,0.09,1812,123,27978,10388,302
185,20,33,74,520,192,9,1994,0.85,0.09,1812,126,28626,10478,304
186,24,37,77,526,195,9,2014,0.85,0.09,1838,126,28898,10670,307
187,23,35,75,527,198,9,2082,0.85,0.09,1884,124,28931,10761,310
188,28,32,73,527,199,9,2094,0.85,0.09,1893,124,28931,10881,311
189,24,34,75,535,201,9,2094,0.84,0.09,1902,125,29510,11000,313
190,18,30,73,542,201,9,2094,0.84,0.09,1902,125,29911,11010,313
191,17,24,73,555,201,9,2094,0.83,0.09,1902,125,30367,11086,313
192,13,36,71,572,206,9,2094,0.84,0.09,1902,130,31333,11305,318
193,19,33,76,578,207,9,2094,0.83,0.09,1902,131,31721,11324,319
194,20,32,79,585,207,9,2094,0.84,0.09,1902,131,32281,11367,319
195,15,26,87,599,207,9,2094,0.85,0.09,1902,131,33013,11419,319
196,12,34,90,616,208,9,2107,0.84,0.09,1902,132,35820,11439,320
197,18,39,84,616,208,9,2107,0.84,0.09,1902,132,35820,11448,320
198,31,42,85,617,208,9,2107,0.84,0.09,1902,132,35854,11500,320
199,42,50,82,618,212,9,2107,0.85,0.09,1902,140,35910,11785,324
200,32,50,82,618,212,9,2107,0.85,0.09,1902,140,35910,11795,324
201,2,40,83,619,212,9,2107,0.85,0.09,1902,140,35939,11835,324
202,1,31,82,619,213,9,2119,0.85,0.09,1902,142,35939,11871,325
203,0,31,83,621,214,9,2119,0.83,0.09,1919,142,36080,11902,326
204,5,37,84,622,214,9,2119,0.83,0.09,1919,142,36193,11902,337
205,14,41,85,623,214,9,2119,0.83,0.10,1919,142,36306,11982,337
206,9,37,80,625,221,9,2119,0.83,0.10,1938,147,36382,12168,344
207,7,37,79,628,225,9,2119,0.83,0.10,2002,144,36486,12290,348
208,20,39,80,629,225,9,2119,0.83,0.10,2021,142,36528,12313,348
209,7,29,80,630,226,9,2125,0.83,0.10,2021,143,36570,12375,349
210,6,22,91,645,227,9,2138,0.84,0.10,2021,144,37356,12406,350
211,14,31,96,661,227,9,2138,0.85,0.10,2021,144,38488,12434,350
212,17,37,106,677,228,9,2138,0.85,0.10,2021,146,39446,12467,351
213,21,35,107,684,228,9,2138,0.85,0.10,2021,146,39869,12496,351
214,20,28,96,690,228,9,2138,0.84,0.10,2021,146,40385,12549,351
215,13,31,82,706,229,9,2146,0.83,0.10,2021,148,41391,12567,352
216,15,37,85,722,230,9,2146,0.83,0.10,2083,142,42266,12588,353
217,18,34,87,728,230,9,2146,0.83,0.10,2083,142,42840,12635,353
218,12,31,90,736,231,9,2159,0.82,0.10,2083,144,43116,12682,354
219,21,32,86,753,231,9,2159,0.83,0.10,2083,144,44191,12682,354
220,23,38,86,766,231,9,2172,0.83,0.10,2083,144,45934,12716,354
221,22,38,86,769,232,9,2184,0.83,0.10,2100,144,46078,12868,355
222,20,40,93,782,235,9,2184,0.84,0.10,2100,150,46746,12998,358
223,17,34,92,790,237,9,2229,0.84,0.10,2100,154,47055,13111,360
224,23,28,86,805,238,9,2229,0.84,0.10,2117,154,47972,13347,361
225,28,41,89,821,238,9,2229,0.84,0.11,2117,154,48824,13396,361
226,28,40,86,824,238,9,2242,0.84,0.11,2117,154,48950,13760,361
227,28,38,85,830,241,9,2268,0.84,0.11,2117,160,49339,13916,364
228,29,42,89,841,243,9,2268,0.84,0.11,2135,162,50041,14066,366
229,16,21,73,846,245,9,2281,0.84,0.11,2135,166,50361,14186,368
230,11,29,78,862,245,9,2305,0.83,0.11,2149,164,51401,14206,368
231,19,32,85,879,249,9,2305,0.83,0.11,2149,168,52866,14463,372
232,25,40,90,894,250,9,2318,0.83,0.11,2149,170,53709,14535,373
233,25,39,89,900,250,9,2318,0.84,0.11,2149,170,54111,14580,373
234,25,40,78,907,250,9,2318,0.84,0.11,2158,169,54511,14612,373
235,19,34,72,916,252,9,2354,0.83,0.11,2158,173,55039,14732,375
236,23,37,80,932,253,9,2354,0.83,0.11,2158,175,55610,14816,376
237,18,38,84,941,253,9,2354,0.82,0.11,2166,174,56268,14835,376
238,24,42,88,945,253,9,2354,0.82,0.11,2166,174,56631,14928,376
239,34,47,87,946,254,9,2413,0.82,0.11,2166,176,56788,15115,377
240,32,53,92,955,257,9,2434,0.82,0.11,2178,180,57512,15299,380
241,42,63,103,972,257,9,2434,0.82,0.11,2178,180,58580,15361,380
242,28,60,104,989,258,9,2434,0.82,0.11,2178,183,60490,15445,381
243,29,51,113,1006,259,9,2434,0.82,0.11,2178,186,61109,15507,382
244,40,47,120,1019,261,9,2445,0.82,0.12,2178,191,61736,15620,384
245,26,42,114,1025,268,9,2445,0.82,0.12,2190,206,62645,15902,391
246,19,35,113,1037,268,10,2445,0.83,0.12,2218,203,63588,15922,391
247,16,39,108,1050,269,10,2445,0.82,0.12,2218,205,64154,15945,392
248,32,53,116,1067,269,10,2445,0.83,0.12,2230,203,64926,15977,392
249,25,42,102,1078,274,10,2445,0.82,0.12,2230,213,65757,16130,397
250,29,53,115,1095,274,10,2445,0.82,0.12,2230,213,67092,16132,397
251,28,44,117,1108,275,10,2445,0.82,0.12,2253,211,68427,16400,398
252,35,64,123,1118,279,10,2450,0.81,0.12,2265,218,68912,16641,402
253,29,67,127,1122,279,10,2465,0.81,0.12,2265,218,69300,16688,402
254,36,72,126,1122,280,10,2480,0.81,0.12,2555,221,69300,16791,403
255,47,78,121,1122,285,10,2510,0.81,0.12,2590,229,69300,17087,408
256,43,74,104,1123,303,11,2526,0.81,0.12,2801,253,69383,17912,426
257,56,74,103,1127,308,11,2555,0.81,0.13,3041,236,69855,18278,431
258,58,71,109,1138,310,11,2579,0.81,0.13,3112,231,70358,18387,433
259,51,56,113,1151,311,11,2579,0.81,0.13,3164,230,71055,18479,434
260,32,50,117,1168,312,11,2579,0.80,0.13,3235,229,72520,18524,435
261,18,32,126,1179,313,11,2579,0.80,0.13,3247,230,73335,18703,436
262,11,27,127,1184,316,11,2579,0.80,0.13,3247,238,73596,18821,439
263,14,24,126,1197,316,11,2579,0.80,0.13,3247,238,74722,18860,439
264,16,33,124,1212,317,11,2579,0.81,0.13,3247,240,75692,18899,440
265,29,51,115,1228,317,11,2579,0.81,0.13,3288,238,76310,18924,440
266,40,59,122,1241,323,11,2608,0.81,0.13,3304,252,77021,19286,446
267,48,62,126,1247,325,12,2624,0.81,0.13,3436,242,77344,19470,448
268,44,67,136,1261,325,12,2645,0.81,0.13,3467,238,77977,19523,448
269,50,67,141,1276,327,12,2645,0.81,0.13,3467,242,78363,19577,450
270,45,67,135,1282,327,12,2645,0.81,0.14,3479,240,78507,19577,450
271,59,76,133,1282,328,12,2645,0.81,0.14,3479,242,78507,19734,451
272,59,78,126,1283,336,12,2664,0.81,0.14,3491,254,78567,20094,459
273,48,55,128,1287,337,12,2664,0.81,0.14,3506,253,78940,20125,460
274,37,46,128,1297,337,12,2664,0.81,0.14,3506,253,79658,20131,460
275,9,24,128,1303,337,12,2664,0.81,0.14,3506,253,80068,20141,460
276,5,12,126,1305,339,12,2669,0.81,0.14,3506,258,80455,20265,462
277,4,16,109,1314,339,12,2669,0.80,0.14,3506,258,80963,20275,462
278,22,37,104,1331,339,12,2669,0.80,0.14,3518,256,82429,20275,462
279,38,52,121,1348,339,12,2669,0.80,0.14,3518,256,84671,20348,462
280,38,51,128,1361,340,12,2787,0.81,0.14,3518,258,85377,20504,463
281,34,46,126,1370,342,12,2787,0.81,0.14,3518,263,85887,21055,465
282,35,58,118,1381,342,12,2787,0.81,0.14,3518,263,86969,21146,465
283,50,71,128,1392,343,12,2809,0.81,0.15,3518,265,87524,21376,466
284,56,76,128,1399,350,12,2846,0.81,0.15,3586,273,88158,22320,473
285,49,63,129,1400,350,12,2846,0.80,0.15,3592,272,88182,22447,473
286,55,67,135,1414,350,12,2846,0.80,0.15,3592,272,89097,22576,473
287,29,56,129,1414,350,12,2891,0.80,0.15,3592,272,89097,22782,473
288,39,48,129,1418,350,12,2891,0.80,0.15,3592,272,89538,22824,473
289,36,58,120,1426,352,12,2891,0.80,0.15,3592,276,89918,22977,475
290,65,72,128,1436,353,12,2891,0.80,0.15,3616,274,90290,23030,476
291,60,72,125,1437,357,12,2891,0.80,0.15,3628,280,90315,23167,480
292,23,45,120,1445,359,12,2891,0.80,0.15,3628,285,90733,23221,482
293,19,31,129,1459,359,12,2891,0.80,0.15,3628,285,91945,23231,482
294,16,27,126,1464,359,12,2891,0.80,0.15,3628,285,92586,23261,482
295,20,34,122,1472,359,12,2891,0.80,0.15,3628,285,93498,23294,482
296,23,44,129,1481,360,12,2905,0.80,0.16,3628,288,94042,23380,483
297,30,46,129,1483,362,12,2912,0.80,0.16,3688,288,94190,23453,485
298,40,81,130,1484,362,12,2912,0.80,0.16,3712,285,94264,23473,485
299,74,101,129,1486,365,12,2912,0.80,0.16,3712,291,94314,23660,488
300,92,110,136,1495,367,12,2912,0.80,0.16,3774,288,94536,23824,490
301,87,99,125,1495,378,12,2941,0.80,0.16,3864,303,94536,24209,501
302,54,72,90,1500,418,12,3013,0.80,0.16,3936,365,94909,25567,541
303,39,58,103,1515,420,13,3018,0.80,0.16,4179,337,96722,25706,543
304,32,53,119,1532,420,13,3018,0.79,0.16,4179,337,98043,25885,543
305,32,47,120,1546,431,13,3033,0.80,0.16,4249,348,98800,26563,554
306,39,51,121,1556,431,13,3033,0.79,0.16,4349,337,99605,26619,554
307,43,61,127,1565,434,13,3050,0.79,0.16,4357,344,100255,26722,557
308,52,69,128,1569,437,13,3050,0.79,0.16,4434,343,100568,27035,560
309,46,67,122,1574,448,13,3077,0.79,0.17,4537,357,100811,27475,571
310,52,80,127,1579,448,13,3096,0.79,0.17,4719,338,101200,27507,571
311,86,97,125,1579,450,13,3096,0.79,0.17,4791,336,101200,27835,575
312,71,83,111,1590,475,14,3140,0.79,0.17,5103,368,101577,29917,625
313,67,78,107,1593,482,14,3162,0.79,0.17,5590,352,101691,30427,639
314,59,80,99,1593,490,15,3198,0.79,0.17,6028,340,101691,31247,655
315,63,76,94,1594,496,15,3232,0.79,0.17,6529,327,101755,31972,667
316,54,70,85,1594,505,15,3291,0.79,0.17,6687,328,101755,32701,685
317,47,64,78,1596,514,16,3401,0.79,0.17,6828,341,101858,33368,703
318,51,65,79,1597,514,16,3504,0.79,0.17,7019,325,101896,33378,703
319,47,62,76,1597,517,16,3581,0.79,0.17,7036,332,101896,33719,709
320,50,63,76,1598,518,16,3658,0.79,0.17,7144,326,101935,33930,711
321,54,66,78,1602,520,16,3771,0.79,0.17,7204,326,102034,34103,715
322,51,63,76,1603,523,16,3895,0.79,0.17,7234,327,102082,34390,721
323,46,60,73,1604,527,16,4020,0.79,0.17,7261,329,102121,34774,732
324,46,55,77,1609,528,16,4029,0.79,0.17,7293,328,102432,34807,734
325,15,38,79,1620,536,16,4060,0.79,0.17,7329,332,103021,35326,750
326,10,43,80,1627,541,16,4060,0.78,0.17,7411,329,103387,35566,767
327,14,51,81,1628,541,16,4060,0.78,0.17,7432,325,103517,35684,767
328,13,50,81,1629,542,16,4082,0.78,0.18,7437,327,103565,35794,769
329,9,32,88,1639,542,16,4082,0.78,0.18,7462,324,103952,35834,769
330,21,34,100,1656,542,16,4082,0.78,0.18,7462,324,104750,35854,769
331,16,37,99,1672,547,16,4133,0.77,0.18,7545,325,105534,36352,779
332,15,31,105,1689,558,16,4161,0.77,0.18,7554,345,106745,37179,801
333,24,44,110,1706,559,16,4175,0.77,0.18,7662,335,108352,37278,803
334,21,46,112,1722,560,16,4175,0.77,0.18,7680,333,110463,37494,805
335,30,49,105,1739,561,16,4189,0.77,0.18,7695,332,111736,37732,807
336,34,52,105,1755,566,16,4189,0.76,0.18,7705,342,112946,38499,817
337,34,57,99,1766,572,16,4203,0.76,0.18,7715,354,114070,38974,829
338,29,54,98,1768,575,17,4203,0.76,0.18,7873,340,114268,39175,835
339,22,49,98,1769,576,17,4203,0.75,0.18,7914,337,114400,39394,837
340,21,56,94,1770,581,17,4203,0.75,0.18,7951,343,114532,39976,845
341,25,59,90,1771,586,17,4203,0.76,0.18,8034,338,114565,40309,850
342,12,50,95,1783,593,17,4203,0.75,0.18,8064,347,115697,40777,857
343,20,48,103,1795,593,17,4203,0.75,0.18,8064,347,116798,40806,857
344,17,40,108,1807,596,17,4203,0.75,0.18,8064,353,117985,41193,860
345,4,33,112,1818,600,17,4224,0.76,0.18,8082,363,118906,42011,864
346,14,47,128,1835,601,17,4224,0.76,0.18,8176,356,120339,42021,865
347,18,57,128,1835,601,17,4224,0.76,0.19,8226,351,120339,42064,865
348,19,70,127,1836,603,17,4264,0.76,0.19,8226,354,120372,42131,867
349,23,62,126,1836,604,17,4264,0.76,0.19,8273,351,120372,42247,868
350,17,49,133,1843,604,17,4264,0.75,0.19,8273,351,121229,42326,868
351,12,30,128,1852,604,17,4329,0.74,0.19,8273,351,122165,42638,868
352,16,42,126,1865,609,17,4394,0.74,0.19,8332,359,123350,43479,873
353,23,54,131,1870,609,17,4485,0.74,0.19,8399,351,123740,43720,873
354,26,49,127,1874,614,17,4485,0.75,0.19,8399,362,124098,44104,888
355,32,58,126,1875,614,17,4485,0.74,0.19,8802,351,124154,44159,898
356,39,71,124,1876,616,17,4526,0.74,0.19,8827,351,124221,44411,900
357,48,76,115,1876,625,17,4538,0.74,0.19,9019,339,124221,45349,910
358,61,81,114,1877,627,18,4563,0.74,0.19,9087,335,124289,45567,913
359,63,76,109,1878,633,18,4591,0.74,0.19,9134,341,124356,46383,921
360,59,65,97,1878,645,18,4655,0.74,0.19,9163,363,124356,47138,934
361,33,63,94,1879,649,18,4655,0.75,0.19,9369,343,124424,47413,938
362,12,55,94,1879,649,18,4655,0.75,0.19,9450,333,124424,47462,938
363,16,60,95,1880,649,18,4655,0.75,0.19,9450,333,124560,47534,938
364,38,73,96,1881,649,18,4655,0.75,0.19,9450,333,124696,47755,938
365,45,67,78,1881,667,18,4866,0.74,0.19,9450,380,124696,50066,958
366,44,67,77,1882,669,18,4894,0.75,0.20,9566,370,124834,50394,960
367,27,50,80,1886,670,18,4915,0.76,0.20,9685,359,125178,50539,961
368,16,26,95,1902,671,18,4943,0.76,0.20,9685,361,126625,50646,962
369,18,38,111,1919,672,18,4998,0.76,0.20,9700,362,128981,51035,963
370,16,37,116,1935,678,18,4998,0.76,0.20,9725,372,130526,51502,969
371,15,39,121,1952,680,18,4998,0.76,0.20,9845,364,132392,51891,971
372,18,31,111,1969,682,18,5057,0.76,0.20,9855,368,134150,52400,973
373,18,32,91,1985,689,18,5057,0.75,0.20,9855,383,135446,53060,981
374,14,40,102,2002,690,18,5065,0.74,0.20,9879,382,136466,53141,982
375,23,55,115,2018,691,18,5065,0.74,0.20,9919,378,138487,53232,983
376,43,60,116,2023,695,18,5065,0.74,0.20,9940,382,138670,53483,987
377,29,57,113,2030,705,18,5065,0.74,0.20,10038,391,138976,54323,998
378,36,63,113,2037,712,18,5090,0.74,0.20,10167,385,139803,54973,1006
379,48,58,105,2040,723,18,5187,0.74,0.20,10243,396,139940,55707,1019
380,44,62,109,2052,731,18,5275,0.74,0.20,10283,405,141073,56901,1027
381,51,66,112,2055,731,19,5316,0.74,0.20,10405,391,141501,57071,1027
382,60,69,113,2056,731,19,5345,0.74,0.20,10490,382,141644,57193,1027
383,56,63,107,2058,739,19,5411,0.74,0.20,10667,384,141931,57845,1037
384,53,64,105,2060,743,19,5515,0.74,0.20,10805,381,142002,58267,1041
385,59,66,105,2068,750,19,5659,0.74,0.21,10900,390,142658,59301,1048
386,49,58,106,2077,756,19,5672,0.75,0.21,10954,397,143996,59790,1057
387,33,39,112,2092,760,19,5698,0.75,0.21,11045,395,144870,60158,1061
388,23,28,123,2108,765,19,5698,0.74,0.21,11122,397,145787,60758,1067
389,16,23,126,2125,773,19,5726,0.74,0.21,11217,403,148086,61324,1076
390,13,22,125,2142,774,19,5726,0.74,0.21,11327,389,149176,61526,1077
391,12,41,122,2158,775,19,5726,0.74,0.21,11327,391,150652,61550,1078
392,26,58,136,2172,775,19,5739,0.74,0.21,11327,391,152002,61586,1078
393,37,64,135,2172,776,19,5739,0.74,0.21,11339,391,152002,61635,1079
394,56,71,134,2172,777,19,5764,0.74,0.21,11352,391,152002,61807,1080
395,63,69,131,2174,782,19,5876,0.74,0.21,11365,399,152113,62392,1085
396,39,66,124,2184,795,19,5972,0.74,0.21,11448,422,152818,63893,1098
397,51,71,127,2192,799,20,5972,0.74,0.21,11748,394,153264,64380,1104
398,56,66,121,2196,808,20,5985,0.74,0.21,11790,405,153505,65252,1115
399,54,64,117,2202,817,20,6064,0.74,0.21,11894,406,153913,65849,1125
400,56,66,118,2207,820,20,6064,0.74,0.21,12054,393,154343,66112,1128
401,52,66,118,2213,826,20,6195,0.74,0.21,12118,397,155044,66662,1134
402,58,61,117,2218,831,20,6341,0.73,0.21,12162,405,155271,67373,1140
403,37,62,119,2232,832,20,6370,0.73,0.21,12248,397,156474,67458,1141
404,36,67,111,2232,834,20,6370,0.73,0.22,12248,401,156474,67593,1144
405,35,60,102,2234,844,20,6370,0.73,0.22,12310,413,156550,68178,1156
406,27,68,105,2248,855,20,6395,0.73,0.22,12310,435,157501,68690,1169
407,36,71,105,2249,856,20,6446,0.73,0.22,12328,434,157539,68793,1171
408,34,71,100,2251,859,20,6446,0.73,0.22,12346,437,157846,69027,1174
409,33,70,99,2252,861,20,6473,0.73,0.22,12511,423,157999,69254,1176
410,30,69,96,2252,864,20,6488,0.73,0.22,12566,422,157999,69474,1179
411,28,72,93,2253,868,20,6545,0.73,0.22,12604,426,158153,69849,1184
412,60,66,88,2260,880,20,6629,0.74,0.22,12696,439,158617,70667,1196
413,38,70,89,2262,881,20,6629,0.74,0.22,12848,422,158713,70826,1197
414,16,34,92,2269,885,20,6629,0.74,0.22,12848,430,159662,71209,1202
415,14,27,106,2285,885,20,6629,0.71,0.22,12861,428,160695,71299,1202
416,21,32,112,2302,885,20,6629,0.72,0.22,12938,420,162175,71507,1202
417,21,37,123,2319,886,20,6629,0.73,0.22,12938,422,163904,71837,1203
418,17,37,105,2335,894,20,6629,0.74,0.22,13049,427,164676,72451,1211
419,31,44,84,2352,897,20,6629,0.74,0.22,13122,427,166042,72649,1214
420,27,53,93,2369,902,21,6629,0.74,0.22,13151,434,167616,73164,1221
421,36,61,107,2385,902,21,6629,0.74,0.22,13206,426,168708,73277,1221
422,36,63,107,2402,904,21,6629,0.74,0.23,13212,430,170336,73612,1223
423,31,53,114,2416,906,21,6629,0.74,0.23,13229,432,171644,73720,1225
424,31,52,126,2433,909,21,6658,0.74,0.23,13264,434,172753,74134,1228
425,33,45,134,2450,910,21,6658,0.74,0.23,13298,432,174098,74284,1229
426,37,50,130,2462,914,21,6658,0.74,0.23,13316,438,175333,74748,1234
427,21,41,116,2474,919,21,6658,0.73,0.23,13365,440,176266,75051,1240
428,24,41,109,2491,920,21,6658,0.73,0.23,13418,435,177935,75139,1241
429,24,30,101,2507,926,21,6658,0.72,0.23,13428,445,178782,75597,1249
430,34,41,103,2524,926,21,6658,0.71,0.23,13448,443,180400,75746,1249
431,29,43,108,2541,929,21,6685,0.71,0.23,13487,445,181521,75940,1253
432,30,41,111,2557,932,21,6704,0.72,0.23,13510,448,182562,76283,1256
433,19,39,105,2574,938,21,6719,0.71,0.23,13542,455,183747,77000,1262
434,23,37,106,2590,940,21,6719,0.73,0.23,13660,447,185224,77275,1264
435,25,39,105,2607,943,21,6719,0.73,0.23,13695,449,186713,77680,1268
436,21,49,102,2624,945,21,6754,0.73,0.23,13695,454,188248,78547,1270
437,25,47,109,2640,949,21,6788,0.73,0.23,13725,462,189475,78775,1275
438,44,60,119,2657,955,21,6788,0.73,0.23,13832,465,191131,79212,1281
439,55,69,121,2662,958,21,6788,0.73,0.23,13881,465,191563,79742,1284
440,68,76,114,2662,965,21,6841,0.73,0.24,13945,471,191563,80592,1293
441,62,69,100,2663,980,21,6937,0.73,0.24,14049,482,191624,81913,1309
442,60,68,99,2673,991,21,6992,0.73,0.24,14162,488,192734,83084,1321
443,48,63,88,2681,1009,21,7044,0.73,0.24,14334,503,193240,84671,1343
444,58,75,100,2694,1010,21,7109,0.73,0.24,14582,468,194084,84885,1344
445,47,61,87,2705,1034,21,7228,0.73,0.24,14652,518,195088,87272,1374
446,52,72,99,2722,1039,22,7359,0.73,0.24,14901,495,196384,87955,1379
447,65,70,97,2726,1045,22,7544,0.73,0.24,14999,494,196723,88535,1385
448,54,60,86,2730,1060,22,7691,0.73,0.24,15019,522,197080,89782,1401
449,52,65,91,2741,1066,22,7913,0.73,0.24,15207,510,198003,90322,1407
450,56,70,94,2751,1073,22,8045,0.73,0.24,15254,516,199227,91259,1414
451,58,64,88,2753,1081,22,8232,0.73,0.24,15347,519,199570,91940,1422
452,57,70,91,2762,1087,22,8457,0.73,0.24,15481,517,200408,93121,1428
453,48,65,90,2777,1103,22,8630,0.73,0.24,15657,533,201820,94644,1446
454,55,68,91,2783,1108,22,8735,0.73,0.24,15749,531,202404,95319,1452
455,57,66,96,2791,1111,22,8761,0.73,0.24,15830,530,203539,95746,1467
456,31,58,103,2807,1114,22,8761,0.72,0.24,15926,526,204545,96215,1470
457,22,48,108,2824,1122,22,8761,0.72,0.24,15947,539,206541,96836,1480
458,23,33,116,2841,1128,22,8761,0.72,0.24,16068,532,207652,97312,1487
459,25,46,127,2857,1131,22,8761,0.72,0.25,16084,536,210509,97807,1490
460,31,53,129,2874,1135,22,8836,0.72,0.25,16205,533,212297,98791,1496
461,31,56,138,2889,1141,22,8921,0.72,0.25,16275,543,214023,100125,1503
462,34,58,137,2893,1146,22,8921,0.72,0.25,16406,543,214340,101072,1516
463,46,67,138,2897,1149,23,8987,0.72,0.25,16546,536,214923,101492,1519
464,31,51,131,2901,1160,23,9050,0.72,0.25,16627,551,215233,102184,1530
465,23,53,139,2917,1163,23,9063,0.72,0.25,16749,545,216862,102466,1533
466,17,58,132,2930,1164,23,9063,0.72,0.25,16769,546,217878,102635,1534
467,26,59,122,2947,1166,23,9063,0.71,0.25,16769,550,219762,102977,1536
468,32,60,121,2954,1171,23,9063,0.72,0.25,16782,559,220200,103574,1541
469,28,66,133,2969,1174,23,9063,0.71,0.25,16848,556,222594,103869,1545
470,31,75,141,2980,1175,23,9078,0.71,0.25,16920,551,223524,104198,1547
471,48,79,137,2980,1177,23,9093,0.71,0.25,16930,556,223524,104656,1562
472,54,83,135,2981,1180,23,9106,0.71,0.25,16983,559,223705,105087,1565
473,62,92,133,2981,1182,23,9202,0.71,0.25,17062,554,223705,105308,1567
474,74,96,132,2982,1184,23,9308,0.71,0.25,17086,556,223796,105823,1569
475,60,89,130,2983,1187,23,9364,0.70,0.25,17119,559,223887,106203,1572
476,28,68,125,2983,1192,23,9364,0.70,0.25,17166,564,223887,106770,1577
477,7,58,137,2995,1192,23,9364,0.69,0.26,17198,560,226317,106818,1577
478,11,23,142,3000,1192,23,9364,0.70,0.26,17204,559,226736,106855,1577
479,2,13,142,3000,1192,23,9364,0.69,0.26,17204,559,226736,106891,1577
480,2,12,142,3007,1192,23,9364,0.69,0.26,17204,559,228030,106891,1577
481,5,16,136,3016,1192,23,9364,0.71,0.26,17204,559,230048,106891,1577
482,16,28,129,3030,1192,23,9364,0.71,0.26,17204,559,231689,107135,1577
483,20,36,109,3047,1194,23,9364,0.70,0.26,17204,565,233132,107536,1579
484,27,42,96,3064,1195,23,9387,0.70,0.26,17258,562,234567,107784,1580
485,15,37,89,3080,1200,23,9411,0.69,0.26,17258,573,236511,108403,1586
486,27,45,99,3097,1201,23,9426,0.68,0.26,17334,564,237656,108504,1587
487,30,42,104,3114,1204,23,9426,0.68,0.26,17373,566,238769,109022,1591
488,40,41,99,3130,1209,23,9426,0.69,0.26,17384,578,239807,109536,1597
489,16,44,101,3147,1214,23,9426,0.71,0.26,17467,578,241254,110138,1602
490,17,46,116,3165,1214,23,9441,0.71,0.26,17563,564,242595,110342,1602
491,22,49,109,3181,1218,23,9456,0.70,0.26,17563,572,243888,110944,1607
492,25,43,115,3198,1219,23,9456,0.68,0.26,17608,567,246297,111101,1608
493,29,44,119,3214,1219,23,9456,0.68,0.26,17633,564,247785,111223,1608
494,26,45,118,3231,1226,23,9456,0.68,0.26,17633,583,249836,112437,1616
495,28,41,114,3248,1228,23,9456,0.69,0.27,17745,570,251172,112584,1618
496,31,50,118,3264,1230,23,9456,0.69,0.27,17755,572,251991,112806,1620
497,19,52,114,3281,1241,23,9456,0.69,0.27,17801,594,252982,113432,1632
498,18,58,112,3298,1244,23,9464,0.69,0.27,17979,572,255430,113630,1635
499,16,61,117,3314,1254,23,9464,0.72,0.27,18005,588,256997,114369,1668
500,33,70,118,3324,1262,23,9479,0.72,0.27,18086,589,257844,114706,1677
501,39,63,120,3334,1265,23,9508,0.72,0.27,18124,589,258342,115209,1681
502,34,62,126,3350,1268,23,9538,0.68,0.27,18178,586,260305,115316,1684
503,31,67,130,3367,1269,24,9538,0.68,0.27,18232,580,261300,115507,1685
504,23,56,141,3381,1270,24,9538,0.69,0.27,18232,583,263214,115679,1686
505,17,56,139,3385,1272,24,9538,0.69,0.27,18279,581,263865,115800,1688
506,34,65,143,3390,1273,24,9538,0.69,0.27,18300,581,264557,115885,1689
507,39,84,128,3391,1289,24,9538,0.69,0.27,18347,605,264607,117737,1709
508,66,93,110,3391,1307,24,9538,0.68,0.27,18481,620,264607,118854,1729
509,60,97,102,3392,1316,24,9538,0.68,0.27,18744,595,264656,119885,1741
510,28,77,90,3393,1329,24,9600,0.72,0.27,18875,607,264706,121405,1758
511,11,50,101,3409,1334,24,9644,0.72,0.27,19144,584,266931,121887,1764
512,15,38,115,3426,1337,24,9672,0.68,0.28,19210,583,268809,122205,1768
513,26,41,129,3443,1339,24,9672,0.68,0.28,19278,578,270622,122537,1770
514,21,36,128,3458,1345,24,9713,0.68,0.28,19320,587,271999,123086,1777
515,24,40,142,3474,1347,24,9713,0.67,0.28,19435,574,273694,123250,1779
516,22,42,139,3497,1352,24,9713,0.67,0.28,19468,578,277243,123537,1785
517,20,51,119,3514,1354,24,9713,0.69,0.28,19522,572,278376,123638,1787
518,23,44,118,3531,1357,24,9713,0.69,0.28,19536,577,281929,123908,1790
519,22,39,129,3549,1358,24,9728,0.69,0.28,19559,576,284352,124518,1791
520,20,37,133,3566,1360,24,9821,0.68,0.28,19597,577,286325,125607,1793
521,23,39,135,3583,1364,24,9876,0.66,0.28,19604,587,287980,126427,1797
522,18,42,132,3600,1368,24,9876,0.67,0.28,19604,597,289944,127193,1803
523,21,49,135,3617,1369,24,9900,0.67,0.28,19650,595,293787,127385,1805
524,21,40,123,3634,1369,24,9917,0.68,0.28,19719,592,295671,127612,1805
525,13,26,126,3651,1369,24,9917,0.69,0.29,19719,592,298810,127920,1805
526,22,32,129,3668,1371,24,9917,0.69,0.29,19719,598,300195,128323,1807
527,32,39,129,3685,1374,24,9917,0.69,0.29,19719,607,301448,129073,1810
528,36,48,132,3702,1380,24,9917,0.69,0.29,19808,617,303611,129925,1816
529,28,50,109,3720,1386,24,9917,0.69,0.29,19909,620,306583,130512,1823
530,13,52,104,3737,1394,24,9917,0.66,0.29,20023,625,308625,130935,1832
531,18,39,114,3754,1395,24,9917,0.66,0.29,20114,614,310361,131159,1834
532,21,50,107,3771,1404,25,9917,0.66,0.29,20190,635,312965,132565,1843
533,37,55,121,3788,1405,25,9917,0.66,0.29,20700,613,314780,132649,1844
534,41,62,126,3805,1410,25,9917,0.68,0.29,20713,621,317384,132919,1849
535,54,84,141,3822,1411,25,9917,0.68,0.29,20727,622,321228,133090,1850
536,62,82,125,3828,1433,25,9917,0.68,0.29,20821,663,322237,134950,1873
537,59,93,137,3844,1437,25,9917,0.68,0.30,21226,624,323857,135478,1878
538,23,67,138,3858,1445,25,9917,0.68,0.30,21281,636,325401,137281,1887
539,21,41,144,3872,1450,25,9917,0.66,0.30,21437,626,326716,137841,1892
540,14,30,143,3881,1453,25,9917,0.68,0.30,21493,627,327609,138154,1895
541,12,28,140,3893,1459,25,9917,0.68,0.30,21538,635,330020,138502,1902
542,14,25,133,3906,1459,25,9917,0.68,0.30,21602,626,332221,139012,1902
543,21,30,109,3923,1463,25,9917,0.67,0.30,21602,638,334781,139492,1906
544,14,33,112,3940,1471,25,9917,0.67,0.30,21877,643,337380,140697,1915
545,22,48,123,3957,1477,26,9917,0.67,0.30,23091,639,339563,141351,1921
546,25,53,125,3974,1492,26,9917,0.67,0.30,23228,661,342347,142785,1936
547,44,64,140,3991,1494,26,9917,0.67,0.30,23517,643,344426,142893,1938
548,32,59,140,4015,1501,26,9924,0.67,0.30,23558,654,346767,144162,1947
549,24,45,133,4027,1503,26,9924,0.67,0.31,23634,649,347881,144510,1950
550,17,31,139,4044,1508,26,9940,0.66,0.31,23724,658,349508,145052,1955
551,25,38,120,4057,1512,26,9953,0.64,0.31,23849,661,350799,145436,1959
552,25,61,129,4074,1520,26,9953,0.65,0.31,23996,671,352255,146738,1969
553,66,88,144,4094,1525,27,9953,0.65,0.31,25496,663,354711,147324,1975
554,73,89,136,4100,1539,27,9985,0.65,0.31,25636,687,355298,149323,1991
555,67,88,140,4112,1543,27,9985,0.65,0.31,25944,666,357559,149666,1996
556,51,69,140,4127,1544,27,9985,0.64,0.31,26004,664,359498,149857,1997
557,37,60,140,4143,1551,27,9985,0.65,0.31,26042,677,361954,150683,2005
558,31,62,145,4156,1552,27,9985,0.65,0.31,26254,662,363545,150852,2006
559,47,78,146,4160,1553,27,10008,0.65,0.31,26254,665,363992,151656,2008
560,57,81,142,4162,1558,27,10008,0.65,0.32,26323,677,364082,152470,2014
561,25,71,145,4174,1562,28,10008,0.66,0.32,26569,676,365935,153238,2018
562,9,48,150,4185,1563,28,10008,0.66,0.32,26662,670,367169,153285,2019
563,10,16,148,4191,1563,28,10008,0.66,0.32,26676,668,368742,153503,2019
564,7,43,143,4195,1564,28,10008,0.66,0.32,26676,670,369708,153563,2020
565,15,55,148,4202,1564,28,10008,0.66,0.32,26676,670,370062,153563,2020
566,47,73,146,4202,1566,28,10008,0.72,0.32,26676,675,370062,153702,2028
567,40,59,124,4205,1591,28,10008,0.72,0.32,26698,735,370273,155493,2055
568,48,60,133,4220,1593,28,10008,0.72,0.32,26796,726,372580,155728,2057
569,45,59,127,4239,1599,28,10008,0.65,0.32,26861,734,375057,156698,2065
570,18,50,129,4256,1602,28,10048,0.65,0.32,26945,739,376718,157662,2069
571,22,54,132,4273,1605,28,10048,0.65,0.33,26974,741,378763,157795,2072
572,16,54,125,4290,1605,28,10048,0.64,0.33,27172,730,381663,157892,2072
573,20,63,133,4307,1607,28,10048,0.64,0.33,27177,735,384793,158208,2075
574,22,50,140,4325,1616,28,10048,0.63,0.33,27275,747,386969,160022,2085
575,28,58,144,4336,1621,28,10048,0.63,0.33,27555,737,389165,161789,2090
576,33,72,146,4341,1624,28,10073,0.63,0.33,27865,728,389539,162175,2093
577,46,93,140,4343,1632,28,10073,0.63,0.33,27954,740,389773,164224,2103
578,40,85,118,4356,1667,28,10137,0.63,0.33,28179,799,392052,166966,2146
579,39,60,107,4373,1695,29,10166,0.64,0.33,29228,753,394064,168638,2178
580,50,75,124,4390,1695,29,10166,0.65,0.33,29579,720,397106,168884,2178
581,30,69,130,4407,1706,29,10166,0.65,0.33,29584,734,398612,170473,2194
582,32,67,142,4425,1710,29,10166,0.65,0.33,29735,721,400435,170965,2198
583,51,86,146,4436,1713,29,10166,0.65,0.34,29777,722,402253,171458,2201
584,53,84,138,4440,1725,29,10189,0.65,0.34,29884,738,402678,173048,2216
585,85,106,145,4453,1731,29,10218,0.65,0.34,30111,724,404185,175510,2223
586,77,92,143,4457,1737,29,10226,0.64,0.34,30339,727,404377,177443,2232
587,71,87,146,4465,1742,29,10255,0.64,0.34,30546,729,405091,178318,2246
588,56,80,133,4472,1762,29,10270,0.72,0.34,30813,757,406107,181823,2302
589,47,82,134,4488,1777,30,10326,0.72,0.34,31423,746,408385,184218,2336
590,59,87,140,4497,1780,30,10346,0.72,0.34,31542,744,409523,184967,2342
591,53,81,139,4505,1784,30,10346,0.72,0.34,32087,719,410516,185590,2352
592,45,73,139,4516,1794,30,10346,0.72,0.34,32143,739,412528,186399,2372
593,29,55,150,4530,1795,30,10346,0.64,0.34,32294,721,413915,186488,2376
594,18,33,148,4537,1797,30,10377,0.64,0.34,32344,720,414422,186903,2382
595,12,37,139,4549,1799,30,10377,0.64,0.34,32442,714,415459,186973,2388
596,16,39,141,4566,1800,30,10377,0.64,0.34,32470,712,417755,187058,2390
597,27,41,139,4582,1803,30,10377,0.64,0.34,32485,716,421049,187480,2396
598,21,53,120,4599,1806,30,10393,0.64,0.35,32536,715,423948,188926,2402
599,24,38,108,4616,1816,30,10472,0.63,0.35,32611,735,425622,192179,2424
600,13,40,110,4633,1817,30,10504,0.63,0.35,32755,725,427935,192454,2426
601,17,33,116,4649,1819,30,10504,0.63,0.35,33001,709,430312,192962,2430
602,13,46,118,4666,1826,30,10504,0.63,0.35,33063,721,432186,193553,2446
603,27,70,133,4683,1827,30,10519,0.63,0.35,33513,668,435464,193590,2448
604,48,92,147,4699,1828,30,10561,0.63,0.35,33530,669,437063,193685,2450
605,63,91,148,4702,1830,30,10618,0.63,0.35,33885,632,437669,194391,2454
606,36,62,146,4704,1834,30,10634,0.62,0.35,33892,640,437870,195740,2462
607,18,43,147,4716,1838,30,10650,0.60,0.35,33954,641,439293,196444,2472
608,24,38,147,4725,1843,30,10666,0.61,0.35,34005,648,440455,197107,2482
609,13,34,150,4731,1844,31,10682,0.61,0.35,34146,632,441577,197252,2484
610,17,26,138,4740,1846,31,10682,0.61,0.35,34260,623,442704,197321,2488
611,20,34,128,4757,1848,31,10682,0.62,0.35,34311,622,444874,197768,2492
612,20,42,117,4774,1852,31,10717,0.62,0.35,34349,629,446758,198212,2502
613,22,40,92,4791,1856,31,10717,0.63,0.35,34468,623,448714,198512,2512
614,34,50,91,4807,1860,31,10717,0.63,0.35,34537,624,450096,199106,2520
615,34,52,98,4824,1861,31,10717,0.63,0.36,34803,601,451483,199392,2522
616,23,55,97,4841,1869,31,10717,0.63,0.36,34941,606,453519,200121,2539
617,28,64,105,4857,1872,31,10733,0.72,0.36,35085,595,455314,200619,2552
618,42,79,115,4874,1879,31,10733,0.72,0.36,35157,603,456725,201102,2562
619,75,91,125,4891,1886,31,10790,0.72,0.36,35241,603,458565,202416,2569
620,45,95,128,4907,1895,31,10790,0.72,0.36,35336,607,460890,203977,2580
621,35,94,128,4922,1909,31,10799,0.72,0.36,35496,608,463221,205762,2594
622,58,88,121,4923,1916,31,10827,0.72,0.36,35637,601,463489,206888,2602
623,47,84,121,4932,1923,31,10842,0.62,0.36,35717,605,465318,208627,2609
624,31,67,130,4948,1925,31,10842,0.62,0.36,35846,590,467029,208873,2611
625,13,34,143,4965,1926,31,10842,0.60,0.36,35860,591,468542,209058,2612
626,21,52,176,5001,1929,31,10842,0.60,0.36,35896,596,472055,210187,2616
627,37,46,154,5001,1950,31,10842,0.60,0.36,36023,625,472055,212460,2639
628,24,42,139,5004,1968,31,10856,0.60,0.36,36110,648,472873,214480,2665
629,28,64,151,5019,1971,31,10930,0.60,0.36,36333,624,474674,214831,2668
630,46,89,150,5024,1977,31,11001,0.60,0.36,36486,617,475263,216022,2674
631,85,99,152,5027,1978,31,11073,0.60,0.36,36671,597,475510,216390,2675
632,88,104,149,5029,1983,31,11159,0.60,0.37,36737,602,475662,217679,2684
633,96,104,148,5035,1990,32,11319,0.60,0.37,36852,607,476250,218542,2691
634,96,111,149,5039,1993,32,11521,0.60,0.37,36955,600,476582,218947,2695
635,95,102,140,5042,2005,32,11765,0.60,0.37,37060,613,477026,220800,2707
636,96,106,144,5054,2013,32,12241,0.60,0.37,37227,607,478985,222453,2715
637,96,112,146,5062,2019,32,12844,0.60,0.37,37429,594,480063,223583,2723
638,97,111,143,5068,2028,32,13535,0.60,0.37,37480,606,481153,225215,2734
639,104,112,144,5075,2034,32,14255,0.60,0.37,37587,603,481802,225795,2743
640,103,109,141,5079,2041,32,14946,0.60,0.37,37622,613,482294,226956,2753
641,103,109,141,5084,2046,32,15234,0.60,0.37,37730,608,482745,227828,2760
642,105,108,140,5085,2048,32,15234,0.60,0.37,37793,605,482849,228302,2762
643,103,116,141,5090,2052,32,15695,0.60,0.37,37847,606,483278,229290,2766
644,108,114,139,5091,2055,32,15856,0.60,0.37,37881,610,483364,229816,2770
645,107,112,140,5095,2058,32,16232,0.60,0.37,37967,608,483705,231195,2774
646,58,72,99,5112,2116,32,16790,0.60,0.37,38173,745,486422,239135,2840
647,77,91,111,5128,2120,32,17048,0.61,0.37,39307,608,487982,240230,2844
648,52,82,100,5145,2148,32,17134,0.61,0.37,39538,648,491091,245273,2876
649,25,79,109,5162,2156,33,17168,0.60,0.38,39915,619,492769,246717,2884
650,21,53,124,5179,2158,33,17168,0.60,0.38,40089,602,494341,247056,2886
651,26,66,135,5195,2163,33,17168,0.61,0.38,40132,607,496915,247799,2892
652,46,85,149,5212,2166,33,17168,0.61,0.38,40143,611,499447,248151,2895
653,30,98,126,5222,2199,33,17168,0.60,0.38,40287,653,501540,251757,2934
654,62,99,131,5238,2210,33,17168,0.60,0.38,40624,625,504075,254535,2947
655,46,74,120,5253,2236,33,17168,0.61,0.38,40931,653,505590,260075,2976
656,21,61,135,5270,2238,33,17168,0.61,0.38,41346,610,507333,260489,2978
657,13,70,148,5286,2241,33,17168,0.60,0.38,41440,602,509566,260849,2982
658,18,84,151,5292,2244,33,17168,0.59,0.38,41478,602,510081,261201,2986
659,23,91,151,5296,2248,33,17168,0.59,0.38,41513,604,510450,261797,2990
660,27,93,141,5302,2264,33,17177,0.60,0.38,41606,622,511008,264204,3008
661,49,83,143,5315,2275,33,17177,0.59,0.38,41738,625,513066,266465,3021
662,55,91,153,5326,2276,33,17177,0.59,0.38,41917,600,514927,266823,3022
663,64,100,148,5329,2284,33,17194,0.59,0.38,41951,611,515221,268427,3031
664,84,108,145,5336,2294,33,17420,0.61,0.38,42029,624,516348,270381,3043
665,87,105,136,5349,2316,33,17420,0.61,0.38,42302,645,518213,274355,3071
666,104,114,136,5357,2324,34,17436,0.70,0.39,42667,619,519375,276168,3080
667,70,94,125,5363,2341,34,17480,0.70,0.39,42908,632,520240,279910,3099
668,38,65,133,5377,2347,34,17480,0.70,0.39,43103,620,522145,280860,3107
669,18,44,144,5394,2353,34,17480,0.60,0.39,43236,616,524888,282126,3116
670,8,33,147,5411,2363,34,17480,0.60,0.39,43376,619,526723,283547,3127
671,12,34,154,5422,2364,34,17480,0.59,0.39,43500,604,529099,283732,3128
672,4,23,154,5427,2365,34,17480,0.58,0.39,43573,597,530474,284046,3129
673,6,21,113,5437,2365,34,17497,0.58,0.39,43620,592,531715,284157,3129
674,10,40,113,5454,2368,34,17497,0.57,0.39,43620,600,537436,284486,3133
675,24,55,126,5470,2368,34,17497,0.58,0.39,43657,595,541115,284486,3133
676,28,50,117,5487,2371,34,17497,0.59,0.39,43802,584,543303,286949,3137
677,29,44,118,5504,2378,34,17497,0.59,0.39,43928,587,546296,288231,3144
678,21,42,126,5521,2384,34,17508,0.59,0.39,44085,586,550746,289515,3151
679,19,39,133,5537,2385,34,17508,0.60,0.39,44241,571,552670,289981,3152
680,27,47,127,5554,2391,34,17508,0.60,0.39,44279,580,557143,290977,3160
681,29,48,129,5571,2394,34,17508,0.60,0.39,44302,583,561224,291663,3163
682,35,58,137,5587,2398,34,17508,0.59,0.40,44409,579,565616,294953,3167
683,39,51,117,5604,2403,34,17550,0.58,0.40,44547,582,570327,296427,3173
684,27,54,112,5621,2407,34,17550,0.57,0.40,44663,581,574796,297382,3177
685,34,54,118,5638,2411,34,17550,0.57,0.40,44844,570,576350,298156,3181
686,22,48,119,5654,2415,34,17550,0.57,0.40,44934,568,579399,298896,3186
687,31,55,122,5671,2417,34,17550,0.57,0.40,44980,565,583007,299439,3188
688,30,66,134,5688,2422,34,17550,0.57,0.40,45025,569,584966,300237,3193
689,53,103,145,5704,2427,34,17565,0.57,0.40,45091,569,589040,301157,3199
690,75,118,148,5715,2435,34,17565,0.57,0.40,45199,576,591457,302265,3209
691,79,121,148,5723,2443,34,17610,0.56,0.40,45272,583,592742,303432,3218
692,74,119,146,5730,2452,34,17610,0.56,0.40,45399,585,593306,304501,3228
693,84,126,148,5737,2457,34,17654,0.57,0.40,45593,571,594533,305190,3234
694,91,124,146,5744,2463,34,17725,0.56,0.40,45720,567,595255,307179,3240
695,61,91,136,5758,2476,35,17760,0.56,0.40,45824,583,598840,309850,3254
696,24,58,141,5775,2480,35,17760,0.58,0.40,46039,564,602068,310627,3258
697,16,40,152,5790,2484,35,17760,0.58,0.40,46077,572,605080,312539,3263
698,6,22,154,5795,2487,35,17760,0.58,0.40,46269,560,606306,314306,3266
699,10,19,150,5802,2489,35,17760,0.58,0.41,46341,559,607033,314776,3269
700,8,26,144,5813,2493,35,17760,0.58,0.41,46448,560,609637,315211,3274
701,14,47,155,5826,2495,35,17760,0.58,0.41,46515,557,612311,315333,3278
702,27,53,151,5828,2501,35,17775,0.58,0.41,46560,565,612514,316036,3285
703,12,44,149,5834,2501,35,17775,0.58,0.41,46622,555,613205,316036,3285
704,10,43,120,5842,2502,35,17775,0.58,0.41,46652,554,614295,316146,3286
705,24,64,130,5859,2506,35,17775,0.72,0.41,46675,559,618253,316539,3306
706,23,81,138,5876,2514,35,17790,0.72,0.41,46722,567,620351,317310,3315
707,36,74,130,5893,2517,35,17790,0.72,0.41,46800,562,623923,318275,3318
708,47,91,138,5908,2524,35,17790,0.72,0.41,46883,567,626339,320111,3326
709,41,100,131,5916,2539,35,17820,0.72,0.41,47036,584,628113,322787,3358
710,40,94,133,5929,2550,35,17965,0.72,0.41,47176,590,629918,324024,3371
711,32,61,145,5945,2553,35,17980,0.58,0.41,47332,576,631774,325182,3374
712,35,53,154,5960,2558,35,17980,0.57,0.41,47385,581,635556,326844,3379
713,24,44,156,5971,2563,35,17980,0.58,0.41,47499,577,636996,328191,3384
714,11,24,149,5977,2574,35,17999,0.58,0.41,47607,588,637604,331529,3395
715,21,39,152,5993,2574,35,17999,0.58,0.42,47886,561,640682,331650,3395
716,24,35,148,6000,2585,35,18035,0.58,0.42,47949,582,642927,334337,3407
717,23,54,156,6011,2588,35,18035,0.58,0.42,48156,563,645837,336013,3410
718,21,57,151,6015,2597,35,18050,0.58,0.42,48210,575,646824,337428,3420
719,40,70,155,6023,2601,35,18065,0.58,0.42,48350,566,647919,338245,3425
720,46,77,155,6028,2606,35,18129,0.58,0.42,48425,568,648513,339294,3432
721,47,79,153,6035,2615,35,18206,0.58,0.42,48533,569,650442,340340,3441
722,56,83,157,6042,2618,35,18299,0.58,0.42,48638,560,651683,341452,3444
723,54,79,152,6046,2627,35,18408,0.58,0.42,48683,573,652312,344426,3454
724,58,86,157,6056,2632,35,18607,0.57,0.42,48876,567,653900,345565,3462
725,56,82,151,6058,2640,35,18821,0.57,0.42,48964,575,655305,347584,3470
726,54,89,153,6067,2647,36,19110,0.57,0.42,49096,577,657680,349798,3482
727,57,93,156,6072,2649,36,19474,0.57,0.42,49356,562,658710,350806,3484
728,59,94,156,6076,2652,36,19898,0.57,0.42,49383,567,659299,351888,3487
729,64,95,155,6079,2656,36,20322,0.57,0.42,49463,570,659908,353045,3491
730,67,95,154,6084,2662,36,20776,0.57,0.42,49601,572,661461,354550,3501
731,66,95,155,6090,2666,36,21257,0.57,0.43,49723,569,663552,356201,3505
732,71,97,156,6095,2670,36,21724,0.57,0.43,49844,570,664284,357685,3509
733,70,99,157,6098,2672,36,22268,0.57,0.43,49944,565,664822,358573,3511
734,75,100,158,6100,2673,36,22752,0.57,0.43,50004,560,665271,359125,3512
735,70,98,157,6103,2677,36,23176,0.57,0.43,50019,570,665650,360353,3516
736,74,101,159,6105,2677,36,23660,0.57,0.43,50169,558,665830,361102,3516
737,70,99,155,6107,2683,36,24189,0.57,0.43,50196,569,666011,363097,3524
738,73,99,157,6113,2687,36,24718,0.57,0.43,50333,564,666665,364975,3528
739,71,100,156,6115,2690,36,25187,0.57,0.43,50383,566,666847,366208,3531
740,72,99,155,6118,2694,36,25732,0.57,0.43,50456,569,667213,367132,3536
741,79,103,159,6122,2694,36,26231,0.57,0.43,50626,558,667651,367684,3536
742,77,99,155,6122,2698,36,26806,0.57,0.43,50626,567,667651,369445,3540
743,61,93,149,6132,2710,36,26881,0.57,0.43,50702,593,669050,372629,3552
744,67,98,137,6146,2716,36,26898,0.57,0.43,50939,580,671534,373771,3558
745,50,69,127,6163,2725,36,26911,0.56,0.43,51102,579,677045,375781,3567
746,29,55,126,6179,2731,36,26911,0.56,0.43,51178,581,681156,377319,3574
747,42,77,138,6196,2732,36,26911,0.56,0.44,51348,562,684645,377775,3576
748,44,72,149,6213,2736,36,26911,0.55,0.44,51371,571,689212,379366,3580
749,29,67,157,6224,2739,36,26911,0.55,0.44,51483,568,692239,381614,3583
750,19,45,157,6231,2746,36,26911,0.54,0.44,51646,570,694076,382750,3590
751,22,55,159,6234,2747,36,26911,0.54,0.44,51697,568,694489,383263,3606
752,25,66,159,6235,2748,36,26911,0.54,0.44,51781,562,694583,384042,3607
753,22,58,159,6237,2749,36,26958,0.54,0.44,51812,562,695056,384764,3608
754,1,26,136,6242,2754,36,26958,0.53,0.44,51843,573,695548,385355,3614
755,1,22,130,6259,2754,36,26958,0.53,0.44,51901,565,699218,385355,3614
756,4,38,140,6276,2754,36,26958,0.54,0.44,51948,559,701698,385355,3614
757,22,56,155,6293,2756,36,26958,0.54,0.44,51948,563,704313,385609,3616
758,47,96,151,6299,2766,36,27006,0.53,0.44,51979,581,705881,387822,3626
759,87,123,142,6313,2789,36,27090,0.54,0.44,52152,616,708969,392214,3651
760,90,109,133,6329,2814,37,27151,0.54,0.44,52778,603,713667,398630,3683
761,81,110,135,6346,2829,37,27349,0.54,0.44,53168,589,716592,402653,3701
762,70,105,133,6362,2847,37,27495,0.54,0.44,53426,603,720187,407545,3720
763,51,106,140,6379,2857,37,27522,0.53,0.45,53784,580,724084,408906,3731
764,48,105,157,6396,2857,37,27522,0.53,0.45,53934,559,726377,409359,3731
765,54,111,155,6400,2863,37,27522,0.53,0.45,53934,573,727058,410527,3737
766,75,118,159,6406,2865,37,27553,0.53,0.45,54027,564,728517,411098,3739
767,66,119,153,6409,2874,37,27599,0.53,0.45,54069,582,728811,413212,3748
768,41,123,159,6417,2876,37,27616,0.52,0.45,54241,566,730258,413869,3750
769,61,131,159,6420,2879,37,27651,0.52,0.45,54302,565,731439,414862,3753
770,89,111,134,6423,2907,37,27697,0.53,0.45,54398,633,732624,421318,3785
771,88,96,124,6435,2929,37,27697,0.53,0.45,55248,590,737706,425826,3809
772,88,109,132,6452,2938,37,27697,0.53,0.45,55619,578,741325,429263,3819
773,80,114,133,6469,2954,37,27697,0.53,0.45,55840,598,746273,434550,3838
774,35,101,139,6485,2964,38,27788,0.54,0.45,56252,587,748361,437482,3851
775,15,45,144,6502,2976,38,27803,0.54,0.45,56494,585,753060,439520,3864
776,17,83,159,6519,2978,38,27820,0.55,0.45,56729,564,756349,440040,3866
777,31,102,155,6522,2985,38,27820,0.55,0.45,56786,572,756886,441189,3874
778,72,137,146,6525,2997,38,27835,0.54,0.45,56930,584,757994,444798,3887
779,101,108,129,6539,3028,38,27845,0.53,0.46,57119,639,761133,453765,3924
780,67,95,130,6556,3044,38,27883,0.53,0.46,57718,611,765862,459854,3943
781,18,79,141,6573,3050,38,27883,0.52,0.46,58119,586,770203,460704,3950
782,37,108,157,6590,3051,38,27883,0.52,0.46,58343,563,773422,461351,3951
783,64,124,160,6595,3053,38,27896,0.52,0.46,58362,565,774116,462539,3956
784,47,117,153,6598,3063,38,27896,0.52,0.46,58424,584,774772,464903,3966
785,50,126,147,6609,3080,38,27896,0.52,0.46,58680,587,776989,468704,3986
786,83,115,128,6626,3116,38,27949,0.52,0.46,58861,651,780015,475393,4028
787,92,104,115,6641,3144,38,28349,0.53,0.46,59590,631,786346,485453,4060
788,77,99,112,6658,3164,39,28424,0.53,0.46,60311,610,792284,492782,4083
789,58,93,117,6675,3176,39,28455,0.53,0.46,60765,604,795500,500428,4098
790,51,76,128,6692,3182,39,28516,0.53,0.46,61130,589,800272,503388,4106
791,30,53,140,6708,3186,39,28555,0.53,0.46,61348,582,806425,506143,4111
792,28,42,148,6725,3194,39,28585,0.51,0.46,61493,591,813827,507953,4120
793,20,47,152,6742,3196,39,28585,0.51,0.46,61661,580,818984,509804,4122
794,10,41,150,6759,3202,39,28616,0.51,0.46,61757,587,824800,512233,4129
795,16,42,123,6775,3203,39,28616,0.51,0.47,62000,567,828011,513201,4130
796,19,43,109,6792,3208,39,28616,0.52,0.47,62032,576,831110,514635,4135
797,21,55,108,6809,3215,39,28616,0.51,0.47,62157,576,834387,516015,4145
798,21,61,114,6826,3226,39,28616,0.52,0.47,62267,587,837418,518121,4159
799,22,68,126,6843,3231,39,28616,0.52,0.47,62414,580,841643,518970,4164
800,29,86,132,6859,3241,40,28616,0.52,0.47,64521,587,844739,520623,4175
801,42,123,147,6876,3243,40,28647,0.52,0.47,64697,567,849042,521431,4177
802,62,109,158,6892,3248,40,28679,0.52,0.47,64725,576,851718,522793,4184
803,44,81,156,6899,3256,40,28679,0.52,0.47,64737,596,853038,524458,4192
804,24,61,155,6912,3258,40,28679,0.52,0.47,64934,574,855060,526064,4195
805,24,43,160,6927,3262,40,28679,0.52,0.47,64987,575,857944,527094,4200
806,15,23,149,6937,3269,40,28717,0.52,0.47,65018,585,859224,528569,4209
807,13,27,143,6954,3273,40,28717,0.53,0.47,65151,576,863299,529650,4215
808,15,32,125,6971,3277,40,28717,0.53,0.47,65346,562,866469,530217,4220
809,20,38,108,6987,3281,40,28717,0.53,0.47,65434,560,872655,531220,4224
810,30,54,120,7004,3286,40,28717,0.53,0.47,65566,558,879063,532980,4238
811,30,48,116,7021,3292,40,28717,0.52,0.48,65692,562,882227,534482,4245
812,31,46,107,7038,3296,40,28717,0.52,0.48,65788,559,885107,536866,4250
813,30,55,106,7054,3310,40,28717,0.52,0.48,65967,569,888221,541399,4265
814,28,69,109,7072,3324,40,28728,0.52,0.48,66271,565,891767,543749,4282
815,56,90,119,7089,3330,40,28761,0.52,0.48,66428,561,895239,544982,4288
816,60,94,124,7106,3342,40,28857,0.52,0.48,66549,569,899980,548627,4304
817,67,109,129,7122,3353,40,28959,0.52,0.48,66750,564,903583,551594,4315
818,87,114,135,7139,3364,40,29070,0.52,0.48,66901,563,909657,552985,4329
819,97,132,147,7156,3369,40,29248,0.52,0.48,67019,558,912297,555385,4337
820,106,137,149,7173,3384,40,29489,0.52,0.48,67087,589,916228,559654,4354
821,106,131,147,7190,3403,40,29809,0.52,0.48,67251,613,921048,563358,4376
822,105,142,155,7210,3415,41,30050,0.52,0.48,67522,604,923914,566948,4390
823,108,141,154,7222,3428,41,30370,0.52,0.48,67837,602,926463,571776,4404
824,119,143,161,7237,3436,41,30673,0.52,0.48,67988,602,928578,576203,4414
825,121,145,157,7244,3447,41,30961,0.52,0.48,68192,608,933277,579316,4425
826,121,143,155,7255,3460,41,31266,0.52,0.49,68668,593,937677,585420,4442
827,112,145,157,7268,3471,41,31664,0.52,0.49,69046,583,943113,589443,4454
828,106,136,147,7282,3495,41,32128,0.52,0.49,69406,617,944952,593927,4491
829,112,141,151,7287,3496,41,32670,0.72,0.49,69753,589,947255,595641,4497
830,113,131,142,7288,3506,41,33118,0.72,0.49,69883,599,947718,599978,4507
831,86,115,131,7297,3526,41,33392,0.72,0.49,70335,598,949648,605600,4530
832,51,102,140,7314,3534,41,33608,0.52,0.49,70708,581,952723,610097,4539
833,37,67,149,7331,3542,41,33608,0.52,0.49,71085,573,958842,612173,4549
834,34,59,164,7348,3544,41,33643,0.51,0.49,71255,560,962951,613451,4551
835,32,60,165,7354,3546,41,33661,0.51,0.49,71386,550,964154,614463,4553
836,38,58,162,7356,3551,41,33661,0.51,0.49,71455,555,964764,616393,4558
837,37,64,164,7363,3556,42,33695,0.51,0.49,71608,551,966467,617607,4564
838,39,113,160,7370,3567,42,33695,0.51,0.49,71691,567,968451,621351,4576
839,80,133,162,7380,3575,42,33730,0.51,0.49,71846,564,970289,623264,4584
840,76,119,160,7388,3585,42,33748,0.51,0.49,71935,578,972756,625155,4595
841,15,101,161,7398,3594,42,33766,0.51,0.49,72062,582,975119,626866,4605
842,16,94,166,7407,3597,42,33766,0.51,0.50,72253,566,977043,628543,4609
843,43,103,163,7408,3600,42,33784,0.51,0.50,72452,551,977218,629137,4612
844,62,109,160,7411,3606,42,33819,0.51,0.50,72500,558,977745,630316,4619
845,72,112,162,7421,3614,42,33903,0.51,0.50,72588,566,979428,631601,4627
846,73,85,166,7426,3615,42,33903,0.51,0.50,72684,556,980127,632111,4628
847,30,48,162,7429,3622,42,33903,0.51,0.50,72728,564,981215,633980,4636
848,13,23,167,7443,3626,42,33903,0.50,0.50,72838,559,984455,634810,4640
849,26,49,164,7460,3629,42,33903,0.72,0.50,72939,550,988438,635425,4643
850,40,58,164,7466,3634,42,33921,0.72,0.50,72977,555,989453,636843,4649
851,21,40,150,7474,3656,42,33937,0.72,0.50,73054,598,991919,640121,4673
852,12,34,156,7491,3666,42,33937,0.72,0.50,73106,612,997469,643282,4685
853,9,43,149,7508,3673,42,33937,0.72,0.50,73520,572,1002607,645015,4693
854,20,62,159,7525,3678,42,33937,0.72,0.50,73725,557,1009243,645950,4701
855,46,68,164,7533,3681,42,33937,0.72,0.50,73783,557,1011873,647077,4705
856,43,57,158,7543,3692,42,33955,0.50,0.50,73796,581,1014957,650033,4717
857,34,52,162,7562,3697,42,34022,0.50,0.51,73916,579,1019933,653303,4725
858,20,47,162,7573,3705,42,34065,0.50,0.51,74209,587,1024294,657566,4737
859,11,42,153,7586,3708,42,34116,0.49,0.51,74691,578,1026963,659545,4741
860,20,46,161,7604,3712,42,34116,0.49,0.51,75424,570,1031633,660447,4747
861,21,57,140,7621,3720,43,34116,0.49,0.51,75762,577,1035824,662856,4758
862,35,77,149,7638,3725,43,34116,0.49,0.51,76068,573,1039650,664845,4765
863,48,87,156,7656,3733,43,34145,0.49,0.51,76367,577,1046637,666738,4776
864,40,94,156,7673,3745,43,34186,0.49,0.51,76547,594,1052569,668940,4790
865,63,99,164,7687,3750,43,34299,0.49,0.51,76871,584,1055975,670960,4797
866,60,104,162,7695,3759,43,34388,0.49,0.51,77126,591,1057973,674701,4811
867,62,110,166,7705,3764,43,34638,0.49,0.52,77794,563,1060629,677426,4817
868,62,103,160,7708,3773,43,34870,0.49,0.52,77999,575,1061753,680755,4830
869,67,109,165,7718,3778,43,35199,0.49,0.52,78384,570,1065146,683262,4837
870,65,108,164,7726,3784,43,35400,0.49,0.52,78716,573,1069941,685494,4849
871,62,108,165,7733,3790,43,35672,0.49,0.52,78920,580,1072866,687767,4857
872,59,104,158,7737,3801,43,35975,0.49,0.52,79555,590,1074348,690575,4871
873,71,92,166,7750,3806,43,36096,0.49,0.52,79919,579,1080653,696502,4879
874,58,77,152,7774,3834,43,36134,0.48,0.52,80017,637,1083035,702782,4915
875,34,70,157,7796,3841,44,36134,0.47,0.52,81610,580,1090083,703731,4925
876,25,69,160,7814,3844,44,36134,0.46,0.52,81890,561,1095823,704399,4928
877,20,51,153,7830,3849,44,36134,0.46,0.53,81915,567,1100501,705675,4934
878,18,37,148,7847,3857,44,36134,0.47,0.53,81998,577,1106819,708300,4948
879,23,41,153,7865,3861,44,36186,0.47,0.53,82429,570,1112109,709731,4955
880,28,45,145,7882,3866,44,36186,0.48,0.53,82510,574,1116431,711745,4962
881,26,45,139,7899,3868,44,36186,0.48,0.53,82861,564,1122549,713124,4964
882,25,48,124,7917,3875,44,36186,0.48,0.53,82938,575,1126475,714610,4972
883,18,39,109,7934,3886,44,36186,0.48,0.53,83025,597,1131508,716460,4986
884,18,32,95,7951,3894,44,36186,0.47,0.53,83295,590,1134786,718626,4999
885,31,42,92,7969,3899,44,36198,0.47,0.53,83686,573,1142194,720878,5007
886,32,40,95,7986,3905,44,36198,0.46,0.53,83861,576,1145688,723413,5014
887,26,43,85,8003,3920,44,36198,0.46,0.54,84137,594,1150912,726811,5037
888,32,53,92,8021,3931,45,36198,0.46,0.54,84811,579,1155644,729885,5053
889,40,75,103,8038,3937,45,36240,0.46,0.54,85175,562,1161392,731617,5062
890,42,80,108,8057,3951,45,36256,0.46,0.54,85339,581,1166697,737208,5082
891,49,88,112,8075,3965,45,36277,0.46,0.54,85965,580,1171933,740765,5101
892,71,84,117,8092,3977,45,36290,0.46,0.54,86401,567,1176060,744517,5116
893,82,94,128,8115,3989,45,36386,0.46,0.54,86595,576,1181497,752602,5133
894,64,81,114,8133,4021,45,36502,0.46,0.54,87589,608,1186761,762644,5173
895,68,92,130,8152,4024,45,36515,0.46,0.54,88973,556,1192481,763656,5176
896,89,110,138,8170,4034,46,36554,0.46,0.54,89331,572,1196565,766943,5189
897,95,113,138,8187,4051,46,36635,0.46,0.55,89948,572,1200303,772611,5211
898,89,116,141,8206,4067,46,36648,0.46,0.55,90329,580,1211091,777221,5235
899,81,126,151,8228,4079,46,36648,0.46,0.55,90753,558,1215882,779423,5253
900,95,138,161,8249,4090,46,36669,0.46,0.55,91007,564,1223164,783228,5270
901,106,134,158,8261,4105,46,36932,0.46,0.55,91442,565,1225998,792754,5290
902,132,144,157,8297,4142,46,37083,0.46,0.55,91696,633,1230617,808549,5334
903,113,148,158,8315,4159,46,37131,0.46,0.55,93333,597,1232561,813145,5351
904,72,107,162,8329,4169,47,37193,0.46,0.55,94262,574,1238692,817051,5363
905,42,60,164,8341,4179,47,37264,0.46,0.55,94935,568,1240807,821209,5375
906,25,34,167,8351,4186,47,37264,0.46,0.55,95094,573,1243676,825954,5386
907,16,20,166,8355,4191,47,37264,0.45,0.56,95459,562,1244956,827229,5392
908,17,27,169,8368,4193,47,37264,0.44,0.56,95568,562,1248656,828923,5394
909,13,31,142,8385,4197,47,37264,0.43,0.56,95722,565,1253295,830593,5399
910,20,36,118,8402,4199,47,37264,0.43,0.56,95880,563,1258058,831760,5403
911,22,34,120,8420,4202,47,37264,0.44,0.56,96164,553,1265264,833315,5406
912,15,30,92,8437,4212,47,37264,0.45,0.56,96357,568,1270672,835868,5421
913,21,36,96,8455,4216,47,37264,0.45,0.56,96867,555,1278837,837243,5426
914,20,40,100,8472,4221,47,37264,0.45,0.56,97066,557,1287272,842024,5431
915,19,39,106,8489,4229,47,37264,0.45,0.56,97561,554,1294076,848731,5442
916,18,42,111,8507,4232,47,37264,0.45,0.56,98240,533,1299939,850923,5447
917,28,46,108,8524,4237,47,37314,0.45,0.57,98808,529,1308708,853333,5452
918,40,76,116,8541,4243,47,37335,0.72,0.57,98865,539,1314110,855203,5483
919,59,84,123,8559,4254,48,37347,0.72,0.57,99283,549,1321168,859604,5496
920,37,69,133,8576,4260,48,37347,0.72,0.57,99548,543,1332443,861928,5504
921,23,49,141,8593,4262,48,37347,0.44,0.57,99871,532,1338555,864179,5506
922,19,38,144,8611,4273,48,37347,0.44,0.57,99996,548,1349288,872033,5525
923,24,35,141,8628,4281,48,37347,0.44,0.57,100406,550,1353461,878733,5535
924,36,43,128,8646,4286,48,37482,0.43,0.57,100781,550,1361051,883627,5542
925,30,45,114,8662,4298,48,37482,0.43,0.57,101609,546,1366255,888584,5571
926,25,57,126,8679,4303,48,37482,0.42,0.57,101955,526,1373284,890796,5587
927,45,88,140,8696,4306,48,37511,0.42,0.57,102039,523,1377375,892702,5597
928,74,107,153,8713,4310,48,37549,0.42,0.57,102129,529,1383797,894456,5607
929,81,110,158,8730,4321,48,37648,0.42,0.58,102438,538,1391133,897933,5635
930,93,121,164,8746,4331,48,37735,0.42,0.58,102811,538,1399269,901560,5663
931,96,113,156,8756,4349,48,37846,0.42,0.58,103146,549,1402079,907936,5713
932,96,119,163,8770,4356,48,38011,0.42,0.58,103440,534,1408983,911621,5733
933,106,125,166,8780,4362,48,38135,0.42,0.58,103625,535,1412078,916047,5747
934,99,125,162,8789,4375,48,38314,0.42,0.58,103891,542,1416274,921626,5777
935,107,139,170,8800,4378,49,38477,0.42,0.58,104363,531,1418768,923930,5785
936,123,135,165,8804,4386,49,38756,0.42,0.58,104422,546,1420752,929895,5807
937,121,133,165,8815,4397,49,39020,0.42,0.58,104921,541,1426256,935158,5835
938,102,131,164,8824,4407,49,39285,0.43,0.58,105295,545,1428127,941783,5867
939,100,135,169,8841,4419,49,39404,0.43,0.58,105736,542,1433182,946971,5901
940,93,132,161,8849,4435,49,39554,0.43,0.58,106346,543,1435187,952707,5937
941,71,114,168,8862,4441,49,39571,0.43,0.58,106539,531,1439420,956742,5955
942,21,77,166,8871,4452,49,39619,0.43,0.58,106617,551,1441775,962556,5985
943,17,50,168,8878,4457,49,39619,0.43,0.58,106903,537,1443432,966205,5999
944,16,40,168,8884,4463,49,39619,0.43,0.59,107169,534,1445021,967536,6013
945,3,22,160,8893,4469,49,39619,0.43,0.59,107291,534,1447833,969587,6029
946,2,36,168,8910,4472,49,39619,0.43,0.59,107504,525,1454199,969884,6037
947,15,49,172,8917,4473,49,39619,0.43,0.59,107627,517,1455328,970043,6039
948,27,57,170,8918,4476,49,39619,0.43,0.59,107639,523,1455957,972646,6045
949,39,86,166,8923,4485,49,39619,0.43,0.59,107693,538,1456873,974919,6067
950,49,87,154,8934,4508,49,39710,0.43,0.59,108135,555,1458971,981443,6129
951,71,134,162,8951,4517,49,39775,0.43,0.59,108919,535,1462947,984711,6149
952,77,115,162,8964,4530,49,40044,0.42,0.59,109184,546,1466966,994070,6185
953,56,89,156,8978,4550,50,40225,0.42,0.59,109789,562,1470410,1002801,6231
954,33,86,160,8995,4561,50,40283,0.41,0.59,110284,549,1477028,1010151,6259
955,42,99,170,9012,4565,50,40283,0.41,0.59,110754,514,1482787,1013509,6268
956,54,94,164,9018,4575,50,40307,0.41,0.59,110761,535,1484211,1016658,6280
957,56,96,160,9030,4589,50,40326,0.41,0.59,110985,538,1487841,1021643,6301
958,79,115,172,9044,4591,50,40364,0.41,0.59,111206,515,1491308,1023956,6304
959,99,124,167,9047,4598,50,40419,0.41,0.60,111258,528,1491956,1028427,6313
960,94,131,165,9057,4610,50,40515,0.41,0.60,111494,536,1495584,1034077,6331
961,94,127,162,9071,4627,50,40534,0.41,0.60,111938,531,1503401,1039159,6349
962,103,131,167,9085,4636,50,40570,0.41,0.60,112145,530,1508147,1043552,6361
963,110,132,163,9092,4645,50,40853,0.41,0.60,112353,533,1509696,1046469,6374
964,104,126,160,9103,4650,50,40853,0.41,0.60,112566,527,1512934,1049802,6381
965,97,117,166,9120,4655,50,40890,0.40,0.60,112698,525,1518441,1052862,6388
966,45,92,164,9131,4665,50,40927,0.40,0.60,112832,536,1521014,1056111,6401
967,67,117,170,9146,4674,50,40927,0.40,0.60,113070,527,1525810,1057273,6412
968,87,129,169,9152,4681,50,40944,0.40,0.60,113192,529,1528519,1059117,6421
969,69,107,134,9162,4726,50,40961,0.40,0.60,113354,635,1532342,1067783,6484
970,84,120,151,9191,4738,50,41014,0.40,0.60,114293,552,1544105,1073944,6505
971,88,130,161,9208,4745,51,41033,0.41,0.60,118772,523,1549287,1078201,6519
972,62,117,168,9223,4753,51,41186,0.41,0.60,118854,537,1556536,1083614,6529
973,20,93,169,9233,4762,51,41204,0.41,0.61,118994,551,1560288,1087835,6540
974,10,29,172,9239,4765,51,41204,0.42,0.61,119298,527,1561658,1088905,6545
975,5,13,171,9243,4770,51,41204,0.41,0.61,119340,533,1562368,1090207,6550
976,3,10,170,9252,4775,51,41224,0.42,0.61,119445,531,1567479,1091305,6556
977,9,21,173,9267,4777,51,41224,0.63,0.61,119508,529,1572834,1092103,6559
978,16,20,155,9282,4786,51,41224,0.63,0.61,119591,546,1577022,1094348,6568
979,12,31,130,9299,4791,51,41224,0.41,0.61,119795,534,1587924,1097432,6574
980,16,28,79,9316,4800,51,41224,0.40,0.61,119951,543,1598913,1104850,6585
981,18,35,71,9333,4802,51,41224,0.39,0.61,120313,519,1604529,1106914,6587
982,20,31,84,9350,4806,51,41224,0.39,0.61,120373,525,1612111,1109533,6593
983,11,30,91,9366,4812,51,41224,0.38,0.61,120399,536,1616653,1111058,6601
984,14,24,91,9383,4820,52,41241,0.41,0.61,120493,549,1622497,1113303,6612
985,21,31,103,9401,4824,52,41258,0.40,0.61,120746,530,1628206,1114879,6619
986,19,29,106,9418,4828,52,41258,0.40,0.61,120810,532,1638078,1117283,6625
987,21,32,104,9435,4834,52,41258,0.39,0.61,120882,540,1651905,1124223,6634
988,17,41,100,9452,4840,52,41258,0.38,0.62,121065,536,1655947,1125730,6642
989,13,41,106,9469,4844,52,41258,0.38,0.62,121276,535,1664311,1126814,6647
990,6,50,109,9485,4848,52,41258,0.40,0.62,121317,538,1670998,1128068,6653
991,28,80,119,9502,4853,52,41258,0.40,0.62,121452,533,1675892,1129099,6661
992,29,74,110,9519,4879,52,41278,0.40,0.62,121550,573,1682720,1134825,6695
993,54,95,124,9536,4882,52,41317,0.40,0.62,121811,542,1696785,1137192,6700
994,73,99,128,9553,4895,52,41442,0.40,0.62,121984,545,1707696,1143335,6720
995,90,115,138,9570,4902,52,41634,0.40,0.62,122152,541,1719594,1148635,6731
996,85,120,143,9587,4913,52,41760,0.39,0.62,122356,546,1724911,1152851,6746
997,103,136,155,9604,4916,52,41919,0.39,0.62,122587,532,1735833,1155106,6749
998,125,148,166,9620,4921,52,42097,0.40,0.62,122692,534,1744500,1158447,6757
999,113,129,150,9633,4950,52,42114,0.40,0.62,122819,589,1753954,1170847,6795
1000,131,140,164,9650,4953,52,42429,0.40,0.62,123380,538,1763679,1174665,6799
1001,116,135,158,9665,4974,52,42572,0.40,0.62,123484,591,1775041,1192991,6828
1002,106,135,153,9679,4993,52,42923,0.40,0.62,124251,579,1780600,1202312,6855
1003,123,145,166,9696,4997,52,43304,0.40,0.63,124716,551,1788123,1206615,6860
1004,124,146,162,9710,5015,52,43741,0.40,0.63,125108,562,1793805,1219504,6882
1005,130,146,163,9726,5030,52,43886,0.40,0.63,125902,539,1800527,1237547,6902
1006,113,126,145,9742,5064,53,44081,0.40,0.63,126538,590,1812114,1256796,6946
1007,122,143,158,9759,5068,53,44220,0.40,0.63,126869,572,1815615,1259469,6951
1008,137,152,171,9776,5072,53,44346,0.39,0.63,127143,555,1827545,1263958,6958
1009,136,145,162,9782,5087,53,44572,0.37,0.63,127521,562,1828873,1278890,6978
1010,126,138,163,9799,5103,53,44656,0.38,0.63,128187,548,1835266,1286616,6999
1011,87,106,166,9813,5114,53,44741,0.39,0.63,128409,545,1847374,1290741,7014
1012,39,58,174,9825,5118,53,44781,0.39,0.63,128583,531,1851740,1293126,7019
1013,23,45,174,9834,5122,53,44781,0.39,0.63,128646,533,1855524,1295400,7025
1014,12,36,169,9842,5127,53,44781,0.36,0.63,128707,538,1858854,1297070,7031
1015,15,38,167,9855,5129,53,44781,0.37,0.63,128799,533,1863767,1298764,7034
1016,20,30,136,9870,5137,53,44781,0.36,0.63,128897,537,1868028,1300804,7043
1017,21,33,114,9887,5141,53,44781,0.37,0.64,129022,533,1873531,1304037,7049
1018,14,28,85,9904,5155,53,44781,0.36,0.64,129101,555,1877890,1307974,7069
1019,17,33,83,9921,5159,53,44781,0.36,0.64,129259,546,1886050,1309893,7074
1020,15,39,91,9938,5166,53,44781,0.36,0.64,129410,543,1897032,1311963,7084
1021,25,40,87,9955,5170,53,44793,0.36,0.64,129523,537,1907956,1314925,7088
1022,34,46,92,9971,5173,53,44811,0.36,0.64,129648,531,1915569,1320253,7091
1023,32,48,93,9988,5182,53,44811,0.36,0.64,129724,550,1921160,1327424,7104
1024,36,60,108,10005,5184,53,44811,0.36,0.64,130087,528,1936385,1330291,7107
1025,47,61,117,10022,5191,53,44830,0.36,0.64,130140,543,1945596,1333944,7117
1026,42,58,127,10039,5192,53,44830,0.37,0.64,130334,527,1953469,1336515,7118
1027,23,38,129,10056,5202,53,44870,0.38,0.64,130396,550,1960203,1342805,7131
1028,36,45,136,10073,5203,53,44870,0.38,0.64,130650,529,1969708,1345165,7132
1029,27,76,140,10090,5216,53,44870,0.38,0.64,130830,542,1976842,1350195,7148
1030,53,95,154,10108,5220,53,44870,0.38,0.64,130974,536,1986359,1352767,7152
1031,65,116,156,10124,5234,54,44870,0.38,0.64,134266,543,1994700,1357459,7171
1032,75,123,155,10141,5252,54,44925,0.38,0.65,134529,547,2002853,1364078,7192
1033,93,133,168,10158,5256,54,44945,0.38,0.65,134717,533,2010901,1366731,7197
1034,96,125,171,10171,5266,54,44945,0.38,0.65,134823,548,2018323,1373840,7210
1035,58,93,170,10180,5276,54,44945,0.38,0.65,135122,543,2022738,1377898,7221
1036,18,51,167,10192,5288,54,44945,0.37,0.65,135277,561,2028084,1385446,7238
1037,28,40,171,10209,5290,54,44945,0.38,0.65,135591,536,2033380,1387003,7241
1038,36,47,178,10223,5291,54,44945,0.36,0.65,135673,530,2040083,1389904,7242
1039,35,52,175,10236,5296,54,44945,0.35,0.65,135744,535,2045238,1391960,7248
1040,13,49,166,10248,5298,54,44945,0.36,0.65,135806,533,2048510,1394010,7250
1041,15,34,137,10265,5305,54,44945,0.36,0.65,135877,539,2054613,1397252,7259
1042,14,32,117,10282,5311,54,44945,0.35,0.65,136005,539,2060503,1398256,7267
1043,23,38,108,10299,5314,54,44945,0.36,0.65,136073,540,2064647,1402029,7272
1044,19,55,108,10316,5323,54,44945,0.36,0.65,136297,538,2070137,1405517,7284
1045,39,67,117,10333,5331,54,45000,0.36,0.65,136411,546,2077142,1408617,7295
1046,54,73,128,10350,5337,54,45107,0.36,0.66,136567,542,2085482,1411862,7304
1047,48,78,140,10367,5341,54,45123,0.36,0.66,136722,533,2090825,1414961,7310
1048,13,56,127,10384,5360,54,45123,0.37,0.66,136791,577,2096032,1420185,7336
1049,9,39,133,10401,5363,54,45143,0.37,0.66,137071,550,2103647,1421196,7341
1050,28,75,138,10426,5368,54,45143,0.37,0.66,137298,533,2111501,1424430,7348
1051,68,106,137,10443,5386,54,45143,0.37,0.66,137369,568,2118823,1431277,7370
1052,90,110,139,10460,5401,54,45163,0.37,0.66,137730,558,2126028,1437685,7390
1053,91,116,137,10477,5420,54,45389,0.37,0.66,137996,565,2133943,1444125,7416
1054,96,130,143,10498,5435,55,45613,0.37,0.66,138348,562,2139456,1452681,7438
1055,95,125,141,10515,5454,55,45857,0.37,0.66,138668,577,2146349,1460401,7473
1056,109,141,153,10532,5459,55,46172,0.37,0.66,138788,574,2153118,1464122,7480
1057,115,137,156,10549,5473,55,46391,0.37,0.66,139392,573,2162196,1471788,7499
1058,100,129,138,10566,5508,55,46713,0.37,0.66,139752,611,2166943,1483695,7546
1059,112,126,140,10583,5523,55,47092,0.37,0.66,140144,603,2172757,1488434,7568
1060,105,127,138,10599,5541,55,47489,0.37,0.67,140545,602,2180443,1496207,7595
1061,98,128,140,10616,5556,55,47904,0.37,0.67,141063,580,2189901,1504200,7617
1062,107,142,151,10633,5562,55,48283,0.37,0.67,141335,565,2196945,1508016,7623
1063,120,153,159,10650,5571,55,48626,0.37,0.67,141468,571,2207273,1512588,7632
1064,128,157,167,10667,5580,55,49095,0.37,0.67,141677,567,2214841,1518957,7647
1065,149,168,176,10683,5587,55,49617,0.37,0.67,141852,566,2219847,1525517,7656
1066,146,168,175,10693,5598,55,50140,0.37,0.67,142015,575,2225351,1532400,7669
1067,140,162,170,10701,5611,55,50662,0.37,0.67,142257,587,2227430,1539993,7689
1068,147,164,171,10712,5621,55,51239,0.37,0.67,142433,593,2230606,1546929,7701
1069,140,162,168,10723,5635,55,51851,0.37,0.67,142734,598,2233213,1557148,7720
1070,127,147,162,10740,5658,55,52464,0.37,0.67,143106,616,2237939,1574115,7753
1071,135,159,168,10756,5668,55,53148,0.37,0.67,143676,582,2246214,1583539,7766
1072,137,163,172,10773,5681,55,53868,0.37,0.67,143881,599,2253187,1590514,7783
1073,138,170,178,10788,5690,55,54823,0.37,0.67,144169,596,2261647,1595715,7795
1074,141,170,176,10797,5701,56,55777,0.37,0.68,144442,597,2267199,1602517,7809
1075,156,173,179,10803,5704,56,56786,0.36,0.68,144663,585,2269394,1605021,7813
1076,156,172,180,10809,5709,56,57740,0.36,0.68,144885,575,2271641,1609465,7821
1077,155,170,175,10815,5720,56,58731,0.36,0.68,145030,586,2273672,1615165,7836
1078,148,170,176,10826,5730,56,59686,0.36,0.68,145156,598,2276771,1620244,7850
1079,170,176,182,10838,5736,56,60709,0.36,0.68,145513,578,2282957,1624852,7857
1080,102,111,141,10848,5787,56,61029,0.36,0.68,145615,712,2288256,1653824,7928
1081,109,118,150,10865,5793,56,61118,0.36,0.68,146281,658,2293804,1657429,7934
1082,60,80,158,10882,5800,56,61158,0.36,0.68,147035,591,2304391,1661166,7948
1083,29,45,165,10899,5809,56,61158,0.36,0.68,147197,594,2311598,1666427,7964
1084,26,43,168,10917,5815,56,61158,0.35,0.68,147392,584,2322163,1668632,7974
1085,28,35,162,10934,5827,56,61180,0.35,0.68,147422,605,2330564,1675965,7989
1086,33,42,165,10951,5834,56,61205,0.35,0.68,147846,579,2337116,1682622,7997
1087,21,40,117,10968,5845,56,61221,0.33,0.68,147886,588,2341745,1687151,8012
1088,21,38,88,10986,5852,56,61221,0.32,0.69,148040,581,2354342,1691026,8020
1089,27,40,85,11003,5860,56,61221,0.32,0.69,148173,577,2363590,1693514,8030
1090,21,41,81,11020,5872,56,61221,0.32,0.69,148200,588,2369820,1698028,8046
1091,16,47,91,11038,5876,56,61221,0.32,0.69,148346,579,2376706,1699997,8051
1092,17,40,88,11055,5887,56,61243,0.34,0.69,148437,596,2383733,1705926,8065
1093,22,52,99,11072,5893,56,61243,0.35,0.69,148748,577,2396063,1709785,8073
1094,36,68,113,11089,5896,56,61266,0.34,0.69,148830,574,2405203,1712903,8077
1095,48,73,118,11107,5902,56,61266,0.34,0.69,148884,577,2413078,1718712,8086
1096,46,68,119,11124,5914,56,61266,0.34,0.69,148948,600,2417799,1728642,8102
1097,28,67,120,11143,5929,56,61298,0.34,0.69,149335,588,2424956,1735249,8120
1098,35,83,130,11161,5937,57,61298,0.34,0.69,152823,582,2437431,1740135,8130
1099,42,96,136,11180,5950,57,61320,0.34,0.69,152978,590,2451360,1744536,8152
1100,44,80,144,11197,5959,57,61345,0.33,0.69,153077,591,2461323,1747286,8164
1101,26,79,151,11215,5966,57,61416,0.33,0.69,153160,596,2475563,1752234,8173
1102,29,59,154,11232,5969,57,61416,0.32,0.69,153364,585,2483840,1756493,8176
1103,24,52,151,11249,5976,57,61441,0.31,0.70,153455,598,2489627,1760766,8186
1104,34,76,146,11267,5987,57,61441,0.31,0.70,153869,585,2499653,1765357,8203
1105,55,100,155,11284,5995,57,61464,0.31,0.70,153957,585,2506241,1768634,8214
1106,70,91,163,11301,6004,57,61464,0.31,0.70,154050,588,2518206,1774176,8228
1107,57,68,167,11318,6011,57,61464,0.31,0.70,154083,591,2527084,1776703,8236
1108,16,35,170,11336,6017,57,61476,0.30,0.70,154180,586,2537301,1778975,8245
1109,14,37,173,11353,6023,57,61476,0.33,0.70,154263,585,2551200,1781786,8255
1110,27,67,176,11370,6023,57,61476,0.33,0.70,154363,576,2565130,1783600,8255
1111,53,92,163,11379,6045,57,61476,0.33,0.70,154363,600,2569711,1791620,8284
1112,79,110,152,11393,6070,57,61476,0.31,0.70,154689,603,2574068,1803170,8318
1113,79,104,146,11412,6095,57,61568,0.31,0.70,154866,633,2588100,1818608,8356
1114,85,100,161,11438,6106,57,61597,0.31,0.70,155306,609,2597420,1825674,8371
1115,79,111,203,11485,6110,57,61622,0.30,0.70,155563,588,2631463,1831300,8377
1116,65,113,188,11487,6126,57,61687,0.32,0.70,155730,606,2631883,1847472,8398
1117,54,92,176,11489,6140,57,61687,0.32,0.71,155920,626,2632311,1864322,8414
1118,43,89,169,11504,6162,57,61687,0.32,0.71,156555,609,2642043,1877318,8445
1119,76,113,162,11521,6186,57,61720,0.31,0.71,157013,606,2658794,1887336,8475
1120,86,115,164,11539,6202,58,61852,0.31,0.71,157343,599,2669672,1898985,8498
1121,91,113,173,11562,6216,58,62144,0.30,0.71,157720,605,2677914,1913345,8517
1122,75,106,168,11581,6239,58,62172,0.30,0.71,158537,597,2692929,1927623,8550
1123,92,126,184,11599,6241,58,62195,0.30,0.71,158867,579,2706669,1930107,8552
1124,78,115,182,11604,6248,58,62195,0.30,0.71,158932,581,2709864,1933846,8562
1125,78,117,175,11619,6268,58,62195,0.72,0.71,159035,599,2718913,1944919,8587
1126,86,126,176,11631,6279,58,62220,0.72,0.71,159201,600,2723953,1952128,8599
1127,63,96,175,11648,6292,58,62291,0.72,0.71,159447,597,2735672,1962058,8614
1128,26,62,175,11665,6302,58,62341,0.31,0.71,159633,599,2752556,1970646,8626
1129,31,90,181,11682,6308,58,62341,0.31,0.71,163414,589,2772486,1973535,8634
1130,40,97,176,11686,6317,58,62413,0.31,0.71,163567,596,2775682,1979202,8647
1131,50,90,179,11696,6323,58,62481,0.31,0.72,163705,598,2782595,1983320,8655
1132,17,44,177,11710,6329,58,62481,0.32,0.72,163849,593,2796330,1986461,8663
1133,11,39,180,11727,6333,59,62481,0.32,0.72,164053,581,2816355,1989868,8667
1134,12,46,177,11740,6336,59,62481,0.32,0.72,164118,582,2824783,1993317,8672
1135,15,52,181,11750,6342,59,62481,0.32,0.72,164275,581,2833685,1997176,8680
1136,24,62,183,11755,6345,59,62481,0.32,0.72,164364,576,2835307,1998548,8683
1137,19,43,182,11760,6349,59,62481,0.32,0.72,164391,579,2838844,2000728,8688
1138,15,55,183,11768,6353,59,62481,0.31,0.72,164447,582,2844279,2001807,8693
1139,15,67,185,11776,6354,59,62481,0.31,0.72,164527,575,2852046,2003385,8694
1140,13,82,184,11781,6360,59,62481,0.31,0.72,164554,588,2854979,2006546,8714
1141,23,91,182,11785,6366,59,62481,0.31,0.72,164732,583,2856766,2008932,8723
1142,32,94,184,11790,6368,59,62481,0.31,0.72,164801,577,2862420,2012001,8726
1143,34,69,173,11796,6368,59,62506,0.31,0.72,164819,575,2866817,2015442,8726
1144,29,71,176,11814,6371,59,62557,0.31,0.72,164847,578,2875300,2017987,8730
1145,54,101,184,11824,6373,59,62557,0.31,0.73,164879,578,2880761,2020798,8733
1146,89,127,184,11829,6378,59,62633,0.31,0.73,164888,589,2884694,2028417,8741
1147,94,118,167,11838,6404,59,62899,0.31,0.73,165106,634,2890785,2049317,8778
1148,92,111,157,11874,6450,59,63143,0.31,0.73,165511,678,2901366,2081886,8840
1149,79,113,159,11893,6467,59,63171,0.31,0.73,166726,611,2911814,2095084,8865
1150,63,105,171,11911,6473,59,63568,0.30,0.73,167159,594,2927364,2111904,8874
1151,47,76,182,11929,6478,59,63641,0.30,0.73,167294,598,2945161,2116113,8879
1152,35,54,175,11938,6484,59,63641,0.71,0.73,167458,601,2954114,2121704,8887
1153,33,55,179,11954,6486,59,63641,0.70,0.73,167649,586,2962019,2125999,8889
1154,29,60,183,11966,6489,59,63641,0.70,0.73,167772,580,2967856,2128008,8892
1155,48,70,186,11973,6493,59,63641,0.70,0.73,167806,581,2973100,2129736,8897
1156,49,78,182,11976,6500,59,63664,0.70,0.73,167844,586,2974689,2133732,8904
1157,43,68,181,11984,6506,59,63664,0.28,0.73,167872,599,2979641,2139542,8910
1158,39,52,168,11995,6525,59,63698,0.28,0.74,168120,605,2982926,2151462,8938
1159,39,62,176,12012,6533,59,63800,0.28,0.74,168438,594,2992834,2157918,8950
1160,18,40,171,12027,6543,59,63874,0.27,0.74,168521,605,3007878,2164276,8962
1161,20,40,161,12045,6545,59,63874,0.28,0.74,168724,585,3020932,2167751,8966
1162,23,41,171,12062,6552,59,63874,0.28,0.74,168787,593,3031315,2173032,8973
1163,20,39,152,12079,6559,59,63874,0.27,0.74,168995,588,3039510,2176880,8982
1164,30,57,147,12097,6560,59,63874,0.28,0.74,169095,580,3056743,2182055,8983
1165,26,61,158,12114,6565,59,63874,0.29,0.74,169133,586,3076969,2188696,8989
1166,16,55,153,12131,6575,59,63994,0.29,0.74,169236,606,3089441,2200714,9002
1167,22,48,132,12149,6580,59,63994,0.28,0.74,169556,592,3109117,2205598,9008
1168,28,43,129,12166,6585,59,64216,0.27,0.74,169744,593,3121608,2215945,9013
1169,34,47,132,12184,6588,59,64216,0.28,0.74,169927,584,3132308,2218550,9016
1170,29,54,121,12201,6604,59,64262,0.29,0.74,170009,605,3144308,2227140,9039
1171,32,70,122,12218,6613,59,64275,0.29,0.74,170297,590,3155978,2231518,9051
1172,53,92,129,12236,6624,59,64275,0.72,0.75,170463,587,3169419,2240505,9126
1173,66,97,134,12253,6636,59,64287,0.72,0.75,170554,595,3177958,2248686,9138
1174,49,93,141,12273,6647,59,64310,0.72,0.75,170578,616,3195284,2259034,9150
1175,27,75,137,12291,6659,60,64323,0.30,0.75,170856,608,3204049,2265299,9163
1176,19,63,137,12308,6667,60,64384,0.29,0.75,171103,593,3211988,2269809,9174
1177,17,51,142,12326,6675,60,64405,0.29,0.75,171221,588,3234802,2272991,9184
1178,12,66,148,12343,6678,60,64405,0.29,0.75,171297,583,3246463,2274224,9187
1179,36,91,161,12360,6681,60,64405,0.29,0.75,171353,586,3262174,2276692,9192
1180,66,105,170,12378,6690,60,64429,0.29,0.75,171448,592,3269806,2280989,9204
1181,60,102,162,12395,6714,60,64468,0.29,0.75,171602,604,3287010,2292891,9239
1182,62,118,164,12412,6729,60,64526,0.29,0.75,171881,591,3295360,2303446,9259
1183,76,131,167,12430,6744,60,64549,0.29,0.75,171972,599,3318452,2312430,9277
1184,74,122,167,12447,6761,60,64549,0.29,0.75,172108,627,3329714,2330085,9301
1185,68,107,184,12467,6764,60,64695,0.29,0.75,172573,584,3339785,2337891,9305
1186,36,62,184,12478,6775,60,64695,0.26,0.76,172605,606,3350453,2345983,9321
1187,28,43,188,12492,6777,60,64695,0.26,0.76,172802,590,3356757,2348241,9323
1188,22,30,185,12498,6782,60,64747,0.27,0.76,172910,594,3358849,2351055,9330
1189,19,31,178,12510,6790,60,64747,0.28,0.76,173007,604,3363161,2355559,9341
1190,15,38,164,12525,6795,60,64747,0.27,0.76,173294,595,3371342,2358177,9347
1191,15,34,139,12542,6800,60,64747,0.26,0.76,173491,591,3388145,2362584,9355
1192,27,45,119,12560,6804,60,64747,0.25,0.76,173681,586,3394721,2365757,9361
1193,38,52,123,12578,6808,60,64747,0.26,0.76,173739,591,3404190,2371438,9366
1194,33,49,115,12595,6816,60,64787,0.26,0.76,173953,602,3418946,2376336,9377
1195,27,45,108,12613,6825,60,64787,0.27,0.77,174373,604,3429956,2380640,9388
1196,26,48,116,12631,6830,60,64787,0.27,0.77,174526,606,3442846,2387825,9393
1197,27,54,121,12648,6832,60,64787,0.28,0.77,175003,583,3454391,2391228,9395
1198,30,55,132,12666,6833,60,64855,0.28,0.77,175346,580,3468825,2398483,9396
1199,17,54,135,12683,6840,60,64936,0.28,0.77,175392,594,3483303,2403860,9406
1200,19,66,144,12701,6844,60,64936,0.28,0.77,175640,586,3502445,2407684,9410
1201,45,91,161,12719,6845,60,64936,0.28,0.77,175735,580,3522774,2411280,9411
1202,62,95,160,12736,6863,60,64946,0.28,0.77,175821,620,3535315,2422787,9436
1203,54,87,165,12754,6873,60,65025,0.27,0.77,176221,630,3545325,2430814,9447
1204,25,70,155,12772,6879,60,65074,0.27,0.78,176736,609,3552160,2434699,9456
1205,23,53,161,12789,6884,60,65074,0.27,0.78,177083,595,3565483,2437790,9464
1206,20,48,165,12807,6889,60,65098,0.27,0.78,177201,597,3578616,2441770,9470
1207,22,48,166,12825,6895,60,65098,0.27,0.78,177255,609,3592223,2447731,9478
1208,32,56,161,12842,6900,61,65098,0.27,0.78,178041,588,3603788,2452178,9485
1209,28,58,150,12860,6906,61,65098,0.27,0.78,178105,602,3630754,2458189,9494
1210,40,61,137,12878,6910,61,65098,0.27,0.78,178412,595,3645904,2462696,9498
1211,30,55,129,12895,6920,61,65098,0.26,0.78,178583,603,3657707,2471402,9512
1212,27,48,131,12913,6927,61,65098,0.26,0.78,178904,601,3666718,2476379,9521
1213,15,61,139,12931,6932,61,65098,0.26,0.79,179254,588,3676575,2479623,9529
1214,29,82,146,12948,6942,61,65098,0.26,0.79,179381,602,3684216,2485198,9541
1215,74,120,156,12966,6950,61,65098,0.25,0.79,179635,602,3696392,2489188,9553
1216,78,120,148,12984,6976,61,65188,0.25,0.79,179902,641,3704323,2507256,9583
1217,68,110,135,13001,7006,61,65256,0.25,0.79,180631,651,3716489,2529995,9624
1218,60,81,136,13020,7024,61,65490,0.26,0.79,181400,641,3722601,2549867,9649
1219,70,89,154,13042,7028,61,65556,0.26,0.79,182476,607,3733532,2552830,9654
1220,80,111,167,13059,7032,61,65556,0.25,0.79,183175,586,3741674,2555953,9660
1221,98,120,170,13077,7047,61,65608,0.26,0.79,183282,604,3747883,2566639,9682
1222,101,129,176,13095,7059,61,65827,0.26,0.80,183768,602,3762623,2578335,9696
1223,91,119,158,13112,7094,61,65875,0.26,0.80,184566,650,3773964,2598148,9741
1224,92,131,167,13132,7105,62,65900,0.25,0.80,185382,623,3784305,2607766,9761
1225,75,114,175,13150,7115,62,65953,0.25,0.80,185835,615,3798721,2617820,9775
1226,40,119,182,13167,7125,62,65953,0.25,0.80,186931,603,3809996,2626470,9792
1227,25,76,187,13183,7134,62,65953,0.24,0.80,187945,596,3817385,2633169,9805
1228,16,59,190,13200,7140,62,65953,0.24,0.80,188207,594,3826938,2637505,9817
1229,16,40,190,13207,7144,62,65953,0.24,0.80,188584,588,3830226,2640429,9822
1230,9,31,185,13217,7152,62,66041,0.24,0.80,188798,599,3837101,2646152,9834
1231,13,33,178,13235,7156,62,66041,0.24,0.81,189057,598,3848786,2650254,9841
1232,17,48,154,13253,7162,62,66066,0.24,0.81,189576,594,3860895,2655738,9851
1233,38,73,163,13270,7165,62,66081,0.24,0.81,189788,586,3873220,2659823,9855
1234,40,94,161,13288,7183,62,66131,0.24,0.81,189902,626,3889268,2670279,9884
1235,55,84,163,13306,7199,62,66153,0.24,0.81,190571,618,3912018,2679361,9909
1236,68,109,176,13327,7207,62,66227,0.24,0.81,191077,593,3923173,2685987,9921
1237,59,111,171,13347,7232,62,66234,0.24,0.81,191855,598,3939103,2709342,9964
1238,73,141,179,13365,7242,62,66234,0.24,0.81,192258,606,3957122,2725605,9979
1239,84,140,186,13381,7251,63,66272,0.24,0.81,193308,598,3970510,2738115,9994
1240,71,116,181,13392,7267,63,66377,0.24,0.82,194383,610,3981698,2757766,10019
1241,48,85,180,13405,7281,63,66699,0.24,0.82,195523,620,3987095,2781108,10040
1242,37,85,182,13423,7287,63,66758,0.24,0.82,196747,594,3996657,2784716,10048
1243,58,117,187,13440,7294,63,66758,0.24,0.82,197400,589,4005467,2788532,10059
1244,64,124,178,13450,7313,63,66824,0.24,0.82,197640,612,4014083,2798318,10088
1245,98,149,187,13466,7320,63,66871,0.24,0.82,198248,588,4028668,2804412,10100
1246,97,142,175,13477,7343,63,66871,0.24,0.82,198338,634,4036709,2822022,10142
1247,116,155,190,13496,7347,63,66922,0.24,0.82,199290,589,4052571,2827844,10147
1248,117,147,186,13500,7355,63,66981,0.23,0.82,199501,598,4053861,2836137,10161
1249,111,132,186,13509,7364,64,66981,0.23,0.83,199931,601,4057353,2842166,10177
1250,61,104,190,13520,7371,64,66981,0.23,0.83,200317,590,4064657,2846106,10189
1251,12,60,187,13529,7380,64,67004,0.23,0.83,200389,606,4069952,2851298,10206
1252,15,35,190,13541,7385,64,67004,0.23,0.83,200577,603,4084725,2854708,10214
1253,20,37,189,13553,7388,64,67004,0.23,0.83,200855,591,4100165,2858613,10219
1254,20,40,180,13566,7389,64,67004,0.23,0.83,200986,586,4113714,2862022,10220
1255,29,48,169,13584,7394,64,67145,0.22,0.83,201241,590,4125686,2866918,10227
1256,21,52,156,13602,7403,64,67168,0.22,0.83,201497,598,4146586,2873627,10247
1257,24,63,171,13620,7406,64,67168,0.22,0.83,201951,585,4161089,2875558,10257
1258,51,87,182,13638,7413,64,67168,0.72,0.83,202105,593,4185381,2881770,10273
1259,76,110,191,13652,7418,64,67271,0.72,0.84,202291,587,4194832,2888440,10285
1260,71,95,189,13655,7423,64,67359,0.72,0.84,202393,591,4196117,2902124,10295
1261,22,78,165,13669,7432,64,67442,0.21,0.84,202727,599,4207621,2907975,10317
1262,28,89,152,13688,7438,64,67442,0.21,0.84,203063,589,4224629,2911630,10335
1263,30,95,157,13706,7441,64,67442,0.20,0.84,203152,582,4242081,2916859,10345
1264,37,90,161,13723,7445,64,67442,0.20,0.84,203201,587,4260584,2922613,10357
1265,28,79,158,13741,7463,64,67478,0.19,0.84,203488,596,4273380,2938403,10421
1266,33,102,166,13758,7472,64,67478,0.19,0.84,203818,586,4296678,2946598,10451
1267,54,116,177,13776,7479,64,67503,0.19,0.84,203924,588,4310518,2953343,10473
1268,59,144,181,13793,7492,64,67558,0.19,0.84,204064,601,4335327,2961475,10519
1269,79,160,189,13808,7499,64,67682,0.19,0.84,204336,585,4346412,2967453,10541
1270,101,164,189,13818,7509,64,67739,0.20,0.84,204461,588,4354726,2979548,10575
1271,119,163,188,13829,7521,64,67778,0.20,0.84,204606,602,4359467,2994776,10611
1272,98,142,165,13840,7555,64,67833,0.20,0.85,205297,657,4373177,3033853,10710
1273,95,140,167,13858,7571,64,67833,0.20,0.85,206412,633,4394783,3047812,10764
1274,101,150,182,13881,7579,64,67858,0.71,0.85,207269,603,4424034,3060507,10786
1275,95,134,184,13897,7593,65,67858,0.71,0.85,207591,598,4442848,3069983,10820
1276,59,75,189,13910,7601,65,67858,0.71,0.85,207699,601,4453740,3073965,10848
1277,30,52,191,13918,7606,65,67858,0.21,0.85,207898,594,4461704,3082203,10858
1278,31,49,193,13928,7611,65,67858,0.21,0.85,208086,592,4469445,3085680,10872
1279,18,31,183,13934,7616,65,67858,0.21,0.85,208284,594,4474346,3091058,10892
1280,13,32,177,13946,7617,65,67858,0.20,0.85,208422,586,4491371,3093058,10894
1281,25,42,149,13964,7618,65,67858,0.20,0.85,208601,580,4510319,3094968,10896
1282,26,48,126,13981,7625,65,67858,0.19,0.85,208601,596,4527165,3103292,10918
1283,34,55,110,13999,7627,65,67895,0.19,0.85,208701,584,4544198,3104986,10924
1284,32,51,109,14016,7631,65,67895,0.19,0.85,208791,584,4561550,3107762,10938
1285,44,57,116,14034,7637,65,67895,0.18,0.85,208801,598,4572532,3113173,10958
1286,50,69,122,14051,7648,65,67909,0.18,0.86,208988,598,4584053,3120942,10984
1287,45,69,115,14069,7671,65,67933,0.72,0.86,209208,608,4609991,3138469,11024
1288,51,60,119,14086,7681,65,68018,0.72,0.86,209431,598,4620086,3148578,11036
1289,40,58,124,14104,7685,65,68055,0.17,0.86,209632,588,4630661,3154673,11042
1290,43,68,134,14121,7691,65,68102,0.17,0.86,209693,591,4653534,3160903,11052
1291,43,86,137,14139,7706,65,68102,0.18,0.86,209900,601,4669777,3170611,11075
1292,78,105,153,14160,7711,65,68102,0.18,0.86,210075,592,4684954,3175534,11094
1293,62,96,145,14178,7737,65,68170,0.18,0.86,210205,621,4701107,3195493,11127
1294,78,105,158,14196,7742,65,68291,0.18,0.86,210496,594,4716565,3205035,11134
1295,74,94,169,14214,7749,65,68386,0.17,0.86,210706,592,4733474,3214765,11146
1296,68,85,177,14233,7756,65,68386,0.19,0.86,210773,597,4751853,3221483,11156
1297,45,69,173,14251,7777,65,68467,0.20,0.86,210903,622,4764495,3236084,11191
1298,34,75,159,14270,7797,65,68467,0.20,0.86,211430,610,4793854,3250718,11222
1299,44,100,170,14288,7804,65,68535,0.20,0.87,211706,592,4810937,3256974,11235
1300,93,127,183,14307,7808,65,68600,0.20,0.87,211888,587,4835626,3263917,11240
1301,108,138,187,14325,7821,65,68668,0.20,0.87,212008,603,4858384,3277693,11259
1302,121,149,193,14335,7825,65,68792,0.20,0.87,212276,584,4871657,3290634,11266
1303,108,141,184,14340,7839,65,68959,0.20,0.87,212448,603,4878490,3308843,11289
1304,122,153,190,14354,7847,65,69101,0.20,0.87,212698,595,4886673,3328998,11300
1305,113,144,179,14362,7866,65,69378,0.20,0.87,213087,623,4894340,3363231,11328
1306,124,147,182,14379,7879,65,69709,0.20,0.87,213549,616,4911706,3381738,11347
1307,109,142,176,14399,7905,65,70025,0.20,0.87,214207,631,4940283,3411198,11392
1308,123,150,183,14416,7915,65,70473,0.20,0.87,214785,605,4953403,3422773,11410
1309,123,149,183,14432,7931,65,70711,0.20,0.87,215037,619,4968560,3442331,11434
1310,116,144,175,14445,7952,66,71067,0.20,0.87,215471,626,4974754,3472227,11469
1311,138,158,188,14463,7957,66,71543,0.19,0.87,215858,592,4990365,3479617,11478
1312,115,137,170,14477,7989,66,72016,0.72,0.88,215954,661,5009881,3516999,11514
1313,123,149,180,14495,7997,66,72675,0.72,0.88,216670,599,5027271,3536011,11524
1314,114,137,174,14513,8021,66,72847,0.72,0.88,217093,619,5044749,3556215,11552
1315,138,162,198,14556,8040,66,72940,0.72,0.88,217566,610,5087143,3573375,11577
1316,105,148,190,14567,8059,66,72954,0.19,0.88,217927,610,5091608,3589182,11597
1317,67,100,195,14577,8064,66,72995,0.19,0.88,218301,589,5108024,3595758,11605
1318,54,94,197,14580,8065,66,72995,0.18,0.88,218362,583,5110081,3598527,11606
1319,43,67,186,14590,8071,66,72995,0.17,0.88,218377,594,5123236,3607327,11617
1320,33,53,196,14604,8073,66,72995,0.16,0.88,218498,585,5134668,3617899,11621
1321,14,31,198,14613,8077,66,72995,0.16,0.88,218650,577,5144176,3622254,11627
1322,11,33,172,14622,8080,66,73009,0.15,0.88,218650,583,5154580,3625976,11631
1323,23,53,182,14639,8082,66,73009,0.15,0.88,218709,579,5170427,3628841,11645
1324,41,80,193,14655,8087,66,73034,0.15,0.88,218726,588,5202167,3634618,11654
1325,48,56,189,14662,8096,66,73059,0.15,0.89,218756,601,5210928,3641398,11666
1326,46,62,181,14680,8099,66,73059,0.16,0.89,218921,590,5224522,3645332,11671
1327,38,56,153,14698,8110,66,73118,0.15,0.89,218984,600,5245900,3655679,11689
1328,38,52,147,14715,8111,66,73118,0.15,0.89,219094,586,5265761,3657619,11691
1329,38,71,150,14733,8118,66,73118,0.15,0.89,219152,593,5282396,3665896,11702
1330,63,89,164,14750,8121,66,73118,0.15,0.89,219277,584,5304285,3669409,11707
1331,70,95,177,14768,8125,66,73214,0.15,0.89,219361,584,5318223,3677509,11714
1332,62,86,184,14793,8133,66,73228,0.15,0.89,219392,594,5338952,3687063,11729
1333,45,71,172,14811,8148,66,73285,0.15,0.89,219444,613,5353743,3699438,11751
1334,37,65,177,14829,8152,66,73285,0.15,0.89,219926,587,5380031,3703623,11757
1335,26,51,184,14847,8156,66,73285,0.15,0.89,220025,586,5391103,3706815,11763
1336,27,46,173,14865,8161,66,73285,0.15,0.89,220046,593,5406638,3711881,11769
1337,33,49,165,14882,8162,66,73285,0.14,0.89,220131,581,5422254,3715441,11771
1338,45,68,177,14900,8168,66,73313,0.14,0.90,220151,592,5443898,3728063,11780
1339,38,77,190,14917,8172,66,73370,0.14,0.90,220449,585,5466280,3739337,11786
1340,29,95,189,14930,8183,66,73398,0.14,0.90,220573,602,5483174,3748593,11804
1341,37,98,189,14943,8196,66,73398,0.14,0.90,220755,604,5493111,3756329,11826
1342,76,103,184,14955,8212,66,73426,0.14,0.90,221016,602,5504066,3773595,11850
1343,54,69,153,14975,8252,66,73559,0.14,0.90,221193,659,5521553,3799690,11912
1344,63,76,161,14998,8255,66,73573,0.15,0.90,221673,595,5542779,3805314,11916
1345,69,85,164,15016,8258,66,73670,0.16,0.90,221797,585,5571772,3808809,11919
1346,51,68,151,15033,8272,66,73670,0.16,0.90,221845,606,5590137,3820733,11942
1347,50,71,152,15051,8274,66,73670,0.16,0.90,222055,592,5616590,3823689,11945
1348,31,57,148,15068,8285,66,73670,0.14,0.90,222127,600,5646552,3834071,11965
1349,45,64,144,15086,8290,66,73988,0.14,0.90,222179,603,5668556,3847407,11975
1350,52,58,143,15104,8298,66,73988,0.16,0.90,222303,598,5699247,3858338,11987
1351,39,50,132,15121,8304,66,73988,0.16,0.91,222467,590,5716713,3865571,11998
1352,40,57,135,15139,8309,66,74008,0.16,0.91,222547,588,5741300,3870007,12006
1353,36,54,148,15156,8313,66,74037,0.15,0.91,222586,588,5752823,3875470,12013
1354,44,52,147,15174,8319,66,74092,0.15,0.91,222657,590,5769885,3881746,12025
1355,23,44,137,15192,8334,66,74092,0.14,0.91,222743,604,5786376,3890666,12048
1356,31,52,129,15209,8336,66,74092,0.14,0.91,222869,585,5808710,3893381,12051
1357,38,54,133,15227,8343,66,74135,0.13,0.91,222910,591,5823094,3900918,12061
1358,40,51,128,15244,8358,66,74150,0.14,0.91,222926,619,5846207,3910951,12085
1359,44,62,123,15262,8367,66,74150,0.14,0.91,223147,601,5882805,3920515,12097
1360,57,78,123,15279,8379,66,74179,0.14,0.91,223297,598,5902944,3931480,12117
1361,59,87,115,15297,8404,67,74251,0.14,0.91,223490,620,5937247,3961464,12157
1362,72,89,121,15315,8416,67,74280,0.14,0.91,223810,624,5953332,3975839,12179
1363,82,96,129,15332,8424,67,74418,0.14,0.91,224148,595,5978183,3985435,12190
1364,98,114,139,15350,8432,67,74501,0.14,0.92,224312,591,5994559,3996280,12204
1365,102,121,136,15369,8454,67,74634,0.14,0.92,224679,597,6010591,4020285,12239
1366,116,125,139,15387,8469,67,74755,0.14,0.92,224864,610,6027396,4057744,12266
1367,112,128,145,15405,8481,67,74888,0.14,0.92,225295,598,6060202,4081175,12286
1368,93,112,127,15422,8516,67,75109,0.14,0.92,225821,626,6082733,4125117,12338
1369,101,119,134,15440,8527,67,75278,0.14,0.92,226365,602,6108907,4137989,12357
1370,108,131,143,15458,8536,67,75517,0.14,0.92,226619,593,6133177,4151226,12374
1371,110,134,148,15475,8548,67,75727,0.14,0.92,226795,599,6148053,4169895,12392
1372,128,150,163,15493,8551,67,75984,0.14,0.92,226942,585,6163660,4180701,12395
1373,141,159,170,15510,8561,67,76249,0.14,0.92,226990,600,6174899,4203955,12409
1374,144,164,175,15530,8576,67,76506,0.14,0.92,227217,613,6204174,4225493,12435
1375,130,154,166,15548,8603,67,76865,0.14,0.92,227552,640,6230253,4250628,12479
1376,135,147,166,15565,8620,67,77212,0.14,0.92,228114,617,6238706,4270072,12503
1377,173,182,197,15605,8629,67,77311,0.14,0.93,228418,602,6262220,4288388,12518
1378,147,157,171,15615,8665,67,77445,0.14,0.93,228729,632,6277095,4323010,12573
1379,138,144,164,15635,8692,67,77784,0.12,0.93,229196,645,6302365,4360770,12613
1380,101,113,162,15653,8712,67,77813,0.12,0.93,229900,633,6330204,4383490,12649
1381,49,82,160,15670,8731,67,77874,0.12,0.93,230607,624,6343052,4403210,12681
1382,44,65,176,15688,8733,67,77874,0.11,0.93,230896,597,6371208,4407764,12684
1383,38,57,191,15706,8735,67,77874,0.12,0.93,231154,581,6399433,4415751,12687
1384,47,63,196,15722,8745,67,77913,0.12,0.93,231267,593,6413806,4426113,12702
1385,32,52,195,15735,8752,67,78003,0.12,0.93,231347,594,6424424,4435341,12713
1386,23,41,167,15749,8759,67,78003,0.56,0.93,231534,593,6432297,4440804,12722
1387,20,39,154,15767,8762,67,78003,0.11,0.93,231570,593,6462483,4444202,12726
1388,31,49,147,15785,8767,68,78003,0.11,0.93,231635,591,6498689,4449712,12732
1389,43,54,141,15802,8773,68,78003,0.12,0.93,231694,594,6529076,4456046,12741
1390,36,59,138,15820,8781,68,78003,0.12,0.94,231835,597,6557002,4466607,12754
1391,39,60,144,15838,8787,68,78003,0.13,0.94,232009,592,6578303,4472537,12762
1392,56,64,152,15855,8789,68,78003,0.12,0.94,232167,585,6597620,4476200,12766
1393,41,52,148,15873,8797,68,78061,0.11,0.94,232204,594,6636435,4484172,12780
1394,38,60,150,15891,8802,68,78123,0.11,0.94,232272,594,6658405,4496022,12789
1395,41,60,161,15908,8802,68,78198,0.12,0.94,232484,581,6691698,4503542,12789
1396,41,58,152,15926,8808,68,78255,0.12,0.94,232505,593,6711213,4511565,12800
1397,30,51,156,15943,8814,68,78314,0.13,0.94,232741,596,6738234,4519177,12812
1398,36,75,160,15961,8821,68,78314,0.12,0.94,232916,593,6771230,4527112,12823
1399,85,104,174,15979,8825,68,78372,0.12,0.94,233053,584,6808127,4540890,12830
1400,88,114,177,15996,8838,68,78372,0.12,0.94,233158,605,6839817,4556538,12848
1401,87,121,173,16014,8859,68,78448,0.12,0.94,233511,611,6855215,4582392,12881
1402,91,125,172,16032,8877,68,78532,0.12,0.94,233911,602,6882973,4603481,12913
1403,96,125,171,16049,8894,68,78727,0.12,0.95,234119,617,6922076,4625532,12938
1404,104,134,177,16067,8906,68,78850,0.12,0.95,234493,596,6943170,4639729,12959
1405,99,132,179,16085,8922,68,79052,0.12,0.95,234662,616,6971474,4685977,12983
1406,90,130,171,16102,8947,68,79527,0.12,0.95,235403,619,7004712,4730417,13026
1407,95,142,179,16120,8955,68,80035,0.12,0.95,235810,600,7045670,4755851,13037
1408,104,138,174,16138,8978,68,80444,0.12,0.95,236265,631,7081074,4784247,13075
1409,111,145,184,16155,8985,68,80986,0.12,0.95,236853,590,7101503,4796799,13084
1410,109,148,187,16173,8999,68,81174,0.12,0.95,237171,596,7142420,4832928,13104
1411,98,141,181,16191,9022,68,81469,0.12,0.95,237482,626,7166683,4868957,13141
1412,111,153,188,16208,9031,68,81932,0.12,0.95,238123,594,7184497,4905673,13156
1413,108,153,191,16226,9046,68,82173,0.12,0.95,238656,595,7217003,4940056,13183
1414,107,135,189,16255,9077,68,82467,0.11,0.95,238886,643,7235928,4994775,13237
1415,84,126,195,16272,9088,68,82496,0.11,0.95,239690,606,7256639,5006011,13253
1416,58,98,200,16286,9097,69,82618,0.10,0.96,240038,595,7272267,5018685,13266
1417,34,73,201,16293,9103,69,82657,0.09,0.96,240134,599,7284366,5026629,13276
1418,28,57,203,16305,9108,69,82720,0.10,0.96,240250,595,7298892,5040022,13286
1419,33,56,201,16327,9118,69,82811,0.12,0.96,240462,599,7324133,5050839,13304
1420,34,55,197,16345,9124,69,82824,0.10,0.96,240687,593,7342827,5059352,13315
1421,45,64,188,16362,9126,69,82824,0.10,0.96,240831,588,7361465,5067734,13318
1422,41,59,165,16381,9133,69,82824,0.09,0.96,240868,596,7383894,5082160,13330
1423,27,57,141,16399,9150,69,82893,0.54,0.96,240992,608,7409394,5100156,13347
1424,22,54,134,16416,9158,69,82906,0.54,0.96,241189,602,7439322,5114663,13358
1425,25,45,129,16434,9170,69,82950,0.11,0.96,241337,610,7454443,5133902,13374
1426,38,58,119,16452,9172,69,82950,0.11,0.96,241701,581,7469308,5143936,13378
1427,41,59,117,16470,9181,69,82950,0.10,0.96,241724,596,7492579,5154968,13392
1428,36,63,129,16487,9184,69,82950,0.10,0.97,241826,584,7530350,5159337,13397
1429,39,61,126,16505,9194,69,82950,0.10,0.97,241842,605,7549140,5171557,13414
1430,44,72,135,16523,9194,69,82950,0.09,0.97,242005,589,7590986,5176159,13414
1431,44,90,141,16540,9203,69,82950,0.10,0.97,242181,591,7619545,5186283,13429
1432,43,92,132,16558,9229,69,82950,0.10,0.97,242394,614,7654489,5215828,13472
1433,60,96,128,16576,9251,69,83020,0.09,0.97,242682,622,7689037,5240214,13510
1434,38,83,131,16593,9265,69,83292,0.10,0.97,242952,620,7715787,5263839,13533
1435,33,92,131,16611,9279,69,83321,0.09,0.97,243303,610,7738485,5293199,13554
1436,51,97,134,16629,9293,69,83346,0.09,0.97,243663,609,7760424,5313369,13580
1437,65,104,133,16647,9312,69,83346,0.10,0.97,243991,617,7785606,5330461,13611
1438,86,119,143,16664,9319,69,83376,0.10,0.97,244276,594,7814280,5344468,13623
1439,74,97,130,16684,9352,69,83466,0.10,0.97,244536,637,7854481,5384768,13676
1440,74,116,152,16708,9354,69,83466,0.10,0.97,244892,593,7878344,5390146,13678
1441,93,127,158,16725,9365,69,83479,0.10,0.98,245056,596,7897272,5407824,13694
1442,103,139,165,16743,9376,69,83506,0.10,0.98,245334,597,7919618,5423733,13712
1443,125,155,178,16761,9381,69,83597,0.10,0.98,245534,589,7939993,5437447,13722
1444,141,171,191,16779,9386,69,83703,0.10,0.98,245721,584,7984568,5444736,13729
1445,103,161,184,16796,9410,69,83716,0.10,0.98,245795,627,8014988,5494881,13767
1446,111,166,189,16818,9427,69,83716,0.10,0.98,246306,610,8036963,5516543,13792
1447,77,144,196,16838,9440,69,83996,0.10,0.98,246801,606,8057532,5540370,13813
1448,46,98,204,16851,9445,69,84056,0.09,0.98,247075,595,8069538,5557612,13821
1449,29,61,200,16860,9456,69,84086,0.09,0.98,247232,610,8078627,5569752,13840
1450,30,93,197,16878,9462,69,84086,0.09,0.98,247678,592,8120255,5576459,13851
1451,55,106,198,16891,9474,69,84181,0.08,0.98,247818,602,8150031,5587125,13871
1452,68,123,197,16903,9487,69,84237,0.08,0.98,248009,597,8167331,5608630,13908
1453,60,130,202,16921,9500,69,84297,0.72,0.98,248388,582,8189253,5622324,13933
1454,72,141,202,16933,9512,69,84387,0.72,0.99,248441,594,8198925,5638499,13946
1455,81,145,199,16944,9526,70,84564,0.72,0.99,248679,589,8224314,5660987,13964
1456,50,102,197,16955,9537,70,84816,0.72,0.99,248805,600,8239636,5679747,13976
1457,30,69,194,16973,9544,70,84832,0.07,0.99,248864,610,8261582,5712420,13986
1458,21,53,195,16991,9552,70,84862,0.07,0.99,249171,601,8290551,5723037,13999
1459,26,56,203,17010,9557,70,84862,0.07,0.99,249416,588,8313003,5730896,14007
1460,33,73,207,17020,9562,70,84862,0.07,0.99,249519,582,8317754,5737321,14024
1461,37,78,202,17028,9575,70,84876,0.07,0.99,249651,599,8325617,5755051,14046
1462,26,84,197,17039,9590,70,84949,0.07,0.99,249809,619,8343242,5769274,14071
1463,40,95,202,17055,9593,70,84949,0.06,0.99,250189,586,8365210,5772901,14075
1464,45,82,194,17066,9598,70,84999,0.08,1.00,250266,592,8395941,5778734,14082
1465,23,58,186,17084,9606,70,85026,0.08,1.00,250309,611,8418854,5789760,14093
1466,19,52,168,17102,9610,70,85026,0.07,1.00,250527,605,8438400,5797066,14100
1467,14,41,168,17120,9618,70,85026,0.06,1.00,251167,601,8474988,5804759,14112
1468,28,64,183,17138,9618,70,85026,0.06,1.00,251486,576,8516573,5810311,14112
1469,46,91,194,17156,9625,70,85026,0.06,1.00,251504,595,8528730,5819591,14120
1470,79,117,206,17172,9629,70,85119,0.06,1.00,252065,584,8563109,5832182,14126
1471,78,115,195,17183,9651,70,85363,0.06,1.00,252506,617,8572634,5856432,14162
1472,84,122,197,17201,9667,70,85529,0.06,1.00,253493,595,8596650,5878603,14183
1473,88,131,205,17216,9674,70,85613,0.06,1.00,253705,595,8617496,5905391,14194
1474,76,121,205,17227,9685,70,85712,0.06,1.00,253821,617,8633125,5925682,14215
1475,82,112,207,17234,9690,70,85740,0.07,1.00,254772,592,8637231,5936470,14224
1476,57,66,209,17238,9692,70,85740,0.07,1.00,254902,592,8642186,5940532,14228
1477,18,32,209,17240,9692,70,85740,0.07,1.00,255318,574,8645170,5942506,14228
1478,8,23,202,17240,9692,70,85740,0.07,1.00,255318,574,8645170,5942506,14228
1479,15,50,209,17247,9692,70,85740,0.07,1.00,255318,574,8654600,5943180,14228
1480,25,57,208,17247,9693,70,85740,0.07,1.00,255318,577,8654600,5946724,14230
1481,9,23,206,17250,9698,70,85740,0.07,1.00,255383,583,8657914,5950474,14236
1482,15,22,209,17263,9698,70,85740,0.07,1.00,255383,583,8672655,5954041,14236
1483,17,24,168,17281,9706,70,85752,0.06,1.00,255535,593,8716220,5965562,14248
1484,24,35,127,17299,9707,70,85813,0.05,1.00,255720,584,8754577,5970212,14249
1485,29,52,125,17317,9708,70,85813,0.05,1.00,255917,577,8790257,5976387,14250
1486,33,49,117,17335,9712,70,86015,0.05,1.00,255939,586,8820262,5986021,14255
1487,32,53,114,17353,9719,70,86033,0.05,1.00,256044,603,8836330,6001292,14266
1488,39,71,118,17371,9721,70,86033,0.05,1.00,256798,580,8858061,6006922,14270
1489,44,80,124,17389,9733,70,86033,0.06,1.00,257129,595,8887029,6022719,14287
1490,43,87,126,17407,9749,71,86083,0.06,1.00,257305,625,8921821,6039222,14316
1491,66,114,148,17431,9751,71,86132,0.72,1.00,257887,580,8941985,6045835,14324
1492,80,124,148,17450,9770,71,86161,0.72,1.00,258225,606,8961985,6071847,14348
1493,72,118,143,17468,9793,71,86307,0.72,1.00,258930,622,8998260,6097044,14376
1494,86,132,155,17486,9799,71,86329,0.72,1.00,259554,591,9022881,6109369,14383
1495,80,131,162,17506,9811,71,86415,0.72,1.00,260043,606,9048284,6124773,14395
1496,57,101,163,17524,9824,71,86415,0.06,1.00,260622,611,9073762,6149232,14414
1497,33,70,160,17542,9844,71,86514,0.07,1.00,261188,642,9097431,6186786,14445
1498,33,58,174,17560,9845,71,86514,0.07,1.00,262307,602,9132822,6191661,14447
1499,31,58,182,17578,9851,71,86536,0.07,1.00,262602,592,9157608,6198623,14455
