t,visible,near600,alive,spawned,killed,level,hit_damage,memory,erasure_global,xp_gained,xp_orbs,spawned_hp,damage_dealt,essence_gained
1,0,0,0,0,0,1,0,0.99,0.00,0,0,0,0,0
2,0,0,0,0,0,1,0,0.98,0.00,0,0,0,0,0
3,0,0,0,0,0,1,0,0.98,0.00,0,0,0,0,0
4,0,0,0,0,0,1,0,0.98,0.00,0,0,0,0,0
5,0,0,0,0,0,1,0,0.98,0.00,0,0,0,0,0
6,0,0,0,0,0,1,0,0.98,0.00,0,0,0,0,0
7,0,0,0,0,0,1,0,0.97,0.00,0,0,0,0,0
8,0,0,0,0,0,1,0,0.96,0.00,0,0,0,0,0
9,3,4,5,5,0,1,0,0.95,0.00,0,0,159,0,0
10,3,5,6,6,0,1,17,0.94,0.00,0,0,250,10,0
11,5,5,6,6,0,1,17,0.93,0.00,0,0,250,19,0
12,4,6,7,7,0,1,17,0.92,0.01,0,0,432,38,0
13,2,6,7,7,0,1,17,0.92,0.01,0,0,432,48,0
14,2,4,7,7,0,1,17,0.91,0.01,0,0,432,48,0
15,1,3,10,10,0,1,17,0.91,0.01,0,0,570,48,0
16,5,5,12,13,0,1,17,0.91,0.01,0,0,669,48,0
17,4,5,12,13,0,1,39,0.91,0.01,0,0,669,67,0
18,4,6,12,13,0,1,39,0.90,0.01,0,0,669,77,0
19,5,7,13,14,0,1,39,0.90,0.01,0,0,707,96,0
20,6,6,13,15,1,1,39,0.90,0.01,0,2,799,115,1
21,5,6,13,15,1,1,39,0.90,0.01,16,0,799,125,1
22,3,4,16,19,1,1,39,0.90,0.01,16,0,1039,134,1
23,7,7,15,22,1,1,39,0.91,0.01,16,0,1122,134,1
24,3,3,14,22,1,1,39,0.91,0.01,16,0,1122,144,1
25,7,8,19,27,1,1,39,0.90,0.01,16,0,1548,163,1
26,4,9,19,28,2,1,39,0.90,0.01,16,1,1640,173,2
27,6,13,19,28,2,1,39,0.90,0.01,16,1,1640,182,2
28,8,15,19,28,2,1,39,0.90,0.01,16,1,1640,182,2
29,9,15,19,29,3,1,39,0.90,0.01,16,2,1733,202,3
30,10,15,19,29,3,1,55,0.90,0.01,24,1,1733,211,3
31,13,15,18,29,4,1,72,0.90,0.01,33,1,1733,230,4
32,13,16,19,30,4,1,110,0.90,0.01,33,1,1826,240,4
33,12,15,18,30,5,1,143,0.90,0.01,33,2,1826,259,5
34,13,15,18,30,5,2,171,0.90,0.02,41,1,1826,269,5
35,13,15,18,31,6,2,207,0.90,0.02,50,1,1920,350,6
36,10,12,15,31,9,2,214,0.90,0.02,77,1,1920,461,9
37,8,11,13,31,11,2,214,0.90,0.02,77,5,1920,514,11
38,8,11,13,32,12,2,214,0.90,0.02,103,3,2014,538,12
39,7,12,12,32,13,2,225,0.89,0.02,119,3,2014,562,13
40,8,12,12,32,13,2,225,0.89,0.02,119,3,2014,562,13
41,1,7,13,33,13,2,225,0.90,0.02,119,3,2108,562,13
42,1,7,18,38,13,2,225,0.91,0.02,119,3,2537,562,13
43,2,9,24,44,13,2,255,0.91,0.02,119,3,2903,610,13
44,8,12,28,48,13,2,255,0.91,0.02,119,3,3281,619,13
45,6,8,27,48,13,2,255,0.91,0.02,119,3,3281,658,13
46,2,7,26,52,13,2,255,0.91,0.02,119,3,3375,667,13
47,6,11,27,58,13,2,255,0.91,0.02,119,3,3541,667,13
48,9,10,27,58,13,2,255,0.90,0.02,119,3,3541,667,13
49,9,10,26,58,13,2,277,0.90,0.02,119,3,3541,802,13
50,9,14,25,62,18,3,331,0.90,0.02,127,8,3656,898,18
51,7,14,25,64,20,3,331,0.90,0.02,169,5,3713,930,20
52,12,15,23,66,21,3,331,0.90,0.02,186,5,3761,940,21
53,7,14,22,66,21,3,331,0.89,0.02,186,5,3761,949,21
54,8,9,24,69,21,3,331,0.88,0.02,186,5,3856,959,21
55,5,12,24,72,21,3,331,0.89,0.02,186,5,4000,959,21
56,9,17,23,72,21,3,331,0.89,0.03,261,5,4000,959,21
57,13,19,24,73,21,3,331,0.89,0.03,261,5,4029,959,21
58,12,18,23,73,21,3,331,0.88,0.03,261,5,4029,978,21
59,0,10,21,73,22,3,337,0.88,0.03,261,6,4029,1010,22
60,5,11,29,81,22,3,337,0.88,0.03,269,5,4341,1010,22
61,8,17,36,88,22,3,337,0.88,0.03,269,5,4539,1010,22
62,8,19,38,90,22,3,337,0.88,0.03,269,5,4597,1010,22
63,15,19,37,90,22,4,337,0.88,0.03,311,5,4597,1044,32
64,18,23,35,91,24,4,358,0.88,0.03,311,7,4626,1160,34
65,11,16,33,91,26,4,369,0.88,0.03,329,8,4626,1282,36
66,5,14,34,95,27,4,375,0.88,0.03,337,8,4742,1306,37
67,5,15,40,102,28,4,375,0.88,0.03,346,8,5159,1416,38
68,3,11,36,107,30,4,375,0.89,0.03,346,10,5572,1435,40
69,7,15,47,119,30,4,375,0.88,0.03,346,10,6024,1435,40
70,6,15,48,124,33,4,391,0.88,0.03,346,13,6331,1589,43
71,12,17,53,131,34,4,391,0.88,0.03,346,15,6672,1616,44
72,12,16,58,138,34,4,391,0.88,0.03,355,14,7189,1666,44
73,10,21,54,142,34,4,391,0.88,0.03,355,14,7971,1675,44
74,10,22,46,143,34,4,391,0.88,0.03,355,14,7995,1685,44
75,11,23,46,144,35,4,398,0.88,0.03,355,15,8019,1727,57
76,12,25,41,144,40,4,432,0.88,0.03,381,17,8019,1892,62
77,16,31,41,145,41,4,453,0.87,0.03,415,14,8044,1925,63
78,23,33,40,145,42,4,453,0.87,0.04,415,15,8044,1934,64
79,22,32,39,146,44,4,453,0.87,0.04,424,16,8069,2030,66
80,24,31,38,146,45,4,453,0.88,0.04,424,17,8069,2078,67
81,24,29,36,147,48,4,464,0.88,0.04,424,20,8093,2209,70
82,19,25,31,147,53,5,497,0.88,0.04,492,17,8093,2272,75
83,22,27,32,148,53,5,497,0.88,0.04,518,14,8192,2330,75
84,24,28,32,148,53,5,540,0.87,0.04,518,14,8192,2340,75
85,27,28,32,149,54,5,604,0.87,0.04,526,15,8390,2359,76
86,26,29,31,149,55,5,604,0.88,0.04,534,16,8390,2494,77
87,18,27,30,150,57,5,604,0.88,0.04,559,17,8588,2546,79
88,21,27,31,151,57,5,604,0.88,0.04,601,12,8787,2570,79
89,24,27,31,151,57,5,637,0.88,0.04,617,10,8787,2590,79
90,29,33,38,158,57,5,701,0.88,0.04,617,10,9166,2671,79
91,27,28,33,158,62,6,757,0.88,0.04,774,16,9166,2798,89
92,22,28,34,159,62,6,782,0.88,0.04,882,10,9195,2840,89
93,8,16,34,159,62,6,782,0.88,0.04,882,10,9195,2884,89
94,7,18,48,174,62,6,782,0.89,0.04,882,10,9947,2903,89
95,10,23,54,183,62,6,782,0.89,0.04,882,10,10708,2922,89
96,14,24,54,184,63,6,782,0.89,0.04,882,11,10738,2961,90
97,17,27,53,184,64,6,793,0.89,0.04,882,12,10738,2999,91
98,18,25,51,185,67,6,826,0.89,0.04,908,12,10768,3161,94
99,19,24,50,186,69,6,869,0.89,0.04,926,12,10799,3273,96
100,17,33,48,186,71,6,913,0.89,0.05,935,13,10799,3364,98
101,28,36,49,187,71,6,935,0.89,0.05,961,10,10829,3417,98
102,29,34,47,187,73,6,989,0.89,0.05,961,14,10829,3484,103
103,32,33,46,188,75,7,1044,0.89,0.05,1004,12,10859,3524,105
104,33,34,46,188,75,7,1044,0.89,0.05,1022,10,10859,3586,105
105,32,34,46,189,76,7,1055,0.89,0.05,1022,11,10889,3626,106
106,33,34,46,189,76,7,1055,0.89,0.05,1030,10,10889,3675,106
107,32,35,46,190,77,7,1120,0.89,0.05,1030,11,10920,3750,107
108,32,35,46,191,78,7,1163,0.89,0.05,1039,11,10950,3774,108
109,34,35,46,191,78,7,1261,0.89,0.05,1048,10,10950,3930,108
110,31,34,46,192,79,7,1261,0.88,0.05,1074,8,11052,4052,109
111,0,35,46,192,79,7,1261,0.88,0.05,1090,6,11052,4052,109
112,0,11,47,193,79,7,1261,0.87,0.05,1099,5,11154,4052,109
113,7,15,59,207,79,7,1261,0.87,0.05,1099,5,11955,4052,109
114,17,26,70,223,80,7,1267,0.86,0.05,1099,6,12794,4126,110
115,20,27,68,227,81,7,1289,0.86,0.05,1108,6,13060,4239,111
116,15,24,63,230,82,7,1294,0.86,0.05,1108,7,13367,4302,112
117,14,26,47,237,82,7,1294,0.86,0.05,1124,5,14009,4337,112
118,9,20,47,242,82,7,1294,0.86,0.05,1124,5,14245,4366,112
119,9,25,56,252,82,7,1294,0.86,0.05,1124,5,14677,4463,112
120,5,19,57,257,83,7,1294,0.87,0.05,1124,6,14909,4530,113
121,5,25,64,274,84,7,1294,0.87,0.06,1124,8,16492,4575,114
122,13,21,65,283,86,7,1305,0.87,0.06,1133,10,17581,4729,116
123,18,27,66,285,87,7,1305,0.87,0.06,1158,9,17994,4840,117
124,18,29,65,285,88,7,1317,0.87,0.06,1174,8,17994,4860,118
125,15,27,61,286,91,7,1317,0.88,0.06,1192,9,18202,4968,121
126,15,30,60,286,91,7,1317,0.88,0.06,1210,7,18202,4998,121
127,15,38,60,287,92,7,1317,0.88,0.06,1210,8,18253,5052,122
128,19,41,59,288,94,7,1317,0.88,0.06,1219,9,18305,5146,124
129,23,42,59,288,94,7,1339,0.88,0.06,1236,7,18305,5245,124
130,24,43,59,289,95,7,1339,0.88,0.06,1245,7,18514,5395,125
131,26,40,53,289,101,7,1368,0.88,0.06,1245,13,18514,5578,131
132,29,38,51,290,104,7,1390,0.88,0.06,1298,11,18723,5747,134
133,27,37,50,290,105,8,1412,0.88,0.06,1327,8,18723,5856,135
134,25,35,48,291,108,8,1412,0.88,0.06,1336,11,18932,6062,138
135,23,31,44,291,112,8,1434,0.88,0.06,1356,16,18932,6211,142
136,23,32,45,292,112,8,1456,0.88,0.06,1409,7,19141,6355,142
137,24,33,46,293,112,8,1478,0.88,0.06,1409,7,19352,6365,142
138,25,32,45,294,114,8,1489,0.88,0.06,1420,9,19383,6499,144
139,24,31,46,298,117,8,1523,0.87,0.06,1443,11,19678,6605,147
140,27,32,46,298,117,8,1630,0.86,0.06,1465,7,19678,6806,147
141,21,31,45,299,119,8,1630,0.86,0.06,1465,12,19783,7211,149
142,12,22,47,301,119,8,1630,0.85,0.06,1481,10,19994,7241,149
143,7,26,53,307,119,8,1652,0.86,0.07,1481,10,20264,7298,149
144,12,29,57,311,119,8,1652,0.86,0.07,1481,10,20687,7442,149
145,16,31,58,312,119,8,1652,0.86,0.07,1481,10,20719,7529,149
146,15,31,59,313,119,8,1652,0.87,0.07,1481,10,20825,7538,149
147,17,28,59,313,119,8,1652,0.87,0.07,1481,10,20825,7567,149
148,7,24,60,314,119,8,1652,0.87,0.07,1481,10,20878,7567,149
149,5,24,66,320,119,8,1652,0.85,0.07,1481,10,21357,7567,149
150,11,25,73,327,119,8,1652,0.85,0.07,1481,10,21890,7577,149
151,15,28,80,338,119,8,1652,0.85,0.07,1481,10,22300,7610,149
152,19,30,81,339,119,8,1663,0.85,0.07,1481,10,22332,7650,149
153,21,40,82,340,119,8,1674,0.86,0.07,1481,10,22365,7741,149
154,17,43,81,340,120,8,1674,0.86,0.07,1481,12,22365,7875,150
155,18,45,82,341,120,8,1686,0.86,0.07,1481,12,22397,7904,150
156,15,46,82,341,120,8,1697,0.86,0.07,1481,12,22397,7951,150
157,14,36,82,342,121,8,1697,0.87,0.07,1481,14,22429,7961,151
158,2,5,81,342,121,8,1697,0.87,0.07,1498,12,22429,7961,151
159,2,12,92,356,121,8,1697,0.87,0.07,1498,12,23198,7961,151
160,5,23,101,372,121,8,1697,0.87,0.07,1498,12,23980,7961,151
161,17,26,103,384,121,8,1730,0.87,0.07,1498,12,24837,8051,151
162,18,32,99,395,123,8,1730,0.86,0.07,1498,14,26101,8113,153
163,24,42,96,416,123,8,1730,0.86,0.07,1507,13,27149,8123,153
164,22,51,86,417,124,8,1730,0.85,0.08,1507,14,27366,8247,154
165,34,40,80,417,126,8,1730,0.84,0.08,1507,16,27366,8332,156
166,23,35,73,418,133,8,1730,0.84,0.08,1507,30,27583,8675,163
167,27,40,62,418,144,8,1754,0.84,0.08,1534,44,27583,9090,174
168,33,45,57,419,150,8,1783,0.86,0.08,1691,29,27800,9402,180
169,28,48,58,420,150,8,1811,0.86,0.08,1714,26,28018,9452,180
170,17,36,58,420,150,9,1920,0.86,0.08,1723,25,28018,9615,180
171,2,28,58,421,151,9,1926,0.86,0.08,1723,27,28127,9653,181
172,7,16,66,429,151,9,1926,0.86,0.08,1737,25,28848,9653,181
173,18,28,83,446,151,9,1926,0.86,0.08,1737,25,29941,9745,181
174,25,33,88,453,152,9,1926,0.86,0.08,1737,27,30279,9863,182
175,21,32,84,455,153,9,1926,0.85,0.08,1750,27,30339,9935,183
176,17,31,69,459,153,9,1926,0.86,0.08,1767,25,30613,9989,183
177,12,32,68,470,153,9,1926,0.86,0.08,1767,25,31044,9998,183
178,12,25,60,476,156,9,1934,0.86,0.08,1767,31,31318,10178,190
179,11,35,66,484,158,9,1934,0.86,0.08,1831,29,31810,10254,207
180,19,41,67,485,158,9,1968,0.86,0.08,1865,25,31843,10307,207
181,21,42,66,485,159,9,1968,0.86,0.08,1865,27,31843,10355,208
182,16,38,65,486,161,9,1975,0.86,0.08,1865,31,31871,10496,210
183,13,35,63,486,162,9,1975,0.86,0.08,1877,31,31871,10670,211
184,9,30,62,487,162,9,1987,0.85,0.09,1894,29,31981,10670,211
185,13,25,67,498,162,9,1987,0.85,0.09,1894,29,32833,10670,211
186,17,27,75,513,162,9,1987,0.84,0.09,1894,29,33815,10670,211
187,21,31,87,526,162,9,1987,0.83,0.09,1894,29,35000,10785,211
188,26,37,90,530,163,9,1987,0.83,0.09,1894,31,35311,10886,222
189,30,43,89,532,166,9,2023,0.83,0.09,1905,34,35391,10961,225
190,38,45,89,532,166,9,2083,0.83,0.09,1937,29,35391,10971,225
191,34,39,86,533,168,9,2117,0.83,0.09,1946,32,35424,11065,227
192,30,40,80,535,168,9,2117,0.83,0.09,1963,30,35514,11161,227
193,35,41,79,535,169,9,2117,0.83,0.09,1972,31,35514,11209,228
194,37,43,77,536,172,9,2141,0.83,0.09,1995,31,35626,11327,231
195,41,57,76,536,173,9,2224,0.83,0.09,2004,32,35626,11647,232
196,32,55,77,537,173,9,2237,0.84,0.09,2030,29,35738,11855,232
197,17,45,77,537,173,9,2262,0.85,0.09,2030,29,35738,11875,232
198,11,27,78,538,173,9,2262,0.82,0.09,2030,29,35850,11875,232
199,3,18,89,549,173,9,2262,0.83,0.09,2030,29,36346,11875,232
200,20,25,104,565,173,9,2262,0.83,0.09,2030,29,37107,11899,232
201,23,35,116,581,175,9,2262,0.83,0.09,2030,31,37697,12169,234
202,24,37,109,582,179,9,2274,0.83,0.09,2049,34,37744,12405,265
203,29,46,107,583,182,9,2332,0.83,0.09,2085,33,37791,12434,268
204,19,28,101,583,188,9,2362,0.84,0.09,2085,42,37791,12594,274
205,16,31,96,596,191,9,2399,0.84,0.10,2112,44,38787,12703,277
206,15,37,90,607,191,9,2399,0.84,0.10,2129,42,39612,12804,277
207,7,23,80,617,194,9,2399,0.85,0.10,2129,45,40265,12857,280
208,13,38,84,629,194,9,2399,0.85,0.10,2129,45,40907,12881,280
209,25,42,84,629,194,9,2399,0.85,0.10,2129,45,40907,12915,280
210,37,65,81,630,197,9,2411,0.84,0.10,2129,49,40942,13121,283
211,58,62,76,630,202,9,2461,0.84,0.10,2175,49,40942,13455,288
212,60,62,71,631,208,9,2510,0.84,0.10,2184,55,40976,13921,294
213,39,55,66,632,214,10,2533,0.84,0.10,2194,66,41010,14060,300
214,6,37,66,632,214,10,2533,0.85,0.10,2202,65,41010,14079,300
215,0,25,72,638,214,10,2533,0.85,0.10,2202,65,41568,14079,300
216,8,25,84,650,214,10,2533,0.85,0.10,2202,65,42136,14118,300
217,20,26,99,667,215,10,2533,0.85,0.10,2219,65,43509,14160,301
218,29,35,106,679,215,10,2557,0.84,0.10,2219,65,44341,14261,301
219,29,42,100,690,218,10,2602,0.84,0.10,2219,68,44773,14500,304
220,12,36,88,695,223,10,2602,0.84,0.10,2247,75,44988,14774,309
221,9,33,82,707,223,10,2602,0.84,0.10,2299,69,45783,14798,309
222,14,27,88,719,223,10,2602,0.84,0.10,2299,69,47119,14855,309
223,18,33,98,735,223,10,2602,0.84,0.10,2299,69,48660,14924,309
224,22,40,103,740,223,10,2602,0.84,0.10,2299,69,49325,14953,309
225,25,52,104,741,223,10,2602,0.84,0.11,2299,69,49480,14963,316
226,36,57,103,741,223,10,2602,0.84,0.11,2299,69,49480,14982,316
227,43,58,104,742,223,10,2679,0.84,0.11,2299,69,49538,15258,316
228,42,52,101,742,226,10,2679,0.84,0.11,2322,72,49538,15359,319
229,43,61,102,743,226,10,2679,0.84,0.11,2341,70,49567,15388,319
230,41,59,100,743,228,10,2692,0.84,0.11,2350,72,49567,15585,321
231,46,50,97,744,232,10,2692,0.83,0.11,2359,79,49596,15900,325
232,22,31,91,745,232,10,2705,0.83,0.11,2359,79,49626,15947,325
233,14,31,82,748,232,10,2705,0.82,0.11,2359,79,49889,15947,325
234,7,20,87,765,232,10,2705,0.82,0.11,2359,79,50966,15947,325
235,16,31,100,781,232,10,2705,0.81,0.11,2359,79,52032,15982,325
236,23,43,105,787,233,10,2705,0.81,0.11,2359,80,52333,16098,335
237,24,47,102,787,236,10,2705,0.81,0.11,2368,82,52333,16199,338
238,12,37,99,788,239,10,2718,0.81,0.11,2406,81,52368,16347,341
239,4,30,104,797,241,10,2744,0.81,0.11,2416,83,52780,16434,343
240,17,43,121,820,241,10,2744,0.82,0.11,2425,82,54017,16444,343
241,28,52,113,830,244,10,2750,0.82,0.11,2425,85,54356,16625,346
242,42,64,124,843,246,10,2750,0.82,0.11,2453,85,55023,16830,348
243,53,69,125,845,247,10,2750,0.82,0.11,2474,85,55125,16949,349
244,29,54,110,850,255,10,2765,0.83,0.12,2512,98,55295,17184,357
245,29,44,114,866,256,10,2765,0.83,0.12,2556,93,56399,17258,358
246,20,44,119,879,258,10,2765,0.83,0.12,2556,98,57461,17300,360
247,21,49,123,886,259,10,2798,0.83,0.12,2568,98,57788,17448,361
248,24,52,115,890,261,10,2798,0.83,0.12,2580,101,57881,17598,363
249,29,47,114,903,268,10,2814,0.83,0.12,2700,106,58245,17757,370
250,19,49,109,918,273,11,2831,0.83,0.12,2758,106,58859,17922,375
251,17,45,117,935,275,11,2831,0.82,0.12,2805,103,59716,17997,377
252,15,40,113,945,276,11,2831,0.82,0.12,2813,105,60397,18255,378
253,17,65,121,959,282,11,2831,0.82,0.12,2837,120,60847,18405,384
254,36,76,123,963,284,11,2844,0.82,0.12,3026,107,61092,18497,386
255,54,79,119,964,289,11,2897,0.82,0.12,3038,117,61134,18741,391
256,58,73,118,965,291,11,2897,0.81,0.12,3049,119,61177,18801,393
257,64,72,126,973,291,11,2927,0.80,0.13,3071,116,61734,18811,393
258,34,50,127,974,291,11,2956,0.81,0.13,3071,116,61758,18840,393
259,10,26,127,978,291,11,2956,0.81,0.13,3071,116,61852,18840,393
260,16,43,119,991,291,11,2956,0.81,0.13,3071,116,62799,18921,393
261,40,77,125,1000,293,11,2956,0.81,0.13,3071,121,63157,19022,411
262,77,84,124,1001,295,11,2956,0.81,0.13,3107,121,63210,19175,413
263,66,74,124,1002,296,11,2956,0.81,0.13,3143,119,63262,19255,414
264,42,54,127,1009,296,11,2986,0.82,0.13,3143,119,63624,19454,414
265,38,52,123,1024,301,11,3016,0.82,0.13,3143,124,64188,19703,419
266,31,53,128,1033,301,11,3016,0.81,0.13,3153,122,64718,19732,419
267,13,40,128,1038,302,11,3016,0.80,0.13,3158,123,64898,19794,420
268,8,27,127,1045,303,11,3031,0.80,0.13,3158,126,65194,19858,421
269,5,19,127,1048,304,11,3031,0.80,0.13,3158,129,65458,19877,422
270,8,17,128,1055,304,11,3031,0.80,0.14,3158,129,65868,19907,422
271,10,22,127,1068,305,11,3031,0.79,0.14,3170,129,67249,19968,423
272,17,31,110,1082,305,11,3048,0.79,0.14,3170,129,68233,20124,423
273,29,43,111,1099,306,11,3075,0.78,0.14,3170,131,70124,20266,424
274,21,40,119,1116,310,11,3075,0.79,0.14,3182,139,71724,20362,428
275,33,50,112,1133,310,11,3096,0.79,0.14,3182,139,72747,20452,428
276,22,51,111,1149,312,11,3096,0.79,0.14,3182,143,73749,20545,430
277,26,49,120,1166,312,11,3207,0.78,0.14,3182,143,74552,20708,430
278,31,62,129,1182,312,11,3261,0.79,0.14,3194,141,75695,21028,430
279,25,56,120,1189,323,11,3286,0.78,0.14,3301,160,76337,21342,441
280,22,61,122,1201,326,12,3296,0.78,0.14,3540,146,77354,21563,444
281,24,64,127,1210,328,12,3326,0.78,0.14,3564,148,77812,21660,446
282,31,80,133,1223,328,12,3326,0.78,0.14,3594,144,78345,21699,446
283,45,88,136,1227,329,12,3352,0.78,0.15,3600,145,78441,21815,447
284,48,84,123,1229,344,12,3352,0.78,0.15,3737,143,78490,22358,462
285,54,84,114,1232,356,12,3421,0.79,0.15,3748,164,78624,23020,474
286,57,80,113,1234,359,12,3421,0.79,0.15,3914,154,78795,23224,477
287,60,73,122,1243,359,12,3451,0.80,0.15,4060,148,79032,23301,477
288,30,53,129,1250,359,12,3451,0.80,0.15,4060,148,79316,23325,477
289,23,36,129,1250,359,12,3451,0.80,0.15,4060,148,79316,23474,477
290,7,16,126,1254,361,12,3451,0.80,0.15,4060,154,79512,23597,479
291,8,14,120,1261,362,12,3451,0.80,0.15,4060,157,79684,23606,480
292,13,23,113,1274,364,12,3467,0.80,0.15,4060,162,80425,23705,482
293,26,40,118,1291,365,13,3467,0.80,0.15,4115,159,81217,23759,483
294,31,48,113,1307,370,13,3475,0.80,0.15,4127,169,82506,23993,488
295,32,51,99,1324,376,13,3515,0.79,0.15,4127,183,83782,24550,494
296,42,63,113,1341,376,13,3530,0.78,0.16,4158,179,84854,24641,494
297,35,62,126,1358,378,13,3540,0.79,0.16,4200,178,86299,24772,496
298,28,57,130,1366,378,13,3555,0.79,0.16,4200,178,87227,24846,496
299,27,54,122,1370,380,13,3555,0.79,0.16,4200,183,87425,24909,498
300,51,74,130,1380,380,13,3555,0.79,0.16,4212,181,87998,24981,498
301,62,85,127,1380,383,13,3574,0.79,0.16,4212,187,87998,25390,501
302,76,89,108,1382,404,13,3644,0.77,0.16,4294,222,88048,26207,522
303,78,87,102,1395,423,13,3714,0.78,0.16,4451,241,88840,27143,541
304,80,89,112,1414,432,13,3741,0.79,0.16,4691,235,89340,27620,550
305,75,76,120,1426,436,14,3783,0.79,0.16,4948,226,89700,27786,554
306,69,85,124,1436,441,14,3783,0.79,0.16,5015,225,90011,28003,559
307,64,93,115,1437,451,14,3783,0.79,0.16,5032,235,90098,28396,569
308,55,96,114,1441,456,14,3813,0.79,0.16,5037,244,90306,28689,574
309,74,101,115,1442,456,14,3813,0.79,0.17,5103,233,90394,28873,574
310,50,78,93,1455,491,14,3891,0.79,0.17,5508,243,91373,29942,615
311,57,73,84,1455,500,14,3971,0.79,0.17,5664,239,91373,30336,633
312,63,77,87,1460,502,15,3986,0.79,0.17,5820,223,91510,30522,637
313,78,84,93,1473,509,15,4040,0.79,0.17,5844,232,91844,30886,651
314,82,85,95,1477,511,15,4111,0.79,0.17,5984,220,91942,31123,655
315,82,83,103,1490,516,15,4132,0.79,0.17,6013,225,92280,31420,665
316,31,54,104,1494,518,15,4132,0.79,0.17,6037,223,92380,31516,669
317,20,35,109,1504,518,15,4132,0.79,0.17,6042,222,92951,31535,669
318,18,37,125,1521,518,15,4132,0.78,0.17,6042,222,93854,31587,669
319,27,35,125,1531,518,15,4146,0.78,0.17,6042,222,94950,31680,669
320,25,36,103,1537,519,15,4189,0.77,0.17,6042,223,95849,31767,671
321,17,36,102,1553,519,15,4189,0.76,0.17,6072,219,96603,31830,671
322,16,40,117,1570,521,15,4189,0.76,0.17,6115,215,97990,31934,675
323,27,45,113,1587,522,15,4206,0.77,0.17,6125,216,98734,32185,677
324,40,50,116,1600,523,15,4229,0.77,0.17,6125,218,99819,32456,679
325,33,56,119,1612,526,15,4269,0.77,0.17,6137,222,101074,32837,685
326,27,51,113,1625,529,15,4283,0.78,0.17,6174,224,103420,33256,691
327,12,49,109,1633,529,15,4283,0.78,0.17,6192,222,104695,33329,691
328,22,34,116,1647,530,15,4314,0.78,0.18,6192,223,106707,33511,693
329,20,30,114,1663,534,15,4328,0.77,0.18,6202,226,107935,33748,701
330,21,39,126,1680,535,15,4336,0.77,0.18,6202,228,109626,33882,703
331,17,47,130,1694,536,15,4349,0.77,0.18,6215,228,110294,33950,705
332,26,62,130,1695,536,15,4349,0.77,0.18,6233,226,110327,34041,721
333,30,66,129,1696,538,15,4373,0.77,0.18,6233,230,110589,34155,725
334,25,51,125,1696,539,15,4393,0.76,0.18,6270,227,110589,34260,727
335,23,54,123,1701,540,15,4393,0.76,0.18,6299,226,111326,34318,729
336,30,62,120,1701,542,15,4393,0.76,0.18,6306,228,111326,34386,733
337,47,79,114,1702,549,15,4407,0.77,0.18,6340,234,111458,34762,747
338,60,72,98,1703,566,15,4469,0.77,0.18,6387,252,111589,36038,781
339,42,80,93,1703,571,15,4549,0.77,0.18,6549,245,111589,36808,791
340,27,66,91,1704,574,15,4549,0.78,0.18,6576,248,111721,36939,797
341,21,54,91,1706,575,15,4549,0.78,0.18,6622,245,112250,37017,798
342,22,59,91,1706,575,15,4563,0.78,0.18,6641,243,112250,37036,798
343,27,77,90,1707,577,15,4563,0.78,0.18,6641,247,112515,37114,800
344,48,78,88,1707,579,15,4608,0.78,0.18,6665,247,112515,37466,802
345,58,75,88,1708,580,15,4608,0.77,0.18,6665,249,112781,37779,803
346,39,55,89,1709,580,15,4608,0.77,0.18,6665,249,113047,37800,803
347,6,27,100,1720,580,15,4608,0.77,0.19,6665,249,114189,37819,803
348,4,25,117,1737,580,15,4608,0.77,0.19,6665,249,115692,37819,803
349,13,33,132,1753,581,15,4608,0.77,0.19,6665,250,116886,37948,804
350,14,31,132,1759,582,15,4608,0.77,0.19,6675,250,117460,38112,805
351,12,35,114,1769,582,15,4622,0.77,0.19,6675,250,118153,38133,805
352,18,42,96,1785,582,15,4622,0.77,0.19,6675,250,119306,38181,805
353,28,59,104,1794,583,15,4622,0.77,0.19,6675,251,119733,38257,806
354,55,66,101,1794,584,15,4635,0.77,0.19,6685,251,119733,38339,807
355,57,67,100,1806,595,15,4647,0.77,0.19,6695,261,120203,38958,818
356,53,62,92,1807,604,16,4675,0.77,0.19,6805,259,120252,39440,827
357,41,52,86,1818,614,16,4688,0.77,0.19,7714,257,121111,39973,842
358,41,52,90,1835,616,16,4702,0.77,0.19,7734,258,122097,40278,844
359,23,44,102,1852,617,16,4702,0.76,0.19,7743,259,123349,40432,845
360,19,45,111,1868,620,16,4743,0.76,0.19,7758,263,124504,40611,848
361,19,55,124,1885,620,16,4771,0.76,0.19,7812,256,125648,40704,848
362,31,58,132,1901,621,16,4799,0.76,0.19,7812,259,126439,40756,849
363,34,49,123,1911,621,16,4799,0.75,0.19,7812,259,127560,40922,849
364,26,54,124,1928,624,16,4813,0.75,0.19,7812,265,128436,41156,852
365,27,56,124,1941,625,17,4827,0.77,0.19,7865,261,129359,41166,853
366,27,55,123,1955,626,17,4827,0.77,0.20,7865,263,130947,41309,854
367,26,56,128,1966,626,17,4827,0.77,0.20,7875,262,131607,41461,854
368,37,54,121,1977,626,17,4827,0.76,0.20,7875,262,132248,41637,854
369,37,57,121,1990,628,17,4827,0.76,0.20,7881,265,134293,41680,856
370,29,45,113,1995,634,17,4827,0.76,0.20,7893,275,134619,42239,862
371,35,42,117,2012,635,17,4841,0.76,0.20,7937,271,135434,42316,863
372,45,53,121,2029,636,17,4841,0.76,0.20,8000,263,136300,42431,864
373,50,60,122,2032,637,17,4841,0.76,0.20,8000,265,136516,42570,865
374,58,67,117,2033,643,17,4870,0.76,0.20,8005,276,136558,42902,871
375,55,86,114,2033,646,17,4912,0.76,0.20,8059,273,136558,43243,874
376,50,79,115,2034,646,17,4912,0.76,0.20,8078,271,136600,43306,874
377,12,69,116,2035,646,17,4912,0.76,0.20,8078,271,136742,43334,874
378,2,47,116,2035,646,17,4912,0.76,0.20,8078,271,136742,43362,874
379,11,33,132,2052,646,17,4939,0.76,0.20,8078,271,138155,43449,874
380,14,35,135,2055,646,17,4939,0.76,0.20,8078,271,138440,43545,874
381,22,36,130,2055,647,17,4939,0.76,0.20,8078,273,138440,43852,875
382,16,76,123,2060,659,17,5011,0.76,0.20,8078,298,139047,44504,887
383,38,80,117,2060,665,17,5025,0.76,0.20,8165,294,139047,44679,893
384,56,80,112,2061,671,17,5189,0.76,0.20,8217,297,139083,45245,899
385,60,81,112,2062,672,17,5189,0.76,0.21,8311,286,139119,45562,900
386,24,81,111,2062,673,17,5225,0.76,0.21,8371,277,139119,45623,901
387,19,56,111,2063,674,17,5225,0.75,0.21,8382,277,139179,45715,902
388,13,31,113,2073,678,17,5225,0.75,0.21,8407,281,139870,45868,906
389,15,50,122,2089,678,17,5225,0.75,0.21,8407,281,140850,45878,906
390,26,60,121,2090,678,17,5225,0.75,0.21,8407,281,140923,45897,906
391,37,78,120,2090,678,17,5239,0.75,0.21,8407,281,140923,45945,906
392,39,87,119,2091,680,17,5267,0.75,0.21,8407,285,140997,46099,908
393,37,88,117,2092,682,17,5334,0.75,0.21,8407,289,141070,46185,910
394,40,92,116,2092,682,17,5401,0.75,0.21,8457,281,141070,46381,910
395,42,91,115,2093,684,17,5467,0.75,0.21,8457,285,141144,46551,912
396,44,91,115,2093,684,17,5534,0.75,0.21,8470,283,141144,46734,912
397,43,89,114,2094,686,17,5613,0.75,0.21,8483,285,141181,46946,914
398,38,86,110,2095,691,17,5730,0.75,0.21,8508,291,141256,47303,919
399,39,85,109,2095,692,17,5835,0.75,0.21,8540,288,141256,47437,920
400,36,83,107,2096,695,17,5927,0.75,0.21,8584,287,141331,47576,923
401,37,85,108,2097,695,17,5952,0.75,0.21,8607,284,141481,47685,923
402,14,50,105,2097,695,17,5952,0.73,0.21,8632,280,141481,47876,923
403,4,27,101,2098,695,17,5952,0.73,0.21,8632,280,141557,47886,923
404,12,78,100,2098,695,17,5952,0.73,0.22,8632,280,141557,47919,923
405,27,85,100,2099,696,17,5952,0.73,0.22,8632,282,141708,47958,924
406,13,34,100,2100,696,17,5952,0.73,0.22,8638,281,141861,47967,924
407,6,25,111,2112,697,17,5952,0.73,0.22,8638,283,142512,47977,925
408,13,38,126,2129,697,17,5952,0.72,0.22,8638,283,145703,48104,925
409,20,33,131,2146,701,17,5959,0.74,0.22,8638,291,147122,48258,931
410,27,57,137,2154,701,17,5959,0.74,0.22,8679,283,147609,48440,931
411,37,59,134,2155,705,17,6011,0.74,0.22,8685,290,147648,48509,936
412,31,54,134,2155,705,17,6036,0.74,0.22,8721,283,147648,48817,936
413,18,56,138,2159,705,17,6036,0.72,0.22,8721,283,147803,48996,936
414,8,32,138,2159,705,17,6036,0.72,0.22,8721,283,147803,49044,936
415,13,39,138,2159,705,17,6036,0.71,0.22,8721,283,147803,49044,936
416,6,22,138,2159,705,17,6036,0.73,0.22,8721,283,147803,49054,936
417,0,9,125,2168,705,17,6036,0.74,0.22,8721,283,148331,49054,936
418,8,24,126,2184,705,17,6036,0.74,0.22,8721,283,150282,49054,936
419,13,39,138,2196,705,17,6036,0.74,0.22,8721,283,151358,49063,943
420,28,45,138,2196,705,17,6036,0.74,0.22,8721,283,151358,49073,943
421,19,40,138,2197,705,17,6036,0.74,0.22,8721,283,151397,49245,943
422,14,37,127,2205,707,17,6049,0.73,0.23,8721,287,151900,49593,945
423,28,48,119,2221,708,17,6062,0.73,0.23,8759,285,153867,49666,946
424,33,59,119,2238,708,17,6062,0.73,0.23,8779,283,154963,49858,946
425,41,68,119,2246,715,17,6090,0.73,0.23,8789,295,155347,50272,954
426,50,71,120,2250,718,17,6143,0.72,0.23,8846,290,155635,50589,958
427,38,49,116,2260,724,17,6163,0.72,0.23,8862,299,156523,51225,964
428,23,45,121,2277,725,17,6200,0.71,0.23,8872,300,157588,51346,966
429,24,48,123,2293,725,17,6207,0.71,0.23,8887,298,159861,51466,966
430,21,53,135,2310,727,17,6254,0.71,0.23,8887,302,160858,51803,968
431,19,38,124,2318,728,17,6254,0.71,0.23,8926,300,162348,52192,969
432,11,34,126,2335,736,17,6254,0.72,0.23,8946,314,163453,52496,977
433,27,40,127,2352,736,17,6264,0.71,0.23,8965,312,164899,52632,977
434,17,47,121,2368,740,17,6273,0.72,0.23,8965,320,165836,53100,982
435,23,67,130,2381,744,18,6273,0.72,0.23,9057,318,167415,53345,987
436,38,81,128,2382,747,18,6303,0.71,0.23,9122,315,167580,53489,992
437,48,87,127,2382,748,18,6358,0.72,0.23,9128,316,167580,53585,993
438,46,70,116,2383,760,18,6373,0.72,0.23,9135,339,167745,54288,1006
439,40,60,115,2384,762,18,6402,0.72,0.23,9135,343,167815,54434,1008
440,41,69,125,2395,763,18,6402,0.73,0.24,9135,345,168610,54842,1009
441,52,75,125,2396,764,18,6402,0.72,0.24,9135,347,168694,54996,1010
442,47,67,113,2396,776,18,6402,0.72,0.24,9146,369,168694,55541,1023
443,54,68,108,2397,782,18,6431,0.72,0.24,9286,354,168778,55748,1031
444,60,78,109,2398,782,18,6537,0.72,0.24,9328,346,168862,56137,1031
445,72,77,106,2398,785,18,6603,0.72,0.24,9333,351,168862,56462,1036
446,65,75,105,2408,796,18,6735,0.72,0.24,9333,373,169623,57592,1047
447,63,72,101,2412,804,18,6841,0.72,0.24,9340,390,170201,58997,1057
448,63,73,102,2416,807,18,6893,0.72,0.24,9394,389,170414,59335,1060
449,64,73,103,2423,813,18,6973,0.72,0.24,9549,384,171010,59942,1067
450,66,71,101,2426,818,18,7054,0.72,0.24,9634,385,171266,60970,1072
451,60,67,96,2432,829,18,7226,0.72,0.24,9659,404,171938,62105,1086
452,51,72,100,2449,842,18,7360,0.72,0.24,9729,426,173288,63111,1100
453,52,76,103,2465,855,18,7611,0.72,0.24,9898,437,174666,64542,1114
454,65,77,101,2466,858,18,7768,0.72,0.24,10087,419,174718,65201,1118
455,72,76,101,2468,860,18,7898,0.72,0.24,10222,408,174853,65414,1120
456,68,78,102,2474,865,19,8057,0.72,0.24,10308,407,175301,66131,1149
457,57,76,105,2479,867,19,8057,0.72,0.24,10395,402,175667,66232,1151
458,35,55,111,2488,869,19,8070,0.72,0.24,10444,401,176303,66574,1153
459,28,60,120,2504,869,19,8070,0.72,0.25,10444,401,177997,66594,1153
460,39,64,121,2511,869,19,8070,0.72,0.25,10464,399,178435,66794,1153
461,42,63,132,2526,870,19,8124,0.72,0.25,10464,401,179995,67148,1154
462,47,69,126,2526,875,19,8124,0.72,0.25,10477,409,179995,67411,1159
463,59,84,128,2528,875,19,8207,0.72,0.25,10517,404,180215,67653,1159
464,56,72,126,2529,877,19,8207,0.72,0.25,10556,403,180304,67853,1161
465,30,53,130,2540,879,19,8207,0.72,0.25,10556,407,181237,68164,1164
466,24,36,141,2552,880,19,8207,0.70,0.25,10556,409,181923,68333,1165
467,22,42,141,2565,880,19,8207,0.70,0.25,10556,409,183084,68402,1165
468,28,36,141,2568,880,19,8217,0.71,0.25,10556,409,183317,68586,1165
469,20,33,139,2581,882,19,8231,0.71,0.25,10556,413,184287,68775,1167
470,19,41,120,2595,884,19,8231,0.71,0.25,10596,413,185743,68933,1169
471,32,42,109,2612,886,19,8231,0.71,0.25,10617,413,187661,69272,1171
472,40,63,115,2629,887,19,8231,0.72,0.25,10638,411,189444,69466,1193
473,54,79,119,2635,887,19,8314,0.72,0.25,10645,410,189906,69759,1193
474,47,62,120,2640,890,19,8369,0.72,0.25,10651,415,190143,70518,1197
475,34,60,119,2656,894,19,8412,0.70,0.25,10669,420,192953,70732,1202
476,15,51,121,2672,900,19,8491,0.69,0.25,10688,430,193885,71303,1208
477,30,54,133,2689,900,19,8491,0.69,0.26,10788,420,196027,71770,1208
478,30,48,141,2702,901,19,8491,0.69,0.26,10788,422,197005,72017,1209
479,21,39,127,2710,901,19,8520,0.69,0.26,10788,422,199027,72141,1209
480,27,37,125,2727,902,19,8520,0.69,0.26,10794,423,200675,72280,1210
481,33,53,140,2744,902,19,8520,0.69,0.26,10810,420,202707,72360,1210
482,48,62,142,2747,903,19,8520,0.69,0.26,10810,422,202864,72540,1211
483,42,63,136,2751,913,19,8560,0.69,0.26,10940,426,203703,73287,1223
484,44,61,140,2765,918,19,8560,0.68,0.26,11015,422,206039,73500,1228
485,33,64,137,2775,918,19,8560,0.68,0.26,11037,418,207393,73563,1228
486,32,56,133,2788,918,19,8560,0.69,0.26,11037,418,208889,73759,1228
487,23,49,136,2805,919,19,8576,0.69,0.26,11037,420,210315,74008,1229
488,17,42,130,2816,921,19,8591,0.68,0.26,11037,424,212467,74207,1232
489,21,60,135,2833,921,19,8591,0.68,0.26,11053,421,215705,74297,1232
490,42,80,142,2841,922,19,8591,0.68,0.26,11053,423,216794,74475,1233
491,64,77,134,2843,932,19,8591,0.69,0.26,11058,442,217232,74997,1246
492,65,79,131,2849,941,19,8591,0.69,0.26,11166,440,217527,75510,1256
493,74,84,131,2854,946,19,8659,0.68,0.26,11294,426,218081,75894,1262
494,68,82,124,2862,960,19,8726,0.68,0.26,11380,438,220316,76887,1277
495,66,84,127,2868,963,19,8822,0.68,0.27,11460,429,221776,77091,1280
496,67,82,125,2871,968,19,8862,0.68,0.27,11487,434,222604,77364,1286
497,71,79,125,2877,973,19,8915,0.68,0.27,11540,434,224343,77922,1292
498,73,83,125,2878,974,19,8930,0.68,0.27,11589,427,224537,78374,1293
499,85,88,124,2878,975,19,9027,0.69,0.27,11621,423,224537,78722,1294
500,85,89,123,2879,977,20,9151,0.69,0.27,11647,422,224732,79581,1296
501,82,87,122,2880,978,20,9271,0.68,0.27,11653,423,224927,79686,1297
502,85,91,122,2880,978,20,9406,0.68,0.27,11658,422,224927,79830,1297
503,88,92,123,2881,978,20,9570,0.68,0.27,11669,420,225123,80187,1297
504,91,95,124,2882,978,20,9680,0.68,0.27,11669,420,225320,80727,1297
505,95,98,124,2882,978,20,9884,0.68,0.27,11669,420,225320,81401,1297
506,96,98,125,2883,978,20,9955,0.68,0.27,11669,420,225716,81613,1297
507,97,98,126,2884,978,20,10132,0.68,0.27,11669,420,226113,82320,1297
508,95,97,124,2884,980,20,10160,0.68,0.27,11669,426,226113,82649,1300
509,96,99,124,2885,981,20,10442,0.68,0.27,11713,424,226312,82987,1301
510,94,95,120,2886,986,20,10655,0.68,0.27,11749,435,226512,84177,1308
511,92,93,118,2886,988,20,10804,0.68,0.27,11857,429,226512,84437,1310
512,90,92,117,2887,990,20,10859,0.68,0.28,11870,433,226713,85078,1312
513,90,92,118,2888,990,20,10956,0.68,0.28,11924,426,227116,85467,1312
514,91,93,118,2888,990,20,11293,0.68,0.28,11977,420,227116,85859,1312
515,91,94,119,2889,990,20,11575,0.68,0.28,11977,420,227319,86303,1312
516,90,93,118,2890,992,20,11806,0.67,0.28,11977,426,227380,88054,1314
517,94,95,119,2891,992,20,11965,0.67,0.28,12004,422,227441,88260,1314
518,93,95,119,2892,993,20,12036,0.67,0.28,12018,423,227849,88476,1315
519,92,95,119,2893,994,20,12089,0.67,0.28,12018,426,228054,88711,1316
520,90,94,118,2893,995,20,12119,0.67,0.28,12038,425,228054,89576,1317
521,90,93,117,2894,997,20,12200,0.67,0.28,12054,427,228115,89692,1319
522,90,93,117,2895,998,20,12308,0.67,0.28,12081,427,228528,90152,1320
523,90,92,116,2895,999,20,12459,0.67,0.28,12122,424,228528,90537,1322
524,89,91,116,2898,1002,20,12566,0.67,0.28,12150,428,229566,91918,1329
525,86,91,117,2902,1005,20,12690,0.67,0.28,12236,430,230002,92380,1333
526,87,87,115,2905,1010,20,12690,0.67,0.28,12279,441,230190,93129,1338
527,90,91,115,2906,1011,20,12934,0.67,0.28,12434,429,230267,93586,1339
528,87,93,117,2911,1014,20,12934,0.67,0.28,12515,429,230917,93838,1344
529,88,92,116,2911,1015,20,13004,0.67,0.28,12515,431,230917,94149,1346
530,89,91,116,2912,1016,20,13274,0.67,0.29,12546,429,231338,95131,1347
531,86,91,118,2916,1018,20,13558,0.67,0.29,12671,426,232088,95469,1350
532,85,94,118,2916,1018,20,13558,0.67,0.29,12714,422,232088,95688,1350
533,83,89,113,2918,1025,20,13601,0.67,0.29,12730,436,232363,96419,1358
534,85,91,115,2921,1026,20,13859,0.67,0.29,12830,428,232555,96795,1359
535,86,89,114,2923,1029,20,14062,0.67,0.29,12911,430,232769,97083,1363
536,80,87,112,2932,1040,20,14263,0.67,0.29,13016,454,233539,98409,1378
537,85,92,116,2937,1041,21,14387,0.67,0.29,13438,425,233850,98735,1379
538,92,93,117,2938,1041,21,14442,0.67,0.29,13452,423,233915,98889,1379
539,85,91,115,2944,1049,21,14647,0.67,0.29,13490,437,234263,99867,1387
540,76,78,111,2955,1064,21,14794,0.67,0.29,13595,464,236028,100741,1405
541,76,90,118,2964,1066,21,15012,0.67,0.29,13912,438,236569,100932,1407
542,85,92,116,2967,1071,21,15066,0.67,0.29,14073,437,236754,101873,1413
543,86,91,117,2972,1075,21,15150,0.67,0.29,14331,429,237227,102543,1417
544,83,91,117,2975,1077,21,15163,0.67,0.29,14385,428,237882,103000,1420
545,80,92,115,2980,1084,21,15247,0.67,0.29,14401,439,238814,103558,1428
546,83,84,111,2988,1096,21,15384,0.67,0.29,14502,456,240102,104843,1442
547,84,92,117,2995,1097,21,15562,0.67,0.30,14665,439,241698,104997,1443
548,89,96,117,2996,1098,22,15783,0.67,0.30,14791,427,242139,105174,1444
549,77,87,112,2999,1106,22,15811,0.67,0.30,14984,430,243468,106184,1453
550,75,89,111,3002,1110,22,15841,0.67,0.30,15083,431,244800,106571,1458
551,84,93,114,3006,1111,22,15868,0.67,0.30,15127,428,245630,106853,1459
552,83,94,114,3008,1112,22,15912,0.67,0.30,15233,422,245794,107063,1461
553,88,97,111,3008,1115,22,15980,0.67,0.30,15233,428,245794,107628,1464
554,92,101,111,3009,1116,22,16111,0.66,0.30,15243,429,245876,108362,1465
555,78,91,112,3010,1116,22,16184,0.66,0.30,15264,426,245943,108727,1465
556,13,33,116,3022,1124,22,16184,0.65,0.30,15296,442,247691,109402,1474
557,22,37,133,3039,1124,22,16199,0.65,0.30,15356,433,250237,109473,1474
558,27,41,146,3055,1125,22,16213,0.65,0.30,15372,433,252948,109603,1475
559,27,36,138,3060,1128,22,16213,0.65,0.30,15379,439,253270,110175,1479
560,20,36,120,3073,1128,22,16213,0.66,0.30,15404,435,254170,110282,1479
561,35,46,101,3091,1128,22,16213,0.66,0.30,15404,435,257654,110449,1479
562,38,62,106,3107,1129,22,16227,0.66,0.30,16291,438,260142,110581,1480
563,58,84,123,3124,1129,22,16243,0.66,0.30,16298,437,262469,110724,1480
564,72,89,126,3131,1133,22,16270,0.66,0.30,16312,443,263129,111496,1484
565,76,93,124,3136,1135,22,16270,0.64,0.31,16334,443,263498,112155,1486
566,70,94,119,3141,1145,22,16298,0.64,0.31,16367,457,263787,113211,1498
567,57,79,115,3155,1161,23,16358,0.67,0.31,16494,468,265206,114753,1517
568,52,91,123,3168,1162,23,16389,0.67,0.31,16628,451,267183,115142,1518
569,62,93,123,3171,1162,23,16405,0.67,0.31,16628,451,267533,115369,1518
570,73,99,120,3172,1163,23,16405,0.67,0.31,16628,453,267591,115668,1519
571,84,92,117,3172,1166,23,16405,0.67,0.31,16628,459,267591,116350,1523
572,55,75,120,3177,1166,23,16405,0.67,0.31,16640,457,268356,116967,1523
573,48,84,131,3189,1166,23,16405,0.66,0.31,16640,457,270123,117038,1523
574,59,94,132,3190,1166,23,16436,0.66,0.31,16640,457,270241,117200,1523
575,63,91,128,3190,1170,23,16508,0.66,0.31,16640,465,270241,117751,1527
576,22,83,148,3210,1170,23,16527,0.66,0.31,16640,465,272478,118204,1527
577,26,85,148,3213,1170,23,16527,0.66,0.31,16640,465,273330,118424,1527
578,35,88,145,3218,1176,23,16551,0.66,0.31,16724,475,273565,119108,1534
579,31,63,146,3222,1179,23,16551,0.65,0.31,16724,481,274295,119390,1537
580,26,67,147,3229,1182,23,16558,0.65,0.32,17759,476,275428,119556,1540
581,32,90,148,3232,1183,23,16558,0.65,0.32,17806,472,275783,119819,1541
582,30,88,141,3234,1192,23,16577,0.65,0.32,17806,491,276020,120362,1552
583,15,67,149,3242,1192,23,16577,0.65,0.32,17860,484,277519,120486,1552
584,4,51,149,3244,1194,23,16577,0.65,0.32,17860,486,277613,120671,1555
585,14,79,149,3244,1194,23,16577,0.65,0.32,17870,484,277613,120706,1555
586,37,113,148,3244,1195,23,16585,0.66,0.32,17870,486,277613,121064,1556
587,102,119,142,3245,1202,23,16585,0.65,0.32,17881,502,277757,122802,1563
588,77,103,130,3253,1222,23,16613,0.65,0.32,18121,526,278428,125586,1591
589,72,112,142,3270,1227,24,16627,0.65,0.32,18257,517,282106,125989,1596
590,88,119,146,3277,1230,24,16666,0.65,0.32,18322,514,282871,126323,1600
591,100,114,145,3280,1234,24,16857,0.65,0.33,18486,499,283235,126873,1605
592,94,104,140,3286,1245,24,16933,0.65,0.33,18642,500,283840,128726,1618
593,74,88,155,3302,1246,24,16933,0.64,0.33,18669,500,284722,129187,1619
594,46,92,154,3302,1247,24,16933,0.64,0.33,18683,500,284722,129246,1620
595,55,86,154,3302,1247,24,16933,0.63,0.33,18683,500,284722,129540,1620
596,9,43,151,3302,1250,24,16933,0.64,0.33,18683,509,284722,129602,1624
597,3,10,151,3302,1250,24,16933,0.63,0.33,18767,501,284722,129626,1624
598,1,14,144,3311,1250,24,16933,0.63,0.33,18767,501,286059,129626,1624
599,10,34,150,3322,1250,24,16933,0.63,0.33,18767,501,287507,129626,1624
600,17,41,150,3322,1250,24,16933,0.63,0.33,18767,501,287507,129814,1624
601,16,21,149,3324,1251,24,16933,0.63,0.33,18767,504,287857,129902,1625
602,7,15,139,3333,1252,24,16933,0.64,0.33,18795,503,289207,129914,1626
603,4,24,122,3350,1252,24,16933,0.64,0.34,18795,503,292160,129937,1626
604,15,45,128,3367,1252,24,16933,0.64,0.34,18795,503,294895,130044,1626
605,22,72,145,3385,1252,24,16974,0.64,0.34,18795,503,298443,130139,1626
606,54,85,150,3391,1253,24,16991,0.64,0.34,18795,505,298999,130216,1627
607,53,85,150,3397,1253,24,16991,0.64,0.34,18795,505,299354,130475,1627
608,58,72,147,3406,1259,24,17016,0.64,0.34,18809,513,299857,131392,1633
609,53,67,136,3416,1262,24,17041,0.64,0.34,18823,516,301003,131967,1636
610,59,82,145,3435,1263,24,17041,0.63,0.34,18837,517,305419,132160,1638
611,73,96,150,3442,1265,24,17041,0.72,0.34,18889,519,307691,132421,1672
612,68,88,140,3448,1281,24,17041,0.72,0.34,18990,538,309032,133430,1691
613,47,76,147,3460,1283,24,17196,0.72,0.34,19052,534,311050,133819,1693
614,41,58,150,3469,1283,24,17226,0.64,0.35,19059,533,312396,134223,1693
615,12,47,156,3478,1283,24,17236,0.64,0.35,19059,533,312897,134542,1693
616,6,25,151,3482,1283,24,17236,0.63,0.35,19059,533,313593,134621,1693
617,2,12,132,3486,1284,24,17236,0.63,0.35,19059,536,314530,134760,1694
618,16,28,125,3504,1284,24,17236,0.63,0.35,19059,536,319616,135014,1694
619,19,38,104,3521,1289,24,17251,0.62,0.35,19059,546,322774,135200,1701
620,29,57,115,3538,1289,24,17251,0.62,0.35,19109,539,324766,135440,1701
621,52,72,128,3555,1289,24,17251,0.60,0.35,19123,537,325949,135766,1701
622,69,86,126,3572,1293,24,17251,0.61,0.35,19167,544,328383,136220,1706
623,79,97,134,3589,1300,24,17363,0.61,0.35,19210,556,331580,137240,1713
624,80,110,142,3606,1308,24,17395,0.61,0.35,19367,557,336067,138007,1723
625,82,108,139,3616,1321,24,17526,0.61,0.36,19484,570,337951,139380,1736
626,80,120,144,3629,1328,24,17582,0.60,0.36,19621,573,340374,140311,1745
627,71,91,147,3637,1331,24,17582,0.60,0.36,19845,562,341332,141023,1749
628,77,107,151,3642,1332,24,17620,0.60,0.36,19845,564,341974,141403,1750
629,83,109,147,3644,1338,24,17620,0.60,0.36,19874,575,342162,141930,1757
630,85,119,147,3650,1343,24,17682,0.60,0.36,19960,575,342743,142417,1763
631,82,122,140,3655,1344,24,17759,0.61,0.36,20071,566,344144,143430,1764
632,49,114,151,3667,1345,25,17777,0.61,0.36,20099,567,347723,143797,1765
633,44,128,152,3668,1345,25,17789,0.61,0.36,20099,567,347778,144122,1765
634,44,129,148,3668,1349,25,17808,0.61,0.36,20099,578,347778,144738,1769
635,44,133,150,3672,1351,25,17939,0.61,0.36,20200,571,348296,145059,1771
636,50,132,152,3674,1351,25,17939,0.61,0.37,20215,569,348569,145227,1771
637,6,36,152,3674,1351,25,17939,0.61,0.37,20222,568,348569,145456,1771
638,0,2,153,3675,1351,25,17939,0.61,0.37,20222,568,348707,145468,1771
639,6,6,153,3682,1351,25,17946,0.63,0.37,20222,568,349901,145536,1771
640,14,14,152,3693,1352,25,17976,0.64,0.37,20222,570,352994,145819,1772
641,20,20,112,3707,1353,25,17976,0.64,0.37,20222,572,354988,146049,1773
642,27,35,117,3724,1356,25,17976,0.72,0.37,20249,578,356864,146232,1786
643,44,54,131,3741,1356,25,17976,0.72,0.37,20292,572,358962,146321,1786
644,71,76,152,3764,1357,25,18018,0.72,0.37,20292,574,361135,146677,1787
645,37,77,147,3777,1362,25,18040,0.65,0.37,20292,585,363867,147724,1794
646,39,69,135,3792,1362,25,18040,0.66,0.37,20357,576,365897,148056,1794
647,56,97,128,3809,1362,25,18040,0.66,0.37,20365,575,368465,148312,1803
648,77,107,136,3818,1363,25,18040,0.66,0.37,20365,578,369278,148779,1805
649,89,105,129,3819,1371,25,18056,0.66,0.38,20380,596,369364,149516,1823
650,91,114,128,3831,1384,25,18072,0.72,0.38,20489,614,370036,151258,1865
651,91,116,122,3838,1397,25,18151,0.72,0.38,20784,605,370458,152687,1891
652,75,95,112,3842,1411,25,18221,0.72,0.38,20927,604,370995,153879,1925
653,72,94,111,3842,1412,25,18235,0.72,0.38,21000,596,370995,154305,1927
654,78,98,110,3845,1416,25,18280,0.72,0.38,21042,601,371500,154523,1937
655,71,102,106,3854,1429,25,18455,0.72,0.38,21173,605,372786,155583,1969
656,90,109,112,3869,1438,25,18522,0.72,0.38,21338,589,374898,155954,1989
657,87,106,109,3874,1446,25,18550,0.72,0.38,21473,590,375208,159177,2009
658,94,109,112,3881,1450,25,18590,0.72,0.38,21654,585,375627,159711,2017
659,104,116,118,3895,1458,25,18695,0.72,0.38,21735,584,376539,161246,2033
660,79,113,116,3905,1470,25,18741,0.65,0.38,21823,598,377099,163166,2063
661,53,86,121,3915,1475,25,18760,0.65,0.38,22042,593,378618,163770,2073
662,39,91,133,3928,1475,25,18776,0.65,0.38,22042,593,382013,163827,2073
663,68,109,132,3928,1476,25,18776,0.65,0.38,22042,595,382013,163972,2075
664,86,115,133,3929,1476,25,18776,0.65,0.38,22048,594,382312,164179,2075
665,82,111,121,3930,1489,25,18809,0.65,0.39,22076,608,382612,165118,2103
666,82,111,119,3933,1494,25,18840,0.65,0.39,22113,610,383093,165279,2115
667,92,110,116,3938,1502,26,18946,0.65,0.39,22190,606,383726,165931,2131
668,102,113,123,3951,1508,26,19034,0.71,0.39,22342,607,385382,167652,2143
669,109,118,131,3960,1509,26,19052,0.71,0.39,22513,601,386133,168005,2145
670,75,104,131,3960,1509,26,19068,0.71,0.39,22551,600,386133,168050,2145
671,34,50,138,3968,1510,26,19068,0.64,0.39,22551,603,387825,168063,2147
672,11,56,152,3985,1510,26,19068,0.64,0.39,22551,603,390163,168063,2147
673,31,72,155,3988,1510,26,19068,0.64,0.39,22551,603,390775,168189,2147
674,53,89,155,3988,1510,26,19068,0.64,0.39,22551,603,390775,168375,2147
675,73,102,152,3988,1513,26,19068,0.64,0.39,22551,609,390775,168545,2153
676,43,59,155,3991,1513,26,19080,0.63,0.39,22562,607,391238,169061,2153
677,26,62,154,3991,1514,26,19080,0.63,0.39,22562,609,391238,169191,2154
678,39,72,155,3992,1514,26,19109,0.63,0.39,22577,607,391393,169574,2154
679,57,106,152,3992,1517,26,19168,0.64,0.39,22577,613,391393,169877,2157
680,119,130,145,3993,1525,26,19311,0.64,0.39,22605,616,391705,170907,2167
681,75,101,117,4007,1567,26,19556,0.65,0.39,23234,648,393863,174920,2215
682,78,105,119,4027,1585,26,19582,0.65,0.40,23737,631,395636,177487,2236
683,87,96,121,4030,1586,26,19686,0.65,0.40,23817,623,395919,178235,2237
684,21,89,136,4046,1587,26,19756,0.65,0.40,24146,609,398537,178469,2239
685,17,61,152,4062,1587,26,19756,0.64,0.40,24146,609,400012,178590,2239
686,54,154,182,4093,1588,26,19756,0.64,0.40,24146,611,404917,178865,2241
687,130,153,174,4093,1596,26,19885,0.64,0.40,24158,626,404917,180662,2250
688,122,140,158,4093,1612,26,19885,0.64,0.40,24243,646,404917,183430,2268
689,119,133,148,4093,1622,27,19989,0.64,0.40,24413,637,404917,185428,2281
690,81,91,143,4094,1628,27,20059,0.63,0.40,24548,632,405013,186678,2288
691,98,119,136,4097,1638,27,20177,0.64,0.40,24613,650,405286,187646,2302
692,69,114,128,4098,1647,27,20197,0.65,0.40,24694,654,405367,188596,2312
693,22,84,137,4108,1648,27,20221,0.65,0.40,24740,649,407331,189382,2313
694,19,41,150,4125,1651,27,20221,0.63,0.40,24740,658,409079,190140,2317
695,20,52,151,4132,1656,27,20256,0.63,0.40,24805,664,409977,190675,2323
696,49,111,151,4137,1661,27,20275,0.64,0.40,24827,672,410535,191024,2329
697,43,97,146,4149,1678,27,20310,0.62,0.40,24923,701,412867,192037,2350
698,51,120,149,4157,1683,27,20357,0.64,0.41,25088,690,413570,192578,2356
699,41,93,145,4161,1691,27,20414,0.63,0.41,25182,692,413899,194394,2366
700,40,72,155,4174,1693,27,20425,0.62,0.41,25308,679,416599,194903,2369
701,31,72,156,4177,1694,27,20471,0.62,0.41,25336,678,417588,195264,2374
702,48,73,153,4178,1698,27,20471,0.72,0.41,25350,684,417918,195741,2388
703,50,80,157,4190,1706,27,20534,0.72,0.41,25404,692,420452,196181,2396
704,48,76,153,4193,1713,27,20561,0.72,0.41,25576,681,420984,196937,2403
705,36,62,157,4200,1713,27,20589,0.61,0.41,25617,676,422482,197277,2403
706,32,75,156,4203,1714,27,20589,0.60,0.41,25624,677,422766,197596,2405
707,27,50,157,4204,1714,27,20589,0.59,0.41,25624,677,422849,197891,2405
708,24,52,157,4205,1714,28,20589,0.59,0.41,26810,677,422950,198019,2405
709,31,58,156,4210,1718,28,20589,0.59,0.41,26810,685,423438,198341,2410
710,44,63,154,4216,1724,28,20619,0.59,0.41,26822,695,423995,198628,2418
711,28,39,157,4221,1724,28,20619,0.58,0.41,26857,689,425679,198932,2418
712,21,30,155,4236,1726,28,20619,0.57,0.41,26857,693,427172,199115,2421
713,21,37,154,4253,1726,28,20629,0.57,0.41,26857,693,431408,199335,2421
714,21,43,145,4269,1729,28,20686,0.56,0.42,26857,700,433516,200063,2424
715,25,43,141,4286,1734,28,20686,0.56,0.42,26857,710,438320,200476,2429
716,19,40,120,4303,1736,28,20686,0.56,0.42,26905,706,441189,201043,2432
717,25,46,112,4320,1736,28,20729,0.57,0.42,26905,706,442942,201468,2432
718,42,52,117,4336,1737,28,20746,0.57,0.42,26917,706,445607,201748,2434
719,36,53,126,4353,1739,28,20777,0.57,0.42,26917,710,451004,202295,2437
720,37,52,131,4370,1741,28,20787,0.57,0.42,26917,714,453943,202685,2439
721,29,53,137,4387,1741,28,20796,0.57,0.42,26953,708,456792,203106,2439
722,23,51,141,4403,1742,28,20796,0.57,0.42,26953,711,458998,203388,2441
723,33,55,143,4420,1742,28,20796,0.57,0.42,26953,711,461925,203627,2441
724,30,57,144,4437,1744,28,20796,0.57,0.42,26953,715,465513,203892,2443
725,35,55,143,4453,1744,28,20796,0.57,0.42,26953,715,469334,204595,2443
726,38,58,143,4470,1744,28,20833,0.57,0.42,26953,715,471885,204809,2443
727,39,61,144,4487,1744,28,20833,0.57,0.42,26953,715,474125,205122,2443
728,29,58,152,4504,1744,28,20833,0.57,0.42,26953,715,478005,205317,2443
729,33,57,151,4520,1745,28,20845,0.57,0.42,26953,718,481162,205791,2445
730,49,80,157,4529,1747,28,20893,0.56,0.43,26953,722,483602,207159,2447
731,70,101,158,4535,1752,28,20924,0.56,0.43,28255,727,484227,207731,2454
732,87,114,158,4538,1755,28,21014,0.56,0.43,28323,726,484674,208607,2457
733,86,102,158,4541,1756,28,21014,0.56,0.43,28346,726,485002,209010,2458
734,20,57,156,4550,1759,28,21014,0.56,0.43,28368,730,487831,209480,2461
735,15,45,152,4561,1762,28,21014,0.55,0.43,28387,737,489416,209671,2464
736,23,37,159,4571,1763,28,21088,0.55,0.43,28387,740,490572,210412,2465
737,23,35,150,4579,1765,28,21088,0.55,0.43,28387,744,491720,211306,2467
738,32,45,148,4596,1765,28,21088,0.55,0.43,28387,744,494528,211983,2467
739,35,56,132,4613,1766,28,21105,0.55,0.43,28387,746,496882,212547,2468
740,28,54,129,4630,1767,28,21122,0.55,0.43,28387,749,501860,213044,2470
741,32,49,133,4646,1769,28,21122,0.55,0.43,28394,752,504209,213258,2472
742,25,51,147,4664,1769,28,21122,0.56,0.43,28394,752,510432,213541,2472
743,40,59,148,4681,1769,28,21137,0.56,0.43,28394,752,512351,214117,2472
744,39,66,149,4698,1772,28,21154,0.56,0.43,28394,759,515567,214540,2476
745,51,83,160,4710,1772,28,21164,0.56,0.43,28417,756,517725,214900,2476
746,60,83,155,4710,1777,28,21203,0.56,0.43,28417,766,517725,215834,2482
747,64,100,158,4716,1780,28,21203,0.72,0.44,28466,764,518715,216497,2508
748,61,103,152,4723,1793,28,21234,0.72,0.44,28521,781,520487,217737,2525
749,65,102,144,4733,1811,28,21281,0.72,0.44,28686,790,522355,219661,2547
750,65,112,150,4740,1812,28,21294,0.72,0.44,28802,773,523592,220722,2548
751,81,110,147,4741,1816,28,21309,0.72,0.44,28817,779,523779,221556,2553
752,79,105,139,4748,1831,28,21309,0.72,0.44,28829,810,525513,222861,2570
753,60,114,142,4752,1832,29,21401,0.72,0.44,28926,796,528536,223703,2572
754,30,111,150,4765,1837,29,21413,0.72,0.44,28960,801,531756,224446,2577
755,38,111,159,4778,1838,29,21433,0.55,0.44,28991,799,535456,225538,2578
756,27,65,149,4784,1842,29,21433,0.54,0.44,28991,807,536345,226147,2582
757,30,94,160,4797,1842,29,21433,0.54,0.44,28991,807,538698,226711,2582
758,46,113,160,4798,1843,29,21433,0.54,0.44,28991,809,538793,227203,2583
759,41,131,159,4799,1845,29,21482,0.54,0.44,29003,811,538889,227858,2585
760,37,130,153,4802,1854,29,21482,0.54,0.44,29057,823,539370,228987,2597
761,36,137,152,4806,1859,29,21513,0.54,0.44,29172,819,540719,229678,2602
762,66,138,150,4807,1862,29,21513,0.54,0.44,29270,813,541105,230102,2605
763,99,124,152,4810,1863,29,21547,0.55,0.45,29295,811,542366,230515,2606
764,25,40,159,4819,1863,29,21547,0.55,0.45,29295,811,543958,230793,2606
765,19,30,161,4821,1863,29,21547,0.55,0.45,29295,811,544192,231018,2606
766,12,13,161,4823,1863,29,21547,0.55,0.45,29295,811,544504,231394,2606
767,10,18,159,4826,1865,29,21547,0.55,0.45,29295,815,545013,231487,2608
768,19,26,161,4828,1865,29,21547,0.55,0.45,29295,815,545406,231709,2608
769,21,31,159,4829,1868,29,21547,0.55,0.45,29295,821,545603,232011,2611
770,12,25,160,4831,1869,29,21547,0.54,0.45,29320,819,546096,232133,2612
771,20,31,166,4844,1869,29,21547,0.54,0.45,29320,819,550712,232287,2612
772,30,42,159,4861,1869,29,21631,0.54,0.45,29320,819,554484,232957,2612
773,38,60,106,4877,1870,29,21789,0.54,0.45,29332,819,558516,233947,2613
774,52,78,115,4894,1871,29,21937,0.54,0.45,29332,821,562248,235052,2614
775,68,91,128,4911,1873,29,22084,0.54,0.45,29344,823,565475,235618,2617
776,72,103,140,4928,1877,29,22158,0.54,0.45,29344,831,568469,236323,2622
777,81,113,147,4944,1886,29,22306,0.54,0.45,29363,847,572571,237902,2631
778,88,127,158,4961,1889,29,22471,0.54,0.46,29394,848,576193,239314,2634
779,98,135,162,4965,1889,29,22634,0.54,0.46,29425,845,576705,240245,2634
780,104,135,160,4969,1894,29,22799,0.54,0.46,29449,851,577151,241315,2639
781,109,136,159,4973,1897,29,22980,0.54,0.46,29493,850,577740,242290,2642
782,112,143,161,4984,1903,29,23178,0.54,0.46,29499,862,579513,243849,2650
783,129,140,157,4991,1911,29,23359,0.54,0.46,29524,874,581086,245252,2659
784,134,141,157,4994,1913,29,23557,0.54,0.46,29569,872,582314,245942,2661
785,130,139,156,4999,1919,29,23755,0.54,0.46,29595,883,583184,247361,2668
786,102,138,151,5007,1928,29,23862,0.54,0.46,29627,898,584420,248015,2688
787,113,144,154,5015,1933,29,23862,0.72,0.46,30369,855,586992,249311,2709
788,128,144,153,5016,1935,29,23943,0.72,0.46,30461,844,587144,250427,2711
789,124,140,149,5017,1940,29,24100,0.72,0.46,30512,847,587268,252081,2716
790,123,137,146,5017,1943,29,24100,0.72,0.46,30550,848,587268,253161,2719
791,125,135,144,5018,1946,29,24398,0.72,0.46,30613,846,587393,254125,2723
792,121,131,140,5019,1951,29,24696,0.72,0.46,30644,852,587602,254996,2729
793,117,128,137,5020,1955,29,25040,0.72,0.46,30753,851,587812,255655,2744
794,113,118,136,5020,1956,29,25323,0.72,0.47,30782,849,587812,257202,2745
795,77,123,140,5029,1960,29,25398,0.72,0.47,30840,850,589281,257787,2749
796,28,62,146,5044,1962,29,25471,0.53,0.47,30886,850,592430,258364,2751
797,24,44,162,5061,1962,29,25546,0.52,0.47,30894,849,600283,259052,2751
798,24,40,161,5062,1964,29,25587,0.53,0.47,30894,855,600389,259554,2754
799,22,39,161,5065,1967,29,25587,0.52,0.47,30909,861,600709,259757,2759
800,15,36,163,5069,1967,29,25587,0.53,0.47,30909,861,602247,260048,2759
801,9,25,163,5072,1967,29,25604,0.52,0.47,30909,861,602711,260154,2759
802,10,35,146,5081,1967,29,25604,0.52,0.47,30909,861,604257,260223,2759
803,27,57,159,5097,1968,29,25604,0.52,0.47,30909,864,614905,260414,2761
804,57,79,162,5104,1972,29,25604,0.53,0.47,30933,869,617450,260812,2765
805,64,86,164,5107,1973,29,25620,0.52,0.47,30999,861,618879,261638,2766
806,63,97,158,5114,1986,29,25661,0.52,0.47,31119,884,620940,263917,2783
807,67,108,159,5120,1991,29,25717,0.52,0.47,31252,881,621941,264385,2791
808,42,97,163,5125,1992,29,25717,0.52,0.47,31341,873,623503,264534,2792
809,23,51,162,5127,1995,29,25797,0.52,0.47,31357,880,623722,265084,2795
810,9,27,164,5133,1998,30,25797,0.50,0.48,31404,883,624811,265354,2798
811,5,14,164,5135,1999,30,25797,0.51,0.48,31427,883,625691,265433,2799
812,3,15,158,5139,1999,30,25797,0.51,0.48,31427,883,626772,265615,2799
813,13,30,162,5145,2001,30,25797,0.51,0.48,32804,889,627765,265754,2802
814,24,38,164,5148,2001,30,25813,0.51,0.48,32804,889,628098,265796,2802
815,17,23,148,5153,2002,30,25847,0.50,0.48,32828,889,629728,265964,2803
816,20,35,113,5169,2002,30,25847,0.49,0.48,32836,888,633157,266135,2803
817,14,31,97,5186,2002,30,25847,0.49,0.48,32836,888,638939,266495,2803
818,25,42,106,5203,2002,30,25847,0.50,0.48,32836,888,641901,266636,2803
819,19,44,114,5220,2003,30,25847,0.50,0.48,32844,890,645073,266931,2805
820,31,46,116,5236,2003,30,25847,0.50,0.48,32860,888,647983,267335,2805
821,33,55,117,5253,2003,30,25882,0.49,0.48,32860,888,651142,267688,2805
822,45,62,115,5270,2003,30,25882,0.50,0.48,32860,888,654550,268153,2805
823,42,67,126,5287,2003,30,25896,0.50,0.48,32860,888,657650,268651,2805
824,41,60,135,5304,2003,30,25927,0.52,0.48,32860,888,660955,269118,2805
825,40,74,142,5321,2003,30,25957,0.52,0.48,32860,888,664565,269686,2805
826,71,109,156,5338,2006,30,26029,0.52,0.49,32908,890,669304,270600,2808
827,70,114,163,5347,2008,30,26060,0.52,0.49,32908,895,671045,271838,2810
828,36,110,157,5349,2016,30,26102,0.52,0.49,32939,911,672102,273382,2823
829,30,71,164,5358,2017,30,26120,0.52,0.49,32985,908,673738,274132,2824
830,19,46,165,5365,2017,30,26155,0.51,0.49,33082,895,674623,274297,2824
831,20,41,165,5373,2017,30,26208,0.50,0.49,33082,895,675988,275125,2824
832,10,21,162,5383,2022,30,26240,0.49,0.49,33082,905,678062,275595,2830
833,14,23,166,5394,2022,30,26240,0.49,0.49,33082,905,680606,275765,2830
834,16,33,164,5410,2022,30,26240,0.50,0.49,33082,905,683618,276249,2830
835,27,46,133,5427,2024,30,26240,0.50,0.49,33082,910,687019,276689,2833
836,47,61,132,5444,2027,30,26240,0.72,0.49,33137,913,690194,277209,2842
837,61,86,148,5461,2027,30,26240,0.72,0.49,33156,910,693182,277977,2842
838,78,96,161,5478,2029,30,26256,0.72,0.49,33181,910,696130,278653,2844
839,77,100,158,5494,2031,30,26338,0.50,0.49,33181,916,698842,280259,2846
840,52,84,160,5511,2031,30,26390,0.51,0.49,33181,916,701252,280937,2846
841,55,72,164,5528,2031,30,26390,0.51,0.50,33181,916,703907,281490,2846
842,41,66,166,5536,2031,30,26453,0.51,0.50,33181,916,706011,281915,2846
843,29,46,166,5545,2031,30,26471,0.51,0.50,33181,916,707413,282394,2846
844,33,48,166,5556,2033,30,26471,0.51,0.50,33181,922,709667,283092,2848
845,16,41,152,5568,2037,30,26532,0.51,0.50,33181,930,714776,284383,2853
846,14,44,150,5585,2043,30,26532,0.51,0.50,33201,939,721375,285069,2859
847,24,46,151,5602,2043,30,26542,0.51,0.50,33226,935,726277,285266,2859
848,40,67,151,5618,2043,30,26601,0.51,0.50,33226,935,731080,286091,2859
849,60,97,163,5635,2047,30,26633,0.51,0.50,33252,939,736663,286594,2863
850,91,120,167,5642,2050,30,26668,0.51,0.50,33309,936,739462,287198,2867
851,108,127,163,5647,2056,30,26732,0.51,0.50,33328,945,741373,288716,2874
852,111,125,160,5652,2064,30,26830,0.51,0.50,33367,955,742964,289590,2883
853,109,131,164,5664,2071,30,26963,0.51,0.50,33456,955,745564,290690,2892
854,113,129,161,5670,2080,30,27080,0.50,0.50,33584,953,747188,291586,2902
855,107,122,159,5680,2092,30,27210,0.50,0.50,33692,960,752013,292763,2916
856,112,127,166,5689,2094,30,27403,0.50,0.50,33832,942,755465,295033,2919
857,116,128,164,5690,2097,30,27664,0.50,0.51,33851,948,756126,295742,2922
858,119,133,166,5693,2098,30,28038,0.50,0.51,33871,948,757576,297028,2923
859,121,132,165,5695,2101,30,28364,0.50,0.51,33879,953,757825,297895,2926
860,104,133,166,5697,2102,30,28543,0.50,0.51,33879,956,758075,299189,2928
861,79,122,166,5704,2105,30,28674,0.50,0.51,33911,961,759328,301014,2931
862,60,114,166,5714,2105,30,28674,0.50,0.51,33911,961,762133,302510,2931
863,81,132,168,5717,2105,30,28690,0.50,0.51,33911,961,763057,302699,2940
864,97,141,167,5717,2106,30,28852,0.50,0.51,33911,963,763057,303369,2941
865,63,116,168,5725,2106,30,28949,0.50,0.51,33911,963,764644,304066,2941
866,18,58,166,5733,2110,30,28998,0.49,0.51,33935,972,767183,304496,2947
867,19,28,168,5740,2111,30,28998,0.49,0.51,33984,969,771596,305151,2949
868,14,21,168,5740,2111,30,29020,0.49,0.51,33984,969,771596,305384,2949
869,8,20,161,5744,2111,30,29056,0.49,0.51,33984,969,772927,305446,2949
870,9,16,139,5755,2111,30,29056,0.49,0.51,33984,969,777799,305512,2949
871,14,29,108,5773,2111,30,29056,0.48,0.51,33984,969,785487,305632,2949
872,22,45,88,5790,2111,30,29130,0.47,0.52,33984,969,791899,306238,2949
873,36,57,91,5806,2111,30,29294,0.49,0.52,33984,969,797518,307199,2949
874,50,77,107,5823,2111,30,29326,0.49,0.52,33984,969,801423,307963,2949
875,67,103,135,5852,2112,30,29394,0.49,0.52,33984,971,807029,308769,2957
876,100,124,151,5870,2113,30,29493,0.49,0.52,33984,973,810462,309741,2959
877,114,134,162,5887,2119,30,29640,0.49,0.52,33990,984,815344,310979,2967
878,119,135,167,5895,2122,31,29821,0.49,0.52,34075,977,817917,311731,2972
879,112,126,165,5901,2130,31,29839,0.46,0.52,34107,989,819756,315207,2983
880,78,113,168,5906,2132,31,29876,0.48,0.52,34114,993,823897,316380,2986
881,63,102,169,5908,2133,31,29894,0.48,0.52,34114,995,824937,316899,2988
882,34,48,167,5908,2135,31,29894,0.48,0.52,34114,1000,824937,317366,2991
883,29,40,167,5914,2138,31,29945,0.48,0.53,34138,1006,827911,318208,2995
884,26,47,164,5916,2139,31,29963,0.48,0.53,34162,1006,829114,318617,2997
885,29,43,157,5921,2140,31,29963,0.48,0.53,34162,1009,831106,318977,2999
886,27,36,153,5933,2140,31,29963,0.48,0.53,34186,1006,835259,319319,2999
887,27,44,133,5949,2140,31,29963,0.48,0.53,34211,1003,841480,319982,2999
888,22,44,135,5967,2143,31,30009,0.48,0.53,34211,1010,849410,320635,3005
889,36,56,152,5984,2143,31,30032,0.48,0.53,34211,1010,856884,321042,3005
890,49,71,151,6001,2143,31,30032,0.47,0.53,34211,1010,860977,321862,3005
891,43,62,155,6019,2144,31,30045,0.47,0.53,34211,1012,870078,322685,3007
892,48,63,161,6036,2144,31,30045,0.47,0.53,34211,1012,876994,323101,3007
893,39,57,169,6053,2144,31,30045,0.47,0.54,34211,1012,884956,323822,3007
894,36,48,170,6064,2144,31,30065,0.47,0.54,34211,1012,889422,324373,3007
895,39,56,170,6081,2144,31,30065,0.47,0.54,34211,1012,892761,325639,3007
896,41,54,154,6098,2144,31,30079,0.47,0.54,34211,1012,897511,326298,3007
897,31,49,157,6116,2146,31,30091,0.47,0.54,34211,1017,904906,326682,3009
898,22,45,157,6133,2149,31,30114,0.47,0.54,34211,1023,913025,328078,3013
899,26,57,159,6150,2149,31,30114,0.47,0.54,34211,1023,917400,328670,3013
900,51,84,171,6169,2150,31,30114,0.44,0.54,34211,1025,922864,329108,3014
901,58,96,168,6170,2154,31,30114,0.46,0.54,34211,1035,923247,330899,3020
902,72,111,167,6172,2157,31,30114,0.47,0.54,34277,1039,923796,331551,3024
903,95,123,167,6175,2160,31,30132,0.47,0.54,34332,1042,924621,332545,3028
904,88,118,166,6181,2166,31,30195,0.46,0.55,34392,1055,926274,334281,3037
905,90,119,177,6195,2166,31,30195,0.46,0.55,34441,1052,928690,335271,3037
906,93,120,171,6196,2170,31,30221,0.46,0.55,34485,1059,929356,336962,3042
907,79,117,158,6203,2189,31,30286,0.44,0.55,34501,1104,934194,341139,3066
908,75,115,159,6222,2207,31,30286,0.44,0.55,34678,1135,936768,343195,3090
909,80,111,164,6238,2218,31,30295,0.44,0.55,34918,1148,941070,345365,3104
910,63,97,170,6245,2219,31,30341,0.44,0.55,35002,1143,943026,346344,3105
911,25,67,171,6249,2219,31,30354,0.43,0.55,35002,1143,944003,346948,3105
912,4,33,171,6250,2219,31,30354,0.67,0.55,35002,1143,944250,347362,3105
913,7,27,171,6260,2219,31,30354,0.67,0.55,35026,1140,945809,347551,3105
914,12,37,166,6273,2220,31,30354,0.67,0.56,35026,1142,947767,348034,3107
915,18,37,163,6286,2226,31,30381,0.44,0.56,35026,1156,950775,349266,3116
916,28,46,159,6300,2227,31,30403,0.44,0.56,35093,1152,957990,349630,3117
917,41,59,149,6318,2228,31,30403,0.44,0.56,35127,1152,962986,350087,3119
918,37,70,127,6335,2228,31,30403,0.44,0.56,35127,1152,968405,351173,3119
919,37,79,134,6353,2229,31,30416,0.44,0.56,35127,1154,972980,352300,3120
920,41,78,144,6370,2230,31,30431,0.43,0.56,35127,1156,981238,353006,3121
921,35,65,154,6387,2232,31,30431,0.43,0.56,35127,1160,988673,353933,3124
922,36,67,162,6405,2232,31,30452,0.43,0.56,35127,1160,992811,354268,3124
923,43,64,166,6422,2233,31,30452,0.43,0.56,35127,1162,996090,355040,3125
924,36,58,172,6432,2234,31,30452,0.42,0.57,35127,1164,998914,355249,3126
925,23,66,170,6441,2235,31,30462,0.43,0.57,35127,1166,1001711,355615,3127
926,44,103,172,6449,2236,31,30462,0.43,0.57,35135,1167,1004339,356151,3129
927,83,120,170,6449,2238,31,30462,0.43,0.57,35160,1169,1004339,357736,3131
928,129,137,169,6451,2241,31,30481,0.42,0.57,35194,1172,1004574,360026,3136
929,122,135,164,6459,2254,31,30481,0.42,0.57,35194,1205,1007000,363270,3153
930,53,132,172,6467,2254,31,30481,0.43,0.57,35244,1199,1009770,363730,3153
931,26,113,172,6467,2254,31,30502,0.43,0.57,35244,1199,1009770,364189,3153
932,9,67,171,6470,2255,31,30523,0.43,0.57,35244,1201,1012620,364315,3154
933,6,53,169,6476,2255,31,30523,0.43,0.57,35244,1201,1013691,364393,3154
934,12,64,169,6483,2255,31,30523,0.43,0.58,35244,1201,1015839,364515,3154
935,17,55,166,6490,2255,31,30523,0.43,0.58,35244,1201,1020205,364890,3154
936,25,63,161,6500,2255,31,30549,0.43,0.58,35244,1201,1022124,365500,3154
937,54,103,170,6514,2260,31,30549,0.43,0.58,35244,1212,1027892,367374,3171
938,82,123,161,6518,2273,31,30549,0.43,0.58,35244,1246,1028676,369015,3189
939,86,128,164,6531,2280,31,30549,0.43,0.58,35512,1246,1037379,369815,3201
940,81,106,151,6544,2280,31,30549,0.43,0.58,35572,1241,1042794,370605,3201
941,78,88,162,6562,2280,31,30549,0.43,0.58,35572,1241,1048310,370984,3201
942,32,94,173,6573,2280,31,30563,0.43,0.58,35572,1241,1052874,371365,3201
943,42,103,172,6574,2282,31,30577,0.43,0.58,35572,1245,1053057,372013,3204
944,58,124,172,6575,2283,31,30577,0.43,0.59,35589,1245,1053180,372434,3205
945,82,128,168,6576,2288,31,30577,0.43,0.59,35605,1258,1053303,373270,3211
946,65,110,170,6585,2294,31,30577,0.43,0.59,35666,1267,1056713,373936,3225
947,84,125,173,6588,2294,31,30577,0.72,0.59,35715,1267,1057257,374443,3234
948,101,116,162,6591,2308,31,30577,0.72,0.59,35715,1305,1057729,376522,3266
949,86,104,160,6599,2317,31,30596,0.72,0.59,35723,1329,1062094,377680,3292
950,20,101,161,6612,2317,31,30596,0.43,0.59,35825,1318,1065476,377869,3292
951,17,51,173,6624,2317,31,30596,0.43,0.59,35825,1318,1068380,378351,3292
952,22,33,173,6635,2317,31,30596,0.43,0.59,35825,1318,1071948,378625,3292
953,12,29,174,6643,2317,31,30596,0.42,0.59,35842,1316,1074040,379007,3292
954,13,27,173,6658,2319,31,30596,0.40,0.59,35850,1321,1079249,379338,3296
955,18,33,174,6674,2319,31,30608,0.41,0.59,35875,1318,1086296,379644,3296
956,28,33,174,6687,2319,31,30608,0.42,0.59,35875,1318,1090148,380211,3296
957,24,44,174,6699,2319,31,30715,0.42,0.59,35875,1318,1094236,380970,3296
958,26,54,174,6711,2319,31,30745,0.41,0.60,35875,1318,1098271,381483,3296
959,44,67,174,6718,2319,31,30745,0.41,0.60,35875,1318,1099629,381935,3307
960,53,81,174,6718,2319,31,30796,0.41,0.60,35875,1318,1099629,383384,3307
961,48,79,172,6718,2321,31,30796,0.41,0.60,35875,1322,1099629,385032,3313
962,24,73,174,6726,2321,31,30796,0.42,0.60,35875,1322,1101140,385645,3313
963,53,87,169,6738,2322,31,30796,0.42,0.60,35875,1325,1104675,385847,3315
964,75,108,166,6744,2330,31,30796,0.42,0.60,35875,1347,1107624,386746,3337
965,84,134,168,6756,2340,31,30813,0.42,0.60,35937,1363,1111339,388587,3357
966,99,131,162,6767,2356,31,30847,0.42,0.60,36220,1365,1117056,389781,3397
967,80,114,139,6779,2391,31,31001,0.41,0.60,36672,1379,1120747,394559,3491
968,58,107,139,6795,2407,32,31178,0.41,0.60,37152,1352,1128414,398220,3531
969,59,108,155,6812,2408,32,31233,0.41,0.60,37245,1343,1132523,399667,3533
970,45,97,170,6829,2410,32,31397,0.40,0.60,37253,1347,1141030,400750,3537
971,38,71,173,6836,2413,32,31416,0.40,0.60,37304,1348,1142922,402320,3545
972,30,50,175,6840,2413,32,31549,0.41,0.61,37329,1345,1144094,403159,3545
973,25,38,175,6845,2413,32,31549,0.41,0.61,37329,1345,1145851,403533,3545
974,14,38,175,6857,2413,32,31597,0.41,0.61,37361,1341,1153372,404471,3545
975,18,28,167,6869,2415,32,31597,0.41,0.61,37370,1346,1159260,405123,3551
976,24,40,145,6885,2415,32,31597,0.41,0.61,37370,1346,1166084,406017,3551
977,25,45,149,6902,2415,32,31597,0.41,0.61,37378,1345,1172136,406283,3551
978,25,45,134,6919,2415,32,31621,0.41,0.61,37435,1339,1177159,406861,3551
979,32,52,133,6936,2415,32,31621,0.41,0.61,37435,1339,1184313,407682,3551
980,21,58,132,6954,2415,32,31621,0.41,0.61,37435,1339,1190298,408281,3551
981,30,60,141,6971,2416,32,31670,0.41,0.61,37451,1340,1198163,408694,3552
982,41,60,155,6987,2416,32,31715,0.41,0.61,37451,1340,1204755,410176,3552
983,44,79,168,7004,2416,32,31715,0.41,0.61,37451,1340,1211119,410795,3552
984,72,108,176,7012,2416,32,31803,0.41,0.61,37451,1340,1213122,411594,3552
985,115,130,174,7012,2418,32,31822,0.41,0.61,37451,1344,1213122,413432,3555
986,74,123,168,7014,2426,32,31822,0.41,0.61,37465,1364,1213701,417063,3565
987,38,117,172,7022,2430,32,31822,0.41,0.62,37611,1359,1216174,417974,3570
988,43,133,176,7026,2430,32,31822,0.41,0.62,37668,1351,1217012,418865,3570
989,59,136,173,7026,2433,32,31822,0.41,0.62,37744,1347,1217012,419859,3574
990,95,147,181,7045,2444,32,31947,0.41,0.62,37774,1367,1223032,422923,3588
991,84,147,173,7045,2452,32,32072,0.41,0.62,37831,1378,1223032,425332,3599
992,51,140,173,7048,2455,33,32177,0.41,0.62,39986,1381,1223714,427523,3610
993,32,120,174,7054,2460,33,32177,0.41,0.62,40002,1390,1225318,428903,3616
994,22,42,176,7056,2460,33,32197,0.41,0.62,40099,1378,1225909,429200,3616
995,15,26,176,7057,2460,33,32197,0.41,0.62,40099,1378,1226858,429429,3616
996,5,15,176,7059,2460,33,32197,0.40,0.62,40141,1373,1228108,429535,3616
997,1,16,175,7063,2460,33,32197,0.40,0.62,40141,1373,1230613,429588,3616
998,12,25,177,7068,2460,33,32197,0.40,0.62,40141,1373,1231748,429588,3616
999,14,23,165,7072,2460,33,32197,0.39,0.62,40141,1373,1232467,429817,3616
1000,10,30,128,7088,2460,33,32214,0.38,0.62,40141,1373,1236876,430055,3616
1001,17,24,86,7105,2462,33,32214,0.37,0.62,40141,1379,1241115,430466,3619
1002,21,32,95,7122,2462,33,32214,0.37,0.63,40150,1378,1248337,430864,3619
1003,21,39,97,7139,2462,33,32239,0.38,0.63,40150,1378,1255153,431326,3619
1004,15,44,111,7156,2463,33,32239,0.39,0.63,40150,1381,1268274,432156,3620
1005,14,28,120,7172,2463,33,32239,0.40,0.63,40150,1381,1276744,432435,3620
1006,17,36,129,7189,2463,33,32239,0.39,0.63,40150,1381,1280295,432671,3620
1007,31,55,146,7206,2463,33,32239,0.39,0.63,40150,1381,1291524,433199,3620
1008,51,83,163,7223,2463,33,32258,0.39,0.63,40150,1381,1299140,434337,3620
1009,88,118,177,7237,2463,33,32288,0.40,0.63,40150,1381,1302890,435886,3620
1010,102,127,175,7238,2466,33,32307,0.39,0.63,40150,1387,1303630,438324,3626
1011,63,125,177,7240,2466,33,32346,0.36,0.63,40150,1387,1304644,438993,3626
1012,28,84,177,7241,2467,33,32346,0.36,0.63,40150,1389,1305389,439383,3628
1013,17,44,170,7242,2467,33,32346,0.36,0.63,40150,1389,1306134,439541,3628
1014,14,35,178,7250,2467,33,32346,0.36,0.63,40150,1389,1311674,439756,3628
1015,18,68,178,7261,2467,33,32346,0.37,0.63,40150,1389,1316044,440059,3628
1016,60,72,177,7261,2468,33,32346,0.37,0.64,40150,1391,1316044,440822,3640
1017,60,73,171,7262,2475,33,32346,0.37,0.64,40150,1405,1316233,442812,3649
1018,61,71,177,7272,2479,33,32346,0.36,0.64,40150,1413,1319934,444425,3654
1019,68,78,177,7279,2480,33,32346,0.36,0.64,40150,1415,1323088,444935,3655
1020,60,90,166,7281,2493,33,32364,0.36,0.64,40150,1441,1323645,446909,3671
1021,65,116,167,7297,2508,33,32364,0.37,0.64,40206,1463,1327858,449884,3691
1022,72,121,173,7308,2513,33,32384,0.37,0.64,40268,1464,1331674,450953,3697
1023,94,134,178,7313,2513,33,32384,0.37,0.64,40268,1464,1332630,451934,3697
1024,95,133,177,7314,2515,33,32384,0.37,0.64,40268,1470,1332912,454520,3699
1025,100,135,178,7315,2515,33,32457,0.37,0.64,40268,1470,1333938,455493,3699
1026,96,134,176,7316,2518,33,32496,0.72,0.64,40291,1479,1335482,456888,3702
1027,98,142,174,7319,2523,33,32516,0.72,0.64,40361,1485,1336243,458553,3710
1028,106,142,174,7321,2525,33,32590,0.72,0.64,40369,1488,1337212,459852,3712
1029,96,134,179,7327,2526,33,32590,0.72,0.64,40396,1488,1338767,460793,3714
1030,62,75,178,7327,2527,33,32590,0.37,0.64,40405,1490,1338767,461329,3715
1031,18,33,179,7329,2527,33,32590,0.37,0.65,40448,1485,1339418,461585,3715
1032,5,16,179,7334,2527,33,32590,0.37,0.65,40448,1485,1342160,461854,3715
1033,7,24,179,7345,2528,33,32590,0.37,0.65,40448,1488,1346850,461968,3717
1034,11,25,179,7349,2528,33,32590,0.37,0.65,40466,1486,1348005,462157,3717
1035,9,27,177,7362,2528,33,32608,0.37,0.65,40501,1482,1355498,462976,3717
1036,19,41,168,7377,2529,33,32608,0.37,0.65,40501,1485,1359656,463254,3718
1037,25,47,123,7394,2529,33,32608,0.37,0.65,40519,1483,1367490,463587,3718
1038,16,52,107,7411,2529,33,32608,0.37,0.65,40519,1483,1373475,464454,3718
1039,19,50,106,7427,2529,33,32608,0.37,0.65,40519,1483,1378557,464761,3718
1040,30,50,121,7444,2529,33,32608,0.38,0.65,40519,1483,1384493,465409,3718
1041,32,58,136,7461,2529,33,32628,0.38,0.65,40519,1483,1389428,466610,3718
1042,36,59,145,7478,2529,33,32628,0.38,0.65,40519,1483,1393639,467323,3718
1043,36,67,152,7495,2529,33,32628,0.38,0.65,40519,1483,1398089,468088,3718
1044,46,86,159,7512,2529,33,32628,0.38,0.65,40519,1483,1404263,470081,3718
1045,42,90,169,7529,2530,33,32671,0.38,0.66,40519,1486,1409602,471582,3720
1046,30,69,175,7546,2530,33,32724,0.38,0.66,40519,1486,1416881,472831,3720
1047,25,64,165,7560,2532,33,32724,0.37,0.66,40584,1484,1423770,473507,3723
1048,21,57,171,7576,2532,33,32724,0.38,0.66,40647,1477,1433006,473845,3723
1049,24,70,176,7593,2532,33,32744,0.35,0.66,41451,1398,1440587,475337,3723
1050,33,80,177,7598,2535,33,32744,0.35,0.66,41681,1386,1442229,475988,3726
1051,64,96,180,7601,2535,33,32782,0.38,0.66,41745,1377,1444083,476567,3726
1052,67,119,173,7603,2544,33,32802,0.35,0.66,41745,1395,1444745,478419,3737
1053,82,93,178,7610,2546,33,32860,0.34,0.66,41773,1395,1446402,479205,3740
1054,53,80,179,7612,2547,33,32900,0.58,0.66,41773,1398,1446900,479423,3742
1055,22,79,179,7613,2548,33,32917,0.58,0.66,41773,1401,1447315,479710,3743
1056,2,67,177,7614,2551,33,32917,0.58,0.66,41797,1404,1447524,480349,3747
1057,7,49,179,7619,2552,33,32917,0.36,0.66,41797,1406,1449505,480846,3749
1058,6,26,176,7625,2553,33,32917,0.36,0.66,41831,1405,1451520,481279,3750
1059,12,33,181,7632,2553,33,32917,0.34,0.67,41831,1405,1455473,481481,3750
1060,17,48,179,7634,2557,33,32917,0.34,0.67,41831,1413,1456205,482152,3755
1061,22,59,180,7636,2558,33,32917,0.34,0.67,41831,1415,1457897,483146,3757
1062,20,65,176,7637,2563,33,32938,0.34,0.67,41831,1425,1458321,484050,3765
1063,17,86,178,7643,2567,33,32978,0.34,0.67,41902,1423,1460798,484888,3769
1064,25,97,181,7646,2567,33,33036,0.34,0.67,41979,1412,1461480,485791,3769
1065,26,102,181,7648,2568,33,33056,0.34,0.67,42001,1411,1462192,486949,3771
1066,26,101,180,7648,2569,33,33114,0.34,0.67,42029,1409,1462192,487958,3772
1067,26,99,178,7651,2574,33,33189,0.34,0.67,42029,1423,1463095,489504,3779
1068,36,102,179,7656,2576,33,33354,0.34,0.67,42029,1429,1464574,490416,3782
1069,46,106,182,7660,2576,33,33537,0.34,0.67,42037,1428,1465682,491832,3782
1070,41,104,180,7660,2578,33,33719,0.34,0.67,42053,1432,1465682,493052,3784
1071,54,105,181,7661,2578,33,34027,0.34,0.67,42138,1422,1466000,493929,3784
1072,41,106,180,7663,2581,33,34179,0.34,0.67,42146,1428,1466478,496314,3787
1073,52,103,176,7665,2585,33,34331,0.34,0.67,42155,1438,1467671,496921,3798
1074,40,102,177,7675,2594,33,34371,0.72,0.68,42182,1458,1473546,499133,3813
1075,42,109,181,7680,2595,33,34500,0.72,0.68,42191,1459,1474834,500135,3814
1076,53,106,180,7681,2597,33,34576,0.72,0.68,42216,1461,1475054,501104,3816
1077,70,99,181,7685,2599,33,34612,0.33,0.68,42252,1461,1477918,503425,3818
1078,60,79,181,7701,2600,33,34653,0.34,0.68,42270,1462,1485891,504608,3820
1079,21,54,174,7718,2600,33,34693,0.34,0.68,42279,1461,1498836,504995,3820
1080,23,45,170,7735,2600,33,34693,0.35,0.68,42279,1461,1509506,505662,3820
1081,33,55,177,7752,2600,33,34734,0.34,0.68,42279,1461,1523667,506540,3820
1082,37,55,182,7757,2600,33,34754,0.35,0.68,42279,1461,1526459,506958,3820
1083,33,48,182,7762,2600,33,34754,0.35,0.68,42279,1461,1529079,508466,3820
1084,24,58,177,7775,2600,33,34754,0.32,0.68,42279,1461,1537167,508962,3820
1085,44,75,177,7792,2601,33,34779,0.32,0.68,42279,1464,1551046,509346,3821
1086,55,91,182,7797,2601,33,34829,0.32,0.68,42279,1464,1552549,511202,3821
1087,53,71,179,7801,2607,33,34829,0.32,0.68,42279,1476,1554139,512385,3829
1088,52,86,147,7817,2609,33,34883,0.32,0.69,42279,1478,1560102,513822,3831
1089,72,96,157,7834,2613,33,34910,0.32,0.69,42297,1481,1567536,515163,3836
1090,52,76,156,7851,2613,33,34989,0.33,0.69,42297,1481,1584209,516154,3836
1091,31,60,164,7869,2613,33,34989,0.32,0.69,42306,1480,1594605,517191,3836
1092,39,50,171,7886,2613,33,34989,0.32,0.69,42306,1480,1601828,517740,3836
1093,12,42,175,7903,2613,33,34989,0.33,0.69,42306,1480,1620871,518182,3836
1094,12,63,166,7921,2613,33,34989,0.33,0.69,42306,1480,1630499,518955,3836
1095,30,98,181,7938,2614,33,34989,0.33,0.69,42306,1481,1639236,519439,3838
1096,85,113,181,7941,2617,33,34989,0.33,0.69,42315,1483,1640112,520179,3842
1097,84,128,182,7944,2619,33,34989,0.33,0.69,42315,1486,1640739,522925,3844
1098,98,127,178,7945,2624,33,35014,0.33,0.69,42333,1491,1641054,525075,3851
1099,110,131,181,7952,2628,33,35098,0.33,0.69,42390,1491,1644312,526823,3855
1100,88,115,166,7958,2649,33,35200,0.33,0.69,42457,1506,1649059,530617,3884
1101,103,123,178,7976,2655,33,35345,0.33,0.69,42508,1507,1661527,531717,3893
1102,95,125,177,7984,2664,33,35345,0.33,0.70,42517,1516,1665976,533311,3905
1103,83,125,175,7991,2673,33,35439,0.33,0.70,42635,1511,1670438,535258,3916
1104,99,133,184,8000,2673,34,35501,0.33,0.70,42702,1503,1675913,536257,3916
1105,100,136,183,8001,2675,34,35626,0.33,0.70,42729,1502,1676661,540172,3919
1106,92,135,183,8002,2676,34,35726,0.33,0.70,42837,1491,1677411,541370,3920
1107,97,126,177,8003,2683,34,35873,0.33,0.70,42846,1497,1678162,542759,3927
1108,89,127,176,8012,2692,34,35965,0.33,0.70,42846,1507,1681068,544825,3939
1109,89,133,180,8020,2696,34,36015,0.33,0.70,42892,1508,1684305,545574,3945
1110,99,138,184,8024,2696,34,36076,0.33,0.70,42980,1498,1687376,547203,3945
1111,124,137,182,8026,2700,34,36210,0.33,0.70,43016,1500,1688397,550905,3951
1112,179,190,236,8081,2700,34,36285,0.31,0.70,43080,1493,1700131,555529,3951
1113,175,192,236,8085,2702,34,36420,0.31,0.70,43089,1496,1700973,564320,3954
1114,141,177,220,8085,2717,34,36460,0.31,0.70,43111,1515,1700973,569817,3974
1115,35,150,206,8085,2721,34,36488,0.31,0.70,43169,1513,1700973,570680,3980
1116,26,157,202,8085,2721,34,36488,0.33,0.71,43179,1511,1700973,571564,3980
1117,69,165,200,8085,2723,34,36543,0.33,0.71,43179,1513,1700973,571986,3982
1118,142,158,188,8085,2735,34,36543,0.31,0.71,43204,1521,1700973,574375,4000
1119,135,138,175,8089,2750,34,36884,0.30,0.71,43234,1533,1702526,579131,4019
1120,113,143,185,8103,2750,34,36934,0.32,0.71,43264,1527,1706925,579919,4019
1121,134,155,191,8109,2750,34,36934,0.32,0.71,43264,1527,1708169,580178,4019
1122,133,158,187,8109,2754,34,36984,0.32,0.71,43264,1531,1708169,583774,4025
1123,139,151,179,8109,2762,34,36984,0.32,0.71,43284,1540,1708169,586420,4036
1124,140,151,179,8115,2768,34,37099,0.32,0.71,43347,1542,1709495,588599,4043
1125,134,144,173,8123,2782,34,37241,0.30,0.71,43375,1552,1713434,593072,4061
1126,140,149,182,8135,2784,34,37278,0.30,0.71,43408,1550,1721842,594546,4064
1127,137,138,174,8144,2795,34,37303,0.31,0.71,43436,1557,1726145,597851,4077
1128,95,95,180,8160,2795,34,37314,0.31,0.71,43464,1554,1733150,599437,4077
1129,48,54,181,8166,2796,34,37364,0.30,0.71,43474,1555,1737696,599823,4078
1130,22,29,182,8170,2796,34,37364,0.30,0.72,43474,1555,1740202,600271,4078
1131,14,20,175,8173,2796,34,37364,0.30,0.72,43474,1555,1742601,600500,4078
1132,19,24,163,8184,2796,34,37364,0.30,0.72,43474,1555,1750620,600651,4078
1133,17,37,142,8201,2796,34,37376,0.30,0.72,43474,1555,1762024,601486,4078
1134,29,60,156,8218,2797,34,37376,0.29,0.72,43474,1556,1772487,601892,4090
1135,60,86,173,8238,2797,34,37387,0.29,0.72,43483,1555,1791197,602661,4090
1136,64,98,166,8251,2797,34,37387,0.30,0.72,43483,1555,1799421,604003,4090
1137,52,86,183,8268,2797,34,37400,0.29,0.72,43483,1555,1818232,604873,4090
1138,56,83,173,8286,2797,34,37449,0.30,0.72,43483,1555,1834674,605546,4090
1139,25,72,179,8303,2797,34,37449,0.31,0.72,43507,1552,1850435,606525,4090
1140,31,53,186,8315,2797,34,37449,0.31,0.72,43507,1552,1856873,606807,4090
1141,32,41,187,8321,2797,34,37449,0.31,0.72,43507,1552,1861446,607521,4090
1142,20,34,186,8330,2797,34,37449,0.31,0.72,43507,1552,1865916,607833,4090
1143,20,42,180,8347,2797,34,37449,0.31,0.72,43507,1552,1878941,608372,4090
1144,28,47,179,8365,2797,34,37449,0.31,0.73,43507,1552,1896385,609649,4090
1145,29,50,182,8382,2797,34,37449,0.31,0.73,43507,1552,1903619,610429,4090
1146,41,59,165,8399,2797,34,37550,0.31,0.73,43507,1552,1915655,611344,4090
1147,36,70,175,8417,2797,34,37550,0.31,0.73,43507,1552,1924838,612253,4090
1148,38,69,177,8434,2797,34,37550,0.30,0.73,43507,1552,1939401,612802,4090
1149,34,62,185,8451,2797,34,37550,0.30,0.73,43507,1552,1950260,613369,4090
1150,28,66,187,8464,2797,34,37601,0.29,0.73,43507,1552,1962158,614898,4090
1151,45,90,184,8477,2797,34,37627,0.29,0.73,43507,1552,1973731,615397,4090
1152,86,112,187,8481,2797,34,37680,0.29,0.73,43507,1552,1974697,616484,4090
1153,103,123,186,8482,2798,34,37728,0.29,0.73,43507,1553,1975545,618746,4092
1154,104,126,191,8491,2802,34,37765,0.29,0.73,43507,1557,1979402,622658,4097
1155,111,134,192,8501,2811,34,37783,0.29,0.73,43507,1566,1981795,629428,4108
1156,118,127,184,8501,2819,34,37851,0.29,0.73,43553,1569,1981795,632815,4121
1157,109,120,178,8505,2829,34,37987,0.29,0.73,43590,1575,1984611,634896,4134
1158,101,120,176,8519,2845,34,38061,0.29,0.74,43665,1584,1991609,638888,4155
1159,85,122,179,8528,2851,34,38061,0.29,0.74,43702,1586,1998628,640558,4163
1160,83,129,182,8541,2857,34,38061,0.29,0.74,43764,1586,2011711,641503,4170
1161,98,129,179,8547,2866,34,38087,0.29,0.74,43853,1589,2014060,644530,4183
1162,99,127,180,8556,2874,34,38087,0.29,0.74,43881,1594,2019024,647406,4193
1163,105,128,180,8564,2882,34,38087,0.29,0.74,43961,1594,2023152,648688,4204
1164,103,136,179,8577,2895,34,38184,0.29,0.74,44076,1592,2032453,651615,4219
1165,132,154,191,8592,2898,34,38201,0.29,0.74,44328,1565,2040927,654370,4223
1166,148,186,211,8618,2904,34,38395,0.29,0.74,44453,1565,2047182,661253,4231
1167,152,182,209,8618,2906,34,38421,0.29,0.74,44539,1563,2047182,667392,4234
1168,129,175,207,8618,2908,34,38475,0.29,0.74,44539,1565,2047182,668645,4237
1169,111,130,212,8624,2909,34,38592,0.29,0.74,44539,1566,2048610,669833,4238
1170,66,79,220,8632,2909,34,38600,0.29,0.74,44548,1565,2050510,671397,4238
1171,25,51,220,8632,2909,34,38600,0.29,0.74,44548,1565,2050510,671601,4238
1172,4,17,212,8632,2909,34,38600,0.29,0.75,44548,1565,2050510,671654,4238
1173,0,1,199,8632,2909,34,38600,0.30,0.75,44548,1565,2050510,671654,4238
1174,0,6,172,8636,2909,34,38600,0.29,0.75,44548,1565,2052974,671654,4238
1175,10,25,171,8654,2909,34,38600,0.29,0.75,44548,1565,2062510,672045,4238
1176,18,54,186,8671,2909,34,38600,0.29,0.75,44548,1565,2076956,672603,4238
1177,36,71,189,8675,2909,34,38600,0.29,0.75,44548,1565,2080113,673092,4238
1178,25,60,174,8681,2911,34,38600,0.29,0.75,44548,1568,2086450,673996,4241
1179,27,43,150,8698,2911,34,38671,0.29,0.75,44548,1568,2096247,674483,4241
1180,26,59,154,8716,2911,34,38671,0.29,0.75,44548,1568,2105110,674766,4241
1181,16,53,160,8734,2911,34,38682,0.29,0.76,44548,1568,2119127,675512,4241
1182,30,50,171,8751,2911,34,38682,0.29,0.76,44548,1568,2129089,676115,4241
1183,41,58,160,8771,2911,34,38682,0.28,0.76,44548,1568,2140267,677734,4241
1184,32,54,159,8788,2911,34,38697,0.28,0.76,44560,1566,2158022,678504,4241
1185,41,60,160,8806,2911,34,38697,0.28,0.76,44591,1561,2168314,679013,4241
1186,44,59,163,8824,2911,34,38714,0.28,0.76,44597,1560,2175842,680531,4241
1187,47,62,170,8841,2911,34,38731,0.28,0.76,44597,1560,2185682,682037,4241
1188,56,72,177,8859,2911,34,38800,0.44,0.76,44646,1552,2198985,683123,4241
1189,48,62,166,8873,2912,34,38867,0.44,0.76,44689,1547,2210090,683963,4243
1190,30,63,162,8890,2912,34,38891,0.28,0.77,44761,1535,2227470,684448,4243
1191,37,66,165,8908,2912,34,38946,0.26,0.77,44773,1533,2239380,685357,4243
1192,35,59,164,8926,2912,34,38970,0.25,0.77,44773,1533,2255799,686342,4243
1193,37,66,177,8943,2912,34,38970,0.26,0.77,44773,1533,2268335,687031,4243
1194,40,66,186,8956,2912,34,38986,0.25,0.77,44773,1533,2277057,687560,4243
1195,34,53,182,8961,2912,34,39011,0.26,0.77,44791,1531,2280440,688423,4243
1196,32,50,173,8969,2912,34,39011,0.26,0.77,44791,1531,2288613,688856,4243
1197,25,55,174,8986,2912,34,39011,0.26,0.77,44822,1527,2299118,689824,4243
1198,24,53,190,9002,2912,34,39011,0.26,0.77,44822,1527,2311630,690552,4243
1199,35,67,180,9020,2912,34,39011,0.26,0.78,44852,1523,2320472,691123,4243
1200,55,77,185,9038,2912,34,39011,0.26,0.78,44914,1515,2333601,692614,4243
1201,53,70,190,9051,2912,34,39059,0.26,0.78,44914,1515,2343088,693591,4243
1202,53,66,190,9066,2912,34,39076,0.25,0.78,44914,1515,2353368,694014,4243
1203,53,69,190,9078,2912,34,39076,0.25,0.78,44914,1515,2360489,695284,4243
1204,39,66,190,9094,2912,34,39124,0.25,0.78,44914,1515,2370681,696365,4243
1205,36,63,190,9103,2912,34,39149,0.25,0.78,44914,1515,2373958,697275,4243
1206,32,67,188,9117,2912,34,39149,0.25,0.78,44914,1515,2394531,698246,4243
1207,39,61,188,9132,2912,34,39149,0.25,0.78,44914,1515,2416744,699044,4243
1208,41,65,181,9148,2912,34,39149,0.25,0.79,44914,1515,2430201,699378,4243
1209,37,70,188,9166,2912,34,39149,0.25,0.79,44914,1515,2446935,700606,4243
1210,44,71,188,9182,2912,34,39149,0.25,0.79,44914,1515,2455347,701435,4243
1211,49,78,191,9196,2912,34,39149,0.25,0.79,44914,1515,2469648,702213,4243
1212,57,86,187,9210,2912,34,39161,0.25,0.79,44914,1515,2488697,702884,4243
1213,65,75,191,9220,2912,34,39161,0.25,0.79,44914,1515,2497070,703585,4243
1214,47,66,191,9225,2912,34,39161,0.25,0.79,44914,1515,2504277,704269,4243
1215,31,62,191,9239,2912,34,39161,0.25,0.79,44914,1515,2518635,704573,4243
1216,35,54,182,9252,2912,34,39161,0.24,0.79,44914,1515,2528060,704814,4243
1217,40,57,191,9266,2912,34,39161,0.24,0.80,44926,1513,2535923,706124,4243
1218,50,59,191,9277,2912,34,39173,0.25,0.80,44950,1509,2542806,707029,4243
1219,50,66,188,9290,2912,34,39185,0.25,0.80,44950,1509,2548677,707732,4243
1220,46,65,176,9302,2912,34,39185,0.26,0.80,44974,1505,2555773,708429,4243
1221,55,68,171,9320,2912,34,39185,0.27,0.80,44974,1505,2570578,708884,4243
1222,58,73,181,9337,2912,34,39185,0.27,0.80,45039,1494,2581846,709679,4243
1223,56,72,192,9353,2912,34,39185,0.28,0.80,45061,1491,2592075,710886,4243
1224,51,78,184,9362,2912,34,39185,0.38,0.80,45067,1490,2599199,711624,4243
1225,66,77,190,9379,2912,34,39234,0.38,0.80,45078,1488,2610761,712391,4243
1226,52,72,186,9390,2912,34,39287,0.29,0.81,45078,1488,2626412,712855,4243
1227,41,62,192,9405,2912,34,39332,0.29,0.81,45078,1488,2641511,713769,4243
1228,30,56,190,9413,2912,34,39356,0.28,0.81,45078,1488,2653691,714487,4243
1229,39,66,192,9424,2912,34,39356,0.27,0.81,45078,1488,2659899,714964,4243
1230,36,51,192,9428,2912,34,39389,0.26,0.81,45078,1488,2662492,715443,4243
1231,28,46,192,9437,2912,34,39389,0.25,0.81,45078,1488,2667303,715802,4243
1232,18,48,177,9447,2912,34,39448,0.24,0.81,45078,1488,2681121,716460,4243
1233,34,57,177,9465,2912,34,39461,0.24,0.81,45078,1488,2695357,716823,4243
1234,44,67,186,9483,2912,34,39461,0.23,0.81,45078,1488,2706884,718321,4243
1235,37,67,180,9493,2912,34,39461,0.23,0.82,45078,1488,2713765,719063,4243
1236,60,78,178,9510,2912,34,39461,0.23,0.82,45078,1488,2723643,719332,4243
1237,52,82,180,9528,2912,34,39536,0.23,0.82,45078,1488,2740756,720795,4243
1238,79,111,192,9545,2912,34,39674,0.23,0.82,45078,1488,2750948,722011,4243
1239,95,120,190,9550,2916,34,39866,0.23,0.82,45098,1496,2752594,723990,4250
1240,103,133,193,9554,2916,34,39866,0.23,0.82,45196,1488,2755178,725312,4250
1241,130,151,193,9555,2916,34,39866,0.72,0.82,45196,1488,2755846,726506,4263
1242,134,151,190,9556,2920,34,39905,0.72,0.82,45196,1496,2756611,731660,4270
1243,139,156,190,9559,2923,34,39959,0.72,0.82,45205,1503,2758729,736168,4276
1244,140,153,185,9564,2933,34,40851,0.72,0.82,45510,1504,2760729,744200,4300
1245,114,143,173,9581,2962,35,41996,0.72,0.82,45819,1552,2769084,757127,4374
1246,100,141,166,9590,2978,35,42703,0.72,0.83,46796,1518,2771870,759817,4416
1247,107,139,167,9607,2994,35,43047,0.72,0.83,47326,1524,2790321,761674,4460
1248,95,135,183,9627,2996,35,43047,0.72,0.83,47696,1499,2807018,764203,4466
1249,57,92,188,9641,2999,35,43209,0.23,0.83,47811,1492,2819702,765092,4472
1250,52,94,189,9647,3000,35,43223,0.23,0.83,47821,1491,2822357,765573,4474
1251,66,101,189,9651,3001,35,43247,0.23,0.83,47844,1489,2824392,766883,4476
1252,51,96,194,9657,3001,35,43247,0.23,0.83,47856,1487,2829102,767360,4476
1253,52,82,185,9657,3001,35,43274,0.22,0.83,47921,1478,2829102,768360,4476
1254,67,69,186,9666,3001,35,43274,0.22,0.83,47945,1474,2835416,768700,4476
1255,42,51,178,9674,3001,35,43274,0.22,0.83,47945,1474,2842409,768825,4476
1256,18,43,180,9690,3001,35,43274,0.21,0.83,47945,1474,2859714,768965,4476
1257,27,52,192,9704,3001,35,43274,0.20,0.83,47945,1474,2866937,769129,4476
1258,22,48,181,9706,3001,35,43274,0.19,0.83,47945,1474,2867574,769373,4476
1259,12,54,172,9719,3001,35,43274,0.20,0.84,47945,1474,2876915,769721,4476
1260,17,83,187,9736,3001,35,43274,0.22,0.84,47945,1474,2905116,769975,4476
1261,64,91,194,9743,3001,35,43274,0.22,0.84,47945,1474,2914115,770553,4476
1262,69,90,190,9743,3005,35,43274,0.20,0.84,47945,1480,2914115,773763,4488
1263,70,92,194,9752,3005,35,43301,0.19,0.84,47945,1480,2920581,774587,4488
1264,77,95,194,9771,3005,35,43301,0.19,0.84,47945,1480,2943842,775763,4488
1265,83,108,186,9789,3005,35,43301,0.19,0.84,47945,1480,2975108,776771,4488
1266,89,114,194,9804,3005,35,43301,0.21,0.84,47945,1480,2986580,777537,4488
1267,84,113,195,9815,3005,35,43360,0.20,0.84,47945,1480,2994917,778549,4488
1268,82,101,195,9820,3005,35,43360,0.20,0.84,47945,1480,2998192,779371,4488
1269,107,126,195,9825,3005,35,43360,0.20,0.84,47945,1480,3001312,780031,4488
1270,118,131,195,9825,3005,35,43360,0.20,0.84,47945,1480,3001312,782035,4488
1271,110,122,185,9825,3015,35,43423,0.20,0.84,47945,1492,3001312,785296,4522
1272,114,135,191,9835,3019,35,43423,0.20,0.85,47945,1496,3010187,787881,4528
1273,115,137,192,9841,3024,35,43523,0.20,0.85,47985,1497,3013506,790688,4536
1274,117,138,191,9844,3028,35,43551,0.19,0.85,48025,1497,3016235,792314,4541
1275,119,139,188,9849,3036,35,43611,0.19,0.85,48105,1497,3025414,793719,4552
1276,110,142,189,9861,3047,35,43651,0.19,0.85,48124,1506,3035782,798443,4569
1277,122,145,192,9867,3050,35,43712,0.19,0.85,48164,1505,3041891,799982,4574
1278,120,140,186,9870,3059,35,43795,0.19,0.85,48289,1501,3048112,801501,4587
1279,113,140,187,9883,3071,35,43880,0.19,0.85,48358,1506,3064262,805655,4605
1280,114,141,188,9891,3078,35,43960,0.19,0.85,48406,1510,3069741,808297,4615
1281,121,148,194,9898,3079,35,44109,0.19,0.85,48493,1503,3076759,810028,4616
1282,139,159,203,9907,3079,35,44229,0.19,0.85,48531,1499,3095099,811108,4616
1283,136,156,200,9907,3082,35,44393,0.19,0.85,48632,1497,3095099,812292,4621
1284,134,153,196,9908,3087,35,44566,0.19,0.85,48744,1499,3097148,816125,4628
1285,123,147,190,9908,3093,35,44754,0.19,0.85,48749,1508,3097148,818397,4639
1286,122,144,189,9914,3100,35,44951,0.19,0.86,48782,1515,3105806,820524,4651
1287,122,150,195,9924,3104,35,45164,0.19,0.86,48795,1521,3117516,822244,4657
1288,117,144,188,9927,3113,35,45373,0.19,0.86,48884,1521,3120108,824255,4673
1289,128,149,195,9935,3114,35,45549,0.19,0.86,48915,1518,3124954,824850,4675
1290,123,148,193,9936,3117,35,45783,0.19,0.86,48984,1511,3125301,827481,4678
1291,127,149,195,9939,3118,36,45971,0.19,0.86,49045,1503,3129305,828838,4680
1292,132,149,196,9940,3118,36,46217,0.19,0.86,49071,1499,3130178,831527,4680
1293,127,149,196,9940,3118,36,46410,0.19,0.86,49071,1499,3130178,832974,4680
1294,126,148,195,9941,3119,36,46668,0.19,0.86,49081,1499,3131055,834057,4682
1295,123,148,196,9942,3119,36,46861,0.19,0.86,49086,1498,3131934,835523,4682
1296,125,147,195,9942,3120,36,47139,0.19,0.86,49086,1500,3131934,836423,4683
1297,124,147,195,9944,3122,36,47348,0.19,0.86,49096,1502,3132641,837546,4687
1298,120,145,193,9947,3127,36,47639,0.19,0.86,49096,1513,3133704,840984,4696
1299,124,149,196,9952,3128,36,47821,0.19,0.87,49106,1514,3136016,842089,4697
1300,125,149,196,9953,3129,36,48087,0.19,0.87,49106,1516,3136372,843400,4699
1301,125,149,197,9955,3130,36,48308,0.19,0.87,49131,1513,3137981,846430,4701
1302,123,149,197,9956,3131,36,48558,0.19,0.87,49160,1512,3139236,847720,4702
1303,124,147,195,9956,3133,36,48808,0.19,0.87,49189,1513,3139236,848708,4705
1304,119,151,197,9961,3135,36,49046,0.19,0.87,49204,1514,3142010,850856,4709
1305,127,151,197,9962,3135,36,49284,0.19,0.87,49209,1513,3143094,852320,4709
1306,131,151,196,9962,3136,36,49545,0.19,0.87,49219,1513,3143094,855908,4710
1307,121,149,194,9963,3139,36,49770,0.19,0.87,49239,1515,3145995,857540,4715
1308,125,151,196,9966,3140,36,50020,0.19,0.87,49244,1516,3154733,858429,4716
1309,122,150,196,9968,3142,36,50258,0.19,0.87,49249,1519,3158017,860406,4720
1310,123,149,194,9969,3145,36,50484,0.19,0.87,49264,1522,3159296,861854,4725
1311,124,152,197,9972,3145,36,50722,0.19,0.87,49284,1519,3161570,862687,4725
1312,120,152,197,9974,3147,36,50984,0.19,0.88,49300,1520,3163299,864256,4729
1313,124,152,197,9975,3148,36,51178,0.19,0.88,49319,1520,3164110,865519,4731
1314,123,152,197,9976,3149,36,51444,0.19,0.88,49329,1521,3165404,866366,4732
1315,123,152,196,9978,3151,36,51690,0.19,0.88,49334,1524,3167257,868522,4736
1316,123,155,198,9980,3151,36,51957,0.19,0.88,49340,1523,3169115,869486,4736
1317,129,155,198,9980,3151,36,52198,0.19,0.88,49349,1522,3169115,870862,4736
1318,123,155,198,9980,3151,36,52483,0.19,0.88,49365,1519,3169115,872328,4736
1319,128,155,198,9981,3151,36,52750,0.19,0.88,49370,1518,3175515,873322,4736
1320,125,154,197,9982,3153,36,52997,0.19,0.88,49370,1522,3176455,874699,4739
1321,123,155,198,9983,3153,36,53274,0.19,0.88,49370,1522,3176832,875262,4739
1322,130,155,198,9983,3153,36,53533,0.19,0.88,49370,1522,3176832,876677,4739
1323,123,154,197,9983,3154,36,53845,0.19,0.88,49380,1524,3176832,878243,4740
1324,124,153,197,9985,3155,36,54132,0.18,0.88,49390,1525,3178728,880073,4742
1325,128,156,198,9986,3155,36,54370,0.18,0.89,49390,1525,3179679,881466,4742
1326,125,156,198,9987,3155,36,54708,0.18,0.89,49414,1523,3181013,883717,4742
1327,128,159,200,9989,3155,36,54971,0.18,0.89,49456,1519,3183040,884549,4742
1328,125,160,200,9989,3155,36,55308,0.18,0.89,49456,1519,3183040,885447,4742
1329,130,160,200,9989,3155,36,55570,0.18,0.89,49456,1519,3183040,886834,4742
1330,127,160,200,9989,3155,36,55845,0.18,0.89,49456,1519,3183040,888460,4742
1331,129,157,199,9990,3157,36,56120,0.18,0.89,49456,1523,3184395,889709,4745
1332,124,157,199,9992,3159,36,56395,0.18,0.89,49456,1529,3187111,892100,4748
1333,125,158,198,9992,3160,36,56669,0.18,0.89,49464,1531,3187111,892827,4750
1334,131,158,198,9993,3161,36,56941,0.18,0.89,49482,1531,3188475,894576,4752
1335,122,159,199,9994,3161,36,57220,0.18,0.89,49512,1528,3189841,895298,4752
1336,127,158,198,9994,3162,36,57479,0.18,0.89,49542,1528,3189841,896199,4754
1337,130,159,199,9995,3162,36,57799,0.18,0.89,49552,1527,3191214,898391,4754
1338,128,159,199,9995,3162,36,58127,0.18,0.90,49552,1527,3191214,899062,4754
1339,131,159,199,9995,3162,36,58416,0.18,0.90,49562,1526,3191214,899631,4754
1340,129,159,199,9995,3162,36,58756,0.18,0.90,49572,1525,3191214,900770,4754
1341,132,157,198,9995,3163,36,59119,0.18,0.90,49572,1528,3191214,901781,4756
1342,126,160,200,9997,3163,36,59448,0.18,0.90,49572,1528,3193998,902465,4756
1343,128,160,200,9998,3164,36,59836,0.18,0.90,49572,1531,3195396,903922,4758
1344,125,159,199,9998,3165,36,60149,0.18,0.90,49602,1531,3195396,904577,4759
1345,130,159,199,9999,3166,36,60478,0.18,0.90,49622,1532,3196799,905152,4761
1346,127,160,200,10001,3167,36,60839,0.18,0.90,49632,1534,3198207,906177,4763
1347,124,160,200,10001,3167,36,61194,0.18,0.90,49652,1532,3198207,907387,4763
1348,130,159,199,10001,3168,36,61543,0.18,0.90,49692,1531,3198207,909582,4764
1349,121,160,200,10002,3168,36,61911,0.18,0.90,49712,1529,3199219,910306,4764
1350,128,160,200,10002,3168,36,62237,0.18,0.90,49712,1529,3199219,910892,4764
1351,125,159,199,10002,3169,36,62637,0.18,0.91,49742,1529,3199219,912995,4765
1352,120,158,198,10004,3171,36,62942,0.18,0.91,49742,1535,3201264,913861,4768
1353,107,159,199,10006,3172,36,63180,0.18,0.91,49742,1538,3203721,914549,4770
1354,103,171,218,10026,3172,36,63220,0.15,0.91,49766,1534,3211786,918314,4770
1355,40,99,208,10026,3172,36,63320,0.15,0.91,49776,1533,3211786,919625,4770
1356,23,61,200,10031,3172,36,63375,0.15,0.91,49776,1533,3217403,920012,4770
1357,5,31,196,10036,3172,36,63404,0.15,0.91,49776,1533,3225687,920351,4770
1358,8,17,200,10046,3172,36,63404,0.15,0.91,49776,1533,3239388,920898,4770
1359,9,18,194,10052,3172,36,63404,0.15,0.91,49776,1533,3247091,921339,4770
1360,16,26,149,10063,3172,36,63404,0.15,0.91,49776,1533,3257189,921715,4770
1361,22,38,127,10081,3172,36,63494,0.15,0.91,49796,1531,3272374,922537,4770
1362,36,52,121,10100,3172,36,63494,0.14,0.91,49813,1529,3299536,923711,4770
1363,41,64,121,10118,3172,36,63494,0.15,0.91,49813,1529,3317196,924405,4770
1364,53,78,132,10136,3172,36,63514,0.14,0.92,49813,1529,3338710,925257,4770
1365,53,77,142,10153,3172,36,63565,0.14,0.92,49813,1529,3357602,926438,4770
1366,55,90,141,10171,3172,36,63565,0.13,0.92,49813,1529,3378279,926862,4770
1367,48,96,146,10188,3172,36,63606,0.13,0.92,49813,1529,3409045,927535,4770
1368,69,106,162,10206,3172,36,63606,0.13,0.92,49813,1529,3425238,928797,4770
1369,86,110,174,10224,3172,36,63606,0.13,0.92,49823,1528,3448695,930295,4770
1370,98,106,188,10241,3172,36,63652,0.13,0.92,49838,1526,3474828,931216,4770
1371,77,107,196,10259,3172,36,63725,0.13,0.92,49838,1526,3489261,932764,4770
1372,67,97,191,10265,3172,36,63740,0.13,0.92,49838,1526,3495026,933261,4770
1373,61,70,184,10276,3172,36,63769,0.13,0.92,49838,1526,3509078,933736,4770
1374,63,75,195,10294,3172,36,63769,0.14,0.92,49838,1526,3541877,934363,4770
1375,48,60,193,10302,3172,36,63769,0.14,0.92,49838,1526,3549253,934611,4770
1376,37,65,189,10311,3172,36,63798,0.14,0.92,49838,1526,3558169,935233,4770
1377,92,121,202,10324,3172,36,63798,0.14,0.93,49838,1526,3569554,936013,4784
1378,129,154,202,10324,3172,36,63837,0.14,0.93,49838,1526,3569554,937328,4784
1379,149,159,201,10324,3172,36,63915,0.14,0.93,49838,1526,3569554,939682,4784
1380,138,150,202,10327,3172,36,63915,0.14,0.93,49838,1526,3573935,940016,4784
1381,103,116,185,10327,3172,36,63915,0.14,0.93,49838,1526,3573935,940148,4784
1382,139,162,201,10344,3172,36,63915,0.14,0.93,49838,1526,3589714,940552,4784
1383,156,180,202,10345,3172,36,63915,0.14,0.93,49838,1526,3590156,942262,4784
1384,184,186,202,10347,3174,36,64209,0.14,0.93,49843,1529,3591023,952218,4788
1385,177,190,201,10348,3176,36,64371,0.14,0.93,49859,1530,3591469,968959,4792
1386,173,200,210,10358,3177,36,64536,0.14,0.93,49869,1530,3595788,971718,4793
1387,130,191,210,10358,3177,36,64636,0.13,0.93,49869,1530,3595788,972638,4793
1388,147,197,210,10358,3177,36,64636,0.14,0.93,49869,1530,3595788,974269,4793
1389,102,191,207,10358,3180,36,64665,0.13,0.93,49869,1536,3595788,979321,4797
1390,86,189,205,10358,3182,36,64665,0.13,0.94,49869,1540,3595788,982457,4799
1391,144,191,203,10358,3184,36,64751,0.13,0.94,49869,1544,3595788,985306,4802
1392,141,174,184,10358,3203,36,64764,0.13,0.94,49869,1582,3595788,991550,4833
1393,68,159,173,10372,3228,36,64776,0.13,0.94,49890,1625,3621648,999174,4870
1394,116,165,190,10389,3228,36,64860,0.13,0.94,49890,1625,3652765,999746,4870
1395,140,172,203,10402,3228,36,64934,0.13,0.94,49890,1625,3663900,1001150,4870
1396,150,160,203,10402,3228,36,64934,0.13,0.94,49890,1625,3663900,1003214,4870
1397,125,142,203,10402,3228,36,65120,0.11,0.94,49890,1625,3663900,1003816,4870
1398,105,118,203,10406,3228,36,65149,0.11,0.94,49890,1625,3666112,1004135,4870
1399,95,104,203,10407,3228,36,65169,0.10,0.94,49890,1625,3666574,1004306,4870
1400,78,89,203,10413,3228,36,65169,0.10,0.94,49890,1625,3671439,1004502,4870
1401,32,46,204,10420,3228,36,65169,0.11,0.94,49890,1625,3683059,1004669,4870
1402,36,51,197,10433,3228,36,65169,0.10,0.94,49890,1625,3707378,1005024,4870
1403,42,62,193,10449,3228,36,65169,0.10,0.95,49890,1625,3743024,1005338,4870
1404,54,73,192,10467,3228,36,65169,0.10,0.95,49890,1625,3754827,1006157,4870
1405,62,81,197,10484,3228,36,65185,0.11,0.95,49890,1625,3769807,1006622,4870
1406,64,83,204,10500,3228,36,65185,0.12,0.95,49890,1625,3791557,1007278,4870
1407,69,85,204,10506,3228,36,65185,0.12,0.95,49890,1625,3795193,1008143,4870
1408,60,77,204,10507,3228,36,65185,0.12,0.95,49890,1625,3796235,1008787,4870
1409,76,86,204,10507,3228,36,65185,0.12,0.95,49890,1625,3796235,1009132,4870
1410,75,83,204,10511,3228,36,65185,0.12,0.95,49890,1625,3808132,1010004,4870
1411,82,95,204,10516,3228,36,65185,0.12,0.95,49890,1625,3817913,1010347,4870
1412,92,99,204,10516,3228,36,65185,0.12,0.95,49890,1625,3817913,1011769,4870
1413,154,166,203,10517,3229,36,65185,0.12,0.95,49890,1627,3818633,1014663,4871
1414,153,167,204,10524,3229,36,65210,0.11,0.95,49890,1627,3825609,1015108,4871
1415,124,149,204,10531,3229,36,65210,0.11,0.96,49890,1627,3840126,1015287,4871
1416,146,166,205,10535,3229,36,65210,0.11,0.96,49890,1627,3850424,1015876,4871
1417,154,164,205,10537,3229,36,65210,0.11,0.96,49890,1627,3852750,1016495,4871
1418,150,161,197,10540,3237,36,65210,0.11,0.96,49890,1643,3861746,1021390,4884
1419,141,165,188,10546,3252,36,65259,0.11,0.96,49898,1672,3870910,1025278,4907
1420,141,159,188,10558,3263,36,65277,0.10,0.96,49969,1681,3885178,1027909,4925
1421,153,166,198,10576,3264,36,65277,0.10,0.96,49990,1679,3927039,1028444,4927
1422,59,127,205,10584,3264,36,65277,0.10,0.96,49990,1679,3936903,1029132,4927
1423,50,84,203,10588,3264,36,65277,0.09,0.96,49990,1679,3941485,1030139,4927
1424,146,163,204,10590,3265,36,65277,0.72,0.96,49990,1681,3946317,1031397,4943
1425,153,166,205,10591,3265,36,65369,0.72,0.96,49990,1681,3947060,1032404,4943
1426,128,145,180,10591,3290,36,65451,0.72,0.96,49990,1731,3947060,1040500,4973
1427,131,152,203,10617,3291,36,65480,0.08,0.96,49990,1733,3976747,1042001,4974
1428,83,138,205,10620,3291,36,65510,0.09,0.97,49990,1733,3978243,1042194,4974
1429,40,71,202,10625,3291,36,65510,0.08,0.97,49990,1733,3985401,1042333,4974
1430,15,43,205,10630,3291,36,65510,0.08,0.97,49990,1733,3999442,1042513,4974
1431,9,25,190,10635,3291,36,65510,0.09,0.97,49990,1733,4010814,1042669,4974
1432,15,35,195,10653,3291,36,65510,0.09,0.97,49990,1733,4038284,1042845,4974
1433,21,39,195,10664,3291,36,65510,0.10,0.97,49990,1733,4063291,1043181,4974
1434,19,42,190,10675,3291,36,65531,0.10,0.97,50025,1729,4080407,1043893,4974
1435,21,49,198,10692,3291,36,65531,0.09,0.97,50025,1729,4122012,1044856,4974
1436,20,44,198,10700,3291,36,65561,0.10,0.97,50025,1729,4138756,1045593,4974
1437,27,41,200,10708,3291,36,65561,0.10,0.97,50041,1727,4154830,1045901,4974
1438,18,39,196,10714,3291,36,65561,0.10,0.97,50041,1727,4166752,1046154,4974
1439,14,39,193,10725,3291,36,65561,0.10,0.97,50041,1727,4179581,1046381,4974
1440,17,41,161,10738,3291,36,65561,0.10,0.97,50041,1727,4192962,1046648,4974
1441,17,50,136,10756,3291,36,65593,0.10,0.98,50041,1727,4218660,1047226,4974
1442,28,54,149,10774,3291,36,65609,0.09,0.98,50041,1727,4244796,1047674,4974
1443,30,61,146,10791,3291,36,65609,0.09,0.98,50041,1727,4273799,1048235,4974
1444,37,61,156,10809,3291,36,65609,0.08,0.98,50041,1727,4298922,1048665,4974
1445,41,86,174,10827,3291,36,65652,0.08,0.98,50041,1727,4323022,1049371,4974
1446,41,82,189,10845,3291,36,65652,0.08,0.98,50041,1727,4375829,1051004,4974
1447,56,86,192,10862,3291,36,65652,0.08,0.98,50041,1727,4391554,1051328,4974
1448,53,88,207,10883,3291,36,65652,0.07,0.98,50041,1727,4437219,1051821,4974
1449,53,74,207,10891,3291,36,65652,0.06,0.98,50041,1727,4450025,1053097,4974
1450,46,70,207,10901,3291,36,65652,0.07,0.98,50041,1727,4458432,1053600,4974
1451,46,70,204,10915,3291,36,65652,0.06,0.98,50041,1727,4480158,1053841,4974
1452,61,97,207,10932,3291,36,65652,0.06,0.99,50041,1727,4510994,1054855,4974
1453,138,155,207,10933,3291,36,65652,0.06,0.99,50041,1727,4511459,1056506,4974
1454,134,163,206,10933,3292,36,65652,0.07,0.99,50041,1729,4511459,1058620,4976
1455,96,167,206,10936,3295,36,65652,0.72,0.99,50084,1735,4512977,1066199,4992
1456,111,170,206,10937,3296,36,65652,0.72,0.99,50084,1737,4513821,1069837,4993
1457,118,174,206,10938,3297,36,65677,0.72,0.99,50090,1738,4514291,1076237,4994
1458,40,160,206,10939,3298,36,65677,0.06,0.99,50112,1737,4514998,1082649,4995
1459,27,137,207,10947,3298,36,65796,0.05,0.99,50112,1737,4538642,1083176,4995
1460,123,162,207,10951,3298,36,65796,0.05,1.00,50112,1737,4551203,1085640,5004
1461,136,172,207,10952,3299,36,65796,0.05,1.00,50112,1739,4552392,1090751,5006
1462,139,172,208,10953,3299,36,65845,0.05,1.00,50112,1739,4556206,1096233,5006
1463,117,166,208,10961,3300,36,65845,0.05,1.00,50112,1741,4565384,1098093,5008
1464,99,88,207,10971,3300,36,65845,0.06,1.00,50112,1741,4579528,1098482,5008
1465,19,66,208,10974,3300,36,65845,0.06,1.00,50112,1741,4588892,1098759,5008
1466,23,134,208,10974,3300,36,65845,0.05,1.00,50112,1741,4588892,1099395,5008
1467,125,146,208,10974,3300,36,65870,0.05,1.00,50112,1741,4588892,1100813,5008
1468,131,169,207,10974,3301,36,65870,0.06,1.00,50112,1743,4588892,1103401,5009
1469,49,173,200,10979,3313,36,65870,0.05,1.00,50112,1773,4604922,1112510,5028
1470,47,172,199,10991,3326,36,65870,0.72,1.00,50117,1801,4610687,1118709,5061
1471,57,165,192,11000,3342,36,65870,0.72,1.00,50117,1841,4620938,1127003,5084
1472,58,175,202,11014,3346,36,65933,0.72,1.00,50137,1848,4631557,1129923,5091
1473,43,149,207,11020,3347,36,65933,0.04,1.00,50215,1845,4635283,1131295,5093
1474,32,110,206,11027,3351,36,65976,0.07,1.00,50215,1855,4644854,1132888,5099
1475,56,107,204,11038,3351,36,65997,0.07,1.00,50215,1855,4660846,1133384,5099
1476,82,84,208,11051,3351,36,65997,0.07,1.00,50215,1855,4678255,1134080,5099
1477,66,68,209,11053,3351,36,65997,0.07,1.00,50215,1855,4679643,1134405,5099
1478,47,57,209,11061,3351,36,65997,0.06,1.00,50215,1855,4699392,1135841,5099
1479,42,56,187,11066,3351,36,66025,0.06,1.00,50230,1853,4710667,1136220,5099
1480,45,87,175,11084,3351,36,66025,0.06,1.00,50237,1852,4736103,1136824,5099
1481,83,105,187,11102,3351,36,66025,0.06,1.00,50237,1852,4779548,1137379,5099
1482,95,167,202,11120,3352,36,66025,0.06,1.00,50237,1855,4825661,1142126,5101
1483,159,184,205,11128,3357,36,66025,0.06,1.00,50284,1866,4840270,1144611,5111
1484,124,149,177,11134,3391,36,66397,0.06,1.00,50575,1916,4848031,1156315,5165
1485,126,156,190,11153,3397,36,66885,0.06,1.00,50883,1884,4874814,1160939,5174
1486,139,160,205,11171,3400,36,66900,0.06,1.00,51110,1869,4892939,1164614,5179
1487,132,153,221,11187,3400,36,66940,0.06,1.00,51110,1869,4902134,1165613,5179
1488,95,125,220,11189,3400,36,67000,0.06,1.00,51110,1869,4903133,1167123,5179
1489,83,124,220,11189,3400,36,67000,0.06,1.00,51110,1869,4903133,1168571,5179
1490,68,79,209,11191,3400,36,67000,0.03,1.00,51125,1867,4904777,1168893,5179
1491,50,58,203,11196,3400,36,67000,0.70,1.00,51245,1857,4909204,1169188,5179
1492,24,35,192,11207,3400,36,67000,0.70,1.00,51836,1782,4919261,1169650,5179
1493,20,43,195,11225,3400,36,67000,0.70,1.00,52005,1758,4943156,1170990,5179
1494,31,57,206,11241,3400,36,67000,0.04,1.00,52005,1758,4972599,1172073,5179
1495,28,54,191,11246,3400,36,67000,0.04,1.00,52005,1758,4982884,1174421,5179
1496,34,63,195,11264,3400,36,67000,0.05,1.00,52005,1758,5029734,1175435,5179
1497,28,65,205,11279,3400,36,67000,0.06,1.00,52005,1758,5046354,1177063,5179
1498,32,56,202,11284,3400,36,67000,0.06,1.00,52005,1758,5061535,1177594,5179
1499,22,40,203,11292,3400,36,67000,0.06,1.00,52005,1758,5075181,1178833,5179
