t,visible,near600,alive,spawned,killed,level,hit_damage,memory,erasure_global,xp_gained,xp_orbs,spawned_hp,damage_dealt,essence_gained
1,0,0,0,0,0,1,0,0.99,0.00,0,0,0,0,0
2,0,0,0,0,0,1,0,0.98,0.00,0,0,0,0,0
3,0,0,0,0,0,1,0,0.98,0.00,0,0,0,0,0
4,0,0,0,0,0,1,0,0.98,0.00,0,0,0,0,0
5,0,0,0,0,0,1,0,0.98,0.00,0,0,0,0,0
6,0,0,0,0,0,1,0,0.98,0.00,0,0,0,0,0
7,0,0,0,0,0,1,0,0.97,0.00,0,0,0,0,0
8,0,0,0,0,0,1,0,0.96,0.00,0,0,0,0,0
9,3,4,5,5,0,1,0,0.95,0.00,0,0,159,0,0
10,3,5,6,6,0,1,17,0.94,0.00,0,0,250,10,0
11,5,5,6,6,0,1,17,0.93,0.00,0,0,250,19,0
12,4,6,7,7,0,1,17,0.92,0.01,0,0,432,38,0
13,2,6,7,7,0,1,17,0.92,0.01,0,0,432,48,0
14,2,4,7,7,0,1,17,0.91,0.01,0,0,432,48,0
15,1,3,10,10,0,1,17,0.91,0.01,0,0,570,48,0
16,5,5,12,13,0,1,17,0.91,0.01,0,0,669,48,0
17,4,5,12,13,0,1,39,0.91,0.01,0,0,669,67,0
18,4,6,12,13,0,1,39,0.90,0.01,0,0,669,77,0
19,5,7,13,14,0,1,39,0.90,0.01,0,0,707,96,0
20,6,6,13,15,1,1,39,0.90,0.01,0,2,799,115,1
21,5,6,13,15,1,1,39,0.90,0.01,16,0,799,125,1
22,3,4,16,19,1,1,39,0.90,0.01,16,0,1039,134,1
23,7,7,15,22,1,1,39,0.91,0.01,16,0,1122,134,1
24,3,3,14,22,1,1,39,0.91,0.01,16,0,1122,144,1
25,7,8,19,27,1,1,39,0.90,0.01,16,0,1548,163,1
26,4,9,19,28,2,1,39,0.90,0.01,16,1,1640,173,2
27,6,13,19,28,2,1,39,0.90,0.01,16,1,1640,182,2
28,8,15,19,28,2,1,39,0.90,0.01,16,1,1640,182,2
29,9,15,19,29,3,1,39,0.90,0.01,16,2,1733,202,3
30,10,15,19,29,3,1,55,0.90,0.01,24,1,1733,211,3
31,13,15,18,29,4,1,72,0.90,0.01,33,1,1733,230,4
32,13,16,19,30,4,1,110,0.90,0.01,33,1,1826,240,4
33,12,15,18,30,5,1,143,0.90,0.01,33,2,1826,259,5
34,13,15,18,30,5,2,171,0.90,0.02,41,1,1826,269,5
35,13,15,18,31,6,2,207,0.90,0.02,50,1,1920,350,6
36,10,12,15,31,9,2,214,0.90,0.02,77,1,1920,461,9
37,8,11,13,31,11,2,214,0.90,0.02,77,5,1920,514,11
38,8,11,13,32,12,2,214,0.90,0.02,103,3,2014,538,12
39,7,12,12,32,13,2,225,0.89,0.02,119,3,2014,562,13
40,8,12,12,32,13,2,225,0.89,0.02,119,3,2014,562,13
41,1,7,13,33,13,2,225,0.90,0.02,119,3,2108,562,13
42,1,7,18,38,13,2,225,0.91,0.02,119,3,2537,562,13
43,2,9,24,44,13,2,255,0.91,0.02,119,3,2903,610,13
44,8,12,28,48,13,2,255,0.91,0.02,119,3,3281,619,13
45,6,8,27,48,13,2,255,0.91,0.02,119,3,3281,658,13
46,2,7,26,52,13,2,255,0.91,0.02,119,3,3375,667,13
47,6,11,27,58,13,2,255,0.91,0.02,119,3,3541,667,13
48,9,10,27,58,13,2,255,0.90,0.02,119,3,3541,667,13
49,9,10,26,58,13,2,277,0.90,0.02,119,3,3541,802,13
50,9,14,25,62,18,3,331,0.90,0.02,127,8,3656,898,18
51,7,14,25,64,20,3,331,0.90,0.02,169,5,3713,930,20
52,12,15,23,66,21,3,331,0.90,0.02,186,5,3761,940,21
53,7,14,22,66,21,3,331,0.89,0.02,186,5,3761,949,21
54,8,9,24,69,21,3,331,0.88,0.02,186,5,3856,959,21
55,5,12,24,72,21,3,331,0.89,0.02,186,5,4000,959,21
56,9,17,23,72,21,3,331,0.89,0.03,261,5,4000,959,21
57,13,19,24,73,21,3,331,0.89,0.03,261,5,4029,959,21
58,12,18,23,73,21,3,331,0.88,0.03,261,5,4029,978,21
59,0,10,21,73,22,3,337,0.88,0.03,261,6,4029,1010,22
60,5,11,29,81,22,3,337,0.88,0.03,269,5,4341,1010,22
61,8,17,36,88,22,3,337,0.88,0.03,269,5,4539,1010,22
62,8,19,38,90,22,3,337,0.88,0.03,269,5,4597,1010,22
63,15,19,37,90,22,3,337,0.88,0.03,269,5,4597,1044,32
64,19,24,36,91,23,3,358,0.88,0.03,269,6,4626,1146,33
65,11,16,33,91,26,4,375,0.88,0.03,278,9,4626,1248,36
66,1,14,35,95,27,4,375,0.88,0.03,295,8,5067,1281,37
67,1,14,41,101,27,4,375,0.88,0.03,295,8,5290,1281,37
68,1,14,36,104,27,4,375,0.89,0.03,295,8,5581,1281,37
69,4,11,44,113,27,4,375,0.88,0.03,295,8,6486,1291,37
70,6,15,52,123,28,4,396,0.88,0.03,295,9,7172,1349,38
71,13,18,57,129,28,4,418,0.88,0.03,295,9,7538,1385,38
72,10,19,59,134,29,4,439,0.88,0.03,295,10,7674,1467,39
73,7,13,59,140,29,4,439,0.88,0.03,295,10,7830,1491,39
74,11,20,71,157,29,4,439,0.88,0.03,295,10,8329,1510,39
75,12,37,71,158,30,4,439,0.88,0.03,295,11,8359,1568,60
76,19,46,68,158,33,4,439,0.88,0.03,304,13,8359,1622,63
77,33,52,69,159,33,4,439,0.88,0.03,330,10,8457,1731,63
78,35,45,61,159,40,4,444,0.88,0.04,343,20,8457,1929,82
79,28,42,58,160,44,4,456,0.88,0.04,434,12,8555,2033,86
80,25,32,52,160,50,4,477,0.88,0.04,451,16,8555,2239,92
81,22,28,48,161,55,5,520,0.88,0.04,529,12,8654,2346,97
82,23,26,47,161,56,5,574,0.88,0.04,555,10,8654,2379,98
83,23,26,47,162,57,5,607,0.88,0.04,555,11,8753,2467,99
84,24,26,47,162,57,5,671,0.88,0.04,563,10,8753,2492,99
85,24,26,47,163,58,5,758,0.88,0.04,563,11,8852,2586,100
86,24,25,46,163,59,5,812,0.88,0.04,572,13,8852,2649,101
87,24,26,47,164,59,5,887,0.88,0.04,586,11,8881,2658,101
88,25,28,48,165,59,5,995,0.88,0.04,594,10,9080,2701,101
89,25,28,48,165,59,5,1071,0.88,0.04,594,10,9080,2810,101
90,25,28,50,167,59,5,1103,0.88,0.04,594,10,9304,2889,101
91,25,30,50,167,59,5,1211,0.88,0.04,594,10,9304,2937,101
92,24,29,50,168,60,5,1308,0.88,0.04,594,11,9504,3030,102
93,25,30,50,168,60,5,1384,0.88,0.04,602,10,9504,3135,102
94,26,30,51,169,60,5,1427,0.88,0.04,602,10,9704,3199,102
95,26,31,50,169,61,5,1535,0.88,0.04,602,13,9704,3283,103
96,27,35,51,170,61,5,1621,0.88,0.04,624,10,9729,3379,103
97,27,34,48,170,64,5,1707,0.88,0.04,624,19,9729,3491,106
98,26,33,47,171,66,5,1750,0.88,0.04,689,16,9754,3569,108
99,26,33,47,172,67,6,1858,0.88,0.04,725,14,9779,3641,109
100,26,32,46,172,68,6,1958,0.88,0.05,754,13,9779,3675,110
101,26,33,39,173,68,6,1980,0.87,0.05,768,11,9804,3724,110
102,25,32,38,173,69,6,1980,0.87,0.05,776,13,9804,3774,111
103,26,33,39,174,69,6,2012,0.87,0.05,790,11,9830,3823,111
104,30,32,38,174,70,6,2012,0.87,0.05,797,13,9830,3858,112
105,31,33,39,175,70,6,2048,0.87,0.05,805,12,9860,3950,112
106,31,32,39,175,70,6,2112,0.87,0.05,819,10,9860,4006,112
107,31,33,40,176,70,6,2145,0.87,0.05,819,10,9890,4025,112
108,32,34,41,177,70,6,2221,0.87,0.05,819,10,9921,4050,112
109,33,34,41,177,70,6,2221,0.87,0.05,819,10,9921,4069,112
110,33,35,42,178,70,6,2354,0.87,0.05,819,10,9951,4130,112
111,34,35,41,178,70,6,2473,0.87,0.05,819,10,9951,4248,112
112,33,35,41,179,71,6,2606,0.87,0.05,828,10,9982,4343,113
113,34,35,41,179,71,6,2706,0.87,0.05,828,10,9982,4426,113
114,33,36,41,180,72,6,2847,0.87,0.05,836,10,10008,4536,114
115,32,34,39,180,74,6,2858,0.87,0.05,836,14,10008,4710,116
116,33,35,40,181,74,6,2915,0.87,0.05,883,10,10033,4811,116
117,30,33,38,181,76,6,2959,0.87,0.05,883,14,10033,4884,118
118,31,34,39,182,76,6,3146,0.87,0.05,930,10,10059,4948,118
119,30,34,39,183,77,6,3265,0.87,0.05,930,13,10085,5044,119
120,29,31,36,183,80,6,3356,0.87,0.05,960,16,10085,5201,122
121,29,29,34,184,83,7,3378,0.87,0.06,1019,17,10188,5425,125
122,4,30,34,185,84,7,3378,0.87,0.06,1036,17,10219,5444,126
123,3,24,34,186,85,7,3378,0.88,0.06,1044,18,10250,5473,127
124,6,14,41,194,86,7,3378,0.88,0.06,1044,19,10633,5509,128
125,7,22,42,195,86,7,3378,0.88,0.06,1053,18,10736,5509,128
126,9,28,41,195,87,7,3378,0.88,0.06,1053,19,10736,5567,129
127,4,19,44,199,88,7,3378,0.88,0.06,1062,19,11079,5616,130
128,7,24,57,212,88,7,3378,0.88,0.06,1062,19,11734,5656,130
129,16,28,66,221,88,7,3422,0.88,0.06,1062,19,11994,5756,130
130,15,28,71,226,88,7,3422,0.88,0.06,1062,19,12162,5775,130
131,12,28,73,228,88,7,3422,0.88,0.06,1062,19,12371,5785,130
132,18,31,64,229,88,7,3422,0.88,0.06,1062,19,12475,5804,138
133,23,33,63,229,89,7,3422,0.88,0.06,1062,21,12475,5854,139
134,24,35,64,230,89,7,3422,0.88,0.06,1078,19,12580,5904,139
135,11,32,64,230,89,7,3422,0.88,0.06,1078,19,12580,5913,139
136,7,28,59,231,89,7,3422,0.87,0.06,1078,19,12632,5913,139
137,2,21,46,236,89,7,3422,0.88,0.06,1078,19,12811,5913,139
138,4,20,44,236,89,7,3422,0.86,0.06,1078,19,12811,5913,139
139,6,21,43,239,91,7,3447,0.86,0.06,1078,21,12960,6020,141
140,8,22,41,239,93,7,3458,0.86,0.06,1096,21,12960,6094,143
141,7,31,40,240,95,7,3458,0.86,0.06,1114,21,13004,6195,145
142,5,22,42,243,96,7,3458,0.87,0.06,1132,20,13111,6292,146
143,10,20,45,246,96,7,3458,0.87,0.07,1132,20,13206,6340,146
144,10,29,45,249,99,7,3458,0.87,0.07,1132,23,13376,6502,149
145,18,32,44,250,101,7,3458,0.87,0.07,1159,22,13402,6660,151
146,11,21,47,258,106,7,3458,0.87,0.07,1168,26,13710,6791,156
147,6,29,57,271,107,7,3476,0.87,0.07,1186,25,14150,6855,157
148,6,25,63,281,110,7,3488,0.87,0.07,1195,27,14554,6984,160
149,8,27,63,286,111,7,3488,0.87,0.07,1221,26,15033,7047,161
150,12,30,70,293,111,7,3488,0.85,0.07,1221,26,15406,7066,161
151,12,22,66,296,111,7,3488,0.86,0.07,1221,26,15497,7195,161
152,6,15,61,304,113,7,3500,0.87,0.07,1221,29,15774,7258,163
153,15,29,76,321,113,7,3500,0.87,0.07,1238,27,16763,7277,163
154,24,40,75,321,113,7,3500,0.87,0.07,1238,27,16763,7315,163
155,21,50,75,322,114,7,3522,0.87,0.07,1238,28,16790,7396,164
156,24,45,69,322,120,7,3522,0.87,0.07,1247,33,16790,7593,170
157,17,47,58,323,132,7,3522,0.86,0.07,1274,44,17005,7935,185
158,20,35,54,323,136,8,3522,0.85,0.07,1408,36,17005,8089,189
159,25,30,51,324,140,8,3533,0.86,0.07,1450,38,17220,8220,193
160,16,33,55,331,143,8,3545,0.86,0.07,1492,39,17965,8394,196
161,12,21,57,334,144,8,3545,0.87,0.07,1509,39,18073,8515,197
162,11,26,69,349,146,8,3545,0.87,0.07,1526,41,19045,8662,199
163,7,20,69,359,149,8,3551,0.87,0.07,1526,44,19699,8836,202
164,9,29,75,373,150,8,3551,0.87,0.08,1526,45,20808,8871,203
165,13,28,73,373,151,8,3551,0.87,0.08,1526,47,20808,8946,204
166,16,27,75,382,151,8,3573,0.86,0.08,1526,47,21351,9008,204
167,10,22,71,387,152,8,3573,0.86,0.08,1526,50,21649,9047,205
168,8,32,76,398,152,8,3573,0.86,0.08,1526,50,22073,9085,205
169,11,32,74,403,152,8,3573,0.86,0.08,1526,50,22422,9141,205
170,14,31,71,403,155,8,3573,0.86,0.08,1535,52,22422,9283,208
171,12,37,69,404,158,8,3573,0.86,0.08,1553,54,22449,9333,211
172,20,44,75,410,158,8,3573,0.86,0.08,1571,52,23105,9414,211
173,22,46,75,411,159,8,3573,0.86,0.08,1593,50,23250,9707,212
174,30,46,71,411,163,9,3585,0.86,0.08,1888,56,23250,9911,221
175,32,47,71,412,164,9,3608,0.85,0.08,1897,56,23397,10024,222
176,35,53,71,413,165,9,3608,0.85,0.08,1914,56,23429,10103,223
177,33,53,69,414,168,9,3619,0.85,0.08,1914,59,23576,10166,235
178,30,48,65,415,173,9,3709,0.85,0.08,1932,66,23722,10256,240
179,28,43,65,415,173,9,3709,0.85,0.08,1932,66,23722,10318,240
180,30,45,66,416,173,9,3709,0.85,0.08,1932,66,23869,10393,240
181,34,45,65,416,174,9,3717,0.85,0.08,1932,69,23869,10510,244
182,39,47,66,417,174,9,3717,0.85,0.08,1969,66,23903,10539,259
183,41,45,64,417,176,9,3717,0.85,0.08,1991,66,23903,10585,261
184,41,44,64,418,177,9,3842,0.85,0.09,1991,67,23943,10644,262
185,12,42,62,419,177,9,3842,0.84,0.09,1991,67,23976,10684,262
186,10,42,60,419,178,9,3842,0.84,0.09,1991,68,23976,10729,263
187,16,44,60,420,179,9,3842,0.84,0.09,1991,71,24010,10767,264
188,32,49,60,420,179,9,3869,0.84,0.09,2023,67,24010,11025,264
189,41,50,61,421,179,9,3915,0.85,0.09,2078,60,24043,11265,264
190,46,49,61,421,179,9,3915,0.86,0.09,2116,54,24043,11448,264
191,31,46,62,422,179,9,3915,0.86,0.09,2116,54,24077,11486,264
192,7,26,63,423,179,9,3915,0.86,0.09,2116,54,24110,11505,264
193,4,14,70,431,180,9,3915,0.85,0.09,2116,56,24552,11524,265
194,15,26,86,448,181,9,3915,0.84,0.09,2136,54,25533,11572,266
195,26,35,99,462,182,9,3915,0.83,0.09,2153,54,26178,11688,267
196,17,33,103,468,183,9,3915,0.83,0.09,2153,56,26786,11814,268
197,15,33,100,477,183,9,3915,0.85,0.09,2162,55,27673,11870,268
198,18,31,81,484,184,9,3915,0.85,0.09,2162,56,28148,11952,269
199,16,36,79,496,185,9,3915,0.85,0.09,2162,57,28669,12198,270
200,19,29,74,500,186,9,3915,0.85,0.09,2162,59,29571,12360,271
201,18,34,79,509,187,9,3926,0.84,0.09,2162,61,30395,12479,272
202,17,30,83,518,187,9,3939,0.84,0.09,2179,59,31016,12518,272
203,13,32,76,525,187,9,3939,0.84,0.09,2179,59,31842,12584,272
204,8,30,77,526,187,9,3939,0.85,0.09,2179,59,31870,12622,272
205,12,38,79,530,188,9,3952,0.82,0.10,2179,61,31983,12632,273
206,25,45,79,531,188,9,3952,0.82,0.10,2179,61,32012,12651,284
207,27,41,74,531,193,9,3975,0.85,0.10,2179,66,32012,12715,289
208,24,37,70,532,194,10,3975,0.84,0.10,2207,64,32040,12922,290
209,12,30,69,532,194,10,3975,0.83,0.10,2207,64,32040,12983,290
210,12,37,73,546,195,10,3975,0.83,0.10,2207,65,32952,13003,291
211,22,39,72,546,195,10,3975,0.83,0.10,2207,65,32952,13003,291
212,28,40,71,547,197,10,3987,0.82,0.10,2207,67,32986,13136,293
213,29,41,70,549,199,10,3987,0.83,0.10,2225,67,33055,13357,295
214,27,36,67,549,202,10,3987,0.83,0.10,2235,70,33055,13429,298
215,27,41,67,550,203,10,3999,0.83,0.10,2244,70,33090,13542,305
216,22,42,60,550,210,10,4022,0.83,0.10,2271,74,33090,13803,312
217,12,34,63,560,215,10,4045,0.82,0.10,2345,71,33838,14011,317
218,14,29,75,573,215,10,4045,0.82,0.10,2345,71,34490,14107,317
219,20,37,82,589,220,10,4102,0.82,0.10,2345,77,35223,14297,322
220,21,37,88,599,223,10,4102,0.84,0.10,2368,78,35825,14536,325
221,18,38,84,605,223,10,4102,0.84,0.10,2387,76,36123,14648,325
222,8,31,75,609,225,10,4102,0.83,0.10,2387,80,36296,14722,327
223,13,35,70,617,225,10,4102,0.84,0.10,2404,78,36932,14782,327
224,16,21,69,627,226,10,4102,0.83,0.10,2404,80,37579,14910,328
225,24,36,82,644,227,10,4102,0.83,0.11,2416,80,38512,14971,329
226,17,37,88,654,228,10,4102,0.83,0.11,2416,82,39325,15071,330
227,11,28,95,664,230,10,4102,0.83,0.11,2416,86,39663,15238,332
228,17,29,106,678,230,10,4135,0.83,0.11,2433,84,40439,15337,332
229,23,38,112,695,233,10,4135,0.83,0.11,2433,90,41264,15520,335
230,23,37,106,699,235,10,4135,0.83,0.11,2451,92,41458,15622,337
231,24,37,111,708,237,10,4135,0.84,0.11,2482,92,41746,15702,339
232,14,37,108,718,238,10,4135,0.84,0.11,2500,91,43365,15781,340
233,16,33,108,726,239,10,4135,0.84,0.11,2509,92,44120,16015,341
234,18,41,96,732,240,10,4135,0.84,0.11,2509,94,44534,16251,350
235,22,45,95,732,241,10,4158,0.84,0.11,2526,93,44534,16402,351
236,27,47,95,733,242,10,4205,0.84,0.11,2536,93,44569,16437,352
237,16,38,84,733,246,10,4213,0.84,0.11,2545,100,44569,16648,356
238,13,28,81,743,248,10,4226,0.84,0.11,2580,98,45024,16726,358
239,2,23,92,758,248,10,4226,0.84,0.11,2589,97,45921,16789,358
240,9,40,112,780,249,10,4226,0.83,0.11,2595,98,47110,16828,359
241,24,51,119,797,251,10,4226,0.83,0.11,2618,99,48694,16975,361
242,24,43,117,808,260,10,4226,0.83,0.11,2630,115,49947,17390,370
243,30,40,115,822,265,10,4259,0.83,0.11,2718,111,50888,17651,375
244,35,51,126,833,265,11,4259,0.83,0.12,2747,107,51148,17743,375
245,42,51,123,834,269,11,4259,0.83,0.12,2747,116,51208,18035,379
246,39,57,121,837,273,11,4259,0.83,0.12,2806,116,51303,18172,383
247,40,59,116,842,275,11,4259,0.83,0.12,2837,115,51688,18295,385
248,20,56,107,853,276,11,4259,0.83,0.12,2876,111,52292,18403,386
249,20,74,118,866,276,11,4259,0.83,0.12,2876,111,53831,18459,386
250,34,77,118,867,277,11,4297,0.83,0.12,2882,113,54027,18511,387
251,33,77,116,868,279,11,4351,0.83,0.12,2972,113,54223,18666,389
252,32,70,112,869,281,11,4351,0.83,0.12,3040,114,54420,18922,391
253,36,64,108,870,282,11,4365,0.83,0.12,3074,114,54619,19173,392
254,20,59,118,883,283,11,4365,0.83,0.12,3086,115,56068,19398,393
255,38,60,123,892,283,11,4365,0.83,0.12,3128,112,56995,19514,393
256,31,59,127,896,283,11,4365,0.83,0.12,3128,112,57247,19614,393
257,41,64,123,902,287,11,4365,0.83,0.13,3128,116,57513,19805,407
258,42,66,119,907,296,11,4365,0.83,0.13,3175,126,57934,20037,416
259,35,61,124,915,299,11,4380,0.82,0.13,3258,120,58281,20281,419
260,36,60,132,928,302,11,4380,0.82,0.13,3300,122,58686,20589,422
261,13,42,126,929,304,11,4380,0.82,0.13,3312,124,58712,20668,424
262,6,26,127,935,305,11,4380,0.82,0.13,3335,123,59232,20687,425
263,10,22,116,948,305,11,4380,0.81,0.13,3335,123,60110,20687,425
264,19,33,116,965,306,11,4413,0.81,0.13,3335,125,60861,20805,426
265,24,38,110,982,311,11,4435,0.81,0.13,3335,135,61751,21029,431
266,19,46,111,999,313,12,4435,0.81,0.13,3407,128,62900,21221,433
267,25,62,106,1016,318,12,4435,0.81,0.13,3434,135,63671,21714,438
268,46,77,111,1030,321,12,4445,0.81,0.13,3524,133,64518,21944,441
269,53,78,109,1035,328,12,4445,0.81,0.13,3583,146,64653,22371,448
270,69,88,114,1046,334,12,4494,0.81,0.14,3738,139,64946,22746,454
271,70,93,103,1047,346,12,4494,0.81,0.14,3861,147,64973,23504,466
272,81,82,92,1057,367,12,4522,0.81,0.14,4023,161,65332,24229,487
273,53,75,83,1073,392,13,4549,0.81,0.14,4165,174,66359,25312,512
274,36,78,87,1083,398,13,4549,0.80,0.14,4311,159,66726,25684,518
275,18,62,89,1087,400,13,4549,0.80,0.14,4337,159,66905,25907,520
276,11,44,102,1102,402,13,4549,0.80,0.14,4343,162,68547,25976,522
277,16,43,114,1118,406,13,4549,0.80,0.14,4349,170,69304,26316,526
278,25,41,128,1133,407,13,4549,0.79,0.14,4397,166,69985,26504,527
279,13,31,125,1136,411,13,4549,0.79,0.14,4421,171,70156,26741,531
280,5,24,119,1146,415,13,4557,0.79,0.14,4433,181,70954,26940,535
281,15,21,118,1162,416,13,4604,0.78,0.14,4506,178,71655,26996,536
282,24,47,127,1179,417,13,4604,0.78,0.14,4554,178,73109,27052,537
283,34,74,129,1182,417,13,4604,0.78,0.15,4593,175,73444,27182,537
284,57,100,123,1182,423,13,4664,0.79,0.15,4593,189,73444,27598,543
285,53,86,104,1187,447,13,4695,0.79,0.15,4760,222,73798,28651,567
286,55,80,98,1190,456,14,4727,0.79,0.15,5369,181,73887,29333,576
287,29,83,94,1206,476,14,4742,0.79,0.15,5589,195,75288,30020,596
288,32,73,101,1215,478,14,4742,0.79,0.15,5752,178,76754,30231,598
289,36,69,117,1232,479,14,4778,0.79,0.15,5767,177,78390,30682,599
290,29,56,127,1246,483,14,4789,0.79,0.15,5767,189,80166,31045,603
291,15,37,124,1250,489,15,4850,0.79,0.15,5872,197,80398,31460,609
292,10,36,124,1262,490,15,4850,0.79,0.15,5926,194,81318,31677,610
293,2,37,125,1276,492,15,4850,0.78,0.15,5946,198,83017,31742,612
294,12,52,130,1287,492,15,4850,0.78,0.15,5946,198,83729,31742,612
295,22,55,130,1289,492,15,4850,0.78,0.15,5946,198,83853,31761,612
296,28,58,128,1289,494,15,4850,0.78,0.16,5946,202,83853,31874,614
297,45,60,122,1291,502,15,4850,0.78,0.16,6127,205,83948,32459,622
298,34,72,117,1303,519,15,4885,0.78,0.16,6278,227,85055,33200,639
299,42,78,127,1320,526,15,4900,0.78,0.16,6563,204,86232,33621,646
300,48,83,130,1327,530,15,4900,0.78,0.16,6653,201,86571,34315,650
301,41,82,129,1333,537,16,4907,0.78,0.16,6794,201,86845,34964,657
302,37,74,116,1334,551,16,4938,0.78,0.16,6874,222,86877,35692,671
303,67,79,114,1342,561,16,5013,0.78,0.16,7025,222,87137,37052,681
304,81,94,124,1358,567,16,5105,0.78,0.16,7168,225,87727,38009,687
305,65,97,121,1359,571,16,5141,0.78,0.16,7410,202,87760,38382,691
306,28,79,120,1362,575,16,5156,0.78,0.16,7477,202,87856,38688,695
307,30,59,130,1372,575,16,5156,0.79,0.16,7586,190,88813,38826,695
308,24,44,130,1373,576,16,5171,0.79,0.16,7586,192,88846,39141,696
309,14,28,129,1378,577,16,5186,0.79,0.17,7586,195,89014,39180,697
310,3,22,123,1384,578,16,5202,0.79,0.17,7586,197,89446,39222,699
311,9,28,131,1392,578,16,5202,0.79,0.17,7586,197,90322,39298,699
312,13,43,130,1393,580,16,5202,0.79,0.17,7688,195,90394,39374,703
313,23,48,129,1394,581,16,5202,0.79,0.17,7712,194,90467,39479,705
314,28,46,116,1398,582,16,5215,0.79,0.17,7736,193,90725,39584,707
315,18,49,103,1414,584,16,5224,0.79,0.17,7736,197,92347,39935,711
316,29,35,103,1426,586,16,5224,0.79,0.17,7752,199,93663,40086,715
317,28,44,116,1443,586,16,5224,0.79,0.17,7779,195,94963,40328,715
318,22,40,117,1458,586,16,5224,0.79,0.17,7785,194,97126,40441,715
319,13,39,116,1474,588,16,5224,0.79,0.17,7796,196,98447,40721,719
320,27,37,121,1489,588,17,5250,0.79,0.17,7847,189,99735,40931,719
321,24,39,129,1501,590,17,5264,0.79,0.17,7867,190,100599,41098,723
322,19,32,120,1503,593,17,5288,0.78,0.17,7886,194,100782,41675,729
323,14,39,110,1517,595,17,5288,0.78,0.17,7935,192,101862,41860,733
324,17,44,125,1533,596,17,5288,0.78,0.17,7935,194,104077,41925,735
325,21,40,118,1550,600,17,5288,0.78,0.17,7935,199,106750,42343,743
326,19,37,109,1566,605,17,5347,0.78,0.17,7982,200,108275,42839,753
327,23,52,109,1574,605,17,5347,0.78,0.17,8031,195,109714,43037,753
328,33,60,109,1575,606,17,5384,0.78,0.18,8031,196,109809,43219,755
329,27,66,105,1575,610,17,5391,0.78,0.18,8040,200,109809,43658,763
330,24,62,103,1576,613,17,5403,0.78,0.18,8050,205,109866,44115,769
331,36,50,103,1576,613,17,5403,0.78,0.18,8125,196,109866,44180,769
332,19,34,114,1587,613,17,5403,0.78,0.18,8125,196,111133,44180,769
333,14,45,130,1604,613,17,5403,0.78,0.18,8125,196,114350,44235,769
334,19,31,131,1610,614,17,5403,0.77,0.18,8125,197,115182,44345,771
335,26,35,132,1617,614,17,5445,0.77,0.18,8125,197,116208,44608,771
336,26,39,132,1626,614,17,5487,0.77,0.18,8125,197,117869,45260,771
337,21,36,132,1636,614,17,5513,0.76,0.18,8125,197,119291,45505,771
338,19,42,115,1649,614,17,5513,0.76,0.18,8125,197,121587,45862,771
339,31,53,100,1665,614,17,5513,0.75,0.18,8125,197,124209,46073,771
340,33,57,98,1672,615,17,5513,0.75,0.18,8125,200,125585,46730,772
341,37,60,98,1673,616,17,5513,0.75,0.18,8142,200,125788,46999,782
342,44,65,97,1673,616,17,5513,0.75,0.18,8169,197,125788,47397,782
343,57,63,93,1674,616,17,5592,0.75,0.18,8169,197,125993,47868,782
344,27,50,86,1675,617,17,5592,0.77,0.18,8169,200,126044,48097,783
345,11,41,95,1688,617,17,5592,0.76,0.18,8194,197,127425,48169,783
346,20,53,100,1697,617,17,5592,0.76,0.18,8194,197,129141,48205,783
347,28,63,99,1697,618,17,5592,0.76,0.19,8194,199,129141,48346,784
348,38,65,98,1698,619,17,5592,0.76,0.19,8213,199,129422,48565,785
349,49,64,97,1698,620,17,5592,0.76,0.19,8213,201,129422,48718,786
350,48,62,93,1699,625,17,5605,0.76,0.19,8238,204,129528,49224,791
351,50,63,89,1700,629,17,5654,0.76,0.19,8293,201,129582,49378,795
352,51,64,87,1700,630,17,5729,0.76,0.19,8312,201,129582,50113,796
353,53,63,86,1702,633,17,5816,0.76,0.19,8332,205,129798,50599,799
354,58,63,86,1704,635,17,5903,0.76,0.19,8364,203,129986,51249,801
355,57,63,86,1707,638,17,5952,0.76,0.19,8392,204,130314,51709,804
356,57,63,86,1710,641,17,6039,0.76,0.19,8433,206,130643,52498,807
357,54,61,86,1714,645,17,6153,0.76,0.19,8483,209,131195,53125,811
358,49,57,82,1716,651,17,6252,0.76,0.19,8551,213,131417,53734,817
359,45,61,86,1728,659,17,6327,0.76,0.19,8589,230,132820,54647,825
360,49,62,85,1728,660,17,6339,0.76,0.19,8683,221,132820,54992,826
361,46,59,83,1733,667,17,6390,0.76,0.19,8800,225,133530,56000,833
362,45,61,84,1736,669,17,6440,0.76,0.19,8912,216,134436,56889,835
363,39,62,84,1745,678,17,6478,0.76,0.19,8984,232,136319,58040,844
364,37,63,85,1751,683,18,6540,0.76,0.19,9083,234,136968,58985,849
365,36,61,85,1758,690,18,6554,0.76,0.19,9311,225,137828,59678,856
366,45,61,86,1760,691,18,6593,0.76,0.20,9438,210,137998,59969,857
367,41,59,81,1765,701,18,6656,0.76,0.20,9484,228,138775,60908,867
368,54,61,85,1772,704,18,6755,0.76,0.20,9609,218,139593,61467,882
369,37,62,85,1773,705,18,6755,0.76,0.20,9629,219,139652,61925,883
370,21,36,85,1776,708,18,6844,0.76,0.20,9710,218,140086,62377,886
371,21,48,89,1781,708,18,6844,0.76,0.20,9745,214,140526,62482,886
372,27,65,90,1782,708,18,6844,0.75,0.20,9771,211,140614,62521,886
373,40,67,85,1784,712,18,6865,0.75,0.20,9771,219,140943,62945,890
374,56,65,83,1786,713,18,6917,0.75,0.20,9830,213,141185,63387,891
375,35,61,85,1797,718,18,6930,0.74,0.20,9877,217,142260,63997,896
376,20,43,88,1809,718,18,6930,0.74,0.20,9896,215,144095,64016,896
377,31,53,97,1818,718,18,6930,0.73,0.20,9938,213,145200,64055,896
378,40,63,96,1818,719,18,6930,0.73,0.20,9938,215,145200,64263,897
379,47,64,96,1819,719,18,6930,0.74,0.20,9938,215,145448,64439,897
380,37,51,95,1819,720,18,6930,0.74,0.20,9951,215,145448,64799,898
381,31,50,101,1828,723,18,6957,0.76,0.20,9998,216,146496,65053,901
382,23,54,113,1843,725,18,6957,0.76,0.20,10027,217,148289,65587,903
383,33,53,115,1845,725,18,6957,0.76,0.20,10046,214,148416,65911,903
384,36,62,119,1850,726,18,6957,0.76,0.20,10046,216,148925,65959,904
385,55,69,119,1851,727,18,6984,0.76,0.21,10058,216,149032,66160,905
386,64,75,116,1851,729,18,7112,0.76,0.21,10058,220,149032,66331,907
387,69,75,115,1852,731,18,7226,0.76,0.21,10096,218,149140,66451,909
388,73,77,113,1852,733,18,7342,0.76,0.21,10121,218,149140,66834,911
389,74,81,113,1853,734,18,7455,0.76,0.21,10153,215,149271,67113,912
390,77,84,114,1854,734,18,7620,0.76,0.21,10165,213,149403,67352,912
391,77,81,111,1854,737,18,7876,0.76,0.21,10165,219,149403,68187,915
392,79,80,110,1855,739,18,8106,0.76,0.21,10197,218,149536,68360,917
393,76,76,107,1856,743,18,8336,0.76,0.21,10216,223,149670,68756,921
394,74,74,104,1856,746,18,8464,0.75,0.21,10241,225,149670,69502,924
395,60,66,98,1857,748,18,8464,0.75,0.21,10241,229,149806,69756,926
396,23,35,100,1863,749,18,8464,0.75,0.21,10264,228,150436,69927,927
397,19,34,101,1876,749,18,8464,0.75,0.21,10270,227,152559,70061,927
398,20,38,110,1893,749,18,8464,0.75,0.21,10270,227,155050,70270,927
399,23,44,126,1909,749,18,8478,0.75,0.21,10270,227,158121,70552,927
400,34,54,136,1926,750,18,8506,0.75,0.21,10270,229,160861,71086,929
401,43,61,130,1939,752,19,8547,0.75,0.21,10283,231,162923,71402,932
402,42,68,109,1948,754,19,8547,0.75,0.21,10315,231,164272,72000,934
403,55,69,110,1949,754,19,8572,0.75,0.21,10324,230,164357,72164,934
404,61,69,109,1949,755,19,8611,0.75,0.22,10353,229,164357,72595,935
405,50,59,109,1957,756,19,8611,0.75,0.22,10366,229,165320,72866,936
406,22,64,105,1970,758,19,8611,0.75,0.22,10366,233,166967,72957,939
407,52,71,105,1970,758,19,8611,0.75,0.22,10366,233,166967,73039,939
408,60,80,104,1972,760,19,8611,0.75,0.22,10378,235,167547,73503,941
409,58,87,100,1973,765,19,8611,0.75,0.22,10378,245,167693,75161,946
410,66,84,96,1973,769,19,8625,0.75,0.22,10436,245,167693,75666,951
411,74,79,92,1974,774,19,8639,0.75,0.22,10506,245,167801,76174,957
412,68,75,82,1974,784,19,8727,0.74,0.22,10598,251,167801,78767,968
413,52,66,79,1975,788,19,8810,0.74,0.22,10624,255,167890,79597,974
414,8,38,91,1987,788,19,8810,0.74,0.22,10659,251,169284,79688,974
415,18,25,104,2003,790,19,8818,0.74,0.22,10659,255,171924,79965,976
416,16,32,120,2020,791,19,8818,0.73,0.22,10659,257,174546,80189,977
417,18,53,132,2037,793,19,8818,0.73,0.22,10664,260,176897,80308,979
418,33,61,138,2043,793,19,8843,0.73,0.22,10669,259,177851,80377,979
419,34,57,138,2044,794,19,8856,0.73,0.22,10669,261,178160,80625,980
420,29,51,136,2049,796,19,8884,0.73,0.22,10669,265,178857,81200,982
421,45,62,138,2052,797,19,8884,0.73,0.22,10699,263,179090,81592,983
422,50,59,131,2052,804,19,8977,0.73,0.23,10718,275,179090,81996,991
423,44,61,137,2061,805,19,9005,0.73,0.23,10770,267,180481,82413,992
424,27,60,113,2070,807,19,9019,0.72,0.23,10770,271,181780,82941,994
425,40,69,113,2075,808,19,9034,0.72,0.23,10800,269,182256,83066,995
426,51,70,108,2075,812,19,9113,0.73,0.23,10810,275,182256,83398,999
427,56,78,101,2076,820,19,9295,0.73,0.23,10871,281,182353,84443,1009
428,70,74,97,2077,825,19,9385,0.73,0.23,10962,277,182434,86142,1014
429,52,73,93,2077,829,19,9385,0.73,0.23,11034,275,182434,86915,1019
430,57,71,90,2078,833,19,9385,0.73,0.23,11101,274,182515,87480,1023
431,61,69,88,2078,835,19,9475,0.73,0.23,11146,273,182515,87816,1025
432,59,69,86,2079,838,19,9591,0.73,0.23,11219,267,182598,88075,1028
433,60,68,85,2083,843,19,9630,0.73,0.23,11260,269,183545,88600,1033
434,51,66,89,2088,844,19,9799,0.72,0.23,11287,266,186216,89242,1034
435,22,53,98,2098,845,19,9799,0.72,0.23,11303,266,188216,89566,1035
436,13,33,114,2115,845,19,9799,0.72,0.23,11303,266,192809,89629,1035
437,17,36,128,2131,846,19,9799,0.72,0.23,11303,268,195552,89989,1036
438,30,47,136,2146,847,19,9809,0.71,0.23,11303,270,197939,90418,1037
439,28,48,127,2154,847,19,9809,0.71,0.23,11303,270,199329,90771,1037
440,36,71,158,2190,847,19,9809,0.71,0.24,11303,270,206398,91107,1037
441,71,88,156,2190,849,19,9809,0.71,0.24,11316,272,206398,91848,1039
442,66,91,154,2190,851,19,9941,0.71,0.24,11339,272,206398,92707,1042
443,54,76,144,2190,861,19,9966,0.72,0.24,11386,284,206398,94245,1052
444,51,77,144,2190,861,19,9966,0.72,0.24,11475,272,206398,94701,1052
445,60,80,144,2190,861,19,9966,0.72,0.24,11475,272,206398,95294,1052
446,60,83,142,2190,863,19,9966,0.72,0.24,11475,276,206398,95698,1055
447,53,74,133,2192,874,19,10005,0.72,0.24,11521,291,206757,96642,1067
448,49,71,134,2194,875,20,10044,0.72,0.24,11655,279,207117,96840,1068
449,46,65,135,2200,880,20,10057,0.72,0.24,11717,282,207973,97501,1073
450,46,76,137,2206,884,20,10098,0.72,0.24,11754,285,208707,98243,1077
451,47,62,138,2210,887,20,10126,0.71,0.24,11839,279,209299,98789,1083
452,39,56,126,2224,887,20,10126,0.71,0.24,11855,277,211731,98905,1083
453,39,68,113,2237,888,20,10126,0.70,0.24,11864,278,214041,99038,1084
454,41,68,116,2242,888,20,10126,0.70,0.24,11874,277,214506,99142,1084
455,33,64,127,2254,888,20,10141,0.69,0.24,11874,277,216550,99340,1084
456,32,46,137,2266,890,20,10172,0.70,0.24,11874,281,218259,100046,1087
457,28,39,137,2275,893,20,10180,0.71,0.24,11874,287,219278,100261,1091
458,24,36,139,2285,895,20,10195,0.71,0.24,11894,289,221424,100637,1093
459,17,40,130,2298,899,20,10209,0.71,0.25,11953,291,223143,101051,1097
460,31,54,137,2315,900,20,10217,0.71,0.25,11953,293,226078,101592,1098
461,36,49,141,2320,901,20,10217,0.72,0.25,11953,295,226618,102006,1100
462,32,55,139,2322,903,20,10236,0.72,0.25,11963,298,227167,102569,1102
463,43,89,139,2325,905,20,10249,0.71,0.25,11992,299,228336,103451,1105
464,45,72,122,2326,923,20,10286,0.71,0.25,12043,327,228729,105139,1126
465,33,54,130,2334,923,20,10295,0.70,0.25,12169,310,229702,105622,1126
466,29,66,138,2351,926,20,10295,0.70,0.25,12175,315,233585,106361,1133
467,48,93,132,2352,933,20,10325,0.71,0.25,12198,325,233705,106977,1140
468,73,88,130,2352,935,20,10362,0.71,0.25,12407,293,233705,108171,1143
469,67,88,129,2353,937,20,10362,0.72,0.25,12447,293,234108,108733,1145
470,70,87,126,2353,940,20,10471,0.72,0.25,12486,295,234108,109264,1148
471,73,86,125,2354,942,20,10709,0.72,0.25,12527,293,234514,109571,1150
472,28,71,116,2355,951,20,10709,0.72,0.25,12543,308,234924,110664,1161
473,15,67,118,2357,951,20,10738,0.70,0.25,12652,297,235749,110835,1161
474,14,72,122,2361,951,20,10738,0.70,0.25,12672,295,236884,111089,1168
475,25,80,121,2362,953,20,10751,0.70,0.25,12672,300,237301,111228,1170
476,48,92,118,2362,956,20,10751,0.69,0.25,12699,303,237301,111932,1174
477,86,97,117,2363,958,20,10766,0.69,0.26,12777,294,237721,112300,1176
478,71,83,118,2364,958,20,10781,0.69,0.26,12804,290,238144,112963,1176
479,21,61,122,2369,959,20,10811,0.69,0.26,12804,292,239421,113057,1177
480,11,39,136,2383,959,20,10811,0.70,0.26,12804,292,243295,113094,1177
481,24,37,142,2389,959,20,10811,0.70,0.26,12804,292,245137,113219,1177
482,27,41,142,2390,960,20,10811,0.70,0.26,12804,294,245568,113595,1178
483,34,52,142,2390,960,20,10826,0.70,0.26,12814,292,245568,113825,1178
484,33,42,142,2392,961,20,10826,0.70,0.26,12814,294,246108,114428,1179
485,18,36,141,2400,961,20,10826,0.70,0.26,12814,294,248869,114836,1179
486,15,28,133,2409,961,20,10826,0.70,0.26,12814,294,252062,114930,1179
487,23,34,135,2426,961,20,10826,0.69,0.26,12814,294,255313,115112,1179
488,27,45,130,2438,961,20,10826,0.69,0.26,12814,294,258166,116135,1179
489,28,43,112,2455,961,20,10826,0.71,0.26,12814,294,262391,116281,1179
490,31,44,107,2471,961,20,10826,0.68,0.26,12814,294,265478,116675,1179
491,28,48,107,2488,962,20,10839,0.68,0.26,12814,297,269240,117257,1180
492,36,63,115,2505,962,20,10839,0.68,0.26,12834,294,273650,117527,1180
493,55,84,129,2520,962,20,10839,0.69,0.26,12834,294,278229,117688,1180
494,66,86,130,2521,962,20,10839,0.69,0.26,12834,294,278672,117963,1180
495,79,98,131,2522,962,20,10900,0.68,0.27,12834,294,279117,118656,1180
496,68,104,127,2522,966,20,11014,0.68,0.27,12834,302,279117,120263,1184
497,52,91,126,2523,968,20,11082,0.70,0.27,12840,306,279564,120791,1186
498,35,68,120,2524,975,20,11082,0.70,0.27,12850,322,279698,121499,1194
499,20,32,132,2536,975,20,11082,0.70,0.27,12881,317,282889,121536,1194
500,30,38,143,2548,975,20,11082,0.70,0.27,12901,314,286118,121780,1194
501,29,42,143,2551,975,20,11082,0.70,0.27,12901,314,286592,122623,1194
502,45,51,143,2551,975,20,11082,0.70,0.27,12901,314,286592,122945,1194
503,51,53,143,2552,976,20,11125,0.70,0.27,12901,316,286729,123431,1195
504,39,45,130,2553,980,20,11139,0.69,0.27,12901,324,286956,123996,1200
505,37,49,126,2567,980,20,11139,0.68,0.27,12917,321,291650,124181,1200
506,42,59,124,2584,980,20,11139,0.68,0.27,12944,316,294175,124351,1200
507,24,62,125,2601,980,20,11139,0.67,0.27,12944,316,297035,124679,1200
508,34,56,121,2617,981,20,11139,0.67,0.27,12944,319,299428,125091,1202
509,41,61,125,2634,981,20,11139,0.68,0.27,12965,316,302019,125367,1202
510,59,75,135,2649,981,20,11139,0.68,0.27,12965,316,304763,125568,1202
511,57,72,142,2656,981,20,11139,0.68,0.27,12965,316,305884,125864,1202
512,52,72,134,2657,981,20,11139,0.68,0.28,12965,316,306078,126045,1202
513,47,69,129,2659,981,20,11154,0.68,0.28,12965,316,306467,126231,1202
514,31,62,138,2674,981,20,11186,0.68,0.28,12965,316,309676,126624,1202
515,41,68,143,2685,982,20,11186,0.68,0.28,12965,319,312338,126992,1203
516,26,48,143,2687,983,20,11186,0.69,0.28,12971,320,312573,127475,1205
517,25,44,144,2701,983,20,11201,0.69,0.28,12971,320,316279,127742,1205
518,28,45,145,2706,983,20,11230,0.69,0.28,12971,320,320054,127894,1205
519,17,37,145,2714,983,20,11230,0.69,0.28,12971,320,322019,128383,1205
520,20,32,143,2726,983,20,11230,0.69,0.28,12971,320,324077,128693,1205
521,24,52,145,2741,983,20,11230,0.69,0.28,12971,320,330282,128789,1205
522,40,74,145,2743,983,20,11230,0.69,0.28,12971,320,331236,128977,1205
523,84,90,145,2743,983,20,11230,0.69,0.28,12971,320,331236,129690,1205
524,74,100,142,2743,986,20,11280,0.69,0.28,12971,329,331236,130469,1208
525,56,89,138,2744,991,20,11295,0.69,0.28,13032,333,331718,131382,1213
526,31,69,138,2744,991,20,11295,0.69,0.28,13032,333,331718,131523,1213
527,41,58,145,2751,991,20,11326,0.69,0.28,13032,333,333474,131630,1213
528,20,33,145,2751,991,20,11356,0.69,0.28,13032,333,333474,131717,1213
529,15,19,144,2751,992,20,11387,0.69,0.29,13032,336,333474,132108,1215
530,14,20,144,2755,993,20,11387,0.69,0.29,13053,336,334097,132167,1216
531,10,25,120,2767,994,20,11394,0.69,0.29,13053,338,336211,132317,1217
532,18,28,103,2785,995,20,11407,0.68,0.29,13066,339,340905,133054,1218
533,24,39,99,2802,997,20,11407,0.68,0.29,13066,343,348254,133341,1221
534,34,53,95,2819,998,20,11414,0.68,0.29,13100,341,352565,133566,1222
535,20,59,110,2836,999,20,11421,0.68,0.29,13107,342,356738,133733,1223
536,27,71,120,2853,1000,20,11430,0.68,0.29,13107,345,362436,134045,1225
537,56,92,136,2870,1001,21,11447,0.72,0.29,13143,342,366156,134658,1235
538,81,114,144,2880,1003,21,11447,0.72,0.29,13150,345,368679,135354,1237
539,54,94,143,2887,1008,21,11457,0.72,0.29,13184,351,369759,137207,1243
540,49,81,145,2893,1011,21,11457,0.68,0.29,13197,357,371728,137598,1246
541,44,63,144,2896,1013,21,11457,0.68,0.30,13219,358,372419,138242,1248
542,61,77,148,2900,1013,21,11457,0.68,0.30,13233,356,373049,138414,1248
543,95,100,150,2904,1015,21,11457,0.68,0.30,13233,361,373440,138883,1251
544,87,89,137,2904,1028,21,11472,0.68,0.30,13274,385,373440,141043,1265
545,72,82,142,2914,1031,21,11489,0.68,0.30,13338,384,380263,141138,1270
546,54,72,140,2925,1031,21,11507,0.68,0.30,13354,381,382533,141298,1270
547,32,56,145,2939,1031,21,11507,0.68,0.30,13369,378,388526,141598,1270
548,23,46,143,2949,1031,21,11507,0.68,0.30,13482,363,391842,142000,1270
549,26,40,134,2957,1031,21,11507,0.67,0.30,13482,363,396675,142551,1270
550,30,48,140,2974,1031,21,11507,0.67,0.30,13482,363,402130,143211,1270
551,26,49,146,2986,1031,21,11507,0.67,0.30,13482,363,406433,143681,1270
552,23,33,147,2987,1031,21,11526,0.67,0.30,13482,363,406656,145240,1270
553,16,28,142,2992,1032,21,11526,0.67,0.31,13482,366,408643,145954,1271
554,13,29,136,3001,1032,21,11526,0.67,0.31,13482,366,410275,146514,1271
555,13,42,143,3016,1033,21,11526,0.66,0.31,13482,368,413723,147005,1272
556,10,32,146,3020,1034,21,11526,0.66,0.31,13482,371,414256,147441,1273
557,8,25,145,3025,1034,21,11526,0.66,0.31,13565,368,414854,148019,1273
558,7,21,126,3031,1038,21,11557,0.65,0.31,13565,377,415896,148973,1277
559,19,32,123,3048,1039,21,11557,0.64,0.31,13565,379,421096,149380,1278
560,24,39,126,3066,1040,21,11557,0.64,0.31,13586,379,425918,150365,1279
561,27,47,116,3083,1045,21,11557,0.64,0.31,13593,389,429505,151142,1285
562,29,61,126,3100,1048,21,11614,0.66,0.31,13641,391,434393,152128,1288
563,54,85,143,3117,1048,21,11614,0.66,0.31,13669,387,441227,152694,1288
564,75,92,148,3123,1049,21,11660,0.66,0.32,13690,386,442190,153725,1289
565,81,118,146,3125,1053,21,11732,0.66,0.32,13767,392,443872,154766,1293
566,81,117,145,3129,1058,21,11853,0.66,0.32,13858,398,445347,156421,1298
567,95,107,134,3133,1073,21,12004,0.66,0.32,13943,423,447565,159209,1313
568,86,103,132,3148,1090,21,12175,0.66,0.32,14187,434,453655,161374,1330
569,88,109,136,3163,1101,21,12342,0.66,0.32,14440,427,458718,163382,1345
570,100,118,143,3175,1106,21,12504,0.66,0.32,14672,405,462188,164225,1350
571,104,121,145,3181,1110,22,12701,0.66,0.32,14833,397,463629,166046,1356
572,105,123,147,3187,1114,22,12876,0.66,0.32,14882,400,464827,167526,1361
573,108,122,145,3188,1116,22,13070,0.66,0.32,15091,390,465685,169135,1363
574,107,120,143,3191,1121,22,13301,0.66,0.32,15132,398,466266,170790,1368
575,107,120,144,3196,1125,22,13507,0.66,0.32,15216,400,468044,172253,1374
576,114,123,147,3200,1126,22,13679,0.63,0.33,15331,391,469016,174721,1375
577,107,125,148,3211,1136,22,13697,0.63,0.33,15385,412,470327,176437,1385
578,104,111,140,3217,1150,22,13697,0.63,0.33,15592,409,470955,180359,1403
579,107,117,146,3226,1153,22,13732,0.63,0.33,15701,401,473734,181068,1406
580,110,118,147,3229,1155,22,13751,0.63,0.33,15805,396,474226,181516,1409
581,97,121,147,3231,1157,22,13766,0.66,0.33,15921,391,474664,182738,1411
582,99,126,153,3246,1164,22,13816,0.66,0.33,16008,399,476370,189399,1419
583,44,106,154,3262,1177,22,13944,0.65,0.33,16105,420,478073,192441,1432
584,10,63,149,3264,1177,22,13968,0.65,0.33,16364,398,478294,192619,1432
585,6,74,150,3273,1177,22,13968,0.65,0.33,16364,398,482003,192704,1432
586,16,86,148,3273,1179,22,13968,0.65,0.33,16364,404,482003,192990,1435
587,29,99,144,3275,1184,23,13968,0.65,0.34,16420,410,482448,193751,1440
588,37,108,142,3280,1191,23,13968,0.65,0.34,16511,408,486132,194669,1450
589,55,113,143,3290,1200,23,13968,0.65,0.34,16559,412,491702,196671,1461
590,72,110,137,3299,1215,23,13968,0.65,0.34,16619,420,494157,198947,1482
591,62,109,145,3311,1219,23,13990,0.65,0.34,16700,416,500306,199998,1487
592,69,114,147,3315,1221,23,14021,0.65,0.34,16746,412,500757,200247,1490
593,85,122,148,3319,1224,23,14080,0.65,0.34,16780,415,502407,200846,1493
594,100,125,147,3331,1237,23,14174,0.65,0.34,17081,418,504312,207863,1509
595,103,124,145,3335,1243,23,14239,0.65,0.34,17356,415,504746,212662,1515
596,97,118,139,3340,1254,23,14379,0.65,0.34,17552,421,506568,214985,1529
597,105,126,148,3351,1256,23,14441,0.65,0.34,17586,420,509582,215815,1531
598,103,123,144,3352,1261,23,14500,0.65,0.34,17864,413,509788,218219,1541
599,94,125,146,3355,1262,23,14518,0.65,0.35,17883,413,510218,220428,1543
600,96,122,143,3355,1265,23,14572,0.65,0.35,18102,414,510218,222857,1549
601,93,118,139,3356,1270,24,14791,0.65,0.35,18241,417,510394,224361,1561
602,81,109,130,3357,1280,24,15057,0.65,0.35,18705,422,510983,227895,1585
603,77,107,128,3359,1284,24,15277,0.65,0.35,19183,412,511573,230101,1595
604,78,106,127,3360,1286,24,15504,0.65,0.35,19346,404,511869,231272,1599
605,72,106,127,3366,1292,24,15732,0.65,0.35,19436,417,512907,234424,1611
606,72,106,127,3369,1295,24,15891,0.65,0.35,19791,410,513353,235876,1617
607,69,102,126,3377,1304,24,16132,0.64,0.35,20060,426,515371,237840,1637
608,75,103,126,3380,1307,25,16363,0.64,0.35,20276,421,516784,239511,1643
609,79,108,129,3384,1308,25,16609,0.64,0.35,20741,406,519542,240285,1645
610,78,107,128,3384,1309,25,16917,0.64,0.35,20928,403,519542,241524,1649
611,78,104,128,3387,1312,25,17106,0.64,0.35,20970,408,521349,243290,1657
612,74,103,124,3389,1318,25,17302,0.64,0.35,21046,416,522557,244771,1669
613,72,105,127,3396,1322,25,17632,0.64,0.35,21352,411,526411,246139,1677
614,78,108,128,3401,1325,25,17924,0.64,0.35,21434,413,527504,247305,1683
615,94,104,128,3405,1329,25,18083,0.64,0.35,21718,410,528417,248370,1698
616,121,129,149,3445,1348,26,18125,0.64,0.36,22177,425,532689,252512,1740
617,108,113,138,3445,1359,26,18264,0.64,0.36,22322,421,532689,255551,1766
618,102,109,138,3446,1360,26,18286,0.64,0.36,22384,419,532873,256357,1768
619,102,114,137,3447,1362,26,18351,0.64,0.36,22418,422,533027,256663,1772
620,99,106,128,3449,1373,26,18419,0.64,0.36,22470,430,533490,258255,1800
621,95,109,129,3457,1380,26,18476,0.64,0.36,22567,428,536738,259881,1818
622,99,104,128,3464,1388,26,18692,0.64,0.36,22680,434,539841,262776,1836
623,100,107,126,3481,1407,26,18706,0.63,0.36,22955,464,543252,270372,1874
624,82,118,133,3490,1409,26,18757,0.63,0.36,23414,438,544414,271832,1878
625,108,132,146,3509,1415,26,18800,0.63,0.36,23587,436,546646,274375,1890
626,107,120,135,3510,1427,26,18845,0.63,0.36,23741,436,546959,278137,1916
627,109,112,132,3510,1430,26,18892,0.63,0.36,23804,437,546959,278688,1922
628,100,113,133,3511,1430,26,18909,0.63,0.36,23833,433,547274,278735,1922
629,105,113,133,3512,1431,26,18909,0.63,0.36,23833,436,547590,278798,1923
630,83,96,119,3522,1455,26,18956,0.63,0.36,23843,472,549935,283367,1951
631,83,97,125,3559,1486,27,19000,0.64,0.36,24438,496,562865,295990,1988
632,46,69,96,3578,1534,27,19144,0.64,0.37,25758,504,572488,307138,2042
633,42,72,110,3594,1536,28,19184,0.63,0.37,26890,455,578630,310455,2045
634,31,55,121,3612,1542,28,19193,0.62,0.37,26896,466,586761,312625,2051
635,29,53,132,3629,1547,28,19193,0.61,0.37,26988,460,596756,314052,2056
636,45,59,140,3646,1551,28,19193,0.61,0.37,27029,464,601818,316945,2063
637,44,58,147,3662,1554,28,19193,0.62,0.37,27056,466,605710,319298,2068
638,27,50,118,3672,1562,28,19320,0.62,0.37,27079,479,608147,321687,2078
639,29,59,122,3689,1568,28,19320,0.61,0.37,27228,468,613164,323402,2084
640,47,77,138,3707,1570,28,19320,0.61,0.37,27297,466,619796,325152,2088
641,62,84,143,3724,1582,28,19367,0.61,0.37,27329,486,623707,327655,2102
642,75,95,149,3736,1588,28,19414,0.61,0.37,27497,475,631580,329087,2109
643,87,99,147,3741,1595,28,19473,0.61,0.37,27592,474,633643,332440,2118
644,95,107,150,3750,1600,28,19549,0.61,0.37,27649,475,637115,333914,2123
645,99,105,148,3753,1605,28,19755,0.61,0.37,27731,472,638631,335361,2128
646,104,110,152,3760,1608,28,20037,0.61,0.37,27805,467,641349,335798,2131
647,102,108,150,3761,1611,28,20344,0.61,0.37,27852,468,641625,337462,2135
648,100,112,152,3766,1614,28,20636,0.61,0.37,27891,469,643175,339003,2138
649,100,110,150,3768,1618,28,20987,0.61,0.38,27965,466,643541,340599,2143
650,98,109,149,3773,1624,28,21409,0.61,0.38,28012,475,644698,342493,2149
651,101,112,149,3776,1627,28,21861,0.61,0.38,28106,469,645422,344109,2152
652,100,111,149,3779,1630,28,22312,0.61,0.38,28161,468,647325,346225,2156
653,99,111,149,3781,1632,28,22413,0.72,0.38,28241,464,647729,347597,2163
654,102,112,146,3781,1634,28,22605,0.72,0.38,28254,467,647729,349181,2166
655,105,112,146,3782,1635,28,23011,0.72,0.38,28304,463,647932,350444,2167
656,68,95,137,3788,1646,28,23028,0.72,0.38,28369,482,651143,354563,2181
657,16,52,139,3804,1649,28,23044,0.61,0.38,28531,467,656829,355367,2185
658,18,47,141,3821,1651,28,23044,0.61,0.38,28566,467,660658,356025,2188
659,23,48,152,3837,1653,28,23044,0.61,0.38,28601,469,665294,357163,2191
660,21,31,152,3842,1656,28,23044,0.58,0.38,28623,474,666824,358559,2195
661,11,25,149,3851,1661,28,23044,0.58,0.38,28650,481,669984,359694,2200
662,15,33,132,3866,1661,28,23060,0.58,0.38,28724,472,674807,360098,2200
663,14,38,112,3883,1666,28,23060,0.59,0.38,28724,483,678847,361134,2205
664,26,42,103,3899,1668,28,23060,0.59,0.38,28782,479,687205,363133,2208
665,33,45,98,3916,1673,28,23077,0.59,0.38,28815,489,693347,365516,2214
666,28,56,98,3933,1676,28,23093,0.60,0.39,28867,490,701784,366972,2218
667,22,54,103,3950,1680,29,23128,0.60,0.39,28925,492,707333,369870,2223
668,29,53,106,3966,1682,29,23144,0.60,0.39,28954,495,714411,371126,2225
669,23,55,118,3983,1684,29,23144,0.60,0.39,29012,493,720584,371762,2227
670,33,56,127,4000,1684,29,23161,0.60,0.39,29039,489,724805,372139,2227
671,32,45,132,4016,1686,29,23177,0.60,0.39,29081,488,729918,373558,2229
672,29,38,132,4033,1694,29,23212,0.60,0.39,29101,501,734208,377892,2238
673,25,42,133,4050,1697,29,23212,0.59,0.39,29174,498,738319,379163,2241
674,24,44,125,4067,1700,29,23243,0.59,0.39,29207,500,747156,380484,2245
675,18,51,116,4083,1705,29,23273,0.58,0.39,29337,498,751670,381318,2251
676,30,54,113,4100,1708,29,23273,0.57,0.39,29360,504,757385,382025,2254
677,25,58,108,4117,1709,29,23273,0.57,0.39,29382,504,764406,382919,2255
678,25,62,111,4133,1711,29,23289,0.57,0.39,29412,504,769076,384238,2257
679,24,60,117,4150,1718,29,23289,0.58,0.39,29434,519,774741,386393,2264
680,42,84,132,4167,1719,29,23289,0.58,0.39,29500,512,779701,387065,2277
681,60,101,147,4184,1720,29,23422,0.58,0.39,29552,508,788024,388906,2278
682,58,97,150,4192,1725,29,23437,0.59,0.40,29567,516,792377,390396,2283
683,48,74,149,4205,1728,29,23453,0.59,0.40,29582,521,798150,392669,2286
684,54,84,152,4219,1733,29,23453,0.60,0.40,29644,524,801446,393369,2292
685,21,65,153,4231,1733,29,23453,0.60,0.40,29703,516,806105,394220,2292
686,13,34,156,4238,1735,29,23487,0.61,0.40,29709,519,807927,394433,2295
687,7,17,147,4243,1736,29,23487,0.62,0.40,29715,521,810256,394936,2296
688,15,35,154,4258,1738,29,23487,0.62,0.40,29737,523,817852,395538,2298
689,19,46,155,4262,1740,29,23487,0.62,0.40,29751,526,819552,396341,2300
690,31,59,155,4263,1741,29,23503,0.62,0.40,29766,526,819774,397256,2301
691,22,78,153,4269,1749,29,23503,0.62,0.40,29773,541,822303,398585,2310
692,33,90,155,4272,1750,29,23503,0.62,0.40,29850,530,823420,399261,2311
693,55,108,154,4275,1754,29,23503,0.61,0.40,29875,534,824541,401046,2317
694,96,111,150,4280,1763,29,23503,0.60,0.40,29928,545,826040,406358,2328
695,69,104,134,4281,1780,29,23536,0.60,0.40,30030,571,826415,413904,2345
696,65,110,134,4290,1789,29,23566,0.59,0.40,30355,551,830257,416633,2355
697,73,117,140,4301,1794,29,23566,0.59,0.40,30482,550,835073,418836,2361
698,76,121,140,4302,1795,29,23583,0.59,0.40,30534,545,835300,419376,2362
699,101,123,140,4303,1796,29,23627,0.59,0.41,30578,541,835528,421205,2363
700,75,106,130,4317,1820,29,23671,0.59,0.41,30735,577,839257,427657,2392
701,44,95,146,4334,1821,29,23688,0.59,0.41,30962,553,845207,428174,2393
702,30,68,156,4345,1822,29,23688,0.58,0.41,30962,556,849017,428619,2394
703,39,102,156,4346,1823,30,23688,0.58,0.41,32297,555,849784,429237,2395
704,59,109,155,4346,1824,30,23796,0.58,0.41,32297,557,849784,429762,2396
705,83,106,156,4348,1825,30,23826,0.59,0.41,32312,557,850940,431148,2397
706,59,76,154,4350,1828,30,23843,0.60,0.41,32312,565,853256,432306,2400
707,50,63,156,4359,1829,30,23843,0.60,0.41,32364,561,857491,432651,2401
708,37,69,157,4366,1831,30,23843,0.72,0.41,32381,562,860520,433415,2413
709,52,83,154,4366,1834,30,23843,0.72,0.41,32387,567,860520,433954,2416
710,75,88,155,4369,1836,30,23843,0.72,0.41,32411,567,862316,434681,2419
711,12,64,156,4372,1838,30,23843,0.72,0.41,32440,567,864169,435863,2421
712,13,77,157,4373,1838,30,23843,0.62,0.41,32463,563,864404,436248,2421
713,16,85,156,4374,1840,30,23843,0.62,0.41,32463,567,864640,437294,2423
714,23,95,155,4376,1843,30,23875,0.62,0.41,32470,572,865113,438350,2427
715,52,111,157,4379,1844,30,23938,0.62,0.42,32515,567,866537,438587,2428
716,72,116,153,4379,1848,30,24046,0.62,0.42,32528,573,866537,441818,2433
717,70,116,147,4381,1856,30,24184,0.62,0.42,32575,583,868128,444980,2443
718,79,113,146,4390,1866,30,24349,0.62,0.42,32700,586,874539,447351,2454
719,82,117,146,4399,1875,30,24603,0.62,0.42,32818,588,884341,449827,2464
720,93,117,147,4404,1879,30,25022,0.62,0.42,32952,578,887225,451191,2468
721,104,124,148,4405,1879,30,25516,0.62,0.42,33056,564,887426,453056,2468
722,113,124,146,4406,1882,30,26142,0.61,0.42,33064,571,887628,455237,2471
723,116,125,146,4409,1885,30,26695,0.61,0.42,33118,571,888234,456168,2474
724,115,125,146,4412,1888,30,27323,0.61,0.42,33150,574,890662,459013,2478
725,116,126,147,4414,1889,30,27817,0.61,0.42,33234,566,892287,460803,2479
726,121,125,146,4415,1891,30,28370,0.61,0.42,33264,568,893102,462072,2481
727,123,126,146,4416,1892,30,29013,0.61,0.42,33283,569,893306,464227,2482
728,114,124,142,4417,1897,30,29548,0.71,0.42,33323,579,893606,467642,2487
729,74,94,115,4429,1936,30,29565,0.71,0.42,33527,664,899735,488040,2532
730,21,89,123,4445,1944,31,29642,0.71,0.42,34026,619,906566,492750,2541
731,28,107,139,4462,1945,31,29659,0.58,0.43,34115,611,914833,495596,2542
732,53,121,147,4471,1946,31,29659,0.71,0.43,34137,611,918428,497598,2543
733,70,95,145,4504,1981,31,29659,0.71,0.43,34164,703,926649,507389,2583
734,75,105,136,4505,1991,31,29728,0.71,0.43,34776,654,926954,512367,2596
735,43,94,139,4522,2005,31,29830,0.61,0.43,35084,648,933651,520327,2613
736,76,114,141,4531,2010,31,29830,0.71,0.43,35391,622,936074,524557,2618
737,60,94,120,4544,2044,31,29830,0.71,0.43,35586,673,940629,532985,2663
738,75,90,127,4560,2053,31,29830,0.71,0.43,36103,624,949228,537256,2672
739,54,94,139,4577,2058,31,29830,0.58,0.43,36406,604,956741,540837,2678
740,48,94,156,4594,2058,31,29830,0.57,0.43,36478,596,962796,544473,2678
741,24,64,147,4601,2071,31,29840,0.57,0.43,36501,625,964913,548320,2692
742,16,44,155,4617,2075,31,29840,0.56,0.43,36649,614,970476,549743,2698
743,13,37,153,4630,2079,31,29857,0.56,0.43,36694,616,976377,552033,2704
744,14,32,141,4643,2083,31,29872,0.56,0.43,36746,618,981827,553645,2709
745,18,39,130,4660,2088,32,29872,0.55,0.43,36809,625,995807,555134,2714
746,23,42,118,4676,2090,32,29872,0.55,0.43,36896,619,1008536,556454,2716
747,24,46,121,4693,2092,32,29909,0.54,0.44,36896,625,1013310,558807,2718
748,26,48,115,4710,2093,32,29909,0.53,0.44,36949,621,1020239,560902,2719
749,24,35,110,4727,2104,32,29919,0.56,0.44,36974,644,1026337,564140,2731
750,19,44,116,4743,2108,32,29919,0.56,0.44,37103,635,1033419,566494,2736
751,15,52,115,4760,2111,32,29919,0.56,0.44,37196,631,1039708,567939,2739
752,23,48,109,4777,2113,32,29919,0.56,0.44,37196,636,1044415,570053,2742
753,22,76,119,4794,2120,32,29934,0.56,0.44,37209,648,1051146,573570,2749
754,56,94,131,4810,2124,32,29934,0.56,0.44,37344,643,1056667,575705,2755
755,67,102,140,4827,2132,32,29934,0.56,0.44,37390,653,1061821,577679,2765
756,89,117,147,4844,2142,32,29984,0.56,0.44,37396,672,1067121,581979,2775
757,107,123,155,4857,2147,32,30095,0.56,0.44,37516,663,1074097,584362,2782
758,101,123,154,4867,2158,32,30298,0.56,0.44,37685,658,1081063,588345,2796
759,107,131,160,4877,2162,32,30654,0.56,0.44,37865,640,1085383,590733,2805
760,92,114,158,4879,2166,32,30685,0.56,0.44,37923,641,1086274,592952,2809
761,70,101,150,4887,2182,32,30685,0.55,0.44,38007,674,1089398,599183,2827
762,74,112,160,4900,2185,32,30685,0.55,0.44,38240,652,1096153,600979,2839
763,82,119,157,4903,2191,32,30685,0.55,0.45,38331,653,1097319,602798,2845
764,96,119,158,4907,2194,32,30794,0.56,0.45,38377,654,1099567,605357,2849
765,65,105,153,4911,2200,32,30811,0.55,0.45,38517,650,1100785,610042,2856
766,49,121,158,4919,2201,32,30828,0.72,0.45,38684,636,1106538,610363,2858
767,57,132,159,4920,2201,32,30878,0.72,0.45,38684,636,1106991,611238,2858
768,57,130,158,4921,2203,32,31127,0.72,0.45,38684,640,1108203,611802,2860
769,35,96,154,4922,2207,32,31127,0.72,0.45,38696,650,1108477,613578,2866
770,24,62,161,4937,2207,32,31127,0.55,0.45,38747,645,1117190,614091,2866
771,26,45,161,4939,2207,32,31127,0.72,0.45,38747,645,1119631,615766,2875
772,23,83,160,4943,2211,32,31127,0.72,0.45,38759,651,1122923,616834,2881
773,53,106,161,4945,2212,32,31127,0.72,0.45,38797,648,1124074,618309,2882
774,18,37,157,4946,2217,32,31143,0.72,0.45,38889,651,1124997,622072,2889
775,11,26,160,4952,2219,32,31211,0.54,0.45,38936,651,1129376,625997,2891
776,13,72,160,4954,2221,32,31211,0.54,0.45,39013,651,1131232,628406,2905
777,20,89,159,4956,2224,32,31211,0.54,0.45,39090,653,1133094,629508,2909
778,12,61,161,4961,2227,32,31211,0.54,0.45,39136,657,1140090,630043,2912
779,14,26,162,4964,2227,32,31211,0.54,0.46,39154,655,1141306,631572,2912
780,13,21,161,4974,2228,32,31211,0.53,0.46,39154,657,1147027,633226,2913
781,16,25,161,4987,2228,32,31211,0.52,0.46,39166,655,1158050,633503,2913
782,19,33,161,5000,2228,32,31211,0.52,0.46,39166,655,1169524,634246,2913
783,22,41,161,5009,2229,32,31211,0.51,0.46,39166,658,1173636,634708,2917
784,30,48,161,5011,2230,32,31228,0.51,0.46,39217,657,1174158,635546,2919
785,33,47,160,5012,2232,32,31246,0.51,0.46,39229,659,1174395,636165,2921
786,36,56,160,5025,2234,32,31263,0.51,0.46,39254,659,1179271,637584,2923
787,54,70,159,5028,2237,32,31281,0.51,0.46,39260,664,1182137,639074,2926
788,56,69,156,5032,2244,32,31321,0.53,0.46,39336,667,1189794,645923,2934
789,40,86,158,5041,2251,32,31412,0.53,0.46,39444,671,1196593,652055,2944
790,35,113,162,5046,2252,32,31447,0.53,0.46,39516,667,1199850,655373,2946
791,34,88,161,5048,2255,32,31447,0.54,0.46,39547,671,1200429,657194,2950
792,15,47,161,5050,2257,32,31464,0.54,0.46,39547,675,1200961,658095,2952
793,16,58,162,5056,2258,33,31464,0.54,0.46,41056,677,1203549,658778,2953
794,33,65,163,5059,2260,33,31480,0.54,0.46,41068,679,1204278,658887,2955
795,56,74,163,5059,2260,33,31480,0.54,0.47,41093,675,1204278,659474,2955
796,41,66,159,5060,2265,33,31546,0.54,0.47,41129,683,1204523,661119,2960
797,42,54,160,5071,2267,33,31546,0.54,0.47,41225,677,1208055,661803,2962
798,8,38,151,5083,2273,33,31546,0.53,0.47,41233,688,1216035,664423,2969
799,18,25,159,5099,2274,33,31546,0.53,0.47,41264,685,1222048,665301,2970
800,20,32,156,5111,2277,33,31546,0.53,0.47,41302,687,1226446,666882,2973
801,14,40,148,5125,2280,33,31546,0.53,0.47,41321,690,1240320,667674,2976
802,12,33,147,5142,2281,33,31546,0.53,0.47,41339,690,1248283,667945,2978
803,19,43,123,5159,2282,33,31546,0.53,0.47,41339,692,1254874,669020,2979
804,30,71,138,5175,2283,33,31562,0.53,0.47,41355,692,1264814,669723,2988
805,55,90,151,5192,2286,33,31656,0.53,0.47,41363,698,1271207,670955,2993
806,54,96,158,5209,2291,33,31845,0.53,0.47,41383,706,1281027,674837,2998
807,33,64,132,5223,2306,33,31896,0.52,0.47,41477,734,1287018,679146,3015
808,29,67,134,5239,2310,33,31913,0.52,0.47,41683,716,1295189,682742,3020
809,29,71,145,5256,2316,33,31913,0.52,0.47,41777,718,1301632,685792,3027
810,26,93,154,5273,2324,33,31913,0.52,0.47,41815,728,1307820,688141,3037
811,54,114,163,5287,2329,33,31947,0.52,0.48,41872,729,1314584,690049,3043
812,54,99,162,5293,2336,33,31963,0.52,0.48,42003,722,1316217,691592,3052
813,29,77,156,5299,2341,33,31978,0.52,0.48,42057,727,1318126,694227,3057
814,22,59,159,5311,2342,33,31978,0.50,0.48,42120,722,1324106,695227,3058
815,9,44,161,5320,2342,33,31978,0.50,0.48,42120,722,1328134,695574,3058
816,11,53,162,5324,2344,33,31978,0.50,0.48,42120,726,1329936,696177,3060
817,15,57,164,5330,2344,33,31978,0.50,0.48,42120,726,1332125,696758,3060
818,22,54,157,5331,2352,33,31978,0.50,0.48,42120,742,1332642,698935,3072
819,20,68,158,5339,2359,33,31978,0.50,0.48,42171,748,1337301,701889,3081
820,28,64,162,5346,2362,33,31978,0.51,0.48,42266,739,1339852,703382,3085
821,29,49,165,5350,2362,33,31978,0.51,0.48,42266,739,1341069,703917,3085
822,34,60,165,5354,2363,33,31978,0.52,0.48,42281,739,1346658,704157,3086
823,48,75,165,5355,2364,33,31996,0.52,0.48,42288,740,1346921,704669,3098
824,55,83,165,5359,2368,33,32064,0.51,0.48,42307,745,1350432,705994,3102
825,50,98,160,5362,2376,33,32064,0.51,0.48,42364,756,1353601,708530,3111
826,53,96,162,5367,2377,33,32081,0.51,0.49,42421,750,1358501,710657,3112
827,20,79,158,5370,2377,33,32099,0.51,0.49,42440,748,1361681,711293,3112
828,19,38,159,5377,2377,33,32099,0.49,0.49,42440,748,1364337,712147,3112
829,16,48,158,5383,2377,33,32099,0.49,0.49,42440,748,1367036,712308,3112
830,31,74,165,5390,2377,33,32115,0.49,0.49,42440,748,1372645,712807,3112
831,61,100,164,5391,2379,33,32195,0.49,0.49,42440,754,1373092,713104,3116
832,91,116,165,5392,2379,33,32274,0.49,0.49,42440,754,1373539,713730,3116
833,94,125,165,5394,2381,33,32403,0.49,0.49,42480,755,1374257,714975,3118
834,104,129,166,5396,2382,33,32514,0.49,0.49,42527,752,1374977,716394,3119
835,113,133,165,5396,2383,33,32692,0.49,0.49,42551,751,1374977,718627,3120
836,113,131,160,5397,2389,33,33137,0.49,0.49,42575,760,1376061,721786,3128
837,113,136,163,5403,2392,33,33772,0.49,0.49,42621,761,1382592,723520,3131
838,119,140,166,5409,2395,34,34460,0.49,0.49,42722,755,1385048,725245,3135
839,131,140,164,5411,2398,34,35366,0.49,0.49,42793,753,1385595,727986,3140
840,64,87,103,5417,2465,34,35968,0.50,0.49,43286,884,1388780,757880,3232
841,55,88,115,5434,2470,34,36162,0.50,0.49,44392,759,1397488,765017,3241
842,65,109,129,5451,2473,34,36179,0.50,0.50,44519,751,1409164,768005,3246
843,90,127,145,5468,2474,34,36231,0.50,0.50,44616,744,1419951,770819,3248
844,93,138,157,5485,2479,34,36247,0.49,0.50,44635,757,1430983,777757,3256
845,81,125,160,5494,2485,34,36278,0.48,0.50,44775,759,1434465,783677,3267
846,46,97,161,5501,2491,34,36317,0.49,0.50,44895,759,1439407,788192,3273
847,25,46,163,5507,2495,34,36351,0.49,0.50,45073,747,1443725,788863,3279
848,6,20,167,5511,2495,34,36351,0.48,0.50,45096,744,1445591,789308,3279
849,3,10,166,5512,2496,34,36351,0.48,0.50,45096,746,1446714,789683,3280
850,7,13,167,5522,2496,34,36351,0.48,0.50,45096,746,1449718,789695,3280
851,10,19,157,5534,2497,34,36351,0.48,0.50,45096,749,1453974,790207,3282
852,19,29,128,5551,2498,34,36367,0.50,0.50,45120,748,1461202,790585,3283
853,25,46,93,5568,2499,34,36367,0.50,0.50,45139,749,1469094,791225,3284
854,41,60,108,5584,2500,34,36383,0.72,0.50,45163,748,1475867,793148,3293
855,54,78,117,5601,2506,34,36564,0.72,0.50,45170,759,1484749,796228,3300
856,68,82,127,5618,2506,34,36564,0.72,0.50,45208,753,1492281,797866,3300
857,78,96,130,5635,2510,34,36581,0.72,0.51,45215,760,1500216,800760,3305
858,93,116,145,5652,2512,34,36581,0.72,0.51,45279,756,1508269,802310,3307
859,103,116,158,5668,2515,34,36665,0.50,0.51,45301,760,1515573,805357,3311
860,99,126,165,5685,2517,34,36684,0.50,0.51,45325,762,1524862,810148,3313
861,113,138,165,5691,2523,34,36702,0.50,0.51,45438,761,1527955,813025,3321
862,125,147,162,5695,2528,34,36948,0.50,0.51,45467,767,1529505,815565,3327
863,136,153,163,5701,2533,34,37227,0.50,0.51,45514,770,1532611,819856,3333
864,140,155,164,5710,2540,34,37651,0.50,0.51,45605,771,1541668,823099,3340
865,138,157,166,5717,2545,34,38074,0.50,0.51,45689,771,1547332,826765,3346
866,138,158,163,5722,2553,35,38595,0.50,0.51,45784,777,1551737,830896,3357
867,142,157,161,5727,2560,35,39164,0.50,0.51,45940,773,1554388,834302,3368
868,139,154,161,5734,2567,35,39797,0.50,0.51,46020,778,1558421,838540,3378
869,141,160,165,5744,2572,35,40511,0.50,0.51,46124,775,1568384,842747,3384
870,136,157,162,5748,2579,35,40788,0.49,0.51,46245,774,1570817,846955,3393
871,97,151,155,5758,2595,35,40877,0.48,0.51,46480,785,1579537,859585,3416
872,71,153,161,5773,2603,35,40969,0.47,0.52,46756,776,1587000,864404,3427
873,33,69,167,5780,2604,35,41006,0.48,0.52,46860,767,1592384,866998,3428
874,35,111,165,5781,2607,35,41006,0.48,0.52,46893,770,1594270,869768,3432
875,57,143,165,5784,2610,35,41165,0.48,0.52,46925,774,1599946,871165,3435
876,53,161,167,5787,2611,35,41188,0.47,0.52,47021,768,1603690,873971,3437
877,31,134,173,5795,2613,35,41188,0.47,0.52,47043,768,1605567,877684,3439
878,11,43,170,5795,2616,35,41206,0.47,0.52,47043,774,1605567,878301,3443
879,0,19,170,5795,2616,35,41206,0.46,0.52,47043,774,1605567,878489,3443
880,0,7,170,5795,2616,35,41206,0.47,0.52,47043,774,1605567,878489,3443
881,0,5,169,5797,2616,35,41206,0.47,0.52,47043,774,1606048,878489,3443
882,2,6,162,5801,2616,35,41206,0.48,0.53,47043,774,1610388,878489,3443
883,12,17,135,5812,2616,35,41206,0.46,0.53,47043,774,1619201,879080,3443
884,19,34,129,5830,2616,35,41206,0.46,0.53,47043,774,1635180,880989,3443
885,27,47,133,5847,2622,35,41206,0.46,0.53,47054,788,1642753,883417,3450
886,28,55,145,5864,2626,35,41206,0.46,0.53,47158,787,1653463,884658,3455
887,37,76,159,5882,2629,35,41206,0.46,0.53,47169,795,1667613,887077,3458
888,49,80,158,5893,2638,35,41253,0.46,0.53,47289,806,1674562,891149,3467
889,67,90,168,5905,2640,35,41331,0.46,0.53,47502,792,1682408,893773,3470
890,67,86,161,5906,2645,35,41434,0.46,0.53,47604,792,1684374,897893,3478
891,65,86,159,5914,2653,35,41560,0.46,0.53,47678,803,1686715,903068,3487
892,65,83,161,5924,2661,35,41653,0.46,0.54,47851,803,1691263,908684,3499
893,70,84,162,5933,2669,35,41710,0.46,0.54,48215,805,1697160,911727,3507
894,87,89,172,5953,2679,35,41722,0.47,0.54,48502,797,1705766,921952,3521
895,76,79,167,5954,2685,35,41772,0.47,0.54,48570,799,1707762,931020,3527
896,47,72,170,5958,2686,35,41772,0.46,0.54,48707,796,1712885,933798,3529
897,34,106,168,5962,2692,35,41793,0.45,0.54,48838,810,1715769,935506,3539
898,51,87,168,5967,2696,35,41793,0.46,0.54,49021,810,1721997,938565,3545
899,73,78,169,5979,2701,36,41809,0.44,0.54,49086,817,1731538,942400,3552
900,62,75,170,5987,2701,36,41827,0.45,0.54,49209,802,1734643,942932,3552
901,19,40,169,5994,2702,36,41845,0.46,0.54,49209,805,1739832,943273,3554
902,22,27,166,6007,2702,36,41845,0.46,0.55,49209,805,1746941,943759,3554
903,31,45,154,6024,2702,36,41845,0.46,0.55,49209,805,1757045,945877,3554
904,46,52,159,6042,2707,36,41845,0.46,0.55,49209,820,1763423,948098,3559
905,46,69,158,6059,2714,36,41845,0.46,0.55,49259,833,1776163,952967,3568
906,59,74,163,6071,2721,36,41966,0.46,0.55,49465,830,1782832,955201,3576
907,74,86,168,6079,2724,36,42118,0.46,0.55,49762,814,1788487,956872,3579
908,82,99,168,6085,2729,36,42346,0.46,0.55,49847,818,1791193,958962,3587
909,87,100,166,6092,2738,36,42698,0.46,0.55,49974,824,1793004,963166,3599
910,92,103,166,6097,2743,36,43039,0.46,0.55,50084,821,1803370,966689,3605
911,96,106,166,6103,2748,36,43381,0.46,0.55,50167,823,1811688,970257,3611
912,97,107,166,6110,2754,36,43784,0.46,0.55,50305,820,1818717,973340,3619
913,99,110,170,6116,2756,36,44227,0.46,0.56,50406,813,1822763,975081,3621
914,92,104,164,6119,2765,36,44689,0.46,0.56,50469,829,1824546,978745,3635
915,93,110,169,6126,2767,36,45204,0.46,0.56,50661,818,1830847,979710,3637
916,92,108,167,6128,2771,36,45738,0.46,0.56,50762,820,1832295,981860,3641
917,84,108,170,6132,2772,36,45780,0.46,0.56,51012,807,1835065,985295,3642
918,98,118,177,6140,2773,36,45845,0.46,0.56,51012,810,1837103,991454,3644
919,100,114,172,6140,2778,36,45994,0.46,0.56,51020,820,1837103,997060,3654
920,105,110,167,6140,2783,36,46222,0.46,0.56,51187,821,1837103,1000883,3659
921,105,114,168,6144,2786,36,46585,0.46,0.56,51356,811,1839370,1003629,3663
922,104,116,169,6149,2790,36,46829,0.46,0.56,51438,815,1843114,1006643,3669
923,103,122,164,6164,2810,36,46838,0.46,0.57,51892,835,1847349,1024003,3697
924,106,125,162,6172,2820,36,46923,0.45,0.57,52037,836,1853615,1028682,3711
925,111,129,168,6182,2824,36,47031,0.45,0.57,52174,829,1862157,1030971,3716
926,115,133,170,6186,2826,36,47312,0.45,0.57,52314,818,1864669,1033296,3718
927,101,117,165,6190,2835,36,47556,0.46,0.57,52408,834,1867135,1040290,3730
928,105,127,176,6208,2842,37,47590,0.46,0.57,52876,835,1871747,1049739,3741
929,110,129,177,6214,2847,37,47590,0.46,0.57,53205,826,1873280,1056802,3748
930,102,121,167,6218,2861,37,47735,0.45,0.57,53391,834,1875877,1063510,3770
931,90,118,163,6227,2874,37,47756,0.44,0.57,53698,857,1880696,1072692,3784
932,40,77,172,6236,2874,37,47776,0.44,0.57,54120,839,1886462,1074092,3784
933,22,49,172,6240,2874,37,47795,0.43,0.58,54155,836,1889492,1074551,3784
934,15,31,172,6245,2874,37,47795,0.43,0.58,54182,833,1891150,1075278,3784
935,21,27,172,6247,2874,37,47795,0.45,0.58,54206,830,1891704,1076096,3784
936,17,24,157,6251,2875,37,47795,0.66,0.58,54227,829,1893648,1077206,3785
937,20,32,132,6269,2876,37,47795,0.66,0.58,54259,827,1901407,1077488,3786
938,29,37,99,6286,2880,37,47795,0.41,0.58,54259,835,1917032,1079877,3790
939,33,47,85,6303,2881,37,47837,0.41,0.58,54285,834,1931907,1080274,3792
940,40,55,98,6321,2882,37,47858,0.42,0.58,54285,836,1958204,1083073,3793
941,44,69,111,6338,2883,37,47858,0.42,0.58,54315,834,1982743,1084163,3795
942,69,90,109,6355,2902,37,47858,0.41,0.58,54434,872,1992081,1092710,3843
943,76,103,119,6372,2909,37,47858,0.72,0.59,54898,842,2000296,1098141,3859
944,88,110,124,6388,2920,37,47917,0.72,0.59,55058,855,2008052,1106879,3885
945,101,117,133,6405,2928,37,47989,0.72,0.59,55263,853,2019124,1118318,3901
946,105,118,144,6422,2934,37,47989,0.42,0.59,55409,853,2035563,1125220,3913
947,78,94,145,6439,2942,37,48041,0.43,0.59,55791,831,2045291,1131769,3933
948,45,71,159,6456,2943,38,48060,0.43,0.59,56357,762,2061009,1134517,3937
949,44,63,172,6470,2943,38,48060,0.43,0.59,56682,724,2071007,1135669,3937
950,45,58,173,6472,2944,38,48060,0.40,0.59,56714,722,2071739,1137484,3941
951,17,32,161,6472,2949,38,48060,0.41,0.59,56722,732,2071739,1140951,3959
952,15,27,150,6485,2951,38,48060,0.40,0.59,56766,731,2082154,1142247,3965
953,15,33,131,6502,2953,38,48060,0.41,0.59,56766,735,2097765,1143347,3969
954,20,37,120,6519,2954,38,48060,0.41,0.59,56811,732,2108140,1144903,3971
955,29,40,111,6536,2959,38,48060,0.40,0.59,56819,746,2121530,1147532,3985
956,29,46,117,6553,2962,38,48079,0.40,0.59,56930,742,2130820,1150272,3993
957,32,48,128,6569,2962,38,48079,0.39,0.59,57007,733,2140507,1152486,3993
958,29,57,140,6586,2967,38,48079,0.39,0.60,57007,747,2148675,1155193,4007
959,55,104,151,6603,2967,38,48079,0.72,0.60,57110,735,2160160,1156382,4020
960,95,127,166,6620,2968,38,48217,0.72,0.60,57110,737,2179488,1159325,4022
961,99,121,171,6630,2972,38,48338,0.72,0.60,57127,746,2188697,1161670,4034
962,91,102,169,6640,2977,38,48358,0.40,0.60,57170,756,2198635,1166991,4050
963,69,72,169,6654,2981,38,48358,0.40,0.60,57381,740,2209968,1168624,4058
964,60,69,173,6670,2982,38,48358,0.41,0.60,57458,734,2221478,1169873,4060
965,53,60,174,6672,2982,38,48358,0.41,0.60,57483,731,2224268,1172280,4060
966,40,50,171,6673,2985,38,48358,0.42,0.60,57483,740,2225031,1174840,4068
967,40,55,173,6686,2986,38,48377,0.42,0.60,57574,732,2237144,1176367,4070
968,36,43,172,6693,2989,38,48377,0.42,0.60,57574,741,2242510,1178714,4078
969,11,44,168,6706,2991,38,48377,0.42,0.60,57677,735,2254098,1179648,4082
970,40,59,153,6722,2992,38,48377,0.42,0.60,57725,732,2262939,1179862,4086
971,60,78,146,6739,2993,38,48377,0.42,0.60,57750,732,2280869,1181125,4087
972,72,90,152,6757,3003,38,48377,0.42,0.60,57758,751,2300734,1187402,4101
973,54,92,156,6774,3016,38,48377,0.42,0.61,57824,778,2313477,1198406,4118
974,47,83,160,6791,3023,38,48415,0.42,0.61,58090,761,2327943,1205081,4125
975,36,85,169,6808,3026,38,48415,0.42,0.61,58258,747,2343748,1208522,4129
976,41,89,174,6814,3027,38,48415,0.42,0.61,58365,738,2348313,1211708,4130
977,27,67,174,6815,3028,38,48415,0.42,0.61,58400,737,2348967,1212838,4131
978,3,48,175,6816,3028,38,48454,0.41,0.61,58481,729,2349622,1213350,4131
979,0,27,175,6816,3028,38,48454,0.41,0.61,58481,729,2349622,1213350,4131
980,3,12,172,6825,3028,38,48454,0.41,0.61,58508,724,2363875,1213350,4131
981,11,34,155,6837,3028,38,48454,0.41,0.61,58514,723,2374086,1215083,4131
982,24,49,161,6854,3028,38,48454,0.40,0.61,58514,723,2394932,1218993,4131
983,44,61,174,6871,3028,38,48454,0.40,0.61,58514,723,2418012,1220825,4131
984,48,66,169,6873,3035,38,48527,0.40,0.61,58514,740,2419610,1225585,4139
985,43,70,165,6879,3045,38,48598,0.40,0.61,58673,745,2424291,1229198,4152
986,59,88,171,6895,3055,38,48669,0.40,0.61,58839,753,2432436,1236220,4164
987,64,91,173,6899,3056,38,48755,0.40,0.61,59107,725,2435422,1240544,4165
988,60,89,170,6909,3062,39,48755,0.40,0.62,61803,740,2443828,1249734,4178
989,74,103,175,6919,3063,39,48755,0.72,0.62,61974,727,2453202,1254230,4179
990,87,102,172,6920,3067,39,48845,0.72,0.62,61988,734,2454015,1260130,4184
991,84,99,169,6924,3074,39,48914,0.72,0.62,62055,744,2456620,1272181,4194
992,68,87,164,6932,3086,39,48949,0.40,0.62,62346,746,2461712,1289212,4212
993,38,77,168,6944,3089,39,48949,0.40,0.62,62655,727,2470011,1291631,4216
994,19,58,174,6956,3090,39,48949,0.40,0.62,62824,709,2482974,1292029,4217
995,17,29,176,6959,3090,39,48949,0.40,0.62,62883,701,2485443,1293180,4217
996,25,45,176,6961,3090,39,48949,0.40,0.62,62883,701,2486544,1294043,4217
997,37,64,176,6962,3091,39,48968,0.40,0.62,62883,703,2488200,1296391,4219
998,63,79,175,6965,3095,39,49007,0.40,0.62,62897,709,2493179,1298229,4225
999,35,46,177,6968,3095,39,49007,0.40,0.62,62938,703,2495674,1300307,4225
1000,31,51,176,6972,3098,39,49007,0.40,0.62,63051,704,2497984,1300975,4231
1001,50,77,176,6974,3099,39,49007,0.40,0.62,63098,700,2499210,1302258,4232
1002,89,99,172,6975,3104,39,49007,0.40,0.63,63129,706,2499629,1306036,4239
1003,88,96,161,6980,3120,39,49044,0.40,0.63,63205,736,2508033,1324226,4259
1004,50,73,131,6991,3161,40,49135,0.40,0.63,63507,809,2528326,1348637,4316
1005,76,93,142,7008,3167,40,49174,0.40,0.63,64390,722,2538808,1355103,4323
1006,81,99,152,7025,3174,40,49174,0.40,0.63,64641,717,2554968,1364719,4333
1007,64,83,158,7041,3182,40,49193,0.71,0.63,64835,720,2570182,1374724,4342
1008,40,67,164,7058,3188,40,49193,0.71,0.63,65047,716,2585665,1383111,4349
1009,36,61,174,7076,3190,40,49210,0.71,0.63,65249,701,2607742,1385721,4351
1010,38,51,156,7083,3191,40,49210,0.37,0.63,65294,698,2613510,1387401,4352
1011,24,46,159,7100,3191,40,49210,0.37,0.63,65294,698,2639560,1392051,4352
1012,31,73,175,7117,3191,40,49210,0.37,0.63,65294,698,2653565,1396287,4363
1013,60,80,177,7121,3192,40,49210,0.37,0.63,65294,701,2655578,1399160,4364
1014,69,81,177,7123,3193,40,49252,0.37,0.63,65338,700,2656733,1401889,4366
1015,49,58,157,7129,3197,40,49252,0.36,0.63,65338,709,2660582,1406166,4371
1016,27,42,142,7146,3197,40,49252,0.56,0.63,65423,701,2679286,1406937,4371
1017,16,42,149,7163,3198,40,49252,0.56,0.64,65423,703,2698504,1408170,4373
1018,22,42,151,7180,3201,40,49252,0.56,0.64,65436,708,2716139,1413967,4376
1019,26,50,141,7197,3204,40,49252,0.56,0.64,65487,707,2734726,1417318,4381
1020,45,59,123,7214,3205,40,49252,0.56,0.64,65598,698,2750670,1418028,4383
1021,36,66,139,7231,3206,40,49252,0.56,0.64,65626,696,2764451,1419675,4384
1022,56,83,137,7248,3208,40,49252,0.56,0.64,65656,696,2788376,1422360,4386
1023,69,84,151,7265,3211,40,49252,0.39,0.64,65684,698,2802440,1424650,4391
1024,53,79,152,7281,3215,40,49291,0.38,0.64,65726,701,2815531,1427815,4397
1025,47,65,153,7298,3216,40,49331,0.38,0.64,65782,695,2826044,1430515,4398
1026,41,56,153,7315,3226,40,49351,0.37,0.64,65796,718,2842036,1436682,4409
1027,26,50,162,7332,3230,40,49351,0.37,0.64,66021,698,2862092,1438947,4415
1028,20,48,166,7349,3231,40,49351,0.36,0.64,66315,681,2875859,1441743,4416
1029,34,50,163,7366,3233,40,49351,0.35,0.64,66348,684,2886963,1447024,4420
1030,41,58,155,7383,3236,40,49371,0.38,0.64,66419,686,2898095,1450145,4423
1031,46,64,146,7400,3240,40,49371,0.38,0.65,66459,689,2931567,1454289,4430
1032,42,60,150,7417,3243,40,49371,0.39,0.65,66459,695,2955802,1455767,4433
1033,50,66,149,7433,3243,40,49371,0.38,0.65,66487,691,2971299,1459411,4433
1034,46,71,143,7450,3245,40,49371,0.36,0.65,66487,695,2985617,1463346,4435
1035,41,58,138,7467,3248,40,49371,0.36,0.65,66539,696,2999855,1466901,4438
1036,43,66,149,7484,3250,40,49371,0.36,0.65,66579,695,3022840,1472151,4441
1037,41,67,144,7501,3254,40,49390,0.37,0.65,66586,702,3039664,1474089,4446
1038,36,66,144,7518,3254,40,49410,0.37,0.65,66650,693,3057451,1478417,4446
1039,46,64,154,7535,3255,40,49410,0.37,0.65,66650,696,3070202,1485304,4448
1040,41,72,159,7552,3257,40,49410,0.38,0.65,66709,697,3086729,1490123,4450
1041,83,99,171,7569,3258,40,49464,0.38,0.65,66721,699,3108567,1493001,4452
1042,95,129,179,7580,3259,40,49481,0.38,0.65,66779,696,3120145,1498375,4454
1043,96,128,167,7587,3278,40,49481,0.38,0.65,66809,732,3126437,1512399,4479
1044,75,133,179,7602,3281,40,49521,0.39,0.65,67099,704,3138610,1521855,4482
1045,31,100,176,7604,3286,40,49541,0.38,0.65,67157,710,3141426,1528705,4488
1046,54,131,180,7609,3287,40,49541,0.38,0.66,67280,701,3148485,1529882,4489
1047,83,142,179,7609,3288,40,49596,0.38,0.66,67298,701,3148485,1531880,4490
1048,93,149,173,7612,3297,40,49758,0.38,0.66,67321,717,3150095,1546549,4504
1049,102,148,175,7623,3306,41,49829,0.38,0.66,67446,720,3158729,1555348,4518
1050,113,154,176,7630,3312,41,49869,0.39,0.66,67605,713,3165132,1561408,4524
1051,124,156,178,7635,3315,41,49979,0.39,0.66,67709,706,3170472,1565579,4527
1052,116,150,173,7638,3323,41,50285,0.39,0.66,67778,714,3176209,1570919,4536
1053,75,136,168,7645,3335,41,50374,0.39,0.66,67927,726,3183873,1580778,4552
1054,90,149,179,7657,3336,41,50394,0.39,0.66,68183,699,3200687,1582505,4553
1055,100,151,177,7658,3339,41,50394,0.38,0.66,68183,707,3201168,1587896,4559
1056,102,157,181,7663,3340,41,50414,0.38,0.66,68298,701,3205130,1589572,4561
1057,104,159,179,7663,3342,41,50560,0.38,0.66,68316,705,3205130,1594228,4564
1058,107,159,180,7666,3344,41,51061,0.38,0.66,68386,703,3209597,1597645,4567
1059,112,163,182,7668,3344,41,51651,0.38,0.66,68422,699,3211056,1603923,4567
1060,106,157,176,7668,3350,41,52241,0.38,0.67,68422,711,3211056,1608796,4573
1061,105,157,176,7674,3356,41,52884,0.38,0.67,68528,712,3214579,1612621,4583
1062,110,161,179,7682,3361,41,53528,0.38,0.67,68640,711,3221781,1617716,4590
1063,113,164,182,7686,3362,41,54153,0.38,0.67,68754,702,3224470,1619457,4592
1064,115,164,181,7686,3363,41,54815,0.38,0.67,68790,702,3224470,1623272,4594
1065,115,164,179,7688,3367,41,55459,0.38,0.67,68825,709,3225955,1626937,4599
1066,113,165,180,7691,3369,41,56154,0.38,0.67,68929,703,3227443,1628915,4602
1067,114,166,182,7694,3370,41,57048,0.38,0.67,68965,701,3231159,1632094,4604
1068,118,165,182,7694,3370,41,57960,0.38,0.67,68972,700,3231159,1634301,4604
1069,115,163,180,7694,3372,41,58855,0.72,0.67,68979,704,3231159,1636034,4618
1070,113,161,178,7695,3375,41,59821,0.72,0.67,68997,710,3233165,1639697,4621
1071,129,162,179,7696,3375,41,60751,0.72,0.67,69085,702,3235176,1642765,4621
1072,42,132,172,7699,3385,41,60769,0.72,0.67,69121,729,3238201,1650186,4635
1073,10,70,182,7709,3385,41,60809,0.36,0.67,69414,699,3246517,1651866,4635
1074,12,98,181,7709,3386,41,60809,0.36,0.68,69414,702,3246517,1653990,4637
1075,17,122,180,7710,3388,41,60809,0.36,0.68,69450,703,3247532,1655504,4640
1076,16,140,179,7712,3391,41,60845,0.36,0.68,69486,705,3249567,1657871,4645
1077,22,145,179,7716,3395,41,60899,0.36,0.68,69532,707,3253651,1659291,4651
1078,38,155,180,7721,3399,41,60971,0.37,0.68,69586,708,3260303,1662975,4656
1079,58,146,171,7727,3414,41,61007,0.37,0.68,69661,737,3263726,1678098,4676
1080,80,152,177,7742,3422,41,61007,0.72,0.68,69976,721,3275146,1686619,4684
1081,94,160,182,7748,3422,41,61047,0.72,0.68,70168,701,3281557,1691732,4684
1082,101,159,181,7748,3423,41,61087,0.36,0.68,70168,704,3281557,1694577,4685
1083,80,156,181,7751,3426,41,61087,0.36,0.68,70239,707,3284628,1697888,4688
1084,93,156,181,7757,3427,41,61087,0.36,0.68,70239,709,3293102,1700775,4690
1085,19,53,181,7767,3432,41,61087,0.35,0.68,70275,718,3315037,1702579,4697
1086,11,21,181,7775,3433,41,61087,0.34,0.68,70293,718,3324850,1703889,4699
1087,7,20,183,7780,3433,41,61087,0.34,0.68,70308,716,3329857,1704802,4699
1088,11,26,183,7784,3434,41,61087,0.34,0.68,70315,718,3334124,1705506,4700
1089,12,34,183,7785,3435,41,61087,0.34,0.69,70369,716,3335769,1706029,4702
1090,11,37,182,7785,3436,41,61087,0.34,0.69,70378,716,3335769,1707298,4703
1091,9,24,185,7788,3436,41,61087,0.34,0.69,70387,715,3338351,1709141,4703
1092,6,21,183,7800,3437,41,61087,0.32,0.69,70387,716,3352459,1709771,4705
1093,13,38,130,7817,3438,41,61087,0.32,0.69,70387,717,3370659,1711932,4706
1094,28,45,137,7835,3442,41,61087,0.32,0.69,70387,721,3409141,1716522,4713
1095,46,61,149,7852,3447,41,61087,0.72,0.69,70506,725,3444044,1719840,4719
1096,59,78,163,7869,3450,41,61087,0.72,0.69,70568,720,3487733,1724136,4722
1097,59,74,174,7887,3457,41,61087,0.72,0.69,70595,727,3517411,1733190,4732
1098,53,74,182,7902,3459,41,61087,0.32,0.69,70610,728,3544558,1741909,4735
1099,35,65,149,7916,3463,41,61087,0.31,0.69,70655,729,3573817,1749022,4741
1100,40,76,150,7934,3464,41,61109,0.32,0.69,70710,725,3587534,1752118,4742
1101,42,70,160,7951,3465,41,61134,0.32,0.69,70738,724,3628945,1753379,4744
1102,66,92,174,7968,3466,41,61157,0.32,0.69,70752,723,3662607,1755243,4757
1103,73,114,176,7984,3478,41,61201,0.32,0.70,70771,735,3679462,1762979,4772
1104,88,120,181,8001,3488,41,61254,0.32,0.70,70883,736,3699426,1769715,4784
1105,105,127,180,8014,3501,41,61336,0.32,0.70,71013,737,3711458,1777544,4802
1106,112,131,178,8022,3510,41,61471,0.31,0.70,71167,731,3716864,1786852,4812
1107,107,129,176,8031,3521,41,61555,0.31,0.70,71296,743,3724113,1803238,4831
1108,92,125,184,8041,3523,42,61583,0.32,0.70,71480,732,3732713,1814576,4834
1109,86,113,180,8044,3530,42,61583,0.31,0.70,71544,735,3734151,1821888,4846
1110,62,83,183,8048,3531,42,61608,0.31,0.70,71627,728,3736093,1823873,4847
1111,28,64,182,8059,3535,42,61608,0.31,0.70,71627,732,3744822,1827125,4852
1112,15,30,182,8066,3538,42,61608,0.31,0.70,71636,734,3767230,1828338,4856
1113,12,25,180,8077,3540,42,61608,0.31,0.70,71645,735,3796763,1830537,4858
1114,19,34,179,8090,3540,42,61608,0.30,0.70,71654,734,3813235,1834530,4858
1115,15,36,169,8103,3545,42,61608,0.30,0.70,71682,738,3835705,1840001,4865
1116,26,52,144,8121,3547,42,61642,0.31,0.70,71724,740,3863310,1841626,4867
1117,37,72,153,8138,3548,42,61642,0.31,0.71,71791,735,3881727,1844150,4869
1118,62,91,151,8155,3552,42,61642,0.72,0.71,71791,739,3898498,1850165,4874
1119,78,99,155,8172,3565,42,61642,0.72,0.71,71828,750,3923031,1858587,4888
1120,90,111,166,8190,3571,42,61727,0.72,0.71,71980,741,3946369,1867839,4894
1121,96,117,174,8209,3582,42,61812,0.72,0.71,72041,750,3980222,1880276,4906
1122,112,134,179,8234,3590,42,61880,0.72,0.71,72173,745,4013852,1891142,4914
1123,116,137,172,8251,3601,42,61891,0.72,0.71,72257,749,4028598,1904669,4931
1124,118,138,171,8270,3609,42,61925,0.31,0.71,72357,753,4046966,1916721,4939
1125,112,134,178,8289,3618,42,61953,0.31,0.71,72542,750,4060340,1925206,4949
1126,123,134,186,8304,3625,42,61953,0.33,0.71,72695,746,4071276,1935865,4959
1127,116,124,178,8314,3643,42,62064,0.32,0.71,72756,759,4076220,1952885,4983
1128,92,107,167,8325,3665,42,62080,0.31,0.71,72930,777,4085418,1965522,5016
1129,92,116,182,8345,3670,42,62080,0.31,0.71,73158,750,4109136,1973332,5023
1130,79,101,174,8352,3684,42,62080,0.29,0.71,73210,764,4118766,1984100,5040
1131,83,100,178,8364,3692,42,62080,0.30,0.72,73299,763,4136133,1989392,5051
1132,90,105,183,8374,3696,42,62080,0.30,0.72,73392,758,4158108,1997171,5056
1133,78,99,174,8381,3712,42,62129,0.29,0.72,73429,774,4165564,2006345,5081
1134,66,92,183,8395,3715,42,62129,0.29,0.72,73552,764,4193820,2010931,5085
1135,57,72,175,8403,3717,42,62180,0.31,0.72,73615,762,4199887,2013502,5088
1136,26,62,177,8418,3719,42,62180,0.31,0.72,73615,766,4221603,2015435,5091
1137,29,45,172,8431,3721,42,62180,0.32,0.72,73624,767,4253437,2017023,5093
1138,26,46,165,8449,3722,42,62180,0.30,0.72,73633,767,4280047,2021266,5095
1139,27,44,154,8466,3723,42,62180,0.31,0.72,73633,770,4321251,2027080,5097
1140,26,58,152,8483,3724,42,62180,0.31,0.72,73689,768,4344024,2033036,5099
1141,38,83,168,8501,3726,42,62180,0.31,0.72,73698,770,4370871,2037480,5101
1142,51,100,178,8518,3733,42,62214,0.31,0.72,73726,778,4396938,2043211,5110
1143,51,91,171,8527,3742,42,62214,0.31,0.72,73802,782,4411782,2052397,5121
1144,60,79,170,8544,3745,42,62239,0.31,0.72,73952,772,4436890,2058491,5124
1145,58,75,178,8560,3753,42,62239,0.31,0.73,74114,768,4464958,2066864,5136
1146,29,60,181,8577,3755,42,62239,0.31,0.73,74308,747,4489956,2072989,5138
1147,33,65,186,8595,3756,42,62239,0.31,0.73,74424,739,4504329,2079906,5139
1148,30,57,186,8610,3758,42,62265,0.31,0.73,74569,721,4535082,2086551,5143
1149,23,64,180,8628,3764,42,62265,0.72,0.73,74600,727,4569762,2091406,5151
1150,54,89,186,8637,3766,42,62265,0.72,0.73,74641,726,4576491,2096656,5153
1151,75,90,179,8639,3775,42,62265,0.72,0.73,74708,729,4584786,2104037,5163
1152,71,84,185,8648,3778,42,62276,0.72,0.73,74785,725,4600673,2107328,5166
1153,52,74,183,8667,3780,42,62276,0.31,0.73,74865,720,4634628,2112071,5169
1154,19,57,166,8686,3782,42,62276,0.31,0.73,74883,724,4659053,2116747,5171
1155,25,54,166,8704,3782,42,62276,0.28,0.73,74954,719,4711122,2120644,5171
1156,23,54,175,8721,3784,42,62276,0.29,0.73,74962,722,4743307,2129568,5173
1157,31,68,175,8738,3786,42,62276,0.29,0.73,74999,724,4776021,2134880,5175
1158,33,68,179,8756,3790,42,62276,0.28,0.73,75056,724,4813976,2141036,5181
1159,31,68,180,8773,3792,42,62276,0.30,0.74,75079,725,4847636,2150248,5183
1160,40,61,180,8790,3797,42,62276,0.30,0.74,75117,733,4863363,2161326,5189
1161,34,58,175,8808,3806,42,62276,0.30,0.74,75182,737,4887752,2166762,5201
1162,45,61,180,8825,3808,42,62276,0.30,0.74,75313,729,4913343,2169493,5205
1163,38,64,188,8843,3808,42,62302,0.30,0.74,75340,726,4937175,2175549,5205
1164,25,64,176,8856,3811,42,62354,0.29,0.74,75340,731,4953320,2183009,5209
1165,30,71,165,8873,3814,42,62424,0.29,0.74,75439,730,4990954,2187785,5212
1166,36,64,154,8891,3817,42,62450,0.29,0.74,75505,729,5026533,2191421,5217
1167,35,65,151,8908,3820,42,62450,0.28,0.74,75514,731,5067752,2194404,5221
1168,56,92,156,8925,3822,42,62450,0.28,0.74,75524,732,5090392,2200057,5224
1169,69,110,165,8943,3831,42,62476,0.28,0.74,75552,738,5114667,2207810,5237
1170,99,138,176,8960,3837,42,62525,0.28,0.74,75646,738,5137114,2224144,5244
1171,100,127,173,8973,3853,43,62562,0.28,0.74,75761,754,5167976,2241526,5268
1172,76,125,182,8988,3859,43,62614,0.28,0.75,75942,744,5204129,2248399,5276
1173,40,103,181,8996,3868,43,62614,0.28,0.75,76072,748,5216372,2254884,5287
1174,21,94,186,9006,3873,43,62614,0.29,0.75,76157,745,5225246,2259537,5294
1175,14,51,185,9012,3877,43,62614,0.29,0.75,76166,755,5231119,2267340,5299
1176,13,41,180,9023,3883,43,62614,0.29,0.75,76227,758,5255192,2272285,5307
1177,23,45,174,9041,3887,43,62614,0.29,0.75,76259,760,5278159,2276521,5312
1178,19,60,162,9058,3889,43,62614,0.29,0.75,76268,763,5300620,2279919,5314
1179,26,65,152,9075,3893,43,62614,0.29,0.75,76317,764,5315799,2283535,5318
1180,31,74,148,9093,3896,43,62614,0.29,0.75,76336,765,5345065,2287792,5323
1181,33,75,145,9110,3902,43,62614,0.29,0.75,76355,771,5368997,2294547,5332
1182,30,77,143,9128,3905,43,62614,0.29,0.75,76374,772,5406860,2303132,5337
1183,25,78,146,9145,3914,43,62614,0.29,0.75,76433,775,5456338,2310073,5349
1184,33,93,172,9175,3918,43,62614,0.29,0.75,76535,773,5504095,2314780,5355
1185,29,85,182,9192,3920,43,62640,0.29,0.76,76545,777,5534955,2326363,5359
1186,34,76,183,9207,3923,43,62640,0.29,0.76,76628,775,5554364,2339936,5362
1187,16,52,168,9221,3936,43,62640,0.28,0.76,77045,792,5585745,2350235,5379
1188,21,52,170,9238,3939,43,62640,0.28,0.76,77536,779,5625401,2354334,5385
1189,23,49,167,9256,3944,43,62640,0.28,0.76,77555,790,5657269,2371764,5392
1190,27,50,166,9274,3948,43,62640,0.28,0.76,77760,790,5674240,2380462,5397
1191,27,63,157,9291,3952,43,62640,0.60,0.76,77932,792,5700664,2385743,5401
1192,31,65,145,9309,3958,43,62640,0.60,0.76,78026,799,5736601,2396141,5407
1193,35,66,153,9326,3961,43,62640,0.60,0.76,78157,800,5753460,2403373,5411
1194,28,60,151,9344,3966,43,62665,0.27,0.77,78232,805,5789414,2409296,5416
1195,25,59,151,9362,3967,43,62698,0.26,0.77,78347,798,5803511,2412482,5418
1196,25,51,153,9379,3973,43,62698,0.26,0.77,78347,813,5831171,2422458,5427
1197,24,71,160,9397,3980,43,62698,0.26,0.77,78588,822,5862133,2427142,5435
1198,42,112,167,9415,3991,43,62698,0.26,0.77,78802,840,5881668,2438723,5451
1199,94,125,162,9432,4013,43,62698,0.26,0.77,79247,858,5903243,2461831,5480
1200,95,110,137,9450,4056,43,62747,0.26,0.77,79832,901,5923036,2506536,5540
1201,95,116,144,9468,4067,44,62781,0.26,0.77,80655,848,5949834,2531462,5555
1202,69,124,160,9489,4072,44,62805,0.26,0.77,81069,840,5974720,2548467,5563
1203,49,110,175,9507,4075,44,62805,0.25,0.77,81536,827,5998100,2556063,5566
1204,31,86,182,9522,4083,44,62805,0.25,0.78,81814,836,6031132,2568159,5577
1205,33,71,187,9532,4088,44,62805,0.24,0.78,81949,836,6037552,2575167,5583
1206,20,55,184,9536,4093,44,62805,0.24,0.78,82200,838,6041904,2580421,5593
1207,25,71,182,9544,4098,44,62805,0.25,0.78,82232,849,6059490,2584467,5600
1208,34,60,189,9553,4100,44,62805,0.25,0.78,82270,852,6072239,2591623,5603
1209,54,93,185,9571,4102,44,62805,0.26,0.78,82270,857,6091276,2600828,5605
1210,65,95,173,9577,4120,44,62829,0.26,0.78,82349,899,6099739,2616666,5630
1211,69,97,169,9594,4141,44,62924,0.25,0.78,82880,898,6118538,2630107,5658
1212,44,83,173,9612,4152,44,62924,0.56,0.78,83363,889,6143261,2641066,5672
1213,36,76,157,9630,4157,44,62924,0.56,0.79,83588,887,6174029,2650054,5677
1214,29,79,152,9647,4161,44,62967,0.56,0.79,83822,888,6210104,2658015,5684
1215,36,90,155,9666,4168,44,62967,0.23,0.79,83901,899,6244082,2667390,5693
1216,45,95,167,9684,4174,44,62967,0.23,0.79,84138,902,6269827,2678317,5703
1217,43,96,174,9701,4182,44,62967,0.23,0.79,84293,907,6289711,2686249,5715
1218,40,93,187,9721,4188,44,62967,0.23,0.79,84451,910,6310630,2691643,5725
1219,30,92,189,9737,4190,44,62967,0.24,0.79,84492,911,6344553,2698146,5728
1220,39,102,187,9747,4194,44,62978,0.24,0.79,84550,917,6365648,2702193,5735
1221,66,105,178,9755,4211,45,62978,0.24,0.79,84733,945,6395134,2717607,5770
1222,63,102,180,9773,4227,45,63004,0.24,0.80,85103,945,6422535,2729066,5795
1223,61,110,180,9790,4243,45,63067,0.24,0.80,85500,940,6464768,2742935,5821
1224,81,133,187,9804,4249,45,63093,0.22,0.80,85778,923,6494039,2753872,5831
1225,91,131,189,9811,4254,45,63118,0.23,0.80,85910,923,6508575,2766812,5840
1226,76,109,189,9816,4259,45,63142,0.23,0.80,86121,923,6518256,2777661,5849
1227,69,85,192,9823,4259,45,63142,0.23,0.80,86497,906,6544088,2783829,5849
1228,27,65,191,9827,4261,45,63142,0.24,0.80,86512,909,6549718,2787712,5851
1229,13,31,192,9836,4263,45,63142,0.24,0.80,86621,905,6564138,2792696,5855
1230,12,15,191,9837,4264,45,63142,0.24,0.80,86650,905,6565268,2796416,5857
1231,17,27,192,9851,4264,45,63142,0.25,0.81,86707,900,6594312,2799733,5857
1232,20,32,173,9864,4268,45,63142,0.25,0.81,86707,909,6610920,2802281,5863
1233,23,37,150,9881,4275,45,63142,0.25,0.81,86822,916,6632613,2811261,5874
1234,36,49,147,9899,4278,45,63142,0.25,0.81,86975,908,6651961,2821865,5878
1235,42,60,122,9917,4284,45,63167,0.25,0.81,87123,909,6683314,2830552,5886
1236,36,60,100,9934,4292,45,63167,0.24,0.81,87336,924,6736501,2840424,5901
1237,47,69,104,9952,4301,45,63167,0.24,0.81,87666,926,6768622,2846901,5916
1238,57,77,116,9970,4305,45,63167,0.24,0.81,87802,923,6801734,2852809,5923
1239,57,72,127,9987,4305,45,63167,0.23,0.81,87802,923,6822273,2862926,5923
1240,61,77,135,10005,4308,45,63167,0.22,0.82,87814,928,6841540,2872950,5928
1241,51,69,145,10029,4316,45,63167,0.22,0.82,87827,945,6868972,2884312,5941
1242,34,68,143,10047,4327,45,63167,0.21,0.82,87975,960,6889563,2891980,5959
1243,52,69,150,10064,4333,45,63167,0.21,0.82,88113,962,6912391,2897694,5968
1244,45,65,149,10082,4341,45,63167,0.21,0.82,88197,973,6929579,2905304,5981
1245,30,55,145,10100,4348,45,63167,0.20,0.82,88349,973,6947266,2910265,5992
1246,21,55,136,10117,4357,45,63167,0.23,0.82,88513,979,6981378,2916648,6006
1247,25,54,138,10135,4363,45,63167,0.23,0.82,88575,988,7002767,2925018,6017
1248,40,75,140,10153,4370,45,63184,0.23,0.82,88720,997,7029109,2932208,6029
1249,64,90,152,10171,4375,45,63184,0.23,0.83,89189,989,7052950,2937382,6037
1250,78,93,154,10188,4388,46,63184,0.23,0.83,89333,1012,7070677,2950085,6059
1251,75,95,144,10206,4397,46,63184,0.34,0.83,89517,1014,7096395,2963853,6070
1252,74,96,149,10226,4402,46,63233,0.34,0.83,89624,1016,7137161,2971607,6077
1253,67,82,148,10243,4415,46,63258,0.23,0.83,89687,1043,7177157,2982677,6097
1254,58,80,154,10261,4416,46,63258,0.22,0.83,89923,1025,7215190,2990528,6101
1255,87,113,167,10278,4419,46,63258,0.21,0.83,89943,1027,7233490,2997762,6109
1256,102,128,173,10296,4430,46,63258,0.72,0.83,89993,1053,7258982,3015532,6143
1257,95,125,162,10313,4458,46,63340,0.72,0.83,90321,1082,7292008,3039263,6207
1258,77,105,166,10331,4469,46,63340,0.72,0.83,90627,1070,7318449,3051026,6233
1259,61,98,173,10348,4470,46,63340,0.22,0.84,90855,1054,7344316,3053690,6237
1260,38,73,179,10366,4472,46,63340,0.22,0.84,90855,1058,7398054,3057631,6243
1261,62,116,193,10381,4473,46,63340,0.22,0.84,90855,1061,7420977,3062467,6245
1262,81,130,183,10383,4485,46,63340,0.22,0.84,90900,1077,7427039,3078830,6283
1263,91,119,168,10398,4515,46,63340,0.22,0.84,91143,1107,7462485,3097685,6383
1264,102,127,169,10416,4532,46,63392,0.22,0.84,91634,1079,7491974,3111999,6437
1265,116,131,174,10433,4544,46,63467,0.22,0.84,91905,1068,7506772,3125200,6479
1266,138,154,191,10452,4546,46,63638,0.22,0.84,92055,1055,7535231,3136142,6485
1267,139,148,180,10457,4562,46,63710,0.22,0.84,92081,1081,7541155,3155919,6541
1268,140,157,188,10474,4571,46,63814,0.22,0.84,92377,1065,7563899,3174580,6569
1269,131,147,178,10485,4592,46,64097,0.22,0.84,92503,1082,7580607,3196513,6633
1270,137,153,185,10502,4602,46,64375,0.22,0.84,92882,1073,7607931,3212278,6667
1271,143,154,184,10512,4613,46,64375,0.22,0.84,93281,1069,7620419,3240522,6701
1272,158,167,198,10533,4620,46,64430,0.22,0.84,93403,1066,7637026,3268024,6721
1273,156,164,198,10537,4623,46,64430,0.22,0.85,93526,1055,7639527,3280509,6731
1274,154,160,193,10541,4628,46,64469,0.23,0.85,93631,1057,7644122,3293442,6747
1275,125,147,195,10550,4635,47,64469,0.23,0.85,94406,1027,7650717,3308562,6767
1276,59,120,189,10556,4646,47,64524,0.22,0.85,94669,1019,7656532,3316532,6801
1277,16,58,194,10568,4648,47,64524,0.20,0.85,94833,1012,7670789,3317214,6807
1278,13,32,194,10573,4650,47,64548,0.19,0.85,94855,1014,7678087,3322275,6815
1279,27,41,191,10579,4654,47,64548,0.18,0.85,94885,1019,7683806,3329162,6829
1280,30,47,190,10584,4659,47,64548,0.18,0.85,94933,1024,7693353,3333057,6847
1281,40,53,190,10591,4665,47,64548,0.18,0.85,94982,1029,7705471,3337700,6869
1282,41,54,194,10601,4670,47,64576,0.18,0.85,95067,1023,7725472,3343653,6887
1283,26,56,196,10606,4671,47,64576,0.18,0.85,95185,1011,7742428,3348864,6891
1284,32,71,194,10619,4673,47,64576,0.18,0.85,95185,1014,7774799,3355820,6894
1285,33,87,188,10623,4683,47,64606,0.18,0.85,95211,1030,7781218,3364800,6909
1286,52,94,187,10632,4693,47,64606,0.18,0.86,95357,1028,7802764,3379120,6922
1287,63,111,193,10643,4698,47,64651,0.18,0.86,95446,1024,7813019,3387126,6929
1288,71,100,188,10647,4707,47,64651,0.18,0.86,95532,1027,7817210,3395227,6941
1289,38,86,196,10665,4711,47,64651,0.18,0.86,95619,1024,7833661,3402072,6948
1290,25,49,183,10678,4721,47,64651,0.18,0.86,95664,1034,7852233,3412706,6964
1291,19,51,174,10696,4724,47,64651,0.19,0.86,95710,1030,7878804,3416893,6968
1292,25,48,169,10713,4731,47,64651,0.19,0.86,95730,1040,7904637,3425498,6978
1293,19,44,176,10731,4737,47,64651,0.19,0.86,95755,1051,7947881,3435774,6987
1294,21,50,184,10748,4744,47,64651,0.20,0.86,95930,1049,7970410,3444518,6998
1295,29,57,173,10766,4748,47,64651,0.20,0.86,96025,1048,7992258,3450409,7003
1296,36,66,159,10783,4750,47,64651,0.20,0.86,96071,1049,8040139,3455935,7006
1297,55,85,162,10801,4753,47,64651,0.20,0.86,96071,1056,8076584,3464007,7012
1298,65,94,165,10818,4767,47,64795,0.20,0.86,96127,1081,8103456,3476481,7035
1299,79,99,175,10836,4775,47,65026,0.20,0.87,96324,1070,8162805,3485833,7045
1300,83,110,181,10853,4786,47,65223,0.20,0.87,96512,1068,8190871,3497504,7064
1301,87,126,189,10871,4795,47,65479,0.20,0.87,96679,1061,8218923,3509497,7076
1302,95,144,192,10884,4804,47,65676,0.20,0.87,96822,1058,8259087,3525366,7092
1303,103,147,194,10890,4808,47,65914,0.20,0.87,96903,1054,8270118,3539179,7098
1304,108,147,193,10894,4813,47,66194,0.20,0.87,96964,1056,8275743,3553355,7104
1305,121,150,195,10898,4815,47,66506,0.20,0.87,97080,1049,8288993,3567618,7107
1306,118,146,190,10903,4824,47,66827,0.20,0.87,97120,1063,8304397,3585278,7121
1307,114,150,190,10914,4834,47,67249,0.20,0.87,97294,1066,8325012,3604558,7136
1308,110,148,191,10924,4842,47,67685,0.19,0.87,97448,1063,8348993,3626562,7149
1309,108,150,189,10932,4852,47,68142,0.19,0.87,97588,1071,8379667,3642770,7166
1310,116,151,193,10941,4857,47,68613,0.19,0.87,97797,1060,8397500,3657932,7176
1311,121,152,195,10946,4860,47,69064,0.19,0.87,97938,1052,8404860,3669783,7180
1312,134,149,194,10954,4863,47,69133,0.19,0.88,98005,1054,8414512,3688647,7188
1313,110,133,192,10968,4871,47,69188,0.19,0.88,98103,1067,8438984,3710827,7201
1314,77,95,187,10979,4874,47,69253,0.19,0.88,98354,1050,8452812,3721327,7206
1315,49,65,194,10994,4877,47,69253,0.18,0.88,98421,1046,8481564,3729445,7210
1316,25,46,186,11003,4883,47,69281,0.17,0.88,98482,1060,8504825,3738822,7217
1317,23,36,194,11019,4889,47,69306,0.16,0.88,98685,1054,8549406,3746551,7226
1318,12,30,176,11028,4896,47,69331,0.16,0.88,98808,1058,8566322,3755241,7238
1319,17,45,152,11046,4897,47,69331,0.17,0.88,98843,1055,8600573,3765523,7240
1320,25,56,159,11064,4900,47,69331,0.17,0.88,98915,1054,8637898,3771834,7245
1321,34,74,169,11082,4904,47,69331,0.17,0.88,98962,1056,8685482,3780646,7252
1322,70,95,187,11101,4905,47,69368,0.17,0.88,99016,1051,8722584,3794044,7253
1323,75,98,199,11118,4910,48,69381,0.17,0.88,99077,1052,8756298,3812704,7260
1324,31,69,193,11122,4918,48,69381,0.16,0.88,99153,1056,8759008,3826053,7275
1325,15,49,196,11132,4921,48,69381,0.16,0.88,99209,1057,8773377,3830943,7280
1326,5,27,186,11135,4925,48,69406,0.17,0.89,99214,1068,8786053,3837537,7285
1327,7,39,192,11148,4927,48,69406,0.17,0.89,99316,1063,8821943,3840280,7289
1328,16,65,197,11155,4927,48,69406,0.17,0.89,99336,1061,8832388,3843882,7289
1329,24,81,197,11157,4929,48,69455,0.17,0.89,99372,1060,8837205,3847639,7292
1330,39,83,198,11160,4931,48,69505,0.17,0.89,99388,1062,8843757,3852368,7296
1331,37,80,193,11161,4935,48,69505,0.17,0.89,99408,1066,8845829,3855743,7302
1332,38,67,197,11168,4936,48,69505,0.17,0.89,99408,1067,8855167,3865503,7304
1333,38,61,196,11174,4940,48,69661,0.17,0.89,99517,1070,8860686,3872023,7312
1334,44,82,199,11181,4944,48,69692,0.17,0.89,99531,1079,8872320,3879229,7318
1335,54,81,192,11182,4952,48,69824,0.17,0.89,99627,1082,8874407,3888136,7331
1336,54,79,191,11191,4962,48,69973,0.17,0.89,99703,1086,8894251,3895396,7344
1337,58,91,197,11201,4965,48,70120,0.17,0.89,99836,1072,8914473,3904893,7348
1338,58,82,184,11206,4983,48,70183,0.17,0.89,99938,1098,8928567,3925192,7381
1339,80,104,200,11228,4989,48,70248,0.17,0.90,100285,1074,8985431,3937375,7389
1340,74,95,199,11232,4994,48,70276,0.17,0.90,100446,1074,8988164,3946238,7398
1341,38,58,199,11240,4998,48,70304,0.16,0.90,100624,1066,9001057,3949965,7405
1342,19,40,182,11253,5000,48,70304,0.16,0.90,100624,1068,9033465,3953591,7409
1343,13,29,174,11271,5001,48,70304,0.16,0.90,100624,1071,9067400,3959827,7410
1344,9,24,170,11288,5005,48,70304,0.14,0.90,100624,1081,9104424,3964545,7417
1345,13,27,155,11306,5010,48,70304,0.14,0.90,100668,1087,9126110,3969098,7426
1346,16,36,130,11324,5012,48,70304,0.14,0.90,100684,1089,9148541,3974826,7430
1347,24,50,120,11341,5022,48,70329,0.72,0.90,100701,1107,9192761,3984207,7454
1348,27,60,128,11359,5032,48,70329,0.72,0.90,100825,1106,9230303,3991429,7465
1349,57,72,141,11376,5035,48,70329,0.72,0.90,100943,1091,9274531,3997061,7469
1350,48,66,131,11395,5038,48,70329,0.15,0.90,100953,1095,9335822,4003049,7472
1351,30,52,135,11414,5038,48,70329,0.15,0.90,100986,1090,9368334,4011663,7472
1352,29,49,138,11432,5042,48,70329,0.16,0.91,101071,1092,9411764,4019247,7480
1353,20,39,141,11450,5044,48,70329,0.16,0.91,101147,1090,9460345,4025390,7484
1354,18,42,150,11467,5045,48,70329,0.16,0.91,101173,1089,9478758,4032190,7485
1355,28,48,148,11485,5045,48,70329,0.16,0.91,101183,1087,9516944,4036621,7485
1356,25,53,145,11502,5047,48,70358,0.15,0.91,101193,1090,9548641,4041184,7489
1357,33,56,147,11520,5051,48,70358,0.15,0.91,101193,1099,9595951,4049599,7496
1358,31,55,139,11538,5056,48,70358,0.14,0.91,101211,1107,9618165,4053895,7503
1359,28,52,136,11555,5060,48,70386,0.14,0.91,101318,1100,9638894,4066486,7511
1360,29,48,140,11573,5062,48,70386,0.13,0.91,101338,1101,9686433,4073912,7513
1361,27,49,136,11590,5065,48,70386,0.13,0.91,101399,1098,9756207,4080849,7518
1362,26,48,144,11608,5067,48,70386,0.15,0.91,101531,1096,9789957,4085589,7521
1363,28,49,151,11625,5069,48,70415,0.15,0.91,101531,1101,9829206,4096948,7525
1364,19,51,149,11643,5075,48,70415,0.14,0.91,101546,1116,9859710,4102200,7536
1365,22,40,144,11661,5077,48,70415,0.15,0.92,101657,1108,9918276,4106022,7540
1366,26,41,146,11678,5081,48,70415,0.15,0.92,101690,1112,9955527,4113064,7546
1367,30,45,149,11696,5084,48,70415,0.14,0.92,101710,1114,10023792,4121462,7549
1368,35,50,149,11713,5086,48,70511,0.14,0.92,101801,1108,10057204,4133745,7552
1369,41,56,137,11731,5090,48,70511,0.13,0.92,101959,1106,10099772,4139765,7557
1370,35,53,141,11749,5093,48,70539,0.14,0.92,102021,1105,10149608,4143507,7560
1371,46,56,131,11766,5095,48,70539,0.13,0.92,102021,1109,10216610,4151843,7563
1372,51,63,129,11784,5098,48,70568,0.13,0.92,102021,1116,10242860,4163257,7569
1373,47,66,133,11802,5102,48,70639,0.13,0.92,102037,1121,10268636,4177992,7574
1374,46,68,142,11819,5106,48,70696,0.12,0.92,102058,1126,10328186,4190906,7580
1375,42,79,145,11837,5109,48,70696,0.12,0.92,102142,1126,10372488,4200966,7586
1376,45,68,155,11854,5110,48,70696,0.13,0.92,102177,1124,10403659,4209184,7588
1377,24,55,150,11872,5117,48,70725,0.12,0.93,102177,1139,10437031,4215198,7600
1378,31,61,155,11890,5120,48,70725,0.12,0.93,102230,1140,10459439,4220142,7604
1379,49,59,158,11907,5124,48,70725,0.14,0.93,102251,1145,10490764,4232282,7611
1380,33,63,166,11925,5132,48,70725,0.14,0.93,102279,1158,10527211,4236871,7625
1381,46,78,174,11942,5134,48,70725,0.13,0.93,102390,1149,10561998,4242817,7627
1382,64,82,164,11960,5138,48,70725,0.14,0.93,102404,1157,10592190,4250289,7631
1383,71,98,167,11978,5140,48,70725,0.14,0.93,102482,1153,10633100,4267002,7635
1384,100,128,179,11995,5145,48,70780,0.14,0.93,102488,1166,10676318,4274793,7645
1385,118,144,194,12015,5150,48,71068,0.14,0.93,102597,1163,10706798,4286999,7653
1386,123,140,195,12035,5163,48,71068,0.13,0.93,102687,1180,10737677,4304911,7669
1387,111,124,183,12043,5166,48,71123,0.13,0.93,102738,1181,10751031,4313703,7672
1388,77,105,193,12061,5168,48,71123,0.13,0.93,102832,1171,10797108,4322651,7676
1389,31,62,196,12072,5171,48,71123,0.13,0.93,102832,1178,10823920,4328105,7681
1390,59,110,201,12079,5173,48,71123,0.13,0.94,102873,1178,10849104,4334089,7685
1391,96,127,198,12081,5178,48,71355,0.13,0.94,102915,1185,10855943,4339915,7694
1392,110,134,167,12088,5216,48,71355,0.13,0.94,103031,1242,10868126,4374515,7755
1393,116,139,165,12108,5238,48,71384,0.13,0.94,103458,1203,10902725,4403369,7792
1394,98,152,175,12126,5246,48,71469,0.13,0.94,103692,1188,10933354,4421417,7806
1395,96,152,178,12143,5260,48,71554,0.13,0.94,103896,1209,10963571,4454782,7827
1396,119,144,185,12171,5281,49,71618,0.13,0.94,104250,1211,11011635,4491323,7860
1397,92,148,193,12186,5288,49,71618,0.13,0.94,104818,1171,11036195,4507678,7870
1398,108,166,199,12200,5296,49,71668,0.13,0.94,104933,1172,11058411,4518534,7885
1399,120,178,202,12211,5304,49,71770,0.13,0.94,105033,1171,11074467,4533255,7898
1400,137,188,204,12227,5318,49,72094,0.13,0.94,105132,1176,11105221,4566561,7919
1401,126,178,191,12231,5335,49,72294,0.13,0.94,108149,1192,11108312,4589845,7950
1402,139,182,197,12245,5343,49,72320,0.13,0.94,109319,1182,11131903,4615640,7961
1403,137,181,201,12259,5353,50,72320,0.12,0.95,109448,1193,11148134,4649107,7978
1404,111,146,202,12267,5360,50,72378,0.12,0.95,109707,1181,11154261,4667260,7991
1405,69,93,201,12269,5363,50,72446,0.11,0.95,109870,1176,11155816,4672196,7995
1406,22,52,203,12276,5367,50,72446,0.10,0.95,109875,1186,11170371,4673542,8002
1407,7,22,201,12281,5370,50,72446,0.10,0.95,109885,1192,11191029,4676931,8008
1408,9,14,201,12289,5373,50,72446,0.11,0.95,109895,1196,11198448,4684093,8012
1409,16,28,202,12303,5373,50,72446,0.12,0.95,109916,1192,11225131,4688144,8012
1410,19,33,193,12318,5379,50,72446,0.12,0.95,109938,1200,11244875,4699959,8020
1411,27,38,165,12336,5386,50,72446,0.12,0.95,109999,1206,11273595,4710626,8032
1412,32,44,127,12354,5396,50,72446,0.12,0.95,110057,1215,11299924,4726718,8047
1413,35,47,115,12371,5404,50,72446,0.11,0.95,110122,1220,11345195,4737200,8059
1414,44,69,118,12389,5415,50,72471,0.72,0.95,110275,1230,11399681,4748735,8097
1415,53,80,123,12407,5428,50,72527,0.72,0.95,110423,1230,11428347,4766368,8112
1416,37,77,124,12424,5437,50,72540,0.72,0.96,110572,1224,11476449,4783980,8122
1417,29,61,125,12444,5443,50,72540,0.11,0.96,110700,1219,11543607,4800575,8129
1418,38,72,140,12464,5443,50,72569,0.11,0.96,110777,1210,11592634,4809646,8129
1419,49,68,145,12481,5449,50,72569,0.11,0.96,110777,1222,11627838,4820526,8140
1420,51,86,160,12499,5449,50,72582,0.11,0.96,110814,1215,11674801,4835089,8140
1421,79,110,173,12517,5453,50,72632,0.11,0.96,110814,1223,11705336,4845396,8156
1422,103,139,187,12536,5458,50,72884,0.11,0.96,110869,1227,11729682,4853657,8164
1423,115,139,188,12557,5478,50,73152,0.11,0.96,111030,1254,11766900,4882266,8195
1424,112,140,188,12573,5490,50,73181,0.11,0.96,111239,1244,11815375,4899504,8217
1425,122,145,200,12590,5495,50,73181,0.11,0.96,111387,1236,11837441,4911818,8224
1426,97,124,199,12604,5503,50,73181,0.11,0.96,111513,1241,11868789,4930612,8236
1427,99,129,197,12619,5510,50,73270,0.72,0.96,111584,1246,11899784,4943823,8246
1428,89,125,178,12632,5541,50,73303,0.72,0.96,111711,1289,11929619,4966544,8283
1429,91,125,184,12650,5553,50,73356,0.72,0.97,112103,1261,11976628,4977123,8298
1430,72,108,192,12668,5558,50,73356,0.72,0.97,112304,1252,12009792,4986535,8305
1431,49,80,205,12687,5560,50,73369,0.09,0.97,112436,1246,12060380,4996341,8307
1432,24,67,198,12696,5567,50,73369,0.09,0.97,112436,1262,12081892,5007984,8319
1433,30,62,204,12708,5567,50,73369,0.10,0.97,112544,1251,12110098,5011086,8319
1434,39,79,195,12715,5568,50,73369,0.10,0.97,112544,1253,12121899,5015567,8320
1435,71,93,203,12727,5571,50,73419,0.10,0.97,112555,1257,12142523,5022727,8335
1436,80,94,204,12732,5575,50,73541,0.10,0.97,112587,1259,12152326,5032340,8342
1437,80,81,193,12739,5577,50,73541,0.10,0.97,112608,1259,12185627,5044608,8344
1438,69,80,180,12757,5578,50,73600,0.10,0.97,112619,1259,12212621,5050087,8346
1439,55,74,169,12775,5580,50,73630,0.10,0.97,112624,1260,12256109,5054977,8349
1440,46,66,178,12793,5580,50,73630,0.10,0.97,112624,1260,12298933,5061328,8349
1441,58,91,185,12811,5585,50,73630,0.10,0.98,112624,1270,12358120,5069469,8358
1442,90,110,204,12832,5586,50,73680,0.10,0.98,112678,1262,12400137,5075745,8369
1443,89,113,199,12836,5595,50,73898,0.10,0.98,112689,1277,12408808,5087819,8381
1444,88,119,196,12847,5598,50,73898,0.10,0.98,112737,1275,12458935,5097131,8387
1445,97,130,195,12860,5612,50,73961,0.10,0.98,112785,1297,12518572,5115632,8411
1446,103,120,185,12871,5633,50,74067,0.10,0.98,112960,1304,12552182,5130761,8448
1447,96,128,196,12889,5640,50,74137,0.10,0.98,113248,1280,12605794,5147988,8459
1448,96,142,206,12904,5645,50,74137,0.09,0.98,113390,1276,12641173,5170876,8466
1449,81,110,204,12906,5649,50,74197,0.09,0.98,113455,1277,12647010,5179845,8473
1450,74,101,199,12915,5655,50,74197,0.08,0.98,113587,1285,12656436,5194536,8483
1451,34,60,200,12925,5657,50,74197,0.08,0.98,113730,1277,12672024,5198002,8487
1452,26,40,190,12934,5662,50,74197,0.07,0.98,113763,1280,12690531,5201684,8492
1453,15,23,178,12952,5664,50,74197,0.07,0.98,113773,1283,12714525,5207085,8496
1454,15,32,169,12971,5669,50,74197,0.07,0.99,113784,1292,12758734,5213527,8505
1455,31,59,183,12989,5673,50,74197,0.07,0.99,113815,1295,12797532,5219855,8511
1456,46,73,189,13006,5682,50,74300,0.08,0.99,113896,1301,12823920,5225963,8526
1457,44,82,200,13024,5685,50,74340,0.07,0.99,113929,1302,12859806,5235726,8530
1458,27,75,205,13034,5686,50,74340,0.70,0.99,114004,1295,12880846,5242384,8531
1459,12,50,205,13038,5690,50,74340,0.70,0.99,114048,1297,12896515,5247875,8537
1460,11,33,192,13055,5692,50,74340,0.08,0.99,114152,1292,12944108,5252857,8541
1461,17,31,165,13073,5700,50,74340,0.07,0.99,114185,1303,12986757,5267272,8555
1462,21,31,154,13091,5702,50,74340,0.07,0.99,114308,1286,13045333,5273236,8559
1463,19,41,141,13109,5706,50,74340,0.07,0.99,114329,1290,13098608,5283118,8565
1464,30,46,138,13126,5707,50,74340,0.07,0.99,114340,1290,13118673,5296776,8567
1465,37,55,138,13144,5709,50,74340,0.07,0.99,114340,1295,13158445,5308014,8570
1466,36,68,145,13162,5713,50,74390,0.07,1.00,114393,1293,13218166,5318561,8574
1467,82,129,189,13214,5721,50,74533,0.06,1.00,114402,1312,13431250,5331659,8587
1468,108,177,207,13235,5724,50,74533,0.06,1.00,114594,1301,13478487,5362431,8593
1469,128,176,202,13236,5730,50,74533,0.05,1.00,114675,1303,13485371,5388325,8605
1470,122,158,181,13244,5759,50,74610,0.05,1.00,114746,1341,13520544,5424406,8651
1471,120,162,179,13262,5779,51,74744,0.05,1.00,115044,1327,13570109,5456191,8684
1472,124,161,180,13279,5795,51,74919,0.05,1.00,115264,1322,13606346,5475408,8708
1473,136,173,192,13297,5801,51,75210,0.05,1.00,115442,1306,13664381,5492594,8718
1474,163,188,207,13313,5802,51,75567,0.05,1.00,115573,1294,13742880,5507258,8720
1475,160,182,200,13315,5811,51,75822,0.05,1.00,115595,1315,13744619,5530708,8734
1476,151,184,203,13326,5819,51,76271,0.05,1.00,115819,1312,13766207,5548577,8745
1477,157,184,207,13333,5822,51,76643,0.05,1.00,115967,1298,13790540,5566625,8751
1478,156,182,206,13335,5825,51,77150,0.05,1.00,116013,1298,13798397,5586564,8755
1479,146,175,205,13343,5834,51,77524,0.05,1.00,116062,1313,13813708,5603566,8768
1480,148,178,206,13348,5838,51,78081,0.05,1.00,116279,1300,13834287,5624217,8775
1481,144,175,206,13352,5842,51,78444,0.05,1.00,116339,1301,13843940,5644034,8782
1482,137,173,204,13357,5849,51,78996,0.05,1.00,116489,1307,13854925,5661699,8790
1483,135,172,206,13363,5853,51,79397,0.05,1.00,116605,1303,13869008,5677621,8796
1484,127,161,206,13366,5856,51,79703,0.06,1.00,116736,1299,13877818,5700357,8801
1485,155,186,222,13387,5861,51,79730,0.05,1.00,116758,1311,13906434,5721354,8809
1486,156,205,243,13413,5866,51,79916,0.06,1.00,116911,1310,13928831,5749004,8816
1487,143,195,238,13417,5872,51,79916,0.06,1.00,117020,1305,13932287,5780286,8825
1488,167,198,231,13417,5879,51,80051,0.06,1.00,117089,1307,13932287,5795925,8838
1489,168,192,225,13417,5885,51,80264,0.06,1.00,117145,1308,13932287,5814689,8845
1490,156,172,206,13417,5904,51,80677,0.06,1.00,117252,1316,13932287,5839202,8876
1491,146,166,202,13421,5912,51,81117,0.05,1.00,117337,1315,13945666,5853111,8891
1492,147,168,205,13431,5919,51,81618,0.05,1.00,117557,1304,13995395,5866639,8901
1493,146,158,196,13445,5921,51,81659,0.06,1.00,117587,1302,14032691,5875746,8905
1494,89,157,205,13463,5927,51,81659,0.06,1.00,117625,1312,14089627,5884820,8914
1495,28,71,210,13470,5927,51,81672,0.06,1.00,117810,1298,14119401,5889890,8914
1496,20,84,204,13475,5930,52,81686,0.06,1.00,120735,1307,14131089,5898251,8920
1497,37,120,208,13481,5932,52,81766,0.06,1.00,120786,1307,14154037,5902485,8924
1498,118,156,209,13484,5934,52,81888,0.06,1.00,120867,1302,14170438,5908384,8926
1499,152,175,207,13486,5938,52,81942,0.05,1.00,120876,1313,14176760,5926435,8932
