t,visible,near600,alive,spawned,killed,level,hit_damage,memory,erasure_global,xp_gained,xp_orbs,spawned_hp,damage_dealt,essence_gained
1,0,0,0,0,0,1,0,0.99,0.00,0,0,0,0,0
2,0,0,0,0,0,1,0,0.99,0.00,0,0,0,0,0
3,0,0,0,0,0,1,0,0.97,0.00,0,0,0,0,0
4,0,0,0,0,0,1,0,0.97,0.00,0,0,0,0,0
5,0,0,0,0,0,1,0,0.96,0.00,0,0,0,0,0
6,0,0,0,0,0,1,0,0.96,0.00,0,0,0,0,6
7,0,0,0,0,0,1,0,0.96,0.00,0,0,0,0,6
8,0,0,0,0,0,1,0,0.96,0.00,0,0,0,0,6
9,4,4,4,4,0,1,0,0.95,0.00,0,0,91,0,6
10,5,5,5,5,0,1,0,0.94,0.00,0,0,114,0,6
11,5,5,5,5,0,1,0,0.93,0.00,0,0,114,19,6
12,5,6,6,6,0,1,0,0.92,0.01,0,0,141,29,6
13,5,6,6,6,0,1,0,0.92,0.01,0,0,141,29,6
14,1,1,6,6,0,1,0,0.93,0.01,0,0,141,29,6
15,1,5,10,10,0,1,0,0.92,0.01,0,0,333,29,6
16,6,7,12,12,0,1,0,0.92,0.01,0,0,516,38,6
17,6,7,12,12,0,1,45,0.92,0.01,0,0,516,58,6
18,6,6,12,12,0,1,45,0.92,0.01,0,0,516,77,6
19,7,7,13,13,0,1,45,0.92,0.01,0,0,608,77,6
20,7,8,13,13,0,1,51,0.92,0.01,0,0,608,96,6
21,5,7,12,13,1,1,56,0.92,0.01,0,1,608,106,7
22,1,4,13,15,2,1,56,0.91,0.01,8,1,793,115,8
23,3,7,17,19,2,1,56,0.91,0.01,8,1,1162,115,8
24,3,4,17,19,2,1,56,0.91,0.01,8,1,1162,125,8
25,4,5,18,20,2,1,56,0.91,0.01,8,1,1254,144,17
26,5,9,19,21,2,1,76,0.91,0.01,8,1,1378,163,17
27,6,6,19,21,2,1,137,0.90,0.01,8,1,1378,173,17
28,8,8,21,23,2,1,137,0.90,0.01,8,1,1625,182,17
29,4,10,22,25,2,1,137,0.89,0.01,8,1,1788,192,17
30,0,5,15,25,2,1,137,0.90,0.01,8,1,1788,192,17
31,0,4,18,29,2,1,137,0.91,0.01,8,1,1928,192,17
32,1,5,21,36,2,1,137,0.91,0.01,8,1,2175,192,17
33,3,6,21,36,2,1,137,0.91,0.01,8,1,2175,192,17
34,6,9,21,36,2,1,137,0.91,0.02,8,1,2175,211,17
35,5,6,21,37,3,1,137,0.91,0.02,8,2,2222,230,18
36,9,10,25,41,3,1,137,0.91,0.02,17,1,2400,240,18
37,10,10,21,41,3,1,137,0.90,0.02,17,1,2400,259,18
38,6,12,23,43,3,1,137,0.90,0.02,17,1,2447,269,18
39,6,12,23,43,3,1,137,0.90,0.02,17,1,2447,288,49
40,8,11,22,43,4,1,171,0.90,0.02,17,2,2447,307,50
41,11,11,23,44,4,1,192,0.90,0.02,25,1,2470,317,50
42,5,11,20,46,6,1,192,0.90,0.02,25,3,2659,336,52
43,7,9,16,48,6,1,192,0.90,0.02,25,3,2848,346,52
44,8,13,17,49,6,1,192,0.90,0.02,25,3,2942,365,52
45,8,13,17,49,6,1,233,0.89,0.02,25,3,2942,384,52
46,10,13,17,49,6,1,346,0.89,0.02,25,3,2942,394,52
47,5,13,19,52,6,1,346,0.89,0.02,25,3,3156,403,52
48,5,8,18,52,6,1,346,0.89,0.02,25,3,3156,413,52
49,8,12,19,53,6,1,346,0.89,0.02,25,3,3251,413,52
50,9,15,20,54,6,1,346,0.89,0.02,25,3,3346,413,52
51,13,18,20,54,6,1,346,0.89,0.02,25,3,3346,413,52
52,14,20,21,55,6,1,346,0.89,0.02,25,3,3441,442,52
53,14,20,21,55,6,1,367,0.90,0.02,25,3,3441,451,52
54,5,15,21,55,6,1,367,0.90,0.02,25,3,3441,470,52
55,5,12,22,56,6,2,374,0.90,0.02,42,1,3537,480,52
56,6,10,27,61,6,2,394,0.90,0.03,42,1,4016,499,52
57,7,14,34,68,6,2,394,0.90,0.03,42,1,4246,528,52
58,10,16,31,70,6,2,394,0.91,0.03,42,1,4294,538,52
59,10,15,31,70,6,2,394,0.91,0.03,42,1,4294,547,52
60,10,16,31,73,7,2,394,0.90,0.03,42,3,4511,566,53
61,11,13,29,75,7,2,457,0.89,0.03,42,3,4704,595,53
62,7,10,31,81,7,2,499,0.89,0.03,42,3,5065,605,53
63,11,17,36,89,7,2,499,0.89,0.03,42,3,5468,634,53
64,6,15,36,93,8,2,499,0.89,0.03,42,5,5855,672,54
65,3,13,43,100,8,2,506,0.90,0.03,42,5,6307,691,54
66,6,11,45,105,8,2,506,0.90,0.03,42,5,6638,701,54
67,6,15,51,113,8,2,506,0.90,0.03,42,5,6904,701,54
68,5,18,50,118,8,2,506,0.90,0.03,42,5,7196,701,54
69,7,11,49,124,8,2,526,0.90,0.03,42,5,7507,720,54
70,9,15,44,129,8,2,526,0.90,0.03,42,5,7648,739,54
71,6,18,47,134,8,2,543,0.90,0.03,42,5,7921,758,54
72,7,12,43,137,8,2,543,0.89,0.03,42,5,8108,768,54
73,10,14,48,144,8,2,543,0.89,0.03,42,5,8450,787,54
74,14,19,53,150,8,2,543,0.89,0.03,42,5,8710,816,54
75,15,21,49,154,8,2,543,0.89,0.03,42,5,8906,826,54
76,14,20,46,156,8,2,550,0.88,0.03,42,5,9086,845,54
77,14,26,47,157,8,2,550,0.88,0.03,42,5,9217,854,54
78,18,28,46,157,9,2,571,0.88,0.04,42,7,9217,883,55
79,17,26,47,158,9,2,596,0.88,0.04,53,5,9348,902,55
80,10,24,46,158,9,2,596,0.87,0.04,53,5,9348,931,55
81,4,19,40,159,9,2,596,0.89,0.04,53,5,9479,941,55
82,5,15,41,165,9,2,596,0.89,0.04,53,5,9932,950,55
83,6,17,52,178,9,2,603,0.89,0.04,53,5,10613,979,55
84,8,21,59,187,9,2,603,0.89,0.04,53,5,11305,998,55
85,14,23,75,205,9,2,603,0.89,0.04,53,5,11880,998,55
86,22,39,75,205,9,2,617,0.88,0.04,53,5,11880,1027,55
87,36,42,76,206,9,2,683,0.88,0.04,53,5,11979,1037,55
88,36,51,77,207,9,2,729,0.89,0.04,53,5,12004,1066,55
89,39,54,77,207,9,2,775,0.89,0.04,53,5,12004,1075,55
90,43,64,78,209,10,2,819,0.89,0.04,66,5,12128,1104,56
91,40,59,77,209,11,2,819,0.89,0.04,66,7,12128,1123,57
92,35,49,78,210,11,2,819,0.90,0.04,80,5,12153,1162,57
93,13,32,76,210,11,2,819,0.89,0.04,80,5,12153,1162,57
94,14,25,73,211,11,2,819,0.89,0.04,80,5,12178,1162,57
95,14,20,69,211,11,2,864,0.89,0.04,80,5,12178,1190,57
96,13,22,68,212,12,2,955,0.89,0.04,80,7,12203,1210,58
97,17,26,68,212,12,2,995,0.89,0.04,93,5,12203,1229,58
98,22,31,69,213,12,2,1074,0.89,0.04,93,5,12254,1258,58
99,22,32,69,214,13,2,1125,0.89,0.04,99,6,12304,1267,59
100,23,37,69,214,13,2,1244,0.89,0.05,106,5,12304,1296,59
101,28,43,69,215,14,2,1373,0.89,0.05,114,5,12354,1315,60
102,32,42,68,215,15,3,1475,0.89,0.05,127,5,12354,1344,61
103,32,42,68,216,16,3,1587,0.89,0.05,140,5,12405,1382,62
104,33,43,68,216,16,3,1700,0.89,0.05,140,5,12405,1402,62
105,32,43,67,217,18,3,1812,0.89,0.05,149,7,12455,1440,64
106,33,42,66,217,19,3,1919,0.89,0.05,171,5,12455,1459,65
107,35,43,67,218,19,3,2021,0.89,0.05,171,5,12481,1507,65
108,33,41,65,218,21,3,2149,0.89,0.05,179,7,12481,1526,67
109,33,42,65,219,22,3,2311,0.89,0.05,201,5,12532,1536,68
110,34,43,66,220,22,3,2413,0.89,0.05,201,5,12583,1574,68
111,33,42,65,220,23,3,2585,0.89,0.05,206,6,12583,1584,69
112,34,48,66,221,23,3,2619,0.89,0.05,212,5,12634,1622,69
113,39,54,66,221,23,3,2619,0.89,0.05,212,5,12634,1642,69
114,39,58,67,222,23,3,2647,0.89,0.05,212,5,12685,1670,76
115,38,57,66,222,24,3,2709,0.89,0.05,220,5,12685,1709,77
116,37,47,67,223,24,3,2757,0.89,0.05,220,5,12736,1728,77
117,36,45,66,223,25,3,2757,0.89,0.05,220,6,12736,1776,78
118,37,46,67,224,25,3,2938,0.89,0.05,229,5,12787,1795,78
119,36,45,67,225,26,3,3126,0.89,0.05,242,5,12830,1834,79
120,29,42,67,225,26,3,3126,0.89,0.05,242,5,12830,1853,79
121,2,36,65,226,26,3,3126,0.89,0.06,242,5,12856,1882,79
122,9,36,64,226,26,3,3126,0.88,0.06,242,5,12856,1891,79
123,9,42,62,227,27,3,3126,0.88,0.06,242,7,12908,1910,80
124,10,44,62,227,27,3,3126,0.88,0.06,253,5,12908,1949,80
125,11,44,62,228,28,3,3126,0.88,0.06,253,7,12939,1958,81
126,11,47,62,228,28,3,3126,0.88,0.06,264,5,12939,1997,81
127,10,47,62,229,29,3,3177,0.88,0.06,264,7,13042,2035,82
128,12,48,63,230,29,3,3220,0.88,0.06,275,5,13146,2054,82
129,10,44,63,230,29,3,3220,0.88,0.06,275,5,13146,2074,82
130,8,30,61,231,30,3,3220,0.88,0.06,275,7,13251,2102,83
131,8,41,59,231,30,3,3220,0.88,0.06,275,7,13251,2102,83
132,8,37,59,232,30,3,3220,0.88,0.06,275,7,13355,2102,83
133,7,19,58,232,30,4,3220,0.87,0.06,292,5,13355,2122,83
134,3,22,59,242,30,4,3220,0.87,0.06,292,5,13765,2131,83
135,11,13,60,243,30,4,3227,0.87,0.06,292,5,13817,2141,83
136,16,24,77,260,30,4,3227,0.88,0.06,292,5,14918,2170,83
137,19,32,83,266,30,4,3251,0.88,0.06,292,5,15335,2189,83
138,25,33,82,266,31,4,3263,0.88,0.06,292,7,15335,2218,84
139,28,43,83,267,31,4,3278,0.88,0.06,308,5,15379,2256,84
140,30,55,83,267,31,4,3278,0.87,0.06,308,5,15379,2275,84
141,22,52,84,268,31,4,3290,0.87,0.06,308,5,15431,2314,84
142,25,48,83,268,32,4,3290,0.88,0.06,308,7,15431,2323,85
143,28,43,84,269,32,4,3290,0.88,0.07,308,7,15463,2342,85
144,5,24,84,269,32,4,3296,0.88,0.07,308,7,15463,2390,85
145,1,22,83,270,33,4,3296,0.88,0.07,308,8,15495,2410,86
146,13,30,83,271,34,4,3302,0.88,0.07,308,9,15527,2438,87
147,14,28,83,271,34,4,3302,0.87,0.07,326,7,15527,2467,87
148,13,24,83,272,35,4,3313,0.87,0.07,326,8,15559,2496,100
149,13,13,82,275,36,4,3313,0.87,0.07,335,8,15759,2515,101
150,13,25,82,276,37,4,3359,0.87,0.07,344,9,15866,2544,102
151,16,28,82,276,37,4,3438,0.87,0.07,357,7,15866,2573,102
152,17,33,83,277,37,4,3508,0.87,0.07,357,7,15972,2602,102
153,24,34,82,277,38,4,3591,0.87,0.07,370,7,15972,2630,103
154,24,37,82,278,39,4,3660,0.87,0.07,383,7,16079,2640,104
155,26,43,83,279,39,4,3745,0.87,0.07,383,7,16186,2678,104
156,27,45,82,279,40,4,3847,0.87,0.07,396,7,16186,2717,105
157,31,45,82,280,41,4,3938,0.87,0.07,402,8,16213,2726,106
158,37,45,82,280,41,4,4116,0.87,0.07,407,7,16213,2774,106
159,39,45,82,281,42,4,4315,0.87,0.07,413,8,16258,2784,107
160,39,45,82,281,42,4,4538,0.87,0.07,418,7,16258,2832,107
161,44,45,82,282,43,4,4762,0.87,0.07,429,7,16303,2861,108
162,45,46,82,283,43,4,5043,0.87,0.07,429,7,16348,2890,108
163,44,45,81,283,44,4,5333,0.87,0.07,440,7,16348,2918,109
164,45,46,82,284,44,4,5599,0.87,0.08,440,7,16492,2938,109
165,43,47,80,284,46,4,5796,0.87,0.08,451,10,16492,2976,114
166,44,47,81,285,46,5,5945,0.87,0.08,486,7,16637,3024,114
167,39,43,77,285,50,5,6050,0.87,0.08,503,13,16637,3583,118
168,16,26,62,294,74,6,6162,0.87,0.08,873,8,17356,4672,142
169,15,31,60,297,79,6,6224,0.87,0.08,888,20,17719,4969,147
170,25,34,61,300,81,6,6224,0.87,0.08,978,12,18046,5084,149
171,8,31,58,303,81,6,6224,0.87,0.08,995,10,18133,5132,149
172,5,20,61,311,82,6,6230,0.87,0.08,995,11,18543,5174,150
173,6,20,71,322,82,6,6230,0.87,0.08,1004,10,19259,5174,150
174,14,30,86,339,83,6,6230,0.87,0.08,1004,12,20583,5226,151
175,20,33,88,344,85,6,6230,0.86,0.08,1021,14,20770,5579,153
176,19,34,87,348,90,7,6306,0.86,0.08,1038,22,21090,5825,158
177,20,33,86,350,90,7,6306,0.86,0.08,1083,14,21264,5844,158
178,10,37,73,360,91,7,6306,0.86,0.08,1083,16,22134,5927,159
179,13,35,53,362,91,7,6306,0.83,0.08,1100,14,22200,5937,159
180,19,38,54,363,91,7,6306,0.83,0.08,1100,14,22233,5965,170
181,20,41,52,363,93,7,6306,0.83,0.08,1100,18,22233,6156,172
182,19,38,50,364,95,7,6319,0.83,0.08,1128,16,22266,6425,174
183,16,23,50,368,97,7,6319,0.84,0.08,1146,16,22388,6477,176
184,18,30,67,385,97,7,6319,0.85,0.09,1146,16,23423,6486,176
185,11,31,70,396,98,7,6319,0.86,0.09,1146,17,23933,6561,177
186,17,27,78,408,101,7,6432,0.87,0.09,1146,21,24889,6969,180
187,16,27,74,418,106,7,6455,0.88,0.09,1165,24,26028,7173,185
188,21,28,73,425,108,7,6467,0.88,0.09,1174,26,26424,7257,187
189,19,31,77,432,108,7,6467,0.89,0.09,1174,26,27170,7348,187
190,20,32,72,442,110,7,6523,0.90,0.09,1174,31,27529,7665,189
191,25,37,75,445,110,7,6523,0.90,0.09,1181,30,27733,7810,189
192,38,42,75,446,111,7,6560,0.90,0.09,1189,32,27761,7863,198
193,38,41,73,446,113,7,6629,0.90,0.09,1252,31,27761,7978,200
194,37,37,74,447,113,7,6629,0.90,0.09,1288,27,27789,8071,200
195,28,32,65,449,115,7,6629,0.90,0.09,1288,31,27856,8187,202
196,16,21,64,455,115,7,6629,0.90,0.09,1288,31,28204,8187,202
197,13,28,75,471,115,7,6629,0.89,0.09,1288,31,29434,8187,202
198,23,31,76,481,116,7,6652,0.89,0.09,1288,32,29914,8290,203
199,24,31,80,492,118,7,6683,0.88,0.09,1288,35,30699,8461,205
200,15,36,86,507,122,7,6683,0.87,0.09,1323,35,32275,8694,209
201,14,35,81,516,125,7,6696,0.86,0.09,1332,38,32662,8746,212
202,14,28,78,523,125,7,6696,0.85,0.09,1332,38,33491,8755,212
203,21,37,82,531,126,7,6696,0.85,0.09,1332,39,33924,8797,213
204,26,40,81,531,127,7,6696,0.85,0.09,1341,39,33924,8839,214
205,31,42,81,532,128,7,6728,0.85,0.10,1360,38,33952,8933,215
206,9,27,81,537,131,7,6728,0.85,0.10,1360,42,34117,9059,218
207,13,29,85,550,132,8,6728,0.85,0.10,1377,41,34649,9162,219
208,15,27,90,559,136,8,6728,0.85,0.10,1377,45,35354,9418,223
209,20,37,91,575,139,8,6728,0.84,0.10,1377,48,36499,9826,226
210,15,26,84,577,148,8,6728,0.84,0.10,1430,60,36561,10222,235
211,15,40,83,577,149,8,6728,0.84,0.10,1583,47,36561,10231,236
212,21,47,83,578,150,8,6740,0.84,0.10,1610,45,36596,10294,237
213,24,39,83,579,151,8,6740,0.84,0.10,1619,45,36624,10409,238
214,9,30,84,583,152,8,6740,0.83,0.10,1638,45,36997,10611,239
215,11,39,90,589,152,8,6740,0.83,0.10,1638,45,37207,10668,250
216,13,40,86,589,156,8,6740,0.83,0.10,1646,48,37207,10869,254
217,12,38,83,590,160,8,6740,0.83,0.10,1692,47,37255,11063,258
218,15,41,80,590,161,8,6740,0.83,0.10,1727,46,37255,11140,259
219,12,29,76,591,161,8,6740,0.83,0.10,1735,45,37303,11188,259
220,14,25,74,592,161,8,6740,0.83,0.10,1735,45,37351,11207,259
221,13,31,82,606,161,8,6740,0.83,0.10,1735,45,38813,11226,259
222,14,26,95,621,161,8,6740,0.83,0.10,1735,45,39675,11226,259
223,19,33,99,636,165,8,6746,0.83,0.10,1735,50,40951,11675,263
224,22,42,104,649,169,8,6759,0.83,0.10,1735,58,42752,12096,267
225,30,44,105,651,169,9,6759,0.83,0.11,1831,47,42897,12148,267
226,44,50,105,652,170,9,6784,0.83,0.11,1831,48,42932,12498,268
227,43,49,104,654,173,9,6784,0.83,0.11,1849,51,43002,12671,271
228,37,46,90,654,175,9,6784,0.83,0.11,1884,50,43002,13023,273
229,13,29,74,657,178,9,6784,0.83,0.11,1898,54,43270,13482,276
230,13,25,75,673,179,9,6784,0.83,0.11,1898,57,44585,13707,277
231,20,36,88,690,179,9,6784,0.83,0.11,1898,57,46093,13813,277
232,20,39,91,703,181,9,6808,0.83,0.11,1898,63,47242,14013,279
233,25,45,90,712,184,9,6832,0.83,0.11,1906,68,48071,14445,282
234,19,42,84,713,184,9,6843,0.83,0.11,1958,62,48305,14455,282
235,15,39,73,714,186,9,6843,0.83,0.11,1958,67,48540,14574,284
236,19,41,73,715,187,9,6843,0.83,0.11,1958,70,48774,14953,285
237,31,48,68,715,192,9,6843,0.83,0.11,1974,81,48774,15466,290
238,40,43,59,716,202,9,6851,0.83,0.11,1991,95,49010,15772,303
239,36,43,61,727,211,9,6851,0.83,0.11,2170,85,49377,16297,312
240,27,50,68,739,216,9,6899,0.83,0.11,2214,93,49972,16804,317
241,23,60,78,756,223,9,6910,0.83,0.11,2262,97,51096,17128,324
242,32,46,90,773,228,10,6931,0.83,0.11,2403,88,52493,17427,329
243,28,55,101,790,233,10,6981,0.83,0.11,2451,94,53375,17904,334
244,29,55,105,806,242,10,7013,0.83,0.12,2525,102,53879,18383,343
245,23,58,115,823,248,10,7033,0.83,0.12,2649,102,54711,18584,349
246,18,46,121,834,248,10,7053,0.83,0.12,2711,93,55690,18627,349
247,14,28,106,839,252,10,7053,0.83,0.12,2711,102,55966,18795,353
248,19,59,123,856,252,10,7053,0.83,0.12,2769,93,57837,18805,353
249,38,70,123,858,254,10,7066,0.83,0.12,2769,99,57922,19072,355
250,41,68,116,860,263,10,7100,0.83,0.12,2793,117,58044,19466,364
251,35,55,125,871,263,10,7120,0.83,0.12,2868,110,59018,19485,364
252,12,29,102,874,264,11,7120,0.83,0.12,2891,109,59277,19664,365
253,7,26,111,891,264,11,7139,0.83,0.12,2910,108,60265,19692,365
254,14,18,95,908,273,11,7139,0.82,0.12,2910,128,60777,20463,374
255,21,29,95,925,274,11,7139,0.82,0.12,2910,130,61654,20645,375
256,22,35,106,942,280,11,7139,0.82,0.12,2957,136,62525,21036,381
257,22,55,109,959,285,11,7139,0.82,0.13,3365,143,63285,21338,386
258,37,67,119,976,292,11,7146,0.82,0.13,3503,139,64298,21702,393
259,27,44,116,984,303,12,7187,0.81,0.13,3629,146,64838,22273,404
260,21,37,125,997,304,12,7187,0.81,0.13,3695,139,65578,22499,405
261,13,29,106,1013,311,12,7187,0.80,0.13,3742,148,66884,22872,412
262,25,42,117,1030,312,12,7187,0.80,0.13,3778,145,67947,23605,413
263,24,30,120,1043,320,12,7187,0.80,0.13,3778,165,68627,23961,421
264,26,40,122,1058,323,12,7187,0.80,0.13,3905,159,69765,24216,424
265,18,45,125,1073,326,12,7187,0.80,0.13,3905,167,70597,24453,427
266,18,35,115,1086,327,12,7187,0.80,0.13,3948,167,71675,24682,428
267,28,34,114,1103,332,12,7197,0.80,0.13,3948,181,73330,24972,433
268,31,44,106,1120,334,12,7197,0.80,0.13,3973,183,74755,25494,435
269,26,45,109,1137,337,12,7197,0.81,0.13,3992,190,75821,25988,438
270,21,46,110,1154,341,12,7197,0.81,0.14,3992,200,77688,26308,442
271,27,59,120,1171,343,12,7197,0.80,0.14,4016,202,78810,26526,444
272,26,63,128,1182,343,12,7197,0.81,0.14,4016,202,80523,26746,444
273,25,50,125,1191,346,12,7212,0.81,0.14,4016,209,80805,27094,447
274,26,39,126,1201,348,12,7212,0.81,0.14,4135,207,81277,27219,449
275,17,46,120,1210,352,12,7234,0.80,0.14,4135,216,81990,27535,453
276,21,56,120,1218,360,12,7255,0.80,0.14,4135,234,82411,27947,469
277,30,63,120,1227,368,13,7255,0.80,0.14,4279,236,84191,28395,477
278,23,61,126,1239,371,13,7261,0.80,0.14,4333,234,85154,28497,480
279,20,48,124,1249,374,13,7261,0.80,0.14,4357,237,86317,28665,483
280,14,43,120,1262,375,13,7268,0.80,0.14,4376,237,87522,28797,484
281,22,44,123,1279,377,13,7268,0.80,0.14,4376,242,89854,29139,486
282,24,49,125,1289,381,13,7276,0.79,0.14,4460,249,90526,29347,490
283,28,51,129,1301,381,13,7276,0.79,0.15,4484,246,91571,29472,490
284,40,70,129,1302,381,13,7276,0.78,0.15,4904,246,91805,29972,490
285,48,69,122,1302,388,13,7276,0.78,0.15,4904,265,91805,30771,497
286,47,73,124,1309,393,14,7307,0.78,0.15,5203,259,92173,31389,502
287,44,60,128,1319,394,14,7307,0.78,0.15,5297,256,93483,31562,503
288,16,61,128,1329,396,14,7307,0.79,0.15,5297,262,94269,31673,505
289,11,50,129,1342,398,14,7307,0.78,0.15,5321,262,94897,31865,507
290,13,34,127,1350,402,14,7315,0.77,0.15,5321,270,95565,32262,511
291,9,28,126,1358,402,14,7315,0.78,0.15,5345,266,96249,32262,511
292,13,35,123,1369,405,14,7315,0.78,0.15,5357,270,98670,32468,514
293,35,50,130,1381,408,14,7315,0.78,0.15,5357,277,100282,32837,517
294,34,55,128,1389,413,14,7315,0.79,0.15,5392,283,101125,33296,522
295,58,66,130,1391,413,14,7328,0.79,0.15,5398,282,101262,34167,522
296,60,72,129,1396,419,14,7343,0.79,0.16,5537,289,101585,34863,528
297,78,88,123,1400,429,14,7382,0.78,0.16,5633,302,101707,35691,538
298,69,84,115,1407,444,15,7389,0.78,0.16,5950,315,102590,36863,553
299,63,83,114,1421,459,15,7419,0.78,0.16,6403,300,103633,37649,568
300,73,86,119,1434,467,15,7434,0.79,0.16,6576,291,104699,38585,576
301,57,83,117,1449,480,15,7640,0.78,0.16,6605,322,105725,41178,589
302,30,79,118,1463,482,16,7671,0.77,0.16,6732,319,106663,41318,591
303,39,90,118,1470,484,16,7671,0.77,0.16,6745,324,107569,41646,593
304,47,85,107,1471,495,16,7671,0.77,0.16,6745,345,107601,42377,604
305,50,93,106,1477,502,16,7671,0.77,0.16,7044,334,108082,42767,611
306,47,92,105,1486,512,16,7718,0.77,0.16,7331,327,108504,44227,621
307,52,93,105,1489,515,17,7743,0.77,0.16,7678,314,108753,44701,624
308,58,92,104,1495,522,17,7766,0.77,0.16,7773,322,109076,45521,631
309,59,93,104,1504,531,17,7838,0.77,0.17,8071,321,109475,46680,640
310,76,87,101,1518,548,17,7860,0.78,0.17,8322,340,110450,48278,662
311,82,85,95,1522,558,18,7860,0.78,0.17,8735,335,110572,49284,682
312,58,59,69,1525,587,18,7923,0.78,0.17,9275,354,110666,52339,740
313,55,57,67,1531,595,19,8035,0.78,0.17,10282,303,110971,53173,756
314,53,57,67,1533,597,19,8138,0.78,0.17,10513,295,111059,53414,760
315,50,54,66,1536,601,19,8315,0.78,0.17,10604,299,111209,54255,771
316,53,58,68,1540,603,19,8456,0.78,0.17,10807,293,111422,54601,775
317,53,55,68,1545,608,19,8589,0.78,0.17,10924,298,111951,55282,785
318,47,51,65,1549,615,20,8702,0.78,0.17,11090,301,112543,56086,799
319,46,56,68,1553,616,20,8844,0.78,0.17,11250,289,113263,56143,801
320,49,64,74,1566,623,20,9055,0.78,0.17,11505,291,114201,56851,815
321,50,58,68,1568,631,20,9229,0.78,0.17,11619,292,114310,57434,831
322,53,57,67,1571,635,20,9396,0.78,0.17,11670,296,114602,57684,839
323,53,58,68,1575,638,20,9570,0.78,0.17,11830,291,114872,58000,845
324,51,58,69,1579,641,20,9763,0.78,0.17,11860,293,115205,58212,851
325,51,60,70,1582,643,20,9930,0.78,0.17,11894,292,115354,58547,855
326,51,57,69,1582,644,20,10047,0.78,0.17,11943,291,115354,58811,857
327,25,32,65,1603,669,20,10118,0.77,0.17,11991,343,116242,60829,907
328,21,40,81,1620,670,21,10133,0.76,0.18,12613,307,117780,60973,909
329,19,38,95,1636,672,21,10133,0.77,0.18,12686,303,119398,61234,913
330,16,39,101,1650,680,21,10133,0.77,0.18,12699,310,120277,61949,929
331,29,54,102,1653,682,21,10158,0.77,0.18,12771,304,120450,62109,933
332,33,56,95,1653,689,21,10158,0.77,0.18,12801,308,120450,62872,947
333,39,56,95,1654,690,21,10170,0.77,0.18,12870,302,120521,62910,949
334,46,62,86,1654,699,21,10184,0.77,0.18,12875,312,120521,63748,967
335,56,62,85,1655,701,21,10184,0.77,0.18,12953,305,120570,63998,971
336,55,61,83,1656,704,21,10267,0.77,0.18,12985,306,120619,64257,977
337,53,60,81,1656,706,21,10267,0.77,0.18,13016,305,120619,64580,981
338,51,59,80,1660,711,21,10313,0.77,0.18,13041,311,120780,65120,991
339,48,59,80,1665,716,21,10406,0.77,0.18,13107,308,121264,65688,1001
340,52,60,80,1666,717,21,10477,0.77,0.18,13151,304,121466,65995,1003
341,55,61,81,1668,718,21,10552,0.77,0.18,13174,304,121872,66256,1004
342,54,61,80,1672,723,21,10552,0.77,0.18,13183,314,122197,66941,1009
343,50,59,80,1676,727,21,10660,0.77,0.18,13296,309,122413,67361,1013
344,49,58,77,1676,730,21,10710,0.77,0.18,13339,310,122413,67955,1016
345,52,58,77,1680,734,21,10886,0.76,0.18,13380,315,122702,68506,1020
346,47,56,74,1692,749,21,10977,0.76,0.18,13454,340,123761,69944,1035
347,43,56,69,1704,766,21,11084,0.76,0.19,13772,339,124579,72199,1052
348,24,55,68,1711,774,22,11118,0.76,0.19,14116,314,125140,73199,1060
349,15,39,77,1722,776,22,11143,0.77,0.19,14206,308,125881,73365,1062
350,23,39,93,1739,777,22,11143,0.77,0.19,14226,308,127330,73609,1063
351,16,35,100,1756,787,22,11143,0.77,0.19,14264,321,128763,74621,1073
352,16,45,106,1772,794,22,11165,0.76,0.19,14408,315,130021,75179,1080
353,26,56,115,1783,796,22,11165,0.76,0.19,14456,313,130820,75336,1082
354,34,56,113,1784,799,22,11165,0.76,0.19,14466,316,130885,75881,1085
355,38,55,107,1785,806,22,11203,0.76,0.19,14503,323,130940,76536,1092
356,42,58,105,1787,810,22,11269,0.76,0.19,14560,319,131050,77224,1096
357,42,62,104,1788,812,22,11358,0.76,0.19,14595,318,131105,77373,1098
358,45,61,102,1791,817,22,11644,0.76,0.19,14629,321,131271,78051,1103
359,29,55,99,1807,836,22,11856,0.76,0.19,14675,351,133013,79544,1122
360,39,62,105,1815,838,22,12070,0.76,0.19,14675,354,133820,80038,1124
361,40,62,105,1824,847,22,12213,0.76,0.19,14705,368,134350,80985,1133
362,54,65,106,1827,849,22,12329,0.76,0.19,14780,365,134585,81472,1135
363,53,65,106,1833,855,22,12469,0.76,0.19,14975,357,135793,82278,1141
364,50,66,107,1841,862,22,12645,0.76,0.19,15071,359,136477,83149,1151
365,52,64,105,1844,867,22,12826,0.76,0.19,15124,361,136685,83822,1156
366,53,60,101,1847,874,22,13012,0.76,0.20,15191,368,136893,84634,1163
367,55,64,105,1858,881,22,13178,0.76,0.20,15269,379,137814,85443,1170
368,54,64,105,1863,886,23,13436,0.76,0.20,15422,371,138154,86152,1189
369,54,65,104,1868,891,23,13720,0.76,0.20,15515,371,138512,86866,1194
370,55,62,101,1871,897,23,13971,0.76,0.20,15608,370,138725,87830,1200
371,55,61,100,1876,903,23,14049,0.77,0.20,15697,370,139795,88540,1206
372,45,62,102,1888,913,23,14049,0.77,0.20,15810,379,141094,90272,1216
373,22,56,102,1888,913,23,14076,0.76,0.20,15900,370,141094,90415,1216
374,7,40,110,1898,914,23,14090,0.76,0.20,15935,369,142499,90592,1217
375,8,30,119,1914,919,23,14090,0.75,0.20,15966,374,144640,91555,1222
376,12,46,132,1931,921,23,14090,0.75,0.20,16006,374,145879,91867,1224
377,23,50,130,1934,922,23,14090,0.75,0.20,16057,371,146088,91975,1225
378,22,52,119,1934,932,23,14090,0.75,0.20,16057,391,146088,92902,1235
379,23,60,111,1935,941,23,14090,0.75,0.20,16183,386,146162,93852,1245
380,20,54,102,1937,952,23,14102,0.75,0.20,16299,383,146312,94884,1256
381,23,59,100,1938,955,23,14140,0.75,0.20,16379,373,146375,95172,1259
382,26,65,100,1941,958,23,14197,0.75,0.20,16404,374,146565,95652,1262
383,34,61,101,1947,961,23,14250,0.75,0.20,16430,377,147544,96416,1265
384,27,46,98,1958,965,23,14264,0.76,0.20,16456,381,148697,96767,1269
385,21,40,104,1975,966,23,14319,0.75,0.21,16541,375,151416,97642,1270
386,13,38,106,1991,968,23,14319,0.75,0.21,16541,381,152801,98293,1272
387,18,47,116,2008,972,23,14319,0.75,0.21,16558,391,154457,99029,1276
388,28,63,124,2018,974,23,14360,0.75,0.21,16659,383,155243,99347,1278
389,64,77,119,2020,981,23,14380,0.75,0.21,16740,382,155401,100249,1285
390,88,91,112,2021,989,23,14420,0.75,0.21,16783,394,155511,101862,1293
391,65,73,93,2021,1008,23,14434,0.75,0.21,16827,429,155511,103973,1312
392,14,58,88,2022,1014,23,14448,0.76,0.21,16969,425,155621,104565,1318
393,9,58,100,2034,1014,23,14476,0.75,0.21,16969,425,156944,104565,1318
394,8,18,106,2044,1017,23,14490,0.75,0.21,16979,431,158770,105115,1321
395,15,27,121,2061,1019,23,14490,0.75,0.21,17003,431,161017,105341,1323
396,23,38,130,2078,1021,24,14490,0.75,0.21,17048,429,162918,105692,1325
397,25,41,135,2094,1023,24,14490,0.75,0.21,17068,430,166024,106023,1327
398,18,38,128,2107,1029,24,14490,0.74,0.21,17106,438,167845,106759,1334
399,22,38,125,2122,1030,24,14490,0.73,0.21,17165,432,170479,106922,1336
400,17,43,99,2139,1033,24,14504,0.72,0.21,17217,432,173422,107309,1339
401,21,62,109,2156,1034,24,14504,0.72,0.21,17236,432,176617,107467,1340
402,35,68,108,2156,1035,24,14532,0.72,0.21,17251,432,176617,107863,1341
403,29,60,108,2157,1036,24,14544,0.72,0.21,17264,432,176688,108123,1342
404,15,52,119,2170,1038,24,14557,0.72,0.22,17264,437,178144,108321,1345
405,18,57,116,2174,1042,24,14557,0.73,0.22,17320,443,178500,108861,1350
406,26,71,117,2175,1042,24,14597,0.73,0.22,17351,439,178644,108880,1350
407,23,70,112,2175,1047,24,14610,0.73,0.22,17383,445,178644,109424,1357
408,10,45,111,2180,1053,24,14610,0.73,0.22,17383,459,179298,110479,1363
409,12,61,122,2192,1054,24,14610,0.72,0.22,18431,455,181448,110736,1364
410,20,65,118,2193,1059,24,14610,0.72,0.22,18463,461,181595,111291,1372
411,24,79,114,2194,1064,24,14610,0.73,0.22,18534,459,181668,111881,1379
412,31,59,110,2195,1069,24,14610,0.73,0.22,18568,465,181743,112674,1385
413,17,30,110,2211,1077,24,14610,0.74,0.22,18645,473,183319,113876,1395
414,19,27,113,2228,1085,24,14610,0.74,0.22,18742,479,185428,114589,1406
415,23,32,112,2244,1089,25,14610,0.72,0.22,18780,483,187701,115069,1410
416,10,28,102,2261,1095,25,14617,0.72,0.22,18821,488,190890,115771,1417
417,20,37,87,2278,1095,25,14617,0.72,0.22,18836,485,196240,115955,1417
418,20,47,83,2294,1103,25,14617,0.72,0.22,18878,493,199339,117337,1425
419,29,63,97,2311,1106,25,14617,0.72,0.22,18898,495,201280,117826,1428
420,34,65,100,2320,1112,25,14630,0.72,0.22,18924,502,202611,119013,1434
421,29,56,105,2335,1117,25,14658,0.72,0.22,18971,504,206425,120204,1439
422,33,54,121,2352,1118,25,14673,0.71,0.23,19011,500,209084,120719,1440
423,29,50,127,2368,1121,25,14673,0.72,0.23,19011,506,213566,120978,1444
424,26,48,131,2385,1124,25,14687,0.72,0.23,19048,509,216218,121845,1448
425,25,40,127,2401,1128,25,14687,0.73,0.23,19276,503,219482,122640,1452
426,24,42,120,2417,1128,25,14687,0.72,0.23,19276,503,223399,122871,1452
427,18,44,119,2434,1135,25,14700,0.73,0.23,19392,505,228651,124085,1459
428,16,44,128,2451,1137,25,14700,0.73,0.23,19418,505,230850,124698,1461
429,22,36,118,2466,1139,25,14734,0.71,0.23,19418,510,232724,125630,1463
430,22,38,127,2483,1140,25,14820,0.72,0.23,19418,513,235262,126092,1464
431,21,34,132,2500,1143,25,14820,0.72,0.23,19429,519,238762,126785,1467
432,16,31,118,2511,1147,25,14820,0.72,0.23,19437,526,241809,128473,1472
433,19,37,131,2528,1147,25,14820,0.71,0.23,19453,524,246541,128752,1472
434,25,34,127,2540,1152,25,14820,0.72,0.23,19453,534,251075,129623,1479
435,26,46,136,2556,1157,25,14820,0.72,0.23,19508,540,254296,130344,1484
436,36,49,135,2559,1161,25,14820,0.72,0.23,19587,540,254931,131044,1488
437,42,52,138,2563,1162,25,14885,0.72,0.23,19637,535,256289,132126,1490
438,12,40,123,2568,1166,25,14885,0.72,0.23,19682,537,257057,133114,1494
439,21,41,118,2585,1166,25,14885,0.71,0.23,19741,531,260460,133200,1494
440,21,44,119,2601,1168,25,14895,0.71,0.24,19741,536,264138,133910,1497
441,24,42,125,2618,1173,25,14914,0.72,0.24,19761,543,266507,134726,1502
442,27,53,124,2633,1176,25,14914,0.72,0.24,19820,541,270033,135082,1506
443,29,54,131,2649,1180,25,14940,0.71,0.24,19839,547,272311,136163,1511
444,26,45,126,2658,1182,25,14940,0.72,0.24,19898,545,274862,137018,1513
445,29,64,136,2670,1184,25,14940,0.72,0.24,19908,548,277492,137572,1515
446,33,84,132,2671,1189,25,14992,0.72,0.24,19970,551,277640,139099,1520
447,45,82,121,2672,1201,25,14992,0.72,0.24,20061,565,277998,141164,1533
448,46,79,117,2672,1205,25,14992,0.72,0.24,20210,552,277998,142101,1537
449,51,79,116,2673,1207,25,15005,0.72,0.24,20298,547,278360,142451,1539
450,52,80,114,2674,1210,25,15162,0.72,0.24,20354,547,278724,143236,1543
451,55,84,113,2682,1219,25,15374,0.72,0.24,20380,562,280185,145925,1552
452,56,85,114,2683,1219,25,15573,0.72,0.24,20531,541,280553,145998,1552
453,59,87,114,2684,1220,25,15757,0.72,0.24,20531,544,280738,146576,1553
454,62,86,112,2684,1222,25,15901,0.72,0.24,20531,549,280738,147059,1558
455,63,85,110,2685,1225,25,16084,0.72,0.24,20585,551,281112,148090,1562
456,65,83,108,2686,1228,26,16296,0.72,0.24,20659,551,281489,148944,1565
457,62,80,105,2686,1231,26,16521,0.72,0.24,20750,548,281489,149562,1568
458,60,80,105,2689,1234,26,16772,0.72,0.24,20802,549,281774,150540,1571
459,62,79,104,2689,1235,26,17010,0.72,0.25,20877,544,281774,151104,1573
460,62,79,104,2691,1237,26,17235,0.72,0.25,20910,547,281966,151842,1575
461,61,80,105,2696,1241,26,17526,0.72,0.25,20954,551,283028,152540,1579
462,63,80,105,2699,1244,26,17856,0.72,0.25,20984,556,283610,152885,1582
463,55,77,102,2702,1250,26,18147,0.72,0.25,21081,558,284143,153794,1589
464,58,80,106,2707,1251,26,18398,0.72,0.25,21162,552,285352,154410,1590
465,60,81,106,2707,1251,26,18661,0.72,0.25,21214,546,285352,154478,1590
466,58,81,106,2709,1253,26,18965,0.72,0.25,21256,545,286409,155148,1592
467,59,81,107,2710,1253,26,19256,0.72,0.25,21284,541,286608,155451,1592
468,59,79,105,2710,1255,26,19599,0.72,0.25,21284,545,286608,156274,1594
469,60,82,107,2712,1255,26,19894,0.72,0.25,21310,541,287112,156840,1594
470,59,81,106,2713,1257,26,20171,0.72,0.25,21310,546,287518,157776,1596
471,61,81,106,2714,1258,26,20436,0.72,0.25,21310,548,287722,158561,1598
472,63,80,106,2716,1260,26,20780,0.71,0.25,21370,545,288131,159283,1600
473,63,80,106,2718,1262,26,21097,0.71,0.25,21396,546,288543,159541,1603
474,63,80,106,2719,1263,26,21418,0.71,0.25,21423,546,288956,159852,1607
475,64,80,107,2721,1264,26,21735,0.71,0.25,21423,549,289525,160020,1608
476,60,78,104,2722,1268,26,21987,0.71,0.25,21450,556,289943,161976,1612
477,60,80,106,2725,1269,26,22304,0.71,0.26,21529,548,290957,162264,1613
478,58,79,105,2726,1271,26,22621,0.71,0.26,21538,551,291134,162447,1616
479,53,74,99,2726,1277,26,22965,0.71,0.26,21571,559,291134,162683,1623
480,56,79,105,2733,1278,26,23269,0.71,0.26,21578,560,291988,162721,1624
481,57,81,107,2738,1281,26,23586,0.71,0.26,21661,559,292524,164364,1627
482,57,81,107,2740,1283,26,23825,0.71,0.26,21698,561,293384,165448,1629
483,57,81,107,2741,1284,26,24156,0.71,0.26,21791,554,293600,165846,1630
484,62,82,108,2742,1284,26,24447,0.71,0.26,21835,549,293816,165932,1630
485,61,81,107,2743,1286,26,24764,0.71,0.26,21857,551,294033,166838,1632
486,60,81,107,2745,1288,26,25135,0.71,0.26,21857,557,294467,167590,1634
487,60,80,109,2749,1290,26,25492,0.71,0.26,21913,557,295738,168434,1636
488,52,71,104,2754,1300,26,25730,0.71,0.26,21988,571,296685,170228,1647
489,51,76,117,2771,1304,26,25772,0.69,0.26,22115,565,300405,171274,1653
490,52,69,119,2779,1304,26,25816,0.68,0.26,22184,557,302725,172427,1653
491,59,73,123,2787,1306,26,25831,0.68,0.26,22184,563,305657,173302,1655
492,66,85,122,2788,1308,26,25846,0.68,0.26,22229,563,305768,173734,1657
493,60,85,118,2788,1312,26,25856,0.68,0.26,22271,565,305768,174407,1661
494,31,66,109,2790,1323,26,25856,0.71,0.26,22298,584,306100,176215,1676
495,14,63,109,2792,1325,26,25856,0.69,0.27,22298,589,306545,176992,1678
496,19,51,123,2807,1326,26,25856,0.69,0.27,22331,588,312276,177707,1679
497,24,42,137,2824,1329,26,25939,0.69,0.27,22356,593,316971,179244,1682
498,21,38,140,2832,1333,26,25968,0.69,0.27,22444,594,319114,180791,1686
499,11,25,134,2839,1339,26,25968,0.69,0.27,22470,604,321946,181849,1692
500,9,15,116,2851,1339,26,25968,0.68,0.27,22532,593,326271,181906,1692
501,7,25,109,2868,1340,26,25968,0.70,0.27,22532,595,329200,182999,1693
502,21,45,123,2884,1340,26,25968,0.70,0.27,22545,593,336374,183681,1693
503,28,60,130,2905,1347,27,25968,0.70,0.27,22572,607,341432,185160,1703
504,54,79,143,2921,1348,27,25968,0.70,0.27,22669,595,346946,185635,1704
505,57,81,142,2921,1348,27,25983,0.70,0.27,22680,593,346946,186098,1704
506,53,79,135,2923,1357,27,26004,0.67,0.27,22680,611,347975,189336,1713
507,51,75,136,2929,1362,27,26018,0.68,0.27,22778,607,349353,191791,1722
508,54,78,131,2937,1374,27,26018,0.72,0.27,23006,626,351055,194393,1737
509,62,84,130,2938,1376,27,26088,0.72,0.27,23225,597,351170,195209,1739
510,61,87,127,2939,1380,27,26169,0.72,0.27,23271,600,351286,196568,1746
511,34,76,125,2941,1384,27,26206,0.68,0.27,23298,608,352329,199121,1750
512,22,61,138,2954,1384,27,26221,0.69,0.28,23375,599,358551,199304,1750
513,12,36,143,2960,1385,27,26221,0.69,0.28,23442,596,359771,199903,1751
514,9,13,142,2965,1386,27,26221,0.69,0.28,23485,595,361487,200618,1752
515,7,17,133,2971,1386,27,26221,0.69,0.28,23497,593,362667,200839,1752
516,14,24,113,2986,1387,27,26221,0.69,0.28,23497,595,365974,201690,1753
517,19,33,86,3002,1392,27,26221,0.69,0.28,23497,606,368920,202658,1758
518,22,37,98,3019,1397,27,26221,0.69,0.28,23517,618,372740,203311,1763
519,24,44,77,3036,1399,27,26221,0.69,0.28,23602,610,376821,204410,1765
520,18,57,83,3052,1404,27,26221,0.69,0.28,23669,608,379205,205194,1771
521,33,74,98,3069,1406,27,26251,0.69,0.28,23684,610,382689,205501,1773
522,29,75,105,3083,1413,27,26275,0.69,0.28,23717,622,385498,206680,1783
523,29,77,116,3095,1414,27,26275,0.69,0.28,23770,615,388627,206955,1784
524,17,47,131,3112,1416,27,26305,0.69,0.28,23770,620,393868,207850,1787
525,23,46,145,3128,1418,27,26305,0.68,0.28,23770,625,399122,208252,1789
526,23,43,144,3133,1419,27,26351,0.68,0.28,23784,625,400568,209242,1790
527,16,32,144,3139,1422,27,26351,0.68,0.28,23784,634,402600,210108,1793
528,12,30,144,3153,1423,27,26351,0.68,0.28,23800,635,407959,210561,1794
529,22,35,137,3169,1424,27,26351,0.68,0.28,23840,632,410886,211012,1795
530,22,35,129,3186,1430,27,26360,0.68,0.29,23863,644,415031,212475,1802
531,29,47,138,3203,1431,27,26368,0.68,0.29,23872,645,420957,212728,1803
532,33,47,133,3219,1437,27,26401,0.68,0.29,23919,651,428394,214140,1809
533,31,58,139,3236,1441,27,26401,0.69,0.29,23982,648,434127,215503,1813
534,28,67,138,3253,1444,27,26401,0.68,0.29,24015,652,438127,216135,1817
535,35,52,135,3269,1444,27,26432,0.68,0.29,24072,645,442854,216805,1817
536,17,54,117,3286,1450,27,26504,0.68,0.29,24091,659,446519,219698,1823
537,29,58,122,3303,1451,27,26504,0.68,0.29,24172,651,450318,220013,1825
538,57,68,137,3319,1451,27,26504,0.68,0.29,24185,649,455846,220464,1825
539,46,66,144,3336,1455,27,26504,0.68,0.29,24199,659,461155,221954,1829
540,45,59,146,3340,1455,27,26504,0.68,0.29,24247,652,463365,222040,1829
541,31,50,135,3353,1455,27,26504,0.68,0.29,24247,652,466402,222873,1829
542,22,45,133,3370,1456,27,26504,0.68,0.29,24247,655,470117,223563,1831
543,26,44,135,3387,1460,27,26504,0.68,0.29,24247,664,473969,224249,1836
544,21,39,126,3403,1469,27,26504,0.68,0.29,24247,688,477089,226332,1848
545,30,50,127,3420,1471,27,26504,0.68,0.29,24258,692,480166,226576,1850
546,33,58,125,3437,1474,27,26520,0.67,0.29,24312,693,483090,227663,1854
547,22,48,124,3453,1481,27,26531,0.67,0.30,24354,707,486022,229983,1862
548,13,54,126,3470,1481,27,26546,0.67,0.30,24388,702,488918,230175,1862
549,12,54,133,3487,1486,27,26546,0.67,0.30,24388,716,495034,231193,1867
550,24,52,142,3503,1486,27,26546,0.67,0.30,24436,709,499042,231884,1867
551,31,47,145,3516,1489,27,26576,0.67,0.30,24471,713,503913,232639,1871
552,34,41,146,3526,1491,27,26584,0.67,0.30,24512,712,507065,234199,1875
553,29,38,146,3532,1492,27,26584,0.67,0.30,24530,712,508576,234516,1877
554,28,40,130,3541,1494,27,26584,0.67,0.30,24530,716,510628,235184,1879
555,18,43,125,3558,1498,27,26584,0.68,0.30,24530,727,515158,235697,1883
556,23,37,113,3574,1502,27,26584,0.67,0.30,24530,735,519038,237036,1889
557,25,40,113,3591,1503,27,26615,0.67,0.30,24530,737,525607,237904,1890
558,37,50,114,3608,1505,27,26615,0.67,0.30,24530,742,530242,238463,1893
559,42,69,127,3624,1508,27,26615,0.67,0.30,24530,749,535425,239651,1896
560,62,83,134,3638,1515,27,26637,0.67,0.30,24539,762,538431,242589,1904
561,67,105,145,3651,1517,28,26668,0.67,0.30,24616,754,540380,245393,1906
562,58,85,136,3657,1532,28,26720,0.66,0.30,24713,771,542258,249949,1922
563,60,88,145,3672,1538,28,26720,0.66,0.31,24823,768,552348,251497,1928
564,49,81,147,3679,1543,28,26720,0.66,0.31,24823,779,554550,252299,1934
565,37,82,148,3681,1544,28,26720,0.66,0.31,24823,782,555286,253186,1935
566,35,75,145,3685,1545,28,26749,0.65,0.31,24865,782,556879,255494,1936
567,48,83,146,3690,1548,28,26767,0.65,0.31,25116,785,560364,257215,1939
568,72,100,146,3692,1550,28,26767,0.65,0.31,25367,785,560575,258281,1942
569,69,95,138,3695,1561,28,26801,0.65,0.31,25459,807,560894,259859,1954
570,84,103,145,3705,1564,28,26801,0.65,0.31,25694,786,562225,261145,1957
571,93,105,147,3708,1565,28,26832,0.65,0.31,25764,783,562631,262552,1958
572,89,102,144,3714,1574,28,26932,0.65,0.31,26041,791,564698,264731,1968
573,94,108,148,3721,1577,28,27063,0.65,0.31,26232,783,566780,266446,1972
574,91,99,143,3725,1586,28,27197,0.65,0.31,26324,792,570227,269823,1981
575,88,104,147,3735,1592,28,27352,0.65,0.32,26423,792,575165,271509,1989
576,83,101,147,3737,1594,28,27402,0.65,0.32,26561,784,575652,274297,1991
577,51,87,141,3740,1602,28,27484,0.66,0.32,26581,801,576246,276494,1999
578,12,63,147,3750,1604,28,27515,0.66,0.32,26598,803,578290,276837,2002
579,11,28,138,3752,1606,28,27525,0.66,0.32,26743,796,578638,277546,2004
580,15,32,136,3763,1609,29,27525,0.66,0.32,26811,797,582900,277850,2007
581,16,26,148,3776,1610,29,27525,0.66,0.32,26839,795,587720,278556,2008
582,20,52,144,3793,1615,29,27593,0.72,0.32,26849,807,594831,279743,2025
583,38,56,142,3798,1622,29,27593,0.72,0.32,26974,812,596175,280971,2032
584,39,60,147,3805,1624,29,27593,0.72,0.32,27063,806,599632,281434,2034
585,40,62,146,3822,1627,29,27593,0.66,0.32,27146,803,606234,283632,2038
586,30,66,135,3839,1627,29,27691,0.66,0.33,27160,801,612977,285731,2038
587,40,71,128,3856,1627,29,27749,0.65,0.33,27160,801,618254,287588,2038
588,37,66,130,3873,1632,29,27749,0.65,0.33,27160,816,623254,290620,2043
589,38,53,143,3890,1633,29,27749,0.65,0.33,27245,811,627350,290875,2044
590,47,76,147,3902,1635,29,27749,0.64,0.33,27245,817,630154,292422,2046
591,59,73,147,3907,1637,29,27749,0.65,0.33,27279,820,630986,293528,2048
592,74,84,143,3914,1643,29,27749,0.65,0.33,27380,827,636510,294465,2055
593,86,92,142,3921,1651,29,27749,0.65,0.33,27466,832,640182,295865,2063
594,89,92,135,3933,1670,29,27883,0.65,0.33,27536,856,641709,298867,2083
595,84,102,139,3947,1680,29,27978,0.65,0.33,27718,848,647689,300850,2095
596,99,111,143,3959,1688,29,28062,0.65,0.33,27910,840,652099,302340,2103
597,96,108,138,3966,1700,29,28183,0.65,0.33,28073,847,655665,304424,2117
598,102,113,145,3978,1705,29,28229,0.65,0.34,28223,840,660766,305858,2122
599,106,117,150,3985,1707,29,28344,0.65,0.34,28372,829,662798,307561,2124
600,105,112,145,3989,1716,29,28458,0.65,0.34,28452,847,663778,309798,2135
601,106,116,148,3998,1722,29,28542,0.65,0.34,28769,836,666054,313624,2142
602,114,121,151,4002,1723,30,28668,0.65,0.34,28883,826,666509,315169,2143
603,113,118,145,4010,1737,30,28812,0.65,0.34,28911,852,667404,318774,2161
604,94,106,142,4016,1745,30,28865,0.64,0.34,29087,846,669009,323807,2169
605,72,92,143,4030,1753,30,28871,0.64,0.34,29202,851,672721,326806,2178
606,51,84,149,4048,1754,30,28896,0.64,0.34,29300,842,680557,327998,2180
607,48,61,149,4056,1755,30,28896,0.64,0.34,29363,841,682739,328686,2181
608,28,44,149,4063,1758,30,28971,0.63,0.34,29370,848,685561,331268,2184
609,14,32,146,4075,1767,30,29030,0.63,0.35,29483,866,690836,332905,2196
610,21,32,136,4086,1769,30,29048,0.63,0.35,29803,855,693533,333247,2198
611,16,29,118,4103,1773,30,29048,0.63,0.35,29889,859,701037,333753,2203
612,20,39,104,4121,1777,30,29048,0.63,0.35,30005,854,710319,334813,2207
613,24,49,111,4138,1778,30,29048,0.61,0.35,30044,851,717337,336954,2208
614,40,62,120,4155,1779,30,29096,0.61,0.35,30058,851,723897,339644,2209
615,59,67,112,4172,1782,30,29096,0.60,0.35,30073,857,731153,341429,2214
616,26,64,111,4189,1791,30,29153,0.62,0.35,30101,875,736066,343777,2223
617,25,45,117,4206,1794,30,29153,0.61,0.35,30145,877,740448,345261,2226
618,29,41,123,4223,1799,30,29153,0.62,0.35,30159,889,745735,346575,2233
619,35,47,126,4241,1803,30,29153,0.62,0.35,30159,901,751935,349048,2238
620,24,46,130,4258,1811,30,29153,0.63,0.36,30159,925,758039,352025,2250
621,26,57,133,4275,1812,30,29153,0.63,0.36,30331,913,761898,352073,2251
622,34,60,124,4292,1815,30,29153,0.62,0.36,30374,917,768367,352478,2254
623,31,76,131,4309,1825,31,29153,0.62,0.36,31780,936,776012,355431,2265
624,49,97,144,4326,1829,31,29189,0.62,0.36,31938,926,780795,356838,2269
625,48,78,152,4340,1834,31,29189,0.61,0.36,32083,925,785184,357856,2274
626,33,65,145,4346,1837,31,29214,0.60,0.36,32151,924,786850,359708,2277
627,27,59,142,4357,1841,31,29214,0.61,0.36,32166,933,789891,361882,2282
628,45,60,152,4373,1841,31,29214,0.61,0.36,32166,933,795412,363270,2282
629,34,54,142,4377,1847,31,29238,0.62,0.36,32218,946,795910,364677,2291
630,28,66,142,4391,1849,31,29238,0.62,0.36,32395,938,803509,365076,2293
631,68,83,151,4403,1851,31,29238,0.72,0.36,32431,938,806517,365625,2295
632,70,84,144,4404,1859,31,29258,0.72,0.37,32474,953,806750,367247,2313
633,60,83,143,4416,1871,31,29270,0.72,0.37,32652,964,811381,370012,2339
634,58,98,148,4428,1877,31,29312,0.72,0.37,33028,943,816313,372899,2351
635,62,97,145,4430,1881,32,29330,0.72,0.37,33317,931,818240,374245,2359
636,69,99,144,4433,1885,32,29330,0.72,0.37,33510,923,820032,375819,2367
637,77,98,142,4436,1890,32,29472,0.72,0.37,33627,922,820840,377460,2377
638,75,98,141,4443,1897,32,29564,0.72,0.37,33785,927,822381,379081,2393
639,78,102,151,4457,1898,32,29600,0.62,0.37,33831,925,826620,381767,2395
640,59,90,140,4461,1902,32,29659,0.61,0.37,33908,931,829221,383683,2403
641,20,51,129,4475,1907,32,29693,0.61,0.37,33937,938,839434,386156,2415
642,25,44,138,4492,1908,32,29693,0.59,0.37,33966,936,844447,388243,2417
643,34,45,147,4507,1908,32,29896,0.59,0.37,33977,934,850619,389796,2417
644,33,40,143,4513,1913,32,29896,0.58,0.37,33977,949,852654,391516,2427
645,32,44,148,4523,1918,32,29930,0.59,0.37,34087,945,856551,394192,2437
646,19,34,151,4529,1921,32,29998,0.60,0.37,34171,942,862382,397426,2445
647,15,45,147,4545,1922,32,29998,0.60,0.37,34185,943,869521,397870,2449
648,33,63,147,4562,1922,32,29998,0.59,0.38,34207,940,879227,398342,2463
649,43,69,148,4571,1927,32,30012,0.59,0.38,34229,949,886080,400515,2475
650,36,67,153,4586,1927,32,30012,0.60,0.38,34236,948,895759,401713,2475
651,36,65,145,4602,1929,32,30080,0.60,0.38,34272,947,901425,403105,2482
652,28,57,147,4619,1931,32,30080,0.61,0.38,34272,952,906692,403868,2488
653,29,55,145,4636,1938,32,30080,0.61,0.38,34280,965,912861,406943,2506
654,24,48,148,4652,1939,32,30080,0.61,0.38,34373,957,919214,407452,2508
655,20,58,143,4669,1943,32,30080,0.61,0.38,34395,964,927183,408562,2516
656,32,77,149,4686,1944,32,30080,0.61,0.38,34417,963,933759,408780,2520
657,57,78,152,4692,1946,32,30113,0.60,0.38,34439,965,935797,409616,2524
658,32,62,146,4704,1950,32,30154,0.60,0.38,34439,976,940229,411607,2534
659,32,53,147,4721,1951,32,30168,0.60,0.38,34534,966,945754,411905,2536
660,35,74,154,4736,1951,32,30168,0.72,0.38,34556,963,952036,412633,2546
661,52,93,153,4736,1952,32,30185,0.72,0.38,34556,965,952036,412884,2548
662,72,77,153,4737,1953,32,30216,0.72,0.38,34571,966,952953,413456,2549
663,46,66,154,4745,1953,32,30232,0.72,0.38,34571,966,958213,414541,2549
664,37,52,151,4753,1957,32,30232,0.58,0.38,34593,975,960983,414936,2553
665,31,52,153,4764,1958,32,30232,0.60,0.39,34593,978,963148,415262,2554
666,21,44,154,4772,1958,32,30232,0.60,0.39,34593,978,967638,415339,2554
667,22,34,154,4781,1958,32,30232,0.60,0.39,34593,978,970604,415493,2554
668,14,38,151,4794,1958,32,30232,0.60,0.39,34593,978,974278,416295,2554
669,14,46,129,4810,1960,32,30249,0.60,0.39,34593,984,980125,417511,2557
670,20,68,135,4827,1961,32,30249,0.59,0.39,34637,981,993505,417950,2569
671,54,94,155,4848,1961,32,30263,0.60,0.39,34659,978,1000604,418204,2569
672,83,84,154,4853,1963,32,30263,0.60,0.39,34659,983,1002007,420907,2571
673,66,75,142,4861,1976,32,30461,0.60,0.39,34729,1007,1004052,426847,2584
674,84,103,155,4876,1976,32,30515,0.60,0.39,34906,981,1008211,428959,2584
675,99,110,155,4879,1979,32,30631,0.60,0.39,34941,981,1009638,431021,2587
676,102,109,149,4879,1985,32,30779,0.60,0.39,34941,995,1009638,434268,2593
677,107,120,150,4883,1987,32,30885,0.60,0.39,35002,990,1011071,435870,2595
678,107,120,150,4891,1993,32,30933,0.60,0.39,35114,986,1013944,439127,2601
679,114,122,148,4892,1993,32,31041,0.60,0.39,35132,983,1014124,440549,2601
680,116,120,145,4895,1997,32,31109,0.60,0.39,35132,992,1014750,442786,2615
681,114,118,146,4901,2002,32,31109,0.72,0.39,35518,988,1015872,445436,2622
682,112,116,141,4901,2007,32,31450,0.72,0.40,35592,988,1015872,448124,2627
683,101,109,136,4903,2014,33,31615,0.72,0.40,35665,994,1016236,451608,2634
684,57,110,139,4913,2018,33,31657,0.59,0.40,35751,993,1020507,454511,2638
685,13,88,151,4930,2019,33,31690,0.59,0.40,35773,992,1024689,455356,2639
686,18,46,154,4939,2020,33,31690,0.59,0.40,35791,993,1027147,456251,2640
687,9,27,154,4943,2022,33,31690,0.59,0.40,35791,997,1028372,456803,2642
688,6,13,156,4948,2022,33,31690,0.58,0.40,35806,995,1031028,457033,2642
689,5,8,155,4949,2023,33,31690,0.58,0.40,35806,997,1031768,457356,2643
690,4,10,138,4954,2024,33,31690,0.56,0.40,35806,999,1035230,457401,2644
691,11,18,120,4971,2024,33,31690,0.57,0.40,35806,999,1041560,457643,2644
692,20,32,83,4988,2026,33,31690,0.58,0.40,35806,1003,1048553,459190,2646
693,27,45,67,5004,2027,33,31690,0.59,0.40,35824,1004,1054056,460385,2647
694,29,54,77,5021,2028,33,31690,0.59,0.40,35846,1004,1058500,461995,2648
695,29,56,85,5038,2037,33,31690,0.59,0.40,35877,1018,1063068,464657,2660
696,45,72,101,5055,2038,33,31707,0.59,0.40,35940,1014,1070487,465873,2661
697,51,85,112,5071,2042,33,31737,0.72,0.40,35947,1023,1083067,467922,2676
698,65,98,121,5084,2046,33,31841,0.72,0.41,36030,1021,1087064,470114,2680
699,66,99,123,5097,2056,33,31895,0.72,0.41,36117,1034,1090771,473830,2691
700,50,93,130,5113,2063,33,31912,0.58,0.41,36188,1044,1096871,476874,2700
701,30,73,142,5130,2065,33,31912,0.58,0.41,36251,1040,1103088,478508,2702
702,31,57,153,5145,2066,33,31983,0.58,0.41,36265,1041,1108150,480190,2703
703,25,49,149,5149,2074,33,32030,0.58,0.41,36295,1054,1109606,483266,2711
704,30,68,156,5157,2075,33,32030,0.58,0.41,36391,1040,1111335,484100,2712
705,27,81,152,5162,2084,33,32060,0.58,0.41,36463,1050,1115643,487079,2721
706,28,62,150,5171,2093,33,32090,0.56,0.41,36582,1057,1118915,489084,2730
707,25,44,152,5178,2093,33,32090,0.56,0.41,36642,1047,1122748,491363,2730
708,20,30,157,5183,2093,33,32090,0.55,0.41,36642,1047,1126888,491920,2730
709,16,36,153,5200,2093,33,32090,0.56,0.41,36642,1047,1132067,492653,2730
710,17,32,151,5217,2095,33,32117,0.57,0.41,36642,1052,1143067,494023,2733
711,16,23,133,5233,2097,33,32117,0.58,0.41,36657,1056,1149881,494514,2735
712,14,38,123,5250,2098,33,32136,0.58,0.41,36710,1052,1153662,495079,2736
713,25,35,124,5267,2099,33,32146,0.58,0.41,36724,1052,1164923,495628,2737
714,26,44,127,5284,2103,33,32220,0.59,0.42,36736,1058,1172198,497481,2741
715,45,61,134,5300,2105,33,32220,0.59,0.42,36784,1055,1180534,498707,2745
716,44,75,140,5317,2116,33,32220,0.58,0.42,36826,1072,1186881,502542,2757
717,63,84,156,5333,2116,33,32230,0.58,0.42,36856,1067,1192716,503362,2757
718,63,74,157,5337,2119,33,32262,0.58,0.42,36897,1069,1193513,506145,2760
719,43,48,156,5341,2124,33,32262,0.58,0.42,36897,1079,1195554,508898,2766
720,24,42,158,5349,2128,33,32262,0.57,0.42,36924,1084,1197839,509378,2770
721,13,29,157,5359,2129,33,32262,0.57,0.42,36949,1083,1200090,509561,2771
722,20,32,145,5372,2129,33,32300,0.57,0.42,36949,1083,1204081,510187,2771
723,23,34,132,5388,2135,33,32310,0.57,0.42,36949,1095,1208902,511641,2778
724,24,42,129,5405,2138,33,32310,0.57,0.42,36973,1097,1214735,512752,2781
725,22,48,111,5423,2143,33,32310,0.57,0.42,36985,1107,1221098,515165,2786
726,39,58,115,5439,2147,33,32310,0.57,0.42,37031,1113,1226826,516059,2790
727,52,71,126,5456,2148,33,32310,0.57,0.42,37114,1105,1235426,519024,2791
728,50,67,141,5473,2148,33,32310,0.57,0.42,37136,1102,1239888,521589,2791
729,47,57,146,5490,2152,33,32327,0.57,0.42,37136,1113,1245635,523283,2796
730,32,50,157,5506,2152,33,32361,0.57,0.42,37182,1107,1251080,523379,2796
731,22,38,156,5513,2156,33,32412,0.57,0.43,37182,1119,1253211,525833,2800
732,17,39,151,5525,2161,33,32412,0.57,0.43,37272,1121,1256948,527386,2808
733,21,53,159,5535,2163,33,32429,0.57,0.43,37310,1120,1259560,527684,2810
734,46,70,158,5535,2164,33,32429,0.57,0.43,37351,1117,1259560,528309,2811
735,35,48,159,5536,2164,33,32476,0.57,0.43,37374,1114,1259768,529771,2811
736,21,32,152,5545,2169,33,32510,0.57,0.43,37389,1122,1262891,532095,2817
737,16,33,146,5561,2170,33,32510,0.57,0.43,37389,1124,1270185,532413,2818
738,27,34,148,5577,2172,33,32542,0.56,0.43,37389,1129,1277006,533356,2820
739,22,44,157,5594,2173,33,32542,0.56,0.43,37389,1132,1282369,534649,2821
740,36,48,146,5605,2177,33,32579,0.56,0.43,37396,1139,1285679,536681,2826
741,37,53,144,5622,2179,33,32579,0.56,0.43,37449,1137,1290027,537927,2828
742,25,59,140,5638,2180,33,32613,0.56,0.43,37468,1137,1296735,538350,2829
743,21,55,145,5655,2181,33,32613,0.56,0.43,37483,1138,1305491,538497,2830
744,39,80,160,5671,2181,33,32613,0.56,0.43,37483,1138,1311537,538781,2838
745,61,102,160,5675,2184,33,32678,0.56,0.43,37506,1143,1313536,539608,2841
746,69,94,159,5683,2187,33,32724,0.56,0.43,37525,1146,1319332,541178,2844
747,44,58,159,5687,2189,33,32758,0.56,0.44,37540,1149,1320193,543412,2846
748,18,36,148,5692,2192,33,32775,0.56,0.44,37582,1153,1322956,545170,2850
749,12,31,158,5709,2192,33,32775,0.56,0.44,37582,1153,1333062,545227,2850
750,14,27,150,5715,2193,33,32775,0.56,0.44,37582,1156,1335143,546427,2851
751,20,36,159,5728,2194,33,32836,0.56,0.44,37604,1156,1346155,550506,2852
752,15,55,154,5730,2201,33,32851,0.56,0.44,37622,1171,1346591,552685,2869
753,51,67,160,5737,2201,33,32945,0.56,0.44,37762,1154,1348907,553095,2869
754,42,54,142,5741,2206,33,32945,0.56,0.44,37768,1168,1351246,554935,2875
755,22,59,125,5758,2207,33,32945,0.56,0.44,37768,1171,1361616,555451,2876
756,21,41,120,5775,2208,33,32985,0.56,0.44,37775,1172,1370854,556444,2878
757,17,38,117,5792,2215,33,32985,0.55,0.44,37787,1184,1384632,558552,2885
758,24,41,119,5808,2218,33,32995,0.55,0.44,37830,1187,1393988,559620,2889
759,50,86,137,5827,2219,33,33025,0.55,0.44,37843,1187,1405563,560251,2891
760,77,106,150,5844,2223,33,33041,0.55,0.44,37867,1192,1412149,562350,2895
761,103,122,161,5855,2223,33,33118,0.55,0.44,37970,1178,1422201,563726,2895
762,84,100,137,5857,2249,33,33194,0.55,0.44,38023,1222,1422797,572099,2926
763,84,107,142,5874,2261,34,33286,0.55,0.45,38307,1199,1435925,575210,2941
764,90,125,156,5893,2266,34,33411,0.55,0.45,38452,1185,1456434,578017,2946
765,109,128,160,5898,2267,34,33580,0.55,0.45,38489,1181,1459740,580585,2948
766,121,132,161,5901,2269,34,33749,0.55,0.45,38526,1181,1461548,585055,2951
767,124,132,155,5901,2275,34,33949,0.55,0.45,38549,1195,1461548,590433,2958
768,128,136,159,5909,2279,34,34195,0.55,0.45,38668,1193,1468668,596031,2963
769,125,135,158,5911,2282,34,34506,0.55,0.45,38806,1186,1470795,600686,2966
770,132,141,163,5917,2283,34,34847,0.55,0.45,38853,1183,1475916,602811,2967
771,130,140,161,5918,2286,34,35156,0.55,0.45,38951,1181,1476191,609380,2971
772,134,139,160,5920,2289,34,35418,0.55,0.45,39022,1184,1476742,614944,2979
773,132,134,156,5921,2294,34,35665,0.72,0.45,39060,1195,1477080,622117,2994
774,130,130,152,5921,2298,34,36113,0.72,0.45,39193,1191,1477080,626956,2998
775,120,123,144,5922,2307,34,36252,0.72,0.45,39321,1199,1477419,637230,3008
776,88,109,142,5930,2311,34,36252,0.55,0.45,39390,1204,1482358,643585,3013
777,32,63,152,5947,2312,34,36252,0.55,0.45,39420,1203,1491587,644164,3014
778,19,36,159,5963,2312,34,36252,0.54,0.45,39430,1202,1504529,644212,3014
779,23,34,160,5966,2314,34,36269,0.54,0.46,39430,1207,1506740,645738,3017
780,20,30,159,5970,2317,34,36269,0.54,0.46,39430,1213,1507897,647076,3020
781,15,22,158,5983,2318,34,36269,0.54,0.46,39430,1216,1513259,647611,3021
782,7,20,102,5998,2320,34,36269,0.54,0.46,39453,1219,1521825,648080,3023
783,14,32,85,6015,2320,34,36307,0.54,0.46,39476,1216,1528585,648337,3023
784,20,46,96,6032,2320,34,36327,0.54,0.46,39476,1216,1540229,649884,3023
785,27,49,105,6049,2323,34,36327,0.54,0.46,39476,1225,1547641,650666,3026
786,27,49,104,6066,2325,34,36421,0.54,0.46,39476,1231,1554105,652150,3028
787,30,53,101,6082,2329,34,36421,0.54,0.46,39476,1242,1560378,653732,3033
788,37,62,107,6099,2329,34,36421,0.54,0.46,39499,1239,1568836,654460,3033
789,56,87,123,6116,2330,34,36456,0.54,0.46,39499,1242,1578728,655313,3034
790,88,104,138,6133,2332,34,36522,0.54,0.46,39499,1248,1586591,658266,3037
791,97,112,149,6149,2337,34,36587,0.54,0.46,39569,1252,1593703,660795,3042
792,117,136,154,6163,2346,34,36710,0.54,0.46,39667,1258,1600283,665109,3053
793,83,138,149,6170,2358,34,36786,0.53,0.46,39737,1278,1602630,673737,3067
794,51,126,148,6173,2362,34,36821,0.53,0.47,39858,1272,1603619,676812,3072
795,17,93,158,6183,2362,34,36821,0.53,0.47,39858,1272,1610221,677161,3072
796,10,47,162,6188,2363,34,36821,0.53,0.47,39858,1274,1611719,677409,3073
797,6,24,162,6189,2364,34,36837,0.53,0.47,39871,1274,1611964,677763,3075
798,4,9,163,6191,2365,34,36837,0.53,0.47,39871,1277,1614258,677846,3076
799,5,15,163,6191,2365,34,36837,0.52,0.47,39894,1274,1614258,678000,3076
800,7,28,162,6191,2366,34,36837,0.52,0.47,39894,1277,1614258,678229,3084
801,8,16,163,6192,2366,34,36837,0.52,0.47,39918,1274,1615248,678229,3084
802,6,12,163,6195,2367,34,36837,0.52,0.47,39918,1277,1618230,678579,3085
803,7,14,126,6205,2367,34,36837,0.52,0.47,39918,1277,1625041,679383,3085
804,16,25,107,6221,2367,34,36837,0.51,0.47,39918,1277,1637140,679619,3085
805,24,36,104,6238,2368,34,36837,0.51,0.47,39918,1280,1654146,680981,3086
806,26,43,82,6255,2371,34,36837,0.51,0.47,39918,1286,1664571,683644,3089
807,39,57,85,6272,2374,34,36837,0.51,0.47,39930,1290,1672105,684867,3092
808,52,69,99,6288,2376,34,36870,0.51,0.47,39991,1285,1682383,686530,3094
809,63,89,111,6305,2380,34,36951,0.51,0.47,40022,1288,1702896,688232,3098
810,59,85,120,6322,2386,34,36998,0.50,0.48,40098,1288,1717221,691403,3105
811,66,84,129,6339,2389,34,37045,0.50,0.48,40149,1288,1732023,693532,3108
812,39,69,138,6356,2395,34,37045,0.50,0.48,40173,1302,1741879,694641,3115
813,24,47,148,6372,2396,34,37071,0.50,0.48,40252,1294,1747743,695341,3116
814,24,53,152,6389,2397,34,37071,0.50,0.48,40268,1294,1755858,696799,3117
815,27,71,161,6401,2400,34,37071,0.50,0.48,40287,1301,1762536,697629,3121
816,54,79,163,6404,2401,34,37198,0.50,0.48,40371,1292,1765934,698546,3122
817,40,71,162,6405,2403,34,37372,0.52,0.48,40371,1296,1766450,699460,3125
818,25,47,149,6413,2408,34,37372,0.52,0.48,40371,1310,1772149,700985,3130
819,19,39,134,6430,2408,34,37372,0.51,0.48,40395,1307,1782139,701579,3130
820,18,32,136,6447,2409,34,37372,0.50,0.48,40395,1309,1798022,703190,3131
821,22,45,140,6464,2412,34,37411,0.50,0.48,40407,1313,1808361,703956,3135
822,36,62,153,6480,2415,34,37411,0.50,0.48,40439,1315,1813543,706286,3138
823,48,78,157,6492,2423,34,37469,0.50,0.48,40502,1323,1819942,709253,3146
824,38,60,139,6503,2431,34,37527,0.51,0.48,40597,1327,1828997,713327,3156
825,42,63,143,6520,2434,34,37527,0.51,0.48,40629,1329,1834326,715825,3160
826,40,68,148,6536,2436,34,37538,0.51,0.49,40669,1328,1849346,716565,3163
827,50,83,156,6553,2444,35,37569,0.51,0.49,40732,1334,1856825,720999,3172
828,74,96,162,6562,2447,35,37617,0.51,0.49,40783,1332,1865858,723853,3175
829,61,72,151,6569,2457,35,37617,0.51,0.49,40821,1346,1873967,726598,3188
830,30,48,145,6583,2458,35,37617,0.51,0.49,40828,1347,1879951,728145,3189
831,26,48,148,6599,2462,35,37617,0.51,0.49,40828,1355,1891010,729106,3194
832,25,51,163,6616,2464,35,37656,0.51,0.49,40828,1359,1901218,730488,3196
833,21,46,166,6633,2464,35,37656,0.51,0.49,40828,1359,1913649,731752,3196
834,24,52,161,6651,2464,35,37656,0.51,0.49,40828,1359,1934811,732421,3196
835,31,50,156,6668,2465,35,37713,0.50,0.49,40836,1360,1941030,733343,3197
836,22,56,152,6685,2466,35,37762,0.50,0.49,40852,1360,1949682,734733,3199
837,24,62,151,6702,2472,35,37762,0.49,0.49,40876,1370,1966808,736490,3209
838,27,65,161,6720,2476,35,37778,0.49,0.49,40940,1374,1973957,740091,3217
839,24,60,161,6733,2484,35,37874,0.48,0.50,40957,1392,1978328,743385,3229
840,41,66,156,6746,2487,35,37886,0.50,0.50,41123,1385,1984804,744715,3233
841,53,55,165,6759,2488,35,37886,0.50,0.50,41232,1378,1989410,745929,3234
842,41,56,160,6773,2491,35,37924,0.49,0.50,41232,1387,1996310,748402,3239
843,41,54,166,6786,2491,35,37972,0.48,0.50,41307,1380,2012399,750141,3239
844,38,47,162,6796,2496,35,37972,0.48,0.50,41307,1393,2016543,751389,3246
845,38,54,165,6813,2497,35,37972,0.48,0.50,41307,1396,2029770,752827,3247
846,37,56,155,6826,2497,35,37972,0.49,0.50,41307,1396,2036723,753274,3247
847,39,56,164,6843,2497,35,37972,0.50,0.50,41307,1396,2043317,754391,3247
848,38,55,162,6859,2501,35,37981,0.50,0.50,41307,1404,2055153,755855,3252
849,56,79,166,6875,2501,35,37981,0.50,0.51,41323,1402,2062558,756572,3252
850,47,92,167,6880,2505,35,37981,0.50,0.51,41339,1409,2066659,759282,3256
851,72,107,167,6885,2510,35,37981,0.50,0.51,43112,1416,2069432,761620,3264
852,63,104,148,6891,2534,35,38047,0.50,0.51,43401,1456,2072440,771081,3294
853,66,101,147,6908,2551,36,38123,0.50,0.51,43949,1439,2082711,778408,3316
854,62,95,154,6926,2557,36,38159,0.50,0.51,44152,1433,2094195,781451,3325
855,53,96,159,6945,2558,36,38182,0.49,0.51,44249,1429,2104805,783578,3327
856,57,96,163,6958,2562,36,38236,0.49,0.51,44249,1438,2109979,788349,3333
857,61,84,164,6969,2565,36,38236,0.49,0.51,44249,1446,2116341,790569,3337
858,65,81,165,6976,2567,36,38245,0.49,0.51,44249,1450,2119283,791738,3340
859,66,89,160,6984,2574,36,38245,0.49,0.52,44292,1459,2123003,794663,3350
860,82,96,155,6991,2586,36,38266,0.49,0.52,44340,1479,2126095,799582,3367
861,58,89,150,7002,2602,36,38266,0.49,0.52,44542,1502,2134719,804335,3389
862,55,102,167,7019,2602,36,38327,0.48,0.52,44650,1494,2144412,804614,3389
863,45,103,167,7024,2604,36,38376,0.49,0.52,44650,1498,2148537,809413,3391
864,64,100,164,7028,2609,36,38413,0.49,0.52,44682,1508,2154561,811761,3400
865,49,102,161,7041,2616,36,38413,0.48,0.52,44699,1523,2174730,813469,3411
866,79,109,163,7048,2621,36,38413,0.48,0.52,44761,1531,2183966,817236,3419
867,65,91,142,7053,2647,36,38493,0.48,0.52,44945,1561,2189635,823697,3461
868,36,86,147,7070,2659,36,38493,0.48,0.52,45382,1532,2203380,829195,3476
869,29,89,153,7087,2660,36,38502,0.47,0.53,45409,1531,2215905,831320,3477
870,39,71,161,7105,2660,36,38502,0.47,0.53,45425,1529,2224660,832713,3477
871,35,65,161,7113,2667,36,38551,0.47,0.53,45425,1544,2228707,837498,3487
872,36,61,165,7123,2670,36,38564,0.46,0.53,45540,1540,2231617,840375,3490
873,21,55,161,7135,2677,36,38591,0.46,0.53,45589,1553,2238568,843744,3501
874,16,51,151,7146,2677,36,38591,0.46,0.53,45714,1545,2242343,843862,3501
875,22,70,161,7163,2679,36,38591,0.46,0.53,45736,1548,2255069,844486,3504
876,48,85,165,7170,2682,36,38611,0.46,0.53,45785,1550,2257794,845375,3508
877,77,90,160,7178,2695,36,38611,0.45,0.53,45826,1572,2261123,848912,3525
878,92,104,169,7193,2701,36,38661,0.45,0.53,45958,1570,2270078,854261,3533
879,71,99,168,7196,2705,36,38702,0.46,0.53,45982,1578,2271268,858184,3539
880,40,76,168,7198,2706,36,38775,0.45,0.54,45982,1581,2272706,860848,3540
881,30,48,163,7203,2707,36,38775,0.44,0.54,46015,1581,2279919,861473,3542
882,36,59,166,7214,2710,37,38775,0.44,0.54,47799,1587,2288762,862788,3545
883,48,76,167,7218,2712,37,38775,0.44,0.54,47799,1592,2293591,863652,3548
884,49,73,160,7220,2720,37,38805,0.44,0.54,47815,1609,2295044,867262,3563
885,37,69,154,7230,2720,37,38894,0.46,0.54,47826,1608,2303444,870387,3563
886,26,57,156,7245,2721,37,38894,0.46,0.54,47826,1610,2310160,872831,3564
887,23,57,164,7258,2721,37,38894,0.47,0.54,47826,1610,2324380,874505,3564
888,23,57,164,7265,2726,37,38894,0.44,0.54,47826,1622,2326875,876176,3569
889,29,79,168,7270,2726,37,38894,0.44,0.54,47848,1620,2332761,876697,3569
890,40,86,165,7271,2729,37,38944,0.44,0.55,47867,1625,2333204,879671,3574
891,42,92,162,7279,2738,37,38973,0.44,0.55,48036,1634,2335967,882517,3587
892,53,97,161,7287,2747,37,38994,0.44,0.55,48246,1634,2339132,885656,3599
893,80,103,170,7299,2750,37,39128,0.44,0.55,48493,1620,2348381,891110,3605
894,75,98,169,7301,2753,37,39143,0.44,0.55,48542,1623,2350919,893550,3610
895,57,78,169,7302,2754,37,39143,0.44,0.55,48550,1624,2351790,893838,3611
896,63,80,170,7303,2754,37,39143,0.45,0.55,48550,1624,2352664,895182,3611
897,67,93,170,7303,2754,38,39164,0.45,0.55,50405,1624,2352664,896922,3611
898,77,98,167,7303,2757,38,39193,0.45,0.55,50405,1631,2352664,899340,3615
899,62,72,166,7306,2761,38,39193,0.45,0.55,50413,1642,2354024,900879,3620
900,31,35,169,7315,2762,38,39193,0.45,0.56,50615,1639,2358653,901454,3621
901,24,40,170,7325,2762,38,39193,0.46,0.56,50656,1635,2363211,902217,3621
902,21,30,166,7332,2766,38,39225,0.45,0.56,50795,1630,2366256,904359,3626
903,19,32,170,7342,2766,38,39225,0.45,0.56,50795,1630,2373061,905837,3626
904,21,40,153,7355,2766,38,39225,0.45,0.56,50795,1630,2377495,906486,3626
905,38,63,158,7372,2767,38,39257,0.72,0.56,50811,1630,2384908,907836,3628
906,55,81,166,7386,2772,38,39323,0.72,0.56,50884,1638,2392775,909239,3638
907,72,83,171,7392,2772,38,39422,0.72,0.56,51060,1620,2397528,911451,3638
908,31,76,165,7400,2778,38,39468,0.72,0.56,51114,1629,2401461,914880,3650
909,19,77,160,7415,2778,38,39468,0.45,0.56,51406,1588,2408340,915288,3650
910,10,52,148,7432,2778,38,39468,0.45,0.56,51411,1587,2414402,917356,3650
911,19,46,155,7449,2781,38,39491,0.44,0.56,51411,1593,2423475,918933,3658
912,32,62,165,7466,2783,38,39510,0.44,0.56,51439,1593,2435727,920016,3662
913,54,82,168,7472,2786,38,39528,0.44,0.57,51467,1595,2439046,922915,3670
914,68,90,162,7476,2796,38,39589,0.43,0.57,51507,1611,2443376,928528,3696
915,72,99,156,7484,2810,38,39625,0.43,0.57,51772,1605,2446827,934202,3734
916,102,112,168,7498,2812,38,39736,0.45,0.57,51870,1595,2453185,935294,3740
917,88,95,165,7505,2822,38,39823,0.45,0.57,51907,1612,2460793,944820,3768
918,70,83,165,7513,2828,38,39842,0.45,0.57,51938,1623,2465349,947605,3788
919,39,50,170,7527,2829,38,39842,0.45,0.57,51998,1617,2470904,947833,3792
920,26,42,167,7536,2830,38,39842,0.44,0.57,52049,1612,2475303,950413,3794
921,21,38,169,7546,2832,38,39842,0.44,0.57,52054,1615,2479305,952940,3800
922,21,35,168,7556,2835,38,39842,0.42,0.57,52068,1619,2483295,955048,3806
923,28,42,144,7569,2837,38,39842,0.42,0.57,52068,1624,2489796,956841,3812
924,29,54,140,7586,2838,38,39842,0.42,0.57,52122,1621,2499412,957424,3816
925,28,52,133,7602,2840,38,39856,0.41,0.57,52137,1624,2507727,960508,3820
926,27,69,130,7619,2840,38,39856,0.42,0.57,52137,1624,2515262,964413,3820
927,30,64,135,7636,2840,38,39914,0.43,0.57,52137,1624,2528537,967224,3820
928,29,61,138,7653,2845,38,39951,0.41,0.58,52137,1634,2538622,969244,3832
929,33,67,153,7670,2845,38,39970,0.41,0.58,52137,1634,2548895,969908,3832
930,36,64,157,7687,2847,38,39993,0.42,0.58,52137,1639,2557042,972829,3838
931,49,74,169,7703,2847,38,40027,0.42,0.58,52162,1636,2568342,975576,3838
932,56,68,165,7710,2854,38,40060,0.41,0.58,52171,1654,2572461,978080,3856
933,39,68,162,7721,2855,39,40074,0.41,0.58,52264,1646,2579203,980863,3860
934,31,66,164,7735,2857,39,40109,0.41,0.58,52289,1647,2588836,983553,3862
935,25,57,164,7747,2860,39,40218,0.42,0.58,52289,1653,2595567,987401,3867
936,14,51,145,7760,2867,39,40230,0.42,0.58,52320,1662,2611977,991011,3877
937,23,49,150,7776,2868,39,40277,0.42,0.58,52401,1654,2623292,993151,3878
938,29,66,151,7793,2868,39,40277,0.41,0.58,52442,1649,2635249,995276,3878
939,45,80,165,7810,2870,39,40277,0.41,0.58,52482,1650,2652789,997158,3881
940,46,97,172,7822,2870,39,40294,0.41,0.58,52482,1650,2670742,999174,3881
941,63,97,165,7823,2878,39,40311,0.41,0.58,52482,1667,2671266,1002800,3892
942,79,104,168,7832,2882,39,40431,0.41,0.58,52536,1667,2675256,1003995,3896
943,76,90,168,7841,2886,39,40447,0.41,0.59,52603,1667,2681076,1007149,3904
944,53,74,150,7850,2888,39,40447,0.40,0.59,52687,1664,2691204,1010361,3906
945,42,82,148,7867,2891,39,40485,0.40,0.59,52775,1663,2700543,1011918,3910
946,81,103,159,7884,2896,39,40504,0.40,0.59,52803,1670,2711039,1015266,3916
947,95,118,165,7899,2905,39,40523,0.40,0.59,52905,1674,2727906,1017735,3928
948,112,130,169,7918,2920,39,40595,0.40,0.59,53026,1687,2757022,1024957,3947
949,110,132,166,7925,2930,39,40721,0.40,0.59,53287,1670,2767048,1034814,3961
950,116,139,172,7937,2936,40,40825,0.42,0.59,56214,1664,2783366,1039579,3975
951,115,130,171,7940,2938,40,40892,0.42,0.59,56268,1660,2784883,1045734,3977
952,72,99,168,7946,2947,40,40955,0.42,0.59,56307,1681,2789277,1050283,3989
953,47,72,167,7956,2947,40,40955,0.43,0.59,56372,1675,2795722,1051477,3989
954,30,48,169,7967,2949,40,40974,0.45,0.59,56393,1678,2802259,1052580,3992
955,22,40,174,7974,2949,40,40993,0.45,0.59,56400,1677,2808734,1053178,3992
956,20,39,170,7978,2949,40,40993,0.45,0.59,56406,1676,2810223,1054187,3992
957,22,35,163,7987,2950,40,40993,0.41,0.59,56413,1677,2813951,1055237,3993
958,27,34,142,8002,2952,40,41010,0.41,0.60,56413,1683,2833634,1058232,3996
959,25,41,119,8019,2957,40,41027,0.41,0.60,56454,1693,2844802,1060363,4002
960,31,54,136,8036,2957,40,41071,0.40,0.60,56507,1686,2863816,1062259,4002
961,24,52,128,8053,2958,40,41071,0.42,0.60,56507,1689,2879311,1065004,4003
962,31,59,128,8070,2959,40,41116,0.41,0.60,56507,1692,2900439,1066644,4004
963,40,72,136,8086,2959,40,41116,0.41,0.60,56533,1689,2911041,1067920,4004
964,50,70,148,8103,2959,40,41135,0.40,0.60,56533,1689,2919774,1070839,4004
965,55,82,152,8120,2962,40,41135,0.40,0.60,56533,1695,2937871,1073830,4007
966,71,83,156,8137,2964,40,41135,0.39,0.60,56559,1697,2953447,1076303,4010
967,59,72,163,8154,2966,40,41197,0.42,0.60,56576,1701,2964645,1079183,4013
968,52,68,171,8171,2968,40,41288,0.42,0.60,56576,1707,2973470,1083874,4016
969,42,59,170,8187,2974,40,41326,0.42,0.60,56576,1723,2984780,1086854,4023
970,31,53,172,8202,2978,40,41326,0.41,0.60,56601,1728,3001955,1089163,4029
971,34,54,166,8219,2979,40,41326,0.41,0.60,56601,1731,3015517,1090033,4031
972,57,61,160,8236,2981,40,41377,0.41,0.60,56601,1735,3027974,1092740,4034
973,54,71,150,8253,2983,40,41396,0.42,0.61,56601,1739,3036578,1094429,4037
974,42,75,146,8270,2986,40,41449,0.42,0.61,56601,1745,3050480,1097071,4042
975,54,87,143,8287,2993,40,41449,0.42,0.61,56653,1760,3072341,1100105,4052
976,70,104,156,8303,2994,40,41486,0.72,0.61,56781,1747,3082317,1102699,4067
977,78,116,164,8320,3003,40,41623,0.72,0.61,56781,1765,3093737,1106137,4079
978,76,110,166,8335,3008,40,41672,0.72,0.61,56846,1768,3101615,1112954,4086
979,70,95,168,8352,3010,40,41672,0.41,0.61,56918,1764,3116696,1118248,4088
980,75,93,174,8369,3011,40,41672,0.41,0.61,56935,1764,3130078,1120963,4090
981,67,82,173,8373,3013,40,41751,0.41,0.61,56935,1770,3134047,1122942,4093
982,53,69,176,8385,3014,40,41781,0.41,0.61,56961,1770,3142488,1125038,4094
983,51,64,176,8392,3016,40,41781,0.41,0.61,56961,1774,3147276,1129133,4097
984,53,69,174,8404,3019,40,41781,0.41,0.61,56995,1778,3167213,1130535,4102
985,58,73,161,8417,3025,40,41801,0.41,0.61,57009,1789,3178130,1134456,4109
986,42,65,166,8434,3026,40,41801,0.41,0.61,57035,1789,3211704,1136894,4111
987,42,66,160,8451,3030,40,41846,0.41,0.61,57035,1798,3231725,1138888,4116
988,39,69,149,8468,3032,40,41846,0.41,0.62,57035,1802,3245633,1143192,4118
989,44,96,162,8485,3032,40,41861,0.41,0.62,57049,1800,3260580,1148685,4118
990,48,109,168,8502,3040,40,41861,0.41,0.62,57049,1821,3272204,1153071,4130
991,98,125,169,8511,3048,40,41878,0.41,0.62,57202,1817,3278963,1158160,4140
992,104,126,174,8520,3050,40,41895,0.41,0.62,57312,1806,3285094,1162341,4144
993,93,115,176,8527,3050,40,41960,0.41,0.62,57340,1802,3294927,1164010,4144
994,75,97,174,8535,3050,40,41999,0.40,0.62,57340,1802,3301613,1167753,4144
995,55,70,174,8542,3053,40,41999,0.40,0.62,57340,1811,3305374,1168828,4147
996,48,59,176,8545,3054,40,41999,0.40,0.62,57348,1813,3308018,1169426,4148
997,23,61,172,8554,3055,40,41999,0.40,0.62,57357,1815,3319478,1170742,4150
998,25,38,171,8567,3056,40,41999,0.40,0.62,57357,1817,3348477,1171578,4151
999,33,43,151,8581,3057,40,41999,0.40,0.62,57357,1819,3363959,1173244,4153
1000,47,59,157,8598,3057,40,41999,0.40,0.62,57357,1819,3384785,1175814,4153
1001,49,64,135,8615,3062,40,42011,0.40,0.62,57357,1829,3402240,1179450,4160
1002,52,69,141,8632,3062,40,42057,0.40,0.63,57378,1826,3417760,1182904,4160
1003,48,68,152,8649,3063,40,42076,0.40,0.63,57378,1828,3432501,1186326,4161
1004,52,69,157,8666,3065,40,42100,0.40,0.63,57378,1833,3444615,1187548,4164
1005,51,70,168,8683,3067,40,42100,0.40,0.63,57378,1837,3457944,1192295,4166
1006,56,78,171,8696,3072,40,42100,0.40,0.63,57378,1847,3465601,1195117,4174
1007,73,88,166,8706,3084,40,42149,0.40,0.63,57447,1862,3471041,1200768,4189
1008,110,129,170,8714,3088,40,42236,0.40,0.63,57624,1845,3481444,1202862,4193
1009,104,145,167,8728,3105,40,42306,0.40,0.63,57737,1863,3491092,1209093,4215
1010,106,142,159,8745,3130,40,42411,0.40,0.63,57976,1879,3512288,1223269,4247
1011,112,136,152,8762,3154,40,42619,0.40,0.63,58301,1884,3526686,1230979,4280
1012,124,150,155,8779,3168,41,42711,0.40,0.63,58664,1863,3540518,1238817,4297
1013,143,161,166,8796,3174,41,42865,0.39,0.63,58851,1854,3556628,1256386,4306
1014,122,163,174,8808,3178,41,42973,0.39,0.63,58865,1864,3563204,1263071,4311
1015,89,127,176,8814,3182,41,43013,0.39,0.63,58909,1869,3568754,1269251,4318
1016,23,63,177,8816,3183,41,43013,0.38,0.63,58916,1870,3569624,1270743,4319
1017,18,32,175,8818,3187,41,43084,0.38,0.64,58916,1878,3571806,1274145,4324
1018,20,26,178,8822,3188,41,43084,0.38,0.64,58930,1878,3574255,1274834,4325
1019,11,22,176,8822,3190,41,43096,0.38,0.64,58930,1882,3574255,1276756,4328
1020,8,21,155,8828,3191,41,43096,0.38,0.64,58930,1884,3580473,1277168,4329
1021,21,37,138,8845,3191,41,43096,0.37,0.64,58930,1884,3591051,1277810,4329
1022,31,60,153,8861,3192,41,43113,0.72,0.64,58930,1886,3605078,1278981,4339
1023,50,72,161,8878,3200,41,43131,0.72,0.64,58944,1900,3618073,1280899,4347
1024,62,82,172,8895,3205,41,43149,0.72,0.64,59014,1901,3630692,1283548,4353
1025,70,84,158,8912,3206,41,43226,0.36,0.64,59054,1898,3647433,1286743,4354
1026,65,86,135,8929,3208,41,43258,0.36,0.64,59054,1904,3662703,1291827,4356
1027,67,100,140,8946,3208,41,43258,0.36,0.64,59054,1904,3693330,1294071,4356
1028,70,107,151,8963,3214,41,43333,0.37,0.64,59054,1916,3703953,1300842,4363
1029,76,134,166,8980,3216,41,43353,0.37,0.64,59082,1916,3720967,1302023,4366
1030,96,142,172,8997,3227,41,43353,0.36,0.64,59082,1940,3735503,1311022,4382
1031,109,140,163,9008,3247,41,43397,0.36,0.65,59280,1954,3745548,1320890,4409
1032,121,154,170,9025,3257,41,43558,0.35,0.65,59565,1933,3757943,1331535,4423
1033,141,161,173,9034,3263,41,43879,0.35,0.65,59747,1920,3762946,1336561,4431
1034,153,168,178,9040,3264,41,44358,0.35,0.65,59865,1906,3769780,1341576,4432
1035,156,169,179,9041,3264,41,44926,0.35,0.65,59865,1906,3770695,1343835,4432
1036,154,168,177,9045,3270,41,45600,0.35,0.65,59886,1915,3776870,1350732,4441
1037,149,169,177,9051,3276,41,46327,0.35,0.65,59989,1915,3785605,1359366,4451
1038,150,170,177,9056,3281,41,47195,0.35,0.65,60077,1915,3789507,1367121,4459
1039,151,173,178,9062,3286,41,48098,0.35,0.65,60183,1914,3796443,1373338,4464
1040,144,163,172,9069,3299,41,48966,0.35,0.65,60315,1933,3805432,1381402,4480
1041,150,165,175,9079,3306,41,49887,0.35,0.65,60616,1917,3812305,1386868,4492
1042,149,165,172,9084,3314,41,50808,0.35,0.65,60722,1925,3816586,1391967,4504
1043,150,168,175,9092,3319,41,51729,0.35,0.65,60890,1919,3825201,1396050,4512
1044,154,168,176,9097,3323,41,52721,0.35,0.65,61040,1912,3829881,1403227,4521
1045,151,164,171,9101,3332,41,53643,0.72,0.65,61114,1925,3833729,1413620,4531
1046,150,158,164,9102,3340,41,54724,0.72,0.66,61224,1928,3834420,1420114,4540
1047,135,156,163,9106,3345,41,55397,0.72,0.66,61372,1923,3838387,1432068,4547
1048,94,148,163,9113,3352,41,55466,0.71,0.66,61474,1929,3841985,1441561,4554
1049,66,85,165,9130,3367,41,55466,0.71,0.66,61569,1961,3854540,1447113,4570
1050,30,62,176,9145,3371,41,55514,0.36,0.66,61644,1962,3871411,1449583,4574
1051,30,44,180,9149,3371,41,55514,0.35,0.66,61670,1959,3873602,1452939,4574
1052,24,35,180,9152,3373,41,55552,0.36,0.66,61698,1959,3876569,1455357,4576
1053,19,30,178,9160,3377,41,55585,0.36,0.66,61740,1962,3900649,1458137,4583
1054,15,29,176,9170,3377,41,55585,0.37,0.66,61815,1952,3916612,1458522,4583
1055,19,32,142,9182,3378,41,55585,0.37,0.66,61822,1953,3935765,1460209,4584
1056,31,45,107,9199,3380,41,55585,0.37,0.66,61900,1949,3946845,1462000,4587
1057,27,47,102,9216,3380,42,55610,0.37,0.66,62010,1936,3959246,1463245,4587
1058,27,54,108,9233,3380,42,55610,0.37,0.66,62053,1931,3977188,1465885,4587
1059,48,78,124,9250,3381,42,55610,0.37,0.66,62081,1930,3987903,1467263,4588
1060,68,93,133,9266,3385,42,55666,0.37,0.67,62108,1936,4003531,1471270,4593
1061,83,118,148,9283,3387,42,55793,0.37,0.67,62133,1939,4014366,1475318,4596
1062,79,126,161,9301,3392,42,55865,0.36,0.67,62175,1948,4029420,1484490,4602
1063,81,130,176,9318,3394,42,55913,0.36,0.67,62325,1936,4046808,1487775,4604
1064,99,132,181,9327,3398,42,55913,0.36,0.67,62352,1944,4057235,1491172,4608
1065,107,138,181,9329,3400,42,55913,0.36,0.67,62378,1945,4058687,1497108,4611
1066,57,130,174,9330,3407,42,55934,0.36,0.67,62434,1953,4059415,1503557,4621
1067,59,146,179,9339,3409,42,55969,0.36,0.67,62441,1956,4070086,1508545,4625
1068,59,146,174,9341,3416,42,56040,0.36,0.67,62484,1965,4071548,1513441,4633
1069,46,91,173,9353,3423,42,56078,0.36,0.67,62607,1964,4080481,1517045,4640
1070,26,64,174,9366,3426,42,56094,0.36,0.67,62637,1966,4088902,1520927,4643
1071,22,54,179,9377,3426,42,56094,0.35,0.67,62646,1965,4099122,1524042,4643
1072,21,32,180,9380,3428,42,56120,0.34,0.67,62646,1969,4100935,1527257,4646
1073,9,23,146,9386,3430,42,56120,0.34,0.67,62646,1974,4107947,1530125,4648
1074,16,30,119,9403,3430,42,56120,0.34,0.68,62646,1974,4122161,1530738,4648
1075,24,36,112,9420,3431,42,56120,0.34,0.68,62646,1976,4147906,1533333,4649
1076,25,44,103,9437,3431,42,56120,0.33,0.68,62646,1976,4164408,1536895,4649
1077,34,54,96,9454,3431,42,56146,0.33,0.68,62646,1976,4182689,1538945,4649
1078,31,54,95,9471,3434,42,56172,0.33,0.68,62646,1985,4205545,1541635,4652
1079,38,53,106,9488,3435,42,56214,0.32,0.68,62646,1988,4219884,1544195,4654
1080,37,59,117,9505,3435,42,56214,0.33,0.68,62646,1988,4236762,1546422,4654
1081,29,51,125,9522,3435,42,56240,0.35,0.68,62646,1988,4251121,1548578,4654
1082,46,59,120,9539,3437,42,56240,0.34,0.68,62646,1994,4271270,1550339,4656
1083,32,53,126,9556,3437,42,56240,0.34,0.68,62655,1993,4308018,1550850,4656
1084,36,64,144,9574,3437,42,56240,0.35,0.68,62655,1993,4365332,1553629,4656
1085,30,71,146,9591,3438,42,56240,0.35,0.68,62655,1994,4384235,1555648,4658
1086,51,66,155,9608,3438,42,56240,0.35,0.68,62655,1994,4404331,1556661,4658
1087,38,63,149,9625,3438,42,56240,0.35,0.68,62655,1994,4435233,1558708,4658
1088,39,82,150,9643,3442,42,56240,0.35,0.68,62655,1998,4455964,1560369,4664
1089,78,104,162,9660,3443,42,56240,0.35,0.69,62655,1999,4477473,1563249,4673
1090,103,122,175,9677,3446,42,56287,0.35,0.69,62700,1997,4500861,1567017,4677
1091,96,113,181,9691,3451,42,56287,0.32,0.69,62728,1999,4526438,1571339,4683
1092,91,103,182,9699,3453,42,56287,0.35,0.69,62737,2000,4530913,1577574,4685
1093,76,91,183,9710,3453,42,56337,0.34,0.69,62746,1999,4549817,1580098,4685
1094,42,55,183,9712,3453,42,56337,0.34,0.69,62746,1999,4551899,1582697,4685
1095,30,49,183,9723,3453,42,56337,0.34,0.69,62746,1999,4577499,1583853,4685
1096,26,45,171,9740,3455,42,56337,0.34,0.69,62746,2001,4615304,1584690,4688
1097,23,53,168,9757,3455,42,56349,0.33,0.69,62746,2001,4642175,1586780,4688
1098,26,60,177,9775,3457,42,56361,0.33,0.69,62746,2003,4677009,1590170,4690
1099,29,56,172,9792,3457,42,56361,0.33,0.69,62755,2002,4708701,1590474,4690
1100,39,59,162,9809,3457,42,56361,0.32,0.69,62755,2002,4727293,1593714,4690
1101,37,60,156,9827,3462,42,56361,0.32,0.69,62755,2007,4752284,1596122,4696
1102,55,74,162,9844,3463,42,56378,0.32,0.69,62755,2008,4767961,1598811,4697
1103,77,95,177,9861,3464,42,56411,0.32,0.70,62764,2010,4793611,1604701,4699
1104,94,109,182,9874,3470,42,56451,0.32,0.70,62804,2014,4813093,1608995,4708
1105,92,104,183,9882,3475,42,56476,0.32,0.70,62839,2015,4820563,1616398,4714
1106,82,92,180,9895,3480,42,56571,0.32,0.70,62857,2019,4841210,1620935,4723
1107,70,91,171,9909,3484,42,56672,0.33,0.70,62866,2022,4869734,1624318,4729
1108,69,84,182,9927,3484,42,56712,0.33,0.70,62866,2022,4918538,1628347,4729
1109,63,74,184,9934,3484,42,56761,0.33,0.70,62866,2022,4939867,1633198,4729
1110,51,61,183,9942,3485,42,56761,0.33,0.70,62866,2023,4954582,1634814,4731
1111,37,54,181,9956,3485,42,56761,0.31,0.70,62866,2023,4966744,1635237,4731
1112,27,57,175,9972,3485,42,56761,0.31,0.70,62866,2023,4991687,1636880,4731
1113,30,48,179,9989,3485,42,56761,0.32,0.70,62866,2023,5008622,1638451,4731
1114,27,40,175,10003,3486,42,56761,0.32,0.70,62866,2024,5040635,1639453,4733
1115,24,49,177,10021,3488,42,56761,0.32,0.70,62866,2026,5067516,1640963,4737
1116,31,55,172,10036,3489,42,56786,0.32,0.70,62866,2027,5101148,1643745,4739
1117,59,96,184,10054,3490,42,56811,0.32,0.71,62866,2028,5144210,1646650,4750
1118,86,111,183,10059,3496,42,56811,0.32,0.71,62885,2032,5151592,1650163,4758
1119,82,104,185,10064,3499,42,56850,0.33,0.71,62940,2029,5165633,1653806,4763
1120,50,92,183,10073,3501,42,56850,0.33,0.71,62949,2031,5176148,1655559,4766
1121,52,74,183,10084,3501,42,56850,0.32,0.71,62949,2031,5204478,1656084,4766
1122,42,69,175,10094,3503,42,56850,0.32,0.71,62949,2034,5214973,1659594,4770
1123,62,99,184,10105,3504,42,56850,0.32,0.71,62949,2035,5239359,1661633,4771
1124,100,119,174,10108,3517,42,56886,0.32,0.71,62966,2057,5240842,1672654,4789
1125,94,122,166,10125,3542,42,56964,0.32,0.71,63347,2042,5259052,1685985,4825
1126,85,131,161,10142,3564,42,57038,0.32,0.71,63420,2057,5299951,1697661,4858
1127,86,129,174,10160,3568,42,57063,0.32,0.71,63559,2045,5321754,1700579,4863
1128,108,154,184,10175,3573,42,57063,0.32,0.71,63608,2045,5342046,1707016,4872
1129,122,141,170,10180,3592,42,57092,0.32,0.71,63698,2058,5349558,1716072,4897
1130,121,156,176,10198,3604,42,57300,0.32,0.71,63969,2043,5383099,1723886,4914
1131,136,170,185,10209,3606,42,57412,0.32,0.72,64076,2034,5397109,1729799,4916
1132,161,185,196,10223,3609,42,57622,0.32,0.72,64091,2036,5404074,1735997,4920
1133,159,179,187,10223,3618,42,57865,0.32,0.72,64172,2038,5404074,1744757,4932
1134,156,173,178,10223,3627,42,58085,0.32,0.72,64209,2047,5404074,1756529,4943
1135,172,175,181,10232,3633,42,58352,0.32,0.72,64306,2042,5409639,1766845,4950
1136,186,188,197,10249,3634,42,58690,0.32,0.72,64348,2038,5418084,1790756,4951
1137,186,196,205,10259,3636,42,58724,0.32,0.72,64366,2041,5423093,1798953,4953
1138,173,184,192,10259,3648,42,58775,0.32,0.72,64366,2055,5423093,1804895,4965
1139,152,178,193,10261,3649,42,58775,0.32,0.72,64453,2043,5424097,1807600,4967
1140,93,118,192,10261,3649,42,58775,0.31,0.72,64453,2043,5424097,1808158,4967
1141,46,61,190,10261,3650,42,58798,0.31,0.73,64453,2044,5424097,1810272,4969
1142,33,64,188,10261,3650,42,58798,0.31,0.73,64453,2044,5424097,1811644,4969
1143,52,73,184,10261,3654,42,58798,0.31,0.73,64453,2048,5424097,1812078,4982
1144,65,80,184,10263,3656,42,58798,0.31,0.73,64463,2050,5424993,1812965,4986
1145,55,74,183,10272,3666,42,58798,0.30,0.73,64482,2057,5435096,1817534,5000
1146,18,52,183,10276,3670,42,58814,0.30,0.73,64482,2066,5437343,1820393,5004
1147,8,29,185,10281,3673,42,58814,0.30,0.73,64482,2074,5439594,1822351,5007
1148,10,24,187,10285,3673,42,58814,0.29,0.73,64554,2071,5441758,1824016,5007
1149,16,28,166,10302,3676,42,58903,0.28,0.73,64724,2069,5477224,1828140,5011
1150,21,34,153,10320,3680,42,58903,0.29,0.74,64907,2072,5500071,1830395,5016
1151,29,49,122,10338,3681,42,58925,0.29,0.74,64907,2075,5527800,1833136,5017
1152,28,60,122,10355,3682,42,58988,0.29,0.74,65012,2065,5552669,1835567,5018
1153,32,63,128,10374,3682,42,59020,0.29,0.74,65012,2065,5578130,1837259,5018
1154,30,60,134,10391,3685,42,59092,0.29,0.74,65024,2071,5596890,1842031,5023
1155,34,60,128,10409,3690,42,59128,0.29,0.74,65043,2082,5627681,1845805,5033
1156,43,69,145,10427,3690,42,59144,0.29,0.74,65179,2068,5648695,1848756,5033
1157,46,74,159,10444,3690,42,59144,0.27,0.74,65179,2068,5665393,1853842,5033
1158,48,69,172,10462,3691,42,59209,0.28,0.74,65179,2070,5689450,1856875,5034
1159,53,89,178,10479,3691,42,59209,0.28,0.75,65179,2070,5714469,1858603,5034
1160,59,103,185,10490,3693,42,59221,0.28,0.75,65179,2075,5737216,1861782,5037
1161,77,121,185,10493,3695,42,59295,0.28,0.75,65211,2077,5738597,1867465,5039
1162,78,119,177,10497,3707,42,59343,0.28,0.75,65311,2095,5742425,1877930,5054
1163,77,118,180,10511,3718,43,59380,0.28,0.75,65612,2092,5776464,1888028,5067
1164,92,121,188,10530,3718,43,59441,0.28,0.75,65640,2089,5795633,1893304,5067
1165,103,139,187,10541,3720,43,59441,0.28,0.75,65640,2091,5803604,1895978,5069
1166,115,135,177,10542,3731,43,59494,0.28,0.75,65665,2114,5804301,1902783,5083
1167,107,138,178,10553,3741,43,59646,0.28,0.75,65931,2117,5815321,1908833,5096
1168,100,127,173,10567,3760,43,59733,0.28,0.75,66434,2108,5834542,1925585,5120
1169,42,123,186,10584,3764,43,59733,0.27,0.76,66547,2108,5852451,1930893,5126
1170,35,84,188,10590,3764,43,59838,0.27,0.76,66628,2104,5859921,1935536,5126
1171,24,53,188,10595,3767,43,59838,0.26,0.76,66628,2110,5866004,1939039,5130
1172,23,58,187,10596,3768,43,59838,0.26,0.76,66628,2113,5866472,1941422,5131
1173,33,90,184,10602,3773,43,59863,0.26,0.76,66628,2126,5877033,1946159,5139
1174,51,113,183,10614,3785,43,59863,0.26,0.76,66854,2139,5885472,1954717,5157
1175,55,116,177,10620,3797,43,59954,0.26,0.76,67261,2135,5889945,1963553,5173
1176,70,126,180,10635,3809,43,60041,0.26,0.76,67693,2136,5910694,1969055,5189
1177,95,137,185,10644,3813,43,60138,0.26,0.76,68059,2116,5923211,1975016,5196
1178,108,138,184,10648,3818,43,60338,0.26,0.77,68100,2119,5927941,1987731,5201
1179,117,141,184,10654,3824,43,60609,0.26,0.77,68188,2121,5938414,1996431,5209
1180,119,146,188,10660,3826,43,61065,0.26,0.77,68291,2116,5942022,1999959,5213
1181,128,147,188,10664,3830,43,61453,0.26,0.77,68439,2115,5955095,2009411,5218
1182,127,149,189,10668,3832,43,61873,0.26,0.77,68540,2115,5957238,2021445,5220
1183,131,152,189,10675,3839,43,62474,0.26,0.77,68746,2124,5960536,2031904,5231
1184,134,153,187,10679,3845,43,62933,0.26,0.77,68984,2124,5964121,2048903,5239
1185,124,149,177,10683,3859,44,63384,0.26,0.77,69328,2136,5966752,2059779,5257
1186,130,151,180,10707,3880,44,63482,0.26,0.77,69809,2162,5993546,2079227,5286
1187,132,153,178,10722,3897,44,63621,0.26,0.78,71152,2125,6000546,2105948,5313
1188,118,151,177,10733,3909,44,63792,0.25,0.78,71321,2126,6008535,2125138,5330
1189,76,152,182,10745,3916,44,63855,0.25,0.78,71377,2127,6025195,2133093,5340
1190,36,142,187,10752,3918,44,63903,0.25,0.78,71501,2120,6031316,2135307,5343
1191,39,87,191,10756,3918,44,63987,0.25,0.78,71676,2103,6033141,2138321,5343
1192,21,51,190,10758,3920,44,64001,0.24,0.78,71676,2105,6034053,2141255,5347
1193,5,33,190,10765,3922,44,64001,0.24,0.78,71726,2099,6044961,2142058,5349
1194,2,31,190,10768,3922,44,64001,0.24,0.78,71768,2093,6047584,2142982,5349
1195,6,27,190,10771,3922,44,64001,0.24,0.78,71835,2084,6050599,2144105,5349
1196,9,19,182,10775,3923,44,64039,0.24,0.79,71876,2080,6056932,2146279,5351
1197,15,29,129,10787,3924,44,64039,0.24,0.79,71876,2083,6073753,2148498,5353
1198,26,47,123,10806,3924,44,64039,0.24,0.79,71876,2083,6096316,2148772,5353
1199,41,69,137,10823,3924,44,64039,0.24,0.79,71876,2083,6119456,2151520,5353
1200,69,84,153,10841,3926,44,64120,0.24,0.79,71876,2088,6145621,2156635,5356
1201,87,104,170,10863,3931,44,64209,0.24,0.79,71953,2091,6173827,2162506,5364
1202,99,129,189,10884,3933,44,64297,0.25,0.79,71992,2091,6193453,2171193,5367
1203,103,128,183,10886,3941,44,64338,0.24,0.79,72011,2105,6194428,2177089,5397
1204,103,130,182,10894,3950,44,64360,0.24,0.79,72185,2107,6221225,2191618,5429
1205,96,118,172,10902,3968,44,64614,0.24,0.79,72408,2125,6236313,2207627,5481
1206,89,110,171,10917,3984,45,64860,0.24,0.80,72812,2120,6271684,2219621,5531
1207,93,124,181,10930,3987,45,65046,0.24,0.80,73064,2105,6288121,2221042,5541
1208,96,129,185,10945,3998,45,65325,0.24,0.80,73454,2100,6316287,2225739,5573
1209,104,133,190,10955,4003,45,65622,0.24,0.80,73650,2100,6336356,2230752,5591
1210,115,140,192,10958,4004,45,65972,0.24,0.80,73843,2089,6337900,2236152,5595
1211,118,137,189,10958,4007,45,66220,0.24,0.80,73853,2093,6337900,2242361,5605
1212,112,130,183,10961,4016,45,66635,0.24,0.80,73928,2097,6342471,2249199,5633
1213,114,132,188,10970,4020,45,66979,0.24,0.80,74022,2094,6358206,2252373,5647
1214,112,136,189,10973,4022,45,67401,0.24,0.80,74099,2089,6360497,2255851,5653
1215,119,136,189,10975,4024,45,67756,0.24,0.80,74135,2091,6362908,2260190,5659
1216,123,138,191,10977,4024,45,68178,0.24,0.80,74200,2086,6364057,2265414,5659
1217,114,134,187,10977,4028,45,68523,0.23,0.80,74212,2095,6364057,2271558,5669
1218,106,150,203,10993,4028,45,68523,0.23,0.80,74299,2090,6379050,2280600,5669
1219,61,120,200,10997,4035,45,68523,0.22,0.80,74299,2097,6381336,2288443,5693
1220,31,87,202,10999,4035,45,68607,0.23,0.81,74299,2097,6382479,2289740,5693
1221,22,61,200,10999,4036,45,68607,0.23,0.81,74299,2100,6382479,2290935,5695
1222,26,66,197,10999,4038,45,68607,0.23,0.81,74431,2098,6382479,2292805,5701
1223,33,90,195,10999,4040,45,68628,0.23,0.81,74431,2104,6382479,2294451,5705
1224,74,142,197,11003,4042,45,68636,0.22,0.81,74486,2106,6384304,2297838,5713
1225,118,149,186,11008,4058,45,68840,0.22,0.81,74583,2124,6388061,2311554,5765
1226,129,163,196,11026,4066,45,69146,0.22,0.81,74872,2120,6398577,2332040,5791
1227,153,183,222,11054,4068,45,69225,0.23,0.81,75008,2118,6412831,2347044,5797
1228,125,173,237,11070,4069,45,69313,0.22,0.81,75072,2116,6421313,2356752,5799
1229,137,172,228,11070,4078,45,69332,0.22,0.81,75077,2124,6421313,2361570,5829
1230,154,182,227,11070,4079,45,69395,0.22,0.81,75102,2120,6421313,2366906,5833
1231,137,149,181,11070,4125,45,69544,0.22,0.81,75127,2179,6421313,2400692,5977
1232,125,141,173,11081,4144,45,69940,0.22,0.81,75959,2169,6435486,2422169,6035
1233,112,154,193,11102,4145,45,69976,0.22,0.82,76445,2143,6450854,2423090,6037
1234,78,130,192,11104,4148,46,70085,0.22,0.82,76810,2122,6452008,2428932,6042
1235,24,68,192,11105,4149,46,70112,0.22,0.82,76839,2120,6453490,2429528,6043
1236,16,26,192,11105,4149,46,70112,0.22,0.82,76849,2119,6453490,2429528,6043
1237,8,29,193,11111,4149,46,70112,0.23,0.82,76849,2119,6460805,2429528,6043
1238,8,26,182,11120,4149,46,70112,0.23,0.82,76849,2119,6470398,2429528,6043
1239,11,29,186,11137,4149,46,70112,0.23,0.82,76849,2119,6515146,2431143,6043
1240,20,41,182,11153,4150,46,70139,0.23,0.82,76866,2118,6527814,2433947,6045
1241,36,49,169,11170,4151,46,70193,0.23,0.82,77096,2097,6544091,2437454,6046
1242,42,60,136,11187,4157,46,70274,0.23,0.82,77178,2094,6558655,2443195,6055
1243,55,74,147,11214,4164,46,70383,0.23,0.82,77232,2095,6601457,2453305,6066
1244,46,74,149,11231,4171,46,70465,0.23,0.82,77313,2094,6627439,2462672,6078
1245,61,90,150,11249,4172,46,70492,0.22,0.82,77413,2085,6691578,2468994,6080
1246,87,106,160,11266,4172,46,70492,0.23,0.82,77433,2083,6726436,2470398,6080
1247,94,116,167,11284,4180,46,70492,0.23,0.83,77484,2087,6765227,2482081,6091
1248,96,121,172,11301,4190,46,70516,0.23,0.83,77538,2093,6805834,2492250,6105
1249,102,129,181,11320,4199,46,70543,0.22,0.83,77624,2099,6842622,2502312,6122
1250,95,123,177,11336,4218,46,70543,0.22,0.83,77707,2111,6864538,2510777,6154
1251,108,141,190,11356,4222,46,70562,0.22,0.83,77766,2112,6897949,2516463,6160
1252,117,147,192,11362,4224,46,70562,0.22,0.83,77792,2111,6905255,2522943,6163
1253,113,136,187,11366,4232,46,70562,0.22,0.83,77927,2108,6913371,2529161,6176
1254,119,151,194,11375,4234,46,70576,0.22,0.83,78008,2105,6925270,2533540,6180
1255,130,163,192,11379,4237,46,70608,0.21,0.83,78028,2106,6931026,2539569,6184
1256,125,160,187,11383,4244,46,70669,0.21,0.83,78038,2112,6937708,2546930,6194
1257,136,158,194,11392,4246,46,70693,0.21,0.83,78072,2110,6964400,2551892,6197
1258,142,163,193,11394,4248,46,70717,0.21,0.83,78072,2113,6967476,2556411,6200
1259,144,158,193,11397,4249,46,70717,0.20,0.83,78102,2110,6972097,2557510,6202
1260,144,160,194,11398,4249,46,70717,0.20,0.84,78115,2108,6973455,2558595,6202
1261,140,155,194,11401,4252,46,70717,0.20,0.84,78115,2113,6978091,2562337,6207
1262,134,154,194,11403,4254,46,70717,0.20,0.84,78151,2113,6979639,2566607,6210
1263,134,154,194,11403,4254,46,70717,0.20,0.84,78169,2111,6979639,2569617,6210
1264,132,153,193,11405,4256,46,70717,0.19,0.84,78169,2116,6981503,2571061,6213
1265,135,149,193,11406,4256,46,70717,0.20,0.84,78195,2113,6982435,2572066,6213
1266,136,149,194,11408,4256,46,70717,0.20,0.84,78195,2113,6984740,2573954,6213
1267,132,143,187,11409,4261,46,70806,0.19,0.84,78195,2118,6985363,2576800,6221
1268,133,148,190,11417,4264,46,70895,0.20,0.84,78195,2124,6996481,2580298,6227
1269,143,152,195,11422,4264,46,70895,0.20,0.84,78195,2124,7000546,2582229,6227
1270,139,150,194,11422,4265,46,70895,0.20,0.84,78195,2125,7000546,2586927,6228
1271,143,159,188,11423,4272,46,70922,0.20,0.84,78425,2131,7002116,2593754,6248
1272,148,163,191,11430,4276,46,71080,0.72,0.84,78629,2130,7015198,2601645,6253
1273,156,166,195,11434,4276,46,71391,0.72,0.85,78714,2121,7023071,2602361,6253
1274,155,168,195,11436,4278,46,71727,0.72,0.85,78742,2122,7024334,2615106,6255
1275,159,170,195,11437,4279,46,72179,0.72,0.85,78764,2121,7025914,2625193,6270
1276,159,170,195,11438,4280,46,72628,0.72,0.85,78800,2120,7027497,2638949,6271
1277,159,166,190,11439,4286,46,72676,0.72,0.85,78839,2129,7028448,2651700,6277
1278,148,171,193,11444,4288,46,72676,0.20,0.85,78935,2124,7033397,2661222,6280
1279,21,170,195,11446,4288,46,72676,0.20,0.85,78935,2124,7040707,2662967,6280
1280,24,173,189,11451,4294,46,72676,0.20,0.85,78935,2137,7048982,2675028,6287
1281,29,179,195,11457,4294,46,72676,0.20,0.85,78935,2137,7058544,2676616,6287
1282,29,177,194,11458,4296,46,72676,0.20,0.85,78935,2140,7060140,2677252,6291
1283,112,181,194,11461,4299,46,72717,0.20,0.85,78963,2140,7063659,2681127,6296
1284,194,201,219,11489,4302,46,72780,0.19,0.85,78987,2145,7081663,2686656,6300
1285,197,202,218,11491,4303,46,72780,0.19,0.85,79047,2142,7082877,2700355,6302
1286,195,202,215,11491,4304,46,72780,0.72,0.85,79047,2144,7082877,2704797,6303
1287,190,201,212,11491,4307,46,73283,0.19,0.86,79057,2147,7082877,2715222,6308
1288,166,184,193,11495,4330,46,73328,0.19,0.86,79147,2168,7089331,2744950,6337
1289,160,183,194,11502,4336,46,73383,0.19,0.86,79289,2158,7095127,2752512,6347
1290,120,184,196,11509,4341,46,73439,0.20,0.86,79395,2152,7109987,2758553,6354
1291,25,163,190,11511,4349,46,73439,0.20,0.86,79395,2168,7111260,2770541,6366
1292,19,42,195,11519,4350,46,73466,0.20,0.86,79559,2150,7119048,2772405,6368
1293,18,30,196,11522,4350,46,73466,0.20,0.86,79575,2148,7123599,2776082,6368
1294,13,20,196,11524,4351,46,73466,0.20,0.86,79575,2149,7125227,2776996,6370
1295,14,18,196,11527,4352,46,73466,0.20,0.86,79592,2149,7128162,2778423,6371
1296,16,25,194,11537,4352,46,73466,0.20,0.86,79592,2149,7144171,2779675,6371
1297,14,34,160,11549,4352,46,73466,0.20,0.86,79592,2149,7157455,2781308,6371
1298,24,38,143,11566,4352,46,73466,0.20,0.86,79592,2149,7180524,2783488,6371
1299,26,57,96,11584,4352,46,73481,0.20,0.86,79592,2149,7202972,2785737,6371
1300,34,55,99,11601,4355,46,73579,0.20,0.87,79592,2155,7253532,2789304,6375
1301,34,54,112,11619,4357,46,73682,0.19,0.87,79597,2158,7280860,2794947,6377
1302,30,63,127,11636,4357,46,73701,0.19,0.87,79607,2156,7319900,2798893,6377
1303,39,66,143,11654,4358,46,73805,0.19,0.87,79607,2158,7349166,2800181,6379
1304,68,112,158,11671,4358,46,73833,0.19,0.87,79623,2156,7381128,2802448,6379
1305,105,139,172,11689,4362,46,73845,0.19,0.87,79623,2164,7411943,2808389,6385
1306,125,153,185,11709,4369,46,73884,0.19,0.87,79653,2172,7452417,2816551,6394
1307,135,166,191,11721,4375,46,73989,0.19,0.87,79705,2175,7468171,2824288,6405
1308,147,163,179,11727,4393,46,74122,0.19,0.87,79830,2189,7472166,2838461,6434
1309,138,174,197,11751,4399,46,74179,0.19,0.87,79996,2169,7501446,2855141,6443
1310,120,174,209,11769,4405,46,74257,0.19,0.87,80046,2169,7513284,2873434,6453
1311,61,136,208,11769,4406,46,74313,0.19,0.87,80066,2167,7513284,2875047,6455
1312,76,146,209,11771,4407,46,74368,0.19,0.87,80100,2162,7514613,2875910,6457
1313,117,154,206,11771,4410,46,74368,0.19,0.88,80100,2166,7514613,2879774,6461
1314,128,167,197,11775,4423,46,74506,0.19,0.88,80176,2174,7520062,2886035,6483
1315,138,157,174,11780,4451,46,74739,0.19,0.88,80354,2186,7537240,2919918,6529
1316,144,162,187,11800,4458,46,75121,0.19,0.88,80442,2189,7565161,2948253,6541
1317,137,177,201,11815,4459,46,75375,0.18,0.88,80562,2173,7583422,2960083,6543
1318,114,163,201,11819,4463,46,75383,0.18,0.88,80569,2176,7586069,2967675,6550
1319,89,138,199,11820,4464,46,75398,0.18,0.88,80589,2174,7592469,2968930,6551
1320,110,162,196,11820,4467,46,75422,0.18,0.88,80609,2175,7592469,2971007,6557
1321,158,173,195,11822,4470,47,75451,0.18,0.88,80640,2174,7593829,2976712,6562
1322,150,154,178,11826,4491,47,75679,0.18,0.88,80685,2214,7606629,3009059,6593
1323,175,182,202,11860,4501,47,75833,0.19,0.88,81059,2202,7629098,3039149,6611
1324,169,176,198,11864,4509,47,75833,0.19,0.88,81233,2188,7631737,3052221,6627
1325,150,157,175,11866,4534,47,75895,0.19,0.88,81251,2214,7633047,3060811,6665
1326,150,158,178,11875,4540,47,75986,0.19,0.89,81512,2183,7666291,3066463,6674
1327,138,168,195,11897,4545,47,76366,0.18,0.89,81670,2166,7700834,3083673,6682
1328,74,160,198,11906,4551,47,76461,0.18,0.89,81731,2174,7710610,3092297,6693
1329,68,164,199,11908,4552,47,76605,0.18,0.89,81872,2169,7714052,3099138,6694
1330,119,171,198,11908,4553,47,76905,0.18,0.89,81872,2171,7714052,3103912,6696
1331,131,157,180,11909,4572,47,76929,0.18,0.89,81991,2199,7715779,3118463,6725
1332,153,167,191,11944,4596,47,77007,0.18,0.89,82385,2207,7753372,3149415,6763
1333,141,162,191,11953,4605,47,77231,0.17,0.89,82582,2197,7760791,3160960,6777
1334,84,124,198,11961,4606,47,77250,0.17,0.89,82647,2185,7772934,3163626,6779
1335,37,63,198,11972,4607,47,77250,0.16,0.89,82672,2185,7801296,3165462,6780
1336,26,39,199,11978,4607,47,77250,0.16,0.89,82902,2173,7830871,3167732,6780
1337,27,40,199,11982,4607,47,77250,0.16,0.89,82927,2172,7838189,3170169,6780
1338,32,44,199,11987,4607,47,77250,0.15,0.89,82978,2170,7846008,3171949,6780
1339,33,43,199,11989,4607,47,77263,0.17,0.90,82978,2170,7847406,3173117,6780
1340,27,40,199,11990,4608,47,77263,0.17,0.90,82978,2172,7848107,3176020,6782
1341,37,57,204,11996,4608,47,77275,0.17,0.90,82978,2172,7854755,3178014,6782
1342,42,84,204,11998,4610,47,77381,0.17,0.90,82983,2175,7856151,3182265,6785
1343,72,97,197,11998,4617,47,77459,0.16,0.90,83009,2185,7856151,3191105,6796
1344,90,152,193,12001,4624,47,77459,0.16,0.90,83059,2184,7873067,3202364,6806
1345,135,170,195,12012,4633,47,77459,0.17,0.90,83103,2190,7906539,3210692,6821
1346,149,183,200,12025,4641,47,77511,0.17,0.90,83154,2208,7915382,3222155,6836
1347,176,195,208,12039,4647,47,77577,0.17,0.90,83355,2200,7924672,3233481,6845
1348,175,192,202,12041,4655,47,78006,0.17,0.90,83532,2200,7926002,3246854,6857
1349,161,177,187,12042,4671,47,78585,0.17,0.90,83591,2223,7926713,3264880,6884
1350,151,171,183,12055,4688,47,79027,0.17,0.90,83725,2231,7942538,3274275,6910
1351,151,172,188,12070,4698,47,79564,0.17,0.90,83892,2223,7967886,3293196,6922
1352,161,186,199,12082,4699,47,80032,0.17,0.91,84044,2205,7999591,3298526,6924
1353,162,181,196,12088,4708,47,80520,0.17,0.91,84130,2209,8014623,3316325,6937
1354,156,175,189,12096,4723,47,80966,0.17,0.91,84242,2220,8026808,3332327,6961
1355,161,184,196,12112,4732,47,81430,0.17,0.91,84333,2230,8047510,3340358,6978
1356,165,182,194,12120,4742,47,81910,0.17,0.91,84532,2227,8052816,3362622,6996
1357,164,183,196,12127,4747,47,82305,0.17,0.91,84723,2220,8059185,3371650,7003
1358,159,179,192,12135,4759,48,82839,0.17,0.91,84868,2223,8075506,3379425,7022
1359,167,183,195,12144,4765,48,83207,0.17,0.91,84992,2214,8090837,3388186,7033
1360,164,180,194,12152,4774,48,83679,0.17,0.91,85125,2213,8103630,3403794,7045
1361,170,186,201,12161,4776,48,84175,0.17,0.91,85307,2201,8125876,3410231,7049
1362,159,174,192,12166,4790,48,84715,0.17,0.91,85379,2221,8134953,3434981,7071
1363,155,179,196,12179,4799,48,85107,0.17,0.91,85442,2224,8179792,3450376,7086
1364,170,190,208,12194,4802,48,85702,0.17,0.91,85615,2213,8207180,3463041,7091
1365,175,183,208,12196,4804,48,85920,0.16,0.92,85752,2198,8208510,3469791,7115
1366,169,184,221,12212,4807,48,86565,0.15,0.92,85831,2193,8219840,3492057,7120
1367,159,188,214,12212,4814,48,86581,0.15,0.92,85900,2201,8219840,3504265,7132
1368,163,178,203,12212,4825,48,86644,0.15,0.92,86059,2202,8219840,3512669,7151
1369,148,172,197,12212,4831,48,86682,0.15,0.92,86102,2208,8219840,3521276,7160
1370,52,142,195,12217,4838,48,86682,0.14,0.92,86208,2206,8230127,3530187,7173
1371,25,80,201,12224,4839,48,86766,0.13,0.92,86331,2204,8244110,3533499,7175
1372,10,40,195,12230,4839,48,86766,0.14,0.92,86583,2199,8252961,3536414,7175
1373,14,40,202,12240,4839,48,86766,0.13,0.92,86639,2196,8283979,3538812,7175
1374,13,32,202,12241,4839,48,86766,0.13,0.92,86639,2196,8286570,3540696,7175
1375,9,22,202,12243,4840,48,86766,0.13,0.92,86678,2196,8289906,3542083,7176
1376,4,17,202,12244,4840,48,86766,0.14,0.92,86678,2196,8290649,3542864,7176
1377,3,9,179,12249,4840,48,86766,0.14,0.92,86678,2196,8295111,3543389,7176
1378,10,24,120,12267,4840,48,86766,0.14,0.93,86678,2196,8345515,3543701,7176
1379,23,38,120,12284,4840,48,86827,0.14,0.93,86712,2192,8375193,3546468,7176
1380,24,47,119,12303,4845,48,86858,0.14,0.93,86722,2200,8408579,3552204,7186
1381,33,54,104,12320,4848,48,86894,0.14,0.93,86748,2201,8430945,3556616,7191
1382,38,63,105,12338,4848,48,86939,0.14,0.93,86758,2199,8465714,3562338,7191
1383,35,63,107,12356,4857,48,86984,0.14,0.93,86758,2217,8501440,3569163,7206
1384,35,76,117,12373,4857,48,86997,0.41,0.93,86784,2212,8557819,3573612,7206
1385,52,84,131,12391,4857,48,86997,0.14,0.93,86798,2210,8597036,3575804,7206
1386,62,89,149,12409,4857,48,87026,0.14,0.93,86850,2204,8622223,3579295,7206
1387,90,111,166,12426,4857,48,87026,0.14,0.93,86850,2204,8640950,3582011,7206
1388,118,140,184,12444,4857,48,87074,0.14,0.93,86850,2204,8679370,3595994,7206
1389,133,149,182,12461,4876,48,87433,0.13,0.93,86869,2235,8710583,3635584,7234
1390,139,165,191,12477,4883,48,87584,0.40,0.93,86893,2243,8748810,3648897,7245
1391,91,178,202,12489,4884,48,87672,0.40,0.94,86956,2236,8761500,3654799,7246
1392,39,154,202,12493,4888,48,87760,0.13,0.94,87039,2232,8775211,3659107,7252
1393,21,117,203,12494,4888,48,87760,0.14,0.94,87049,2230,8781312,3661675,7252
1394,9,95,203,12494,4888,48,87789,0.14,0.94,87078,2226,8781312,3663357,7252
1395,10,96,197,12494,4890,48,87789,0.13,0.94,87237,2211,8781312,3664666,7256
1396,4,67,200,12500,4893,48,87805,0.13,0.94,87319,2208,8797852,3665564,7261
1397,6,60,196,12508,4900,48,87836,0.13,0.94,87343,2219,8816570,3672935,7269
1398,16,46,182,12525,4900,48,87866,0.13,0.94,87365,2217,8841937,3674804,7269
1399,28,43,171,12543,4901,48,87926,0.13,0.94,87381,2217,8885508,3681200,7270
1400,41,58,174,12561,4901,48,87988,0.13,0.94,87455,2207,8934170,3687795,7270
1401,28,68,177,12578,4904,48,88093,0.13,0.94,87466,2212,8960582,3694879,7275
1402,28,83,185,12596,4908,48,88155,0.12,0.94,87487,2216,8986960,3699221,7282
1403,23,89,196,12614,4912,48,88217,0.12,0.94,87487,2224,9025699,3703381,7289
1404,29,90,202,12627,4914,48,88295,0.11,0.95,87487,2228,9045486,3707815,7293
1405,31,81,203,12630,4915,48,88357,0.11,0.95,87508,2226,9051701,3710579,7295
1406,17,84,204,12635,4915,48,88387,0.10,0.95,87508,2226,9059640,3713885,7295
1407,24,83,203,12646,4916,48,88387,0.10,0.95,87508,2228,9069387,3715344,7296
1408,15,87,201,12653,4919,48,88418,0.10,0.95,87508,2234,9104137,3721528,7301
1409,14,85,200,12663,4923,48,88418,0.10,0.95,87508,2242,9140515,3724423,7307
1410,24,105,198,12680,4923,48,88418,0.10,0.95,87534,2237,9173728,3725621,7307
1411,91,120,202,12693,4925,48,88457,0.10,0.95,87534,2241,9187067,3730773,7310
1412,92,116,183,12695,4946,48,88587,0.10,0.95,87545,2281,9189816,3755762,7341
1413,86,134,182,12711,4963,48,88713,0.10,0.95,87841,2271,9218776,3780002,7367
1414,72,127,177,12737,4993,48,88850,0.09,0.95,88085,2299,9271002,3798301,7419
1415,45,126,178,12756,4996,48,88902,0.09,0.95,88141,2294,9296260,3809252,7423
1416,39,136,183,12774,4996,48,88922,0.09,0.96,88177,2289,9332797,3812506,7423
1417,58,149,193,12792,5000,48,88943,0.09,0.96,88183,2296,9371059,3820992,7429
1418,78,154,202,12806,5004,48,89106,0.09,0.96,88215,2298,9406367,3823207,7434
1419,75,136,198,12812,5014,48,89180,0.09,0.96,88225,2316,9438960,3834567,7451
1420,72,140,202,12827,5020,48,89180,0.10,0.96,88295,2315,9469604,3841651,7461
1421,71,139,205,12835,5020,48,89180,0.10,0.96,88295,2315,9491137,3843660,7461
1422,80,126,206,12837,5020,48,89193,0.10,0.96,88295,2315,9492722,3847700,7461
1423,109,131,203,12843,5022,48,89193,0.10,0.96,88295,2319,9504724,3852819,7465
1424,110,136,198,12848,5030,48,89244,0.10,0.96,88295,2335,9515779,3863736,7475
1425,102,124,181,12857,5056,48,89339,0.10,0.96,88393,2373,9529871,3885412,7512
1426,75,101,157,12870,5093,48,89546,0.10,0.96,88723,2392,9552861,3902165,7575
1427,86,119,167,12888,5101,49,89772,0.10,0.96,89186,2331,9577733,3907506,7587
1428,104,134,180,12905,5105,49,89999,0.10,0.96,89283,2321,9615628,3913641,7594
1429,112,150,195,12923,5108,49,90177,0.10,0.97,89305,2321,9678619,3920965,7599
1430,120,154,199,12934,5115,49,90576,0.10,0.97,89341,2326,9708944,3930192,7610
1431,135,161,206,12941,5115,49,91115,0.10,0.97,89384,2318,9725556,3932095,7610
1432,141,160,204,12943,5119,49,91565,0.10,0.97,89410,2321,9729812,3939486,7616
1433,143,161,205,12949,5124,49,92211,0.09,0.97,89482,2320,9740401,3947319,7623
1434,151,167,208,12954,5126,49,92574,0.10,0.97,89521,2320,9744866,3952687,7626
1435,153,173,207,12958,5131,49,92574,0.10,0.97,89598,2321,9748057,3958644,7635
1436,119,196,242,12996,5132,49,92603,0.10,0.97,89598,2322,9778246,3976141,7636
1437,47,127,231,12996,5139,49,92697,0.10,0.97,89598,2331,9778246,3984278,7648
1438,12,40,224,12996,5140,49,92697,0.10,0.97,89603,2331,9778246,3984439,7650
1439,1,56,215,12996,5141,49,92697,0.10,0.98,89603,2332,9778246,3985612,7651
1440,3,45,207,12996,5142,49,92697,0.10,0.98,89603,2333,9778246,3986064,7653
1441,10,65,206,12997,5142,49,92697,0.10,0.98,89603,2333,9779830,3986064,7653
1442,15,91,205,12999,5144,49,92746,0.10,0.98,89603,2336,9783003,3987843,7657
1443,19,58,206,13002,5144,49,92746,0.09,0.98,89614,2334,9787985,3989002,7657
1444,17,57,201,13006,5146,49,92746,0.09,0.98,89614,2338,9795218,3990442,7661
1445,28,63,205,13013,5147,49,92746,0.09,0.98,89614,2340,9803182,3992618,7662
1446,67,71,207,13018,5148,49,92822,0.09,0.98,89614,2342,9812252,3996818,7664
1447,68,83,206,13020,5149,49,92940,0.09,0.99,89614,2345,9823881,3999478,7666
1448,24,71,183,13023,5151,49,93049,0.09,0.99,89636,2347,9829559,4004119,7669
1449,31,77,192,13043,5151,49,93076,0.09,0.99,89684,2339,9850898,4008505,7669
1450,31,53,166,13059,5152,49,93123,0.08,0.99,89696,2340,9884843,4013681,7670
1451,43,59,168,13077,5152,49,93230,0.08,0.99,89696,2340,9941878,4020349,7670
1452,42,71,182,13095,5152,49,93332,0.07,0.99,89704,2339,10016926,4025383,7670
1453,56,78,190,13113,5152,49,93451,0.07,0.99,89704,2339,10056828,4029566,7670
1454,68,101,203,13130,5156,49,93689,0.07,0.99,89704,2351,10088928,4038380,7675
1455,64,96,203,13134,5160,49,93689,0.06,1.00,89704,2363,10096066,4047289,7682
1456,58,94,199,13138,5167,49,93766,0.07,1.00,89704,2384,10101004,4053079,7695
1457,63,94,195,13148,5181,49,93846,0.72,1.00,89861,2410,10109456,4062982,7710
1458,67,124,202,13157,5183,49,94059,0.72,1.00,90272,2377,10116851,4064558,7712
1459,70,144,204,13166,5190,49,94203,0.72,1.00,90387,2383,10157729,4072107,7721
1460,72,143,203,13177,5198,49,94258,0.72,1.00,90537,2386,10196286,4078533,7730
1461,80,156,206,13190,5200,49,94296,0.72,1.00,90615,2380,10251990,4082595,7741
1462,88,163,203,13192,5205,49,94490,0.72,1.00,90688,2382,10263889,4095077,7747
1463,113,162,203,13202,5213,49,94759,0.72,1.00,90859,2381,10305992,4107143,7757
1464,127,163,203,13208,5218,49,94830,0.72,1.00,91025,2375,10313825,4114579,7763
1465,101,160,204,13214,5222,49,94896,0.05,1.00,91049,2378,10325336,4126586,7768
1466,34,157,206,13226,5224,49,95003,0.06,1.00,91064,2382,10341921,4132376,7772
1467,21,99,208,13237,5224,49,95003,0.07,1.00,91064,2382,10360297,4134949,7772
1468,26,95,208,13246,5226,49,95003,0.07,1.00,91064,2388,10388098,4137541,7775
1469,28,76,208,13248,5226,49,95003,0.07,1.00,91064,2388,10391482,4142025,7775
1470,31,40,208,13254,5226,49,95003,0.07,1.00,91111,2382,10402181,4144209,7775
1471,32,36,208,13257,5226,49,95003,0.06,1.00,91129,2379,10406180,4145291,7775
1472,34,40,208,13264,5226,49,95003,0.06,1.00,91129,2379,10421375,4146546,7775
1473,33,44,206,13278,5226,49,95018,0.05,1.00,91129,2379,10443636,4148517,7775
1474,47,58,185,13294,5226,49,95046,0.04,1.00,91129,2379,10472456,4151079,7775
1475,49,74,165,13313,5227,49,95046,0.04,1.00,91129,2382,10503295,4153411,7777
1476,67,87,167,13331,5228,49,95074,0.04,1.00,91129,2385,10532816,4155928,7778
1477,78,107,165,13349,5230,49,95074,0.04,1.00,91129,2391,10572295,4161039,7781
1478,101,126,175,13367,5235,49,95123,0.04,1.00,91144,2405,10616703,4173933,7787
1479,107,127,176,13385,5252,49,95490,0.04,1.00,91415,2434,10676557,4191797,7815
1480,112,136,181,13404,5262,49,95983,0.04,1.00,92047,2422,10714072,4207222,7832
1481,109,138,184,13422,5276,49,96602,0.04,1.00,92453,2425,10758477,4220492,7854
1482,114,146,188,13440,5287,49,96917,0.04,1.00,93022,2412,10793120,4237797,7872
1483,129,158,198,13458,5294,49,97399,0.04,1.00,93281,2406,10836962,4252239,7883
1484,133,158,197,13469,5304,50,97850,0.04,1.00,93478,2417,10855299,4259515,7901
1485,137,159,199,13480,5311,50,98323,0.04,1.00,93918,2392,10888497,4273351,7911
1486,142,175,209,13495,5314,50,98843,0.04,1.00,94095,2386,10945076,4287829,7916
1487,140,173,206,13498,5319,50,99385,0.04,1.00,94200,2393,10963666,4310114,7924
1488,137,168,201,13501,5327,50,100004,0.04,1.00,94382,2400,10976840,4324965,7939
1489,138,167,196,13512,5341,50,100369,0.04,1.00,94541,2427,11020406,4343910,7961
1490,155,177,205,13531,5345,50,100496,0.03,1.00,94841,2411,11076582,4357461,7965
1491,157,180,209,13538,5348,50,100697,0.03,1.00,95463,2399,11088243,4371588,7970
1492,118,186,233,13565,5351,50,101061,0.03,1.00,95621,2398,11109814,4391424,7975
1493,86,151,233,13565,5351,50,101089,0.03,1.00,95643,2395,11109814,4400251,7975
1494,67,103,233,13565,5351,50,101157,0.03,1.00,95687,2392,11109814,4401721,7975
1495,8,60,229,13565,5351,50,101185,0.05,1.00,95687,2392,11109814,4402566,7975
1496,6,29,225,13565,5351,50,101185,0.03,1.00,95687,2392,11109814,4402851,7975
1497,0,9,212,13565,5352,50,101185,0.02,1.00,95687,2393,11109814,4403815,7977
1498,0,10,199,13570,5353,50,101185,0.02,1.00,95687,2394,11114939,4404205,7978
1499,18,24,177,13586,5353,50,101185,0.02,1.00,95687,2394,11166797,4404441,7978
