t,visible,near600,alive,spawned,killed,level,hit_damage,memory,erasure_global,xp_gained,xp_orbs,spawned_hp,damage_dealt,essence_gained
1,0,0,0,0,0,1,0,0.99,0.00,0,0,0,0,0
2,0,0,0,0,0,1,0,0.98,0.00,0,0,0,0,0
3,0,0,0,0,0,1,0,0.97,0.00,0,0,0,0,0
4,0,0,0,0,0,1,0,0.96,0.00,0,0,0,0,0
5,0,0,0,0,0,1,0,0.95,0.00,0,0,0,0,0
6,0,0,0,0,0,1,0,0.94,0.00,0,0,0,0,0
7,0,0,0,0,0,1,0,0.94,0.00,0,0,0,0,0
8,0,0,0,0,0,1,0,0.93,0.00,0,0,0,0,0
9,1,5,5,5,0,1,0,0.93,0.00,0,0,909,0,0
10,5,5,5,5,0,1,0,0.92,0.00,0,0,909,0,0
11,5,5,5,5,0,1,0,0.92,0.00,0,0,909,0,0
12,0,4,6,6,0,1,0,0.92,0.01,0,0,954,0,0
13,0,5,10,10,0,1,0,0.92,0.01,0,0,1137,0,0
14,0,0,10,10,0,1,0,0.92,0.01,0,0,1137,0,0
15,5,6,16,16,0,1,0,0.92,0.01,0,0,1397,0,0
16,6,7,17,17,0,1,0,0.91,0.01,0,0,1420,0,0
17,3,7,13,17,0,1,5,0.91,0.01,0,0,1420,19,0
18,1,4,12,17,1,1,5,0.90,0.01,0,1,1420,29,1
19,1,5,13,18,1,1,5,0.90,0.01,0,1,1443,29,1
20,2,5,13,18,1,1,5,0.90,0.01,0,1,1443,29,1
21,2,7,13,18,1,1,5,0.90,0.01,0,1,1443,38,1
22,2,6,12,18,2,1,5,0.91,0.01,0,2,1443,58,2
23,3,7,12,19,2,1,5,0.90,0.01,0,2,1466,67,2
24,5,7,12,19,2,1,5,0.90,0.01,0,2,1466,86,2
25,7,8,13,21,3,1,5,0.90,0.01,0,4,1513,106,13
26,8,9,14,22,3,1,26,0.90,0.01,16,2,1605,115,13
27,7,8,13,22,4,1,47,0.90,0.01,16,4,1605,134,14
28,2,4,14,23,4,1,47,0.90,0.01,32,2,1633,144,14
29,2,7,20,29,4,1,47,0.90,0.01,32,2,1960,154,14
30,7,8,22,31,4,1,53,0.91,0.01,32,2,2011,163,14
31,7,8,18,32,4,1,63,0.91,0.01,32,2,2035,173,14
32,8,10,20,34,4,1,63,0.91,0.01,32,2,2221,192,14
33,7,10,15,34,4,1,74,0.90,0.01,32,2,2221,211,14
34,0,4,12,35,5,1,74,0.91,0.02,32,4,2315,221,15
35,4,8,20,44,5,1,74,0.91,0.02,32,4,2829,221,15
36,4,10,22,46,5,1,74,0.90,0.02,32,4,3017,221,15
37,5,10,22,46,5,1,74,0.90,0.02,32,4,3017,230,26
38,5,12,24,48,5,1,85,0.90,0.02,32,4,3204,250,26
39,5,13,24,48,5,1,125,0.90,0.02,32,4,3204,259,26
40,6,12,23,48,6,1,152,0.90,0.02,32,5,3204,278,27
41,3,5,22,49,7,1,152,0.90,0.02,32,6,3299,288,28
42,3,7,29,56,7,1,152,0.90,0.02,32,6,3912,298,28
43,8,10,28,56,8,1,152,0.90,0.02,32,7,3912,317,29
44,9,12,29,57,8,1,152,0.90,0.02,32,7,3959,336,29
45,8,14,28,57,9,1,163,0.90,0.02,32,8,3959,355,53
46,8,11,27,57,10,2,169,0.90,0.02,40,8,3959,365,54
47,7,13,26,58,10,2,169,0.89,0.02,49,7,4006,365,54
48,1,10,26,58,10,2,169,0.89,0.02,49,7,4006,401,54
49,1,12,26,58,10,2,169,0.89,0.02,49,7,4006,401,83
50,3,10,25,60,13,2,169,0.89,0.02,49,11,4102,509,86
51,0,13,27,62,13,2,169,0.89,0.02,49,11,4154,509,86
52,4,9,26,65,13,2,169,0.89,0.02,49,11,4307,509,86
53,7,11,30,72,15,2,180,0.89,0.02,49,13,4880,600,88
54,11,14,30,79,17,2,180,0.88,0.02,49,16,5254,655,90
55,12,14,30,82,18,2,243,0.88,0.02,49,18,5422,737,91
56,6,11,24,85,19,2,243,0.89,0.03,49,20,5508,792,92
57,4,14,32,93,19,2,243,0.89,0.03,49,20,5965,802,92
58,5,14,34,101,20,2,243,0.89,0.03,49,22,6301,838,93
59,10,16,35,103,21,2,257,0.89,0.03,49,24,6397,893,94
60,12,17,36,104,21,2,275,0.89,0.03,59,22,6446,902,94
61,11,16,35,104,22,2,292,0.89,0.03,59,24,6446,948,95
62,9,12,36,106,22,2,292,0.88,0.03,78,21,6542,958,95
63,11,15,36,106,22,2,303,0.88,0.03,86,20,6542,1085,95
64,11,19,35,107,24,3,338,0.88,0.03,129,18,6590,1104,97
65,23,27,35,107,24,3,338,0.88,0.03,171,13,6590,1150,97
66,19,30,35,107,24,3,338,0.88,0.03,177,12,6590,1169,97
67,10,27,36,108,24,3,338,0.89,0.03,177,12,6615,1214,97
68,6,13,36,108,24,3,338,0.89,0.03,177,12,6615,1224,97
69,3,15,43,117,26,3,338,0.89,0.03,177,14,7393,1296,99
70,5,12,45,119,26,3,338,0.89,0.03,177,14,7466,1296,99
71,9,23,45,121,26,3,338,0.89,0.03,177,14,7856,1332,99
72,11,38,45,121,26,3,338,0.89,0.03,177,14,7856,1348,99
73,14,38,46,122,26,3,338,0.89,0.03,177,14,8051,1386,99
74,13,36,42,122,30,3,348,0.89,0.03,193,17,8051,1532,103
75,21,37,43,123,30,3,370,0.89,0.03,219,14,8181,1575,103
76,30,42,47,128,31,3,413,0.89,0.03,219,16,8671,1824,104
77,33,43,48,129,31,4,487,0.89,0.03,297,18,8770,1876,109
78,35,42,47,129,32,4,519,0.89,0.04,323,18,8770,2158,110
79,34,36,48,130,32,4,519,0.90,0.04,323,18,8868,2177,110
80,10,16,47,130,32,4,519,0.90,0.04,323,18,8868,2278,110
81,8,11,48,135,32,4,519,0.90,0.04,323,18,9154,2278,110
82,10,15,64,151,32,4,519,0.90,0.04,323,18,10582,2314,110
83,4,18,70,158,33,4,519,0.90,0.04,323,20,11265,2323,111
84,7,22,70,158,33,4,519,0.90,0.04,323,20,11265,2431,111
85,18,29,71,159,33,4,519,0.90,0.04,323,20,11306,2439,111
86,27,37,68,159,36,4,574,0.90,0.04,340,24,11306,2752,126
87,24,40,69,160,36,4,591,0.90,0.04,356,22,11347,2772,126
88,8,31,70,161,36,4,591,0.90,0.04,356,22,11389,3008,126
89,0,11,70,161,36,4,591,0.89,0.04,356,22,11389,3008,126
90,2,12,83,178,40,4,591,0.89,0.04,356,26,12438,3152,130
91,6,18,92,189,42,4,591,0.89,0.04,356,30,13409,3253,132
92,9,15,89,194,43,4,591,0.89,0.04,383,28,13755,3262,133
93,10,24,87,194,44,4,591,0.89,0.04,383,30,13755,3327,134
94,11,28,90,197,44,4,591,0.89,0.04,383,30,13880,3354,134
95,17,28,89,197,45,4,591,0.89,0.04,416,27,13880,3416,135
96,18,35,89,198,46,4,591,0.89,0.04,416,29,13910,3470,136
97,13,34,86,198,49,4,640,0.89,0.04,416,32,13910,3690,139
98,19,49,87,199,49,4,640,0.89,0.04,416,32,13935,3700,139
99,20,49,87,200,50,4,640,0.89,0.04,416,33,14137,3713,140
100,23,53,87,200,50,4,640,0.89,0.05,416,33,14137,3713,140
101,26,53,86,201,52,4,640,0.89,0.05,416,37,14338,3801,142
102,27,51,86,201,52,4,661,0.89,0.05,424,36,14338,3822,142
103,24,42,86,202,53,4,729,0.88,0.05,424,39,14540,4037,143
104,12,24,86,202,53,4,729,0.88,0.05,457,34,14540,4059,143
105,9,19,92,211,54,4,729,0.87,0.05,465,36,15081,4222,144
106,7,20,97,223,54,4,729,0.86,0.05,474,35,16019,4222,144
107,20,26,88,233,54,4,729,0.87,0.05,474,35,16712,4268,144
108,23,28,72,236,54,4,750,0.87,0.05,474,35,17017,4435,144
109,19,23,58,237,54,4,786,0.88,0.05,474,35,17119,4503,144
110,10,17,56,243,58,4,786,0.88,0.05,474,43,17552,4621,148
111,4,20,57,255,58,4,786,0.88,0.05,474,43,17985,4674,148
112,4,12,55,267,61,4,786,0.88,0.05,474,46,18413,4806,151
113,6,24,56,269,62,5,810,0.88,0.05,500,44,18465,4841,152
114,11,35,56,270,63,5,826,0.88,0.05,509,44,18490,4877,153
115,27,42,56,270,63,5,826,0.88,0.05,518,43,18490,4910,153
116,29,42,52,271,68,5,866,0.88,0.05,518,53,18516,5165,158
117,28,38,52,271,68,5,888,0.87,0.05,578,42,18516,5212,158
118,19,28,51,272,70,5,888,0.86,0.05,584,45,18618,5376,160
119,21,31,51,273,71,5,888,0.86,0.05,584,46,18721,5419,161
120,24,35,51,273,71,5,888,0.87,0.05,584,46,18721,5474,161
121,31,43,50,274,73,5,957,0.87,0.06,606,46,18825,5636,163
122,31,38,44,274,79,5,976,0.87,0.06,713,45,18825,5861,169
123,33,42,44,275,80,5,1036,0.88,0.06,722,46,18850,5930,170
124,22,34,40,275,84,6,1054,0.88,0.06,771,45,18850,6352,174
125,9,29,40,276,85,6,1054,0.88,0.06,787,44,18902,6371,175
126,6,18,37,277,88,6,1054,0.88,0.06,787,50,18954,6534,178
127,11,22,48,289,88,6,1054,0.88,0.06,787,50,19660,6545,178
128,11,26,59,305,89,6,1060,0.88,0.06,787,51,20278,6639,179
129,16,26,62,315,95,6,1060,0.88,0.06,813,55,20544,6882,185
130,25,29,70,323,95,6,1060,0.88,0.06,822,54,21221,6902,185
131,26,28,65,327,97,6,1060,0.87,0.06,822,58,21481,6947,187
132,16,26,64,332,97,6,1060,0.87,0.06,838,56,21869,6966,187
133,17,27,48,333,100,6,1060,0.87,0.06,978,62,21913,7136,190
134,21,30,50,336,101,6,1060,0.87,0.06,984,62,22044,7166,191
135,22,28,50,336,101,6,1071,0.86,0.06,1012,57,22044,7223,191
136,18,27,52,340,101,6,1071,0.85,0.06,1012,57,22411,7242,191
137,16,23,57,348,101,6,1071,0.88,0.06,1012,57,22831,7324,191
138,16,24,58,356,101,6,1078,0.88,0.06,1012,57,23319,7347,191
139,17,26,57,359,102,7,1123,0.88,0.06,1017,58,23583,7439,192
140,10,27,62,364,102,7,1137,0.87,0.06,1023,57,23767,7449,192
141,8,29,62,368,103,7,1137,0.87,0.06,1023,58,23957,7485,193
142,10,33,60,368,104,7,1137,0.87,0.06,1023,59,23957,7550,194
143,10,33,60,369,105,7,1137,0.87,0.07,1041,59,23983,7703,195
144,9,38,74,386,108,7,1137,0.87,0.07,1046,64,24882,7785,198
145,20,45,74,387,109,7,1137,0.87,0.07,1085,59,24909,7871,199
146,26,54,73,388,111,7,1149,0.87,0.07,1085,62,24935,8043,201
147,30,51,68,388,116,7,1162,0.87,0.07,1105,69,24935,8371,206
148,29,47,63,389,122,7,1209,0.87,0.07,1127,76,24962,8672,212
149,28,45,61,389,124,7,1290,0.87,0.07,1209,66,24962,9065,214
150,24,42,58,390,128,7,1389,0.87,0.07,1251,65,24989,9431,218
151,39,42,57,390,129,7,1456,0.87,0.07,1302,61,24989,9546,219
152,22,34,49,391,138,8,1493,0.87,0.07,1369,71,25015,9854,228
153,21,34,49,392,139,8,1500,0.87,0.07,1461,63,25042,9947,232
154,14,31,46,394,144,8,1511,0.87,0.07,1520,69,25176,10272,237
155,11,32,47,396,145,8,1534,0.87,0.07,1527,71,25390,10301,238
156,11,27,47,397,146,8,1556,0.87,0.07,1587,66,25497,10383,239
157,11,28,51,402,147,8,1556,0.87,0.07,1610,66,25766,10411,240
158,7,31,54,410,152,8,1590,0.87,0.07,1633,76,26142,10702,245
159,13,33,56,412,152,8,1623,0.87,0.07,1699,67,26250,10702,245
160,14,34,56,412,152,8,1635,0.87,0.07,1699,67,26250,10829,245
161,12,33,55,413,154,8,1668,0.87,0.07,1699,71,26277,10903,247
162,12,34,56,417,157,8,1691,0.87,0.07,1722,74,26628,11021,250
163,10,32,54,417,159,8,1736,0.87,0.07,1737,76,26628,11184,252
164,9,33,56,421,161,9,1770,0.87,0.08,1761,76,27006,11275,254
165,11,33,55,421,162,9,1803,0.87,0.08,1778,75,27006,11357,255
166,11,35,57,423,162,9,1826,0.87,0.08,1778,75,27223,11376,255
167,11,35,57,424,163,9,1837,0.87,0.08,1778,78,27278,11503,256
168,12,35,58,425,163,9,1860,0.87,0.08,1800,75,27305,11523,256
169,13,36,59,427,164,9,1882,0.87,0.08,1800,78,27523,11674,257
170,13,38,50,427,165,9,1894,0.87,0.08,1823,78,27523,11715,258
171,33,38,48,428,168,9,1894,0.87,0.08,1823,84,27632,11843,261
172,33,39,48,428,168,9,1905,0.87,0.08,1840,82,27632,11857,261
173,32,35,46,429,171,9,1924,0.87,0.08,1848,88,27741,12489,264
174,28,31,47,431,172,9,1958,0.87,0.08,1982,73,27960,12573,265
175,18,33,50,444,180,9,1958,0.86,0.08,2029,83,29083,13321,273
176,23,32,54,448,180,9,1981,0.86,0.08,2029,83,29193,13867,273
177,15,37,54,457,189,10,1981,0.86,0.08,2391,91,29623,14162,282
178,20,37,55,458,189,10,1981,0.86,0.08,2416,88,29678,14200,282
179,19,32,51,458,190,10,1981,0.86,0.08,2433,88,29678,14237,283
180,10,20,50,464,191,10,1981,0.86,0.08,2433,91,29987,14402,284
181,4,21,64,480,193,10,1981,0.86,0.08,2433,95,31476,14493,286
182,14,31,74,497,193,10,1981,0.86,0.08,2433,95,32150,14683,286
183,21,36,79,505,195,10,1981,0.86,0.08,2433,99,32565,14731,288
184,23,34,75,512,197,10,1994,0.86,0.09,2433,103,32758,14886,290
185,24,38,76,514,198,10,2019,0.86,0.09,2452,102,32814,15005,291
186,21,30,68,515,207,10,2032,0.86,0.09,2470,117,32841,15617,300
187,21,38,70,518,208,10,2038,0.86,0.09,2547,105,32943,15736,301
188,16,33,65,523,218,10,2051,0.86,0.09,2602,112,33151,16207,311
189,23,39,69,527,218,10,2064,0.86,0.09,2634,107,33279,16227,311
190,26,38,66,527,221,10,2112,0.86,0.09,2634,113,33279,16381,314
191,27,39,65,528,223,10,2147,0.86,0.09,2639,115,33335,16433,316
192,27,41,63,529,226,10,2181,0.85,0.09,2656,118,33391,16664,319
193,32,40,62,529,227,10,2259,0.85,0.09,2704,112,33391,16674,320
194,31,40,62,530,228,10,2373,0.85,0.09,2704,114,33447,16735,321
195,31,39,61,530,229,10,2477,0.85,0.09,2704,116,33447,16777,322
196,34,39,58,531,232,10,2523,0.86,0.09,2704,122,33475,16947,325
197,27,40,56,531,234,11,2544,0.85,0.09,2778,114,33475,17067,327
198,27,36,57,532,234,11,2544,0.85,0.09,2789,112,33503,17119,327
199,21,36,54,533,238,11,2544,0.85,0.09,2789,121,33615,17384,331
200,18,30,54,533,238,11,2544,0.85,0.09,2834,114,33615,17448,331
201,14,26,64,547,242,11,2544,0.85,0.09,2883,118,34326,17851,338
202,18,37,76,562,244,11,2544,0.86,0.09,2968,119,35322,18027,340
203,16,34,78,566,244,11,2544,0.86,0.09,3005,114,35718,18271,340
204,11,32,71,569,245,11,2544,0.85,0.09,3101,104,35888,18319,341
205,6,34,64,574,251,11,2544,0.85,0.10,3115,114,36103,18679,347
206,14,41,66,577,252,11,2544,0.85,0.10,3193,107,36330,18740,348
207,19,35,61,579,259,11,2544,0.85,0.10,3302,107,36444,18993,355
208,22,42,58,580,263,11,2544,0.85,0.10,3318,113,36672,19558,359
209,30,44,56,580,265,11,2544,0.85,0.10,3387,112,36672,19697,361
210,30,44,54,581,268,12,2555,0.85,0.10,3479,107,36900,19957,364
211,21,35,51,581,271,12,2567,0.85,0.10,3530,107,36900,20180,367
212,14,38,54,585,272,12,2567,0.85,0.10,3570,104,37513,20199,368
213,14,41,56,591,276,12,2567,0.85,0.10,3597,105,37856,20372,372
214,29,38,54,595,282,12,2567,0.85,0.10,3625,114,37997,21126,378
215,31,38,57,605,289,12,2567,0.85,0.10,3751,106,38523,21712,385
216,29,36,59,613,295,12,2567,0.85,0.10,3829,112,38949,22393,391
217,31,37,60,615,296,12,2578,0.85,0.10,3917,102,39064,22463,392
218,30,40,59,620,302,12,2578,0.85,0.10,3934,112,39265,22805,398
219,36,39,58,624,307,12,2578,0.85,0.10,3981,114,39480,23382,403
220,19,34,54,627,314,12,2602,0.85,0.10,4038,119,39596,23909,410
221,19,36,55,628,314,13,2602,0.85,0.10,4129,107,39653,23947,410
222,17,34,53,629,317,13,2615,0.85,0.10,4157,108,39682,24155,413
223,14,34,52,629,318,13,2615,0.84,0.10,4157,109,39682,24174,414
224,13,33,54,638,325,13,2628,0.84,0.10,4157,123,40136,24498,421
225,18,34,60,645,326,13,2628,0.84,0.11,4157,125,40416,24688,422
226,15,37,58,648,331,13,2628,0.84,0.11,4169,133,40503,25346,437
227,12,38,56,653,338,13,2640,0.84,0.11,4215,139,40858,25537,444
228,20,39,59,656,338,13,2675,0.84,0.11,4279,131,41090,25556,444
229,10,28,58,662,345,13,2688,0.84,0.11,4320,140,41430,25859,451
230,5,22,64,669,346,13,2688,0.84,0.11,4419,130,41838,25909,452
231,8,17,79,686,348,13,2701,0.83,0.11,4419,134,42503,26080,454
232,11,23,90,703,354,13,2701,0.83,0.11,4448,142,43255,26462,460
233,15,27,98,719,356,13,2701,0.82,0.11,4539,135,44624,26697,462
234,8,32,97,736,362,13,2701,0.82,0.11,4547,146,45313,26948,468
235,21,35,89,752,363,13,2701,0.81,0.11,4613,139,46655,27023,469
236,19,40,83,764,364,13,2701,0.81,0.11,4613,141,47190,27059,470
237,17,26,76,770,364,13,2701,0.82,0.11,4630,139,47468,27097,470
238,6,33,85,784,365,13,2701,0.81,0.11,4630,140,48436,27198,471
239,15,35,92,799,366,13,2701,0.81,0.11,4630,142,49339,27207,472
240,25,49,104,822,367,13,2701,0.81,0.11,4630,144,51412,27477,473
241,24,38,108,839,374,13,2749,0.82,0.11,4630,158,53256,28053,480
242,27,58,123,856,375,13,2749,0.80,0.11,4654,156,54445,28191,481
243,29,61,120,861,383,13,2749,0.80,0.11,4731,162,54739,28884,489
244,28,59,118,868,392,13,2761,0.80,0.12,4851,169,55018,29521,498
245,21,58,111,881,394,14,2768,0.83,0.12,4948,159,56188,29608,500
246,16,58,115,897,394,14,2768,0.80,0.12,5018,154,57565,29627,500
247,18,45,114,912,396,14,2768,0.83,0.12,5018,158,58996,29809,502
248,17,34,124,927,399,14,2768,0.83,0.12,5030,163,59903,30108,505
249,18,36,108,934,400,14,2768,0.83,0.12,5030,165,60303,30409,506
250,28,44,111,951,408,14,2775,0.83,0.12,5042,179,61029,30775,514
251,49,63,126,967,409,14,2775,0.83,0.12,5085,177,62217,30955,515
252,49,61,116,972,423,14,2826,0.83,0.12,5170,196,62806,31601,529
253,50,69,121,985,431,14,2890,0.83,0.12,5350,190,63260,32228,537
254,58,70,117,995,445,14,2945,0.83,0.12,5479,204,63891,33073,551
255,42,75,119,1002,447,14,2985,0.83,0.12,5544,206,64255,33669,553
256,43,78,120,1009,452,14,2985,0.83,0.12,5615,215,64731,33904,558
257,39,77,117,1019,465,14,2985,0.83,0.13,5669,237,65301,35134,571
258,43,68,111,1021,473,14,2990,0.82,0.13,5773,236,65416,35844,579
259,55,77,113,1024,474,14,3016,0.82,0.13,5802,233,65492,36085,580
260,49,60,112,1026,477,15,3016,0.82,0.13,5811,237,65608,36832,583
261,40,59,127,1041,477,15,3016,0.80,0.13,5820,236,66445,37197,583
262,31,50,125,1041,479,15,3016,0.80,0.13,5820,242,66445,37703,585
263,23,47,128,1052,479,15,3016,0.80,0.13,5820,242,67132,37731,585
264,10,29,127,1061,480,15,3016,0.80,0.13,5820,244,67601,37963,586
265,11,22,128,1072,480,15,3016,0.80,0.13,5820,244,68611,37982,586
266,14,31,127,1089,482,15,3021,0.80,0.13,5820,248,70129,38101,588
267,17,38,128,1103,486,15,3021,0.79,0.13,5844,253,70705,38210,592
268,25,30,128,1111,487,15,3021,0.79,0.13,5893,249,71284,38262,593
269,39,44,114,1128,490,15,3021,0.79,0.13,5893,255,72138,38386,596
270,41,51,116,1145,492,15,3021,0.79,0.14,5893,259,73369,38463,598
271,33,45,122,1162,495,15,3021,0.80,0.14,5905,263,74983,38850,601
272,38,54,124,1179,497,15,3021,0.81,0.14,5905,268,76284,39186,603
273,34,62,122,1196,498,15,3062,0.81,0.14,5976,265,77676,39665,604
274,38,64,124,1213,507,15,3179,0.81,0.14,6141,282,78867,41058,613
275,51,67,126,1224,509,15,3179,0.81,0.14,6751,269,79594,41479,615
276,34,48,120,1230,518,16,3214,0.81,0.14,6829,291,79998,42349,624
277,25,50,123,1245,519,16,3245,0.81,0.14,7217,273,81002,42394,625
278,12,47,128,1262,521,16,3260,0.81,0.14,7217,278,83101,42686,627
279,23,39,128,1268,522,16,3260,0.81,0.14,7217,281,83444,42931,628
280,32,46,114,1280,526,16,3273,0.81,0.14,7276,289,84946,43334,632
281,41,57,109,1297,529,16,3273,0.81,0.14,7418,281,86185,43636,635
282,53,75,116,1314,535,16,3273,0.81,0.14,7485,290,88184,44188,641
283,75,83,122,1327,542,16,3356,0.81,0.15,7560,300,88882,45413,648
284,63,72,125,1339,547,16,3356,0.80,0.15,7733,300,90148,45719,653
285,50,61,128,1353,552,16,3370,0.80,0.15,7806,306,91561,46264,658
286,43,58,123,1366,553,17,3477,0.79,0.15,8046,294,92255,46677,659
287,45,55,129,1376,553,17,3524,0.80,0.15,8046,294,92798,47283,659
288,20,37,120,1388,564,17,3529,0.80,0.15,8046,319,94572,48227,670
289,34,43,125,1405,564,17,3529,0.80,0.15,8071,315,95945,48417,670
290,28,41,125,1415,568,17,3544,0.80,0.15,8071,324,97324,48679,674
291,26,46,120,1424,568,17,3552,0.80,0.15,8071,324,98148,48772,674
292,28,47,112,1441,570,17,3552,0.80,0.15,8107,324,99938,48926,676
293,24,41,112,1458,572,17,3552,0.79,0.15,8116,328,101365,49198,678
294,21,44,114,1475,577,17,3552,0.78,0.15,8116,339,102331,49647,683
295,28,63,125,1492,578,17,3552,0.78,0.15,8139,338,104425,49687,684
296,42,75,130,1498,578,17,3552,0.78,0.16,8194,334,105223,50086,684
297,72,80,123,1498,585,17,3612,0.78,0.16,8206,353,105223,51042,691
298,75,92,128,1505,587,17,3612,0.78,0.16,8479,337,105660,51137,693
299,74,88,122,1506,594,17,3667,0.78,0.16,8548,341,105755,52009,700
300,76,90,117,1507,600,17,3818,0.78,0.16,8611,346,106011,52815,706
301,78,86,116,1508,602,17,3856,0.79,0.16,8714,338,106268,53787,708
302,21,81,125,1521,606,17,3871,0.78,0.16,8744,344,107673,54269,712
303,20,84,129,1526,607,17,3871,0.78,0.16,8744,347,107896,54599,713
304,15,78,119,1527,618,17,3878,0.78,0.16,8768,363,108010,55456,724
305,39,77,122,1535,621,17,3878,0.78,0.16,8885,355,108750,55924,727
306,49,78,124,1544,627,17,3878,0.78,0.16,8919,366,109175,56260,733
307,58,82,128,1549,628,18,3906,0.78,0.16,9036,359,109872,56489,734
308,41,80,117,1553,643,18,3925,0.78,0.16,9082,393,110290,58063,749
309,40,88,118,1557,645,18,3925,0.78,0.17,9167,387,111363,58243,751
310,51,81,117,1567,656,18,3925,0.78,0.17,9380,406,112351,59964,762
311,58,75,111,1573,668,18,3935,0.78,0.17,9757,402,112548,61197,786
312,61,77,111,1574,669,18,3935,0.78,0.17,9757,405,112591,61320,788
313,63,77,108,1577,674,18,4102,0.78,0.17,9870,409,112702,62235,798
314,59,72,103,1577,679,19,4228,0.78,0.17,10511,398,112702,63432,808
315,49,66,92,1578,690,19,4320,0.78,0.17,10780,415,112878,64835,830
316,53,59,89,1578,693,19,4469,0.78,0.17,11069,404,112878,65540,836
317,46,54,84,1579,699,19,4612,0.78,0.17,11223,414,113056,66836,848
318,44,52,82,1580,702,19,4822,0.78,0.17,11301,419,113146,67295,854
319,42,52,83,1583,704,19,4917,0.78,0.17,11484,416,113686,67605,858
320,40,53,83,1586,707,19,5036,0.78,0.17,11544,419,114048,68350,864
321,43,54,84,1589,709,19,5207,0.78,0.17,11585,423,114275,69143,868
322,41,55,86,1596,714,20,5348,0.78,0.17,11727,431,114912,69655,878
323,33,55,85,1597,716,20,5364,0.77,0.17,11971,425,115097,69893,882
324,49,65,95,1616,725,20,5424,0.77,0.17,12080,435,115763,70739,900
325,31,50,80,1617,741,20,5447,0.77,0.17,12119,447,115949,72817,932
326,31,47,76,1617,744,20,5570,0.77,0.17,12191,438,115949,73097,938
327,40,53,82,1624,745,20,5661,0.77,0.17,12278,432,116842,73521,940
328,46,56,85,1631,749,20,5661,0.77,0.18,12370,436,117283,74335,951
329,41,55,79,1631,755,20,5721,0.77,0.18,12530,442,117283,75210,963
330,23,47,73,1637,767,20,5764,0.78,0.18,13112,444,117755,76958,987
331,30,53,76,1643,770,21,5779,0.78,0.18,13588,421,118618,77460,993
332,36,55,78,1647,772,21,5804,0.78,0.18,14123,400,118888,77606,997
333,35,55,78,1654,779,21,5840,0.78,0.18,14281,411,119348,78520,1011
334,34,51,77,1658,784,21,5879,0.78,0.18,14355,412,119934,79357,1021
335,28,51,84,1673,792,21,5879,0.77,0.18,14416,422,121866,80741,1037
336,33,57,82,1681,801,21,5879,0.77,0.18,14612,419,123100,82111,1055
337,39,58,82,1683,803,22,5924,0.77,0.18,14743,408,123199,82328,1059
338,29,54,77,1696,821,22,5949,0.77,0.18,14984,428,125246,84166,1095
339,31,55,81,1704,825,22,5989,0.77,0.18,15136,413,126072,84663,1103
340,36,60,82,1707,827,22,6055,0.77,0.18,15326,404,126424,85219,1105
341,51,60,83,1709,828,22,6086,0.77,0.18,15491,391,126729,85440,1106
342,45,59,81,1713,834,22,6086,0.77,0.18,15510,406,127137,87093,1112
343,35,53,78,1721,845,22,6146,0.77,0.18,15604,421,127826,88425,1123
344,26,53,75,1734,861,22,6198,0.77,0.18,15701,447,129131,90103,1139
345,30,60,82,1743,863,22,6211,0.77,0.18,15817,438,130124,90151,1141
346,35,61,82,1749,867,22,6211,0.77,0.18,15921,434,130697,90809,1145
347,38,60,81,1752,871,22,6211,0.76,0.19,15989,432,130983,91291,1149
348,48,62,81,1755,874,22,6260,0.76,0.19,16014,434,131242,91872,1152
349,48,60,78,1757,879,22,6273,0.77,0.19,16039,443,131373,92857,1157
350,57,60,77,1765,888,22,6273,0.77,0.19,16128,450,132757,94182,1166
351,53,64,76,1770,894,23,6282,0.77,0.19,17096,403,133666,95501,1172
352,40,50,74,1772,898,23,6400,0.77,0.19,17655,365,133726,96571,1176
353,34,57,70,1777,907,23,6542,0.77,0.19,17916,362,134267,98842,1185
354,34,59,71,1788,917,24,6595,0.77,0.19,18255,369,135459,100236,1205
355,44,57,68,1792,924,24,6630,0.77,0.19,18832,342,135867,100976,1212
356,48,60,71,1797,926,24,6655,0.77,0.19,19248,297,136965,101185,1214
357,40,61,69,1800,931,24,6655,0.77,0.19,19553,274,137197,102062,1219
358,23,40,71,1805,934,24,6678,0.77,0.19,19687,270,137653,102649,1222
359,29,49,88,1822,934,24,6692,0.77,0.19,19760,262,139774,102774,1222
360,20,55,101,1838,935,24,6692,0.77,0.19,19791,261,142129,102897,1223
361,19,46,109,1848,937,24,6692,0.77,0.19,19840,261,142952,103060,1225
362,20,55,114,1863,946,24,6692,0.77,0.19,19862,276,144151,104152,1234
363,27,61,112,1867,952,24,6692,0.77,0.19,19862,287,144429,104807,1240
364,47,61,110,1868,955,24,6692,0.77,0.19,19892,286,144543,105357,1243
365,48,60,107,1868,958,24,6717,0.77,0.19,19932,287,144543,105721,1246
366,44,59,102,1870,965,24,6794,0.77,0.20,19952,298,144682,106479,1253
367,43,64,107,1881,971,24,6844,0.77,0.20,20015,304,145346,107212,1259
368,47,64,107,1885,975,24,6882,0.77,0.20,20056,309,145873,108581,1263
369,48,59,101,1886,982,24,6928,0.77,0.20,20116,320,145991,109820,1273
370,51,64,105,1895,987,25,6966,0.77,0.20,20179,323,147033,110635,1278
371,53,63,104,1899,992,25,7016,0.77,0.20,20281,318,147319,111156,1283
372,52,62,104,1905,998,25,7104,0.77,0.20,20362,322,148576,112266,1289
373,47,61,103,1911,1005,25,7211,0.77,0.20,20467,325,149266,113470,1296
374,41,56,101,1920,1016,25,7236,0.77,0.20,20507,339,150158,115395,1307
375,48,62,105,1933,1025,25,7286,0.76,0.20,20595,345,151800,116530,1316
376,46,59,103,1946,1040,25,7361,0.76,0.20,20733,361,152722,118261,1331
377,51,64,104,1954,1046,25,7411,0.76,0.20,20891,356,153328,119469,1337
378,44,60,100,1961,1057,25,7487,0.76,0.20,20925,375,154186,120636,1348
379,46,59,100,1968,1064,25,7575,0.76,0.20,20991,383,154964,121454,1355
380,50,63,104,1977,1069,25,7713,0.76,0.20,21057,384,156847,122227,1360
381,47,62,101,1983,1078,25,7861,0.76,0.20,21173,386,158581,123663,1369
382,51,62,101,1989,1084,25,7994,0.76,0.20,21183,399,159225,124830,1375
383,53,66,105,1998,1089,25,8107,0.76,0.20,21278,396,160472,125249,1380
384,52,64,103,2001,1094,25,8246,0.76,0.20,21303,405,160727,125852,1385
385,56,64,104,2008,1100,25,8398,0.76,0.21,21324,414,161279,126427,1391
386,41,60,105,2012,1103,25,8435,0.76,0.21,21358,416,161567,127135,1394
387,32,55,103,2013,1106,25,8450,0.76,0.21,21529,400,161662,127333,1397
388,14,33,108,2018,1106,25,8450,0.76,0.21,21553,397,162246,127443,1397
389,8,41,122,2033,1107,25,8464,0.76,0.21,21553,399,164419,127746,1398
390,13,56,133,2044,1107,25,8464,0.76,0.21,21566,397,166114,127804,1398
391,23,52,125,2044,1115,25,8476,0.76,0.21,21566,415,166114,129064,1406
392,32,58,122,2045,1119,25,8513,0.76,0.21,21566,423,166180,129447,1410
393,32,59,121,2046,1121,25,8538,0.76,0.21,21578,425,166449,129592,1412
394,39,62,117,2046,1125,25,8595,0.76,0.21,21615,427,166449,130089,1416
395,46,67,115,2047,1128,25,8656,0.76,0.21,21666,425,166584,130627,1419
396,55,67,114,2048,1130,25,8761,0.76,0.21,21694,424,166666,130916,1421
397,58,69,113,2048,1131,25,8852,0.76,0.21,21719,423,166666,131028,1422
398,63,77,105,2049,1140,25,8865,0.76,0.21,21959,424,166942,132919,1431
399,47,82,96,2049,1149,25,8865,0.76,0.21,22111,423,166942,133914,1440
400,30,81,96,2050,1150,25,8893,0.75,0.21,22149,423,167011,134217,1441
401,14,76,96,2051,1151,26,8893,0.75,0.21,22216,420,167151,134545,1443
402,8,47,96,2051,1151,26,8907,0.75,0.21,22560,382,167151,134602,1443
403,8,34,111,2068,1152,26,8907,0.75,0.21,22688,369,170784,134789,1444
404,14,33,122,2085,1153,26,8907,0.75,0.22,22775,360,175616,136139,1445
405,25,39,129,2101,1154,26,9007,0.75,0.22,22843,357,177026,136750,1446
406,36,47,135,2118,1155,26,9073,0.75,0.22,23017,347,178879,138692,1447
407,26,53,127,2131,1158,26,9088,0.75,0.22,23027,351,181036,139143,1451
408,23,48,110,2148,1162,26,9088,0.75,0.22,23101,352,184348,139767,1455
409,24,49,99,2166,1165,26,9088,0.74,0.22,23132,352,187978,140312,1458
410,19,49,105,2182,1171,26,9088,0.72,0.22,23162,360,191730,141569,1465
411,15,44,111,2199,1174,26,9088,0.73,0.22,23230,360,193457,142723,1468
412,21,62,115,2212,1175,26,9088,0.72,0.22,23356,348,196265,142935,1469
413,20,57,121,2222,1179,26,9103,0.71,0.22,23372,355,197892,143479,1473
414,21,69,120,2227,1184,27,9103,0.71,0.22,24532,360,199165,144855,1480
415,34,66,116,2229,1190,27,9115,0.71,0.22,24618,359,199315,145674,1486
416,35,68,114,2235,1198,27,9115,0.71,0.22,24691,366,200453,147553,1495
417,24,56,114,2250,1206,27,9255,0.72,0.22,24789,376,202396,149275,1503
418,18,51,112,2266,1207,27,9263,0.72,0.22,25004,352,204166,149502,1504
419,20,46,110,2283,1221,27,9263,0.71,0.22,25023,378,207408,151303,1521
420,30,50,123,2300,1222,27,9263,0.71,0.22,25099,370,209956,151422,1522
421,28,55,128,2316,1223,27,9263,0.72,0.22,25109,370,212211,152034,1523
422,23,51,130,2333,1224,27,9263,0.72,0.23,25221,353,215168,152824,1524
423,14,44,122,2350,1230,27,9376,0.73,0.23,25261,364,218044,154751,1531
424,20,40,124,2366,1233,27,9383,0.73,0.23,25333,360,220018,155141,1535
425,22,45,120,2383,1238,27,9383,0.73,0.23,25429,358,222300,156023,1541
426,27,51,128,2399,1242,27,9383,0.73,0.23,25515,356,225026,156169,1545
427,30,53,132,2416,1249,27,9383,0.73,0.23,25545,366,227446,156689,1553
428,33,57,134,2430,1254,27,9383,0.73,0.23,25628,363,229238,157547,1558
429,34,67,129,2443,1262,27,9383,0.73,0.23,25765,364,230909,159830,1583
430,37,72,127,2455,1276,27,9398,0.73,0.23,25897,374,232218,160873,1600
431,38,68,127,2460,1281,27,9411,0.73,0.23,25981,372,232959,161908,1605
432,33,65,120,2469,1281,27,9440,0.73,0.23,26069,358,234640,162082,1605
433,31,63,119,2484,1284,27,9455,0.73,0.23,26079,363,236403,163600,1610
434,21,47,117,2500,1289,27,9455,0.73,0.23,26079,373,241444,164467,1616
435,19,35,126,2517,1291,27,9455,0.73,0.23,26118,372,246203,164805,1619
436,24,40,133,2534,1295,27,9463,0.73,0.23,26177,373,250678,167156,1623
437,24,41,133,2546,1300,27,9512,0.73,0.23,26208,377,253345,169071,1628
438,19,41,114,2560,1305,27,9556,0.72,0.23,26288,377,254751,170001,1634
439,15,39,106,2577,1313,27,9556,0.72,0.23,26366,383,257657,171658,1642
440,23,41,85,2593,1320,27,9556,0.72,0.24,26463,386,260738,172835,1650
441,20,47,85,2610,1326,27,9556,0.71,0.24,26509,391,265051,173716,1656
442,24,54,87,2627,1332,27,9569,0.71,0.24,26540,398,267664,174380,1662
443,15,39,87,2643,1337,28,9569,0.71,0.24,26678,391,271447,176438,1668
444,9,44,94,2660,1341,28,9583,0.72,0.24,26786,387,275207,177138,1673
445,23,70,108,2676,1343,28,9583,0.72,0.24,26828,387,277985,177681,1675
446,35,74,104,2678,1349,28,9598,0.72,0.24,26885,391,278198,178166,1681
447,61,87,112,2687,1350,28,9598,0.72,0.24,26964,380,279024,178828,1682
448,53,77,98,2687,1364,28,9665,0.72,0.24,26969,407,279024,181726,1700
449,34,68,89,2693,1379,28,9900,0.72,0.24,28896,413,279659,184747,1721
450,23,52,95,2705,1385,29,9900,0.72,0.24,29087,400,282797,185659,1727
451,29,64,98,2711,1388,29,9915,0.72,0.24,29260,386,284004,186431,1730
452,27,65,93,2719,1401,29,9982,0.72,0.24,29309,403,284820,187420,1746
453,31,64,93,2726,1408,29,10012,0.72,0.24,29336,413,285511,188506,1754
454,25,49,100,2742,1417,29,10025,0.72,0.24,29493,406,293324,190820,1763
455,25,68,110,2759,1424,29,10025,0.72,0.24,29703,393,297587,191794,1777
456,38,75,108,2760,1427,29,10025,0.72,0.24,29744,394,297700,192990,1780
457,35,70,104,2760,1430,29,10025,0.72,0.24,29850,389,297700,193615,1783
458,25,51,112,2773,1431,29,10025,0.72,0.25,29882,386,300861,194471,1784
459,18,43,123,2789,1436,29,10033,0.72,0.25,29927,393,303575,195062,1790
460,21,41,133,2806,1437,29,10033,0.72,0.25,29938,393,306780,195288,1791
461,29,63,140,2821,1439,29,10046,0.72,0.25,30009,385,308931,195461,1793
462,36,65,137,2822,1443,29,10061,0.72,0.25,30009,393,309126,196123,1797
463,38,63,138,2824,1444,29,10117,0.72,0.25,30019,394,309660,196313,1799
464,21,45,139,2833,1451,29,10169,0.72,0.25,30113,397,311519,197025,1806
465,14,38,139,2840,1453,29,10199,0.71,0.25,30143,398,312663,198068,1809
466,9,37,130,2857,1453,29,10229,0.71,0.25,30164,394,316452,198068,1809
467,9,31,136,2874,1454,29,10229,0.72,0.25,30164,396,320889,198297,1810
468,11,27,116,2890,1457,29,10229,0.72,0.25,30164,402,324220,198744,1813
469,12,29,121,2907,1459,29,10244,0.71,0.25,30175,404,326095,199110,1815
470,22,46,118,2924,1459,29,10244,0.71,0.25,30190,401,328935,199512,1815
471,24,50,128,2940,1461,29,10244,0.71,0.25,30201,403,331817,199682,1818
472,30,69,130,2957,1464,29,10244,0.71,0.25,30214,407,334617,200170,1821
473,52,79,133,2961,1465,29,10258,0.71,0.25,30214,409,335276,200349,1823
474,55,78,126,2961,1471,29,10311,0.71,0.25,30235,418,335276,201310,1830
475,63,75,119,2962,1479,29,10366,0.71,0.25,30353,415,335428,203221,1838
476,60,73,115,2967,1488,29,10473,0.71,0.26,30464,415,336225,205458,1850
477,55,80,114,2975,1497,29,10621,0.71,0.26,30586,413,338642,207096,1859
478,58,81,114,2980,1502,29,10807,0.71,0.26,30620,417,339172,208644,1864
479,64,83,114,2983,1505,29,11033,0.71,0.26,30656,417,339916,209947,1867
480,60,78,114,2992,1514,29,11271,0.71,0.26,30778,418,341484,211867,1880
481,62,79,111,2993,1518,29,11497,0.71,0.26,30824,421,341698,212622,1886
482,71,81,111,2993,1518,29,11762,0.71,0.26,30844,419,341698,212927,1886
483,66,82,109,3000,1527,29,11934,0.71,0.26,30880,435,343100,214373,1895
484,41,80,110,3003,1528,29,11934,0.71,0.26,30921,432,343633,215368,1896
485,20,67,110,3011,1531,29,11964,0.71,0.26,30938,436,345115,215778,1899
486,22,61,108,3012,1532,29,11964,0.71,0.26,30971,434,345275,215848,1900
487,24,73,110,3016,1534,29,11964,0.71,0.26,30978,437,345885,216171,1903
488,33,81,110,3016,1534,29,11964,0.71,0.26,30978,437,345885,216289,1903
489,54,84,110,3017,1535,29,11964,0.71,0.26,31009,435,346045,217105,1904
490,42,49,109,3018,1537,29,11979,0.71,0.26,31020,437,346229,217702,1906
491,22,54,124,3034,1538,29,12009,0.71,0.26,31027,438,348886,218119,1907
492,22,71,136,3051,1543,29,12009,0.71,0.26,31044,445,353080,219053,1913
493,68,79,137,3053,1544,29,12009,0.71,0.26,31071,443,353522,219196,1914
494,69,72,134,3053,1547,29,12024,0.71,0.27,31113,441,353522,219458,1917
495,16,34,142,3062,1548,29,12024,0.70,0.27,31148,437,354842,219706,1919
496,13,24,142,3064,1549,29,12054,0.70,0.27,31161,438,355110,220960,1920
497,3,19,141,3069,1551,29,12054,0.70,0.27,31172,440,355997,221394,1924
498,7,19,138,3079,1551,29,12054,0.69,0.27,31181,439,359961,221477,1924
499,13,26,104,3092,1552,29,12054,0.70,0.27,31199,439,362128,222345,1925
500,19,36,74,3109,1555,29,12069,0.70,0.27,31215,446,368056,223715,1928
501,21,51,87,3126,1558,29,12099,0.70,0.27,31295,446,372139,224548,1931
502,41,66,101,3142,1560,29,12099,0.70,0.27,31349,444,376877,225666,1934
503,44,63,109,3159,1569,29,12099,0.70,0.27,31376,460,382708,227473,1945
504,39,68,124,3176,1571,30,12138,0.70,0.27,31486,447,388820,228108,1947
505,47,75,137,3190,1572,30,12200,0.70,0.27,31502,446,392338,229150,1948
506,36,70,141,3201,1578,30,12232,0.70,0.27,31539,453,395774,230958,1954
507,34,53,128,3208,1586,30,12240,0.70,0.27,31598,458,397550,232730,1962
508,29,47,126,3224,1589,30,12240,0.70,0.27,31652,456,400374,233365,1965
509,33,47,125,3241,1591,30,12240,0.70,0.27,31711,449,403236,234509,1967
510,33,47,126,3258,1594,30,12261,0.70,0.27,31748,450,405935,235319,1970
511,25,49,118,3274,1598,30,12291,0.70,0.27,31810,451,411048,237046,1975
512,20,49,104,3291,1603,30,12332,0.69,0.28,31850,459,413801,237575,1982
513,21,41,108,3308,1605,30,12370,0.68,0.28,32049,438,417571,238072,1984
514,22,51,118,3324,1607,30,12401,0.68,0.28,32103,436,421936,238609,1986
515,31,57,123,3341,1610,30,12401,0.67,0.28,32137,439,425797,239402,1989
516,37,63,132,3358,1614,30,12401,0.67,0.28,32164,447,428602,240858,1993
517,45,66,141,3374,1616,30,12416,0.69,0.28,32198,448,431626,241335,1996
518,32,49,113,3379,1623,30,12416,0.69,0.28,32205,465,432634,242736,2005
519,44,48,114,3396,1626,30,12416,0.69,0.28,32232,470,435658,243760,2008
520,54,63,122,3412,1629,30,12432,0.69,0.28,32327,463,438034,244150,2011
521,34,63,136,3429,1632,30,12465,0.69,0.28,32345,466,441423,245761,2014
522,28,48,126,3446,1647,30,12473,0.69,0.28,32412,488,444313,248958,2029
523,27,50,121,3462,1650,30,12473,0.69,0.28,32500,480,447505,249341,2033
524,33,50,113,3479,1653,30,12473,0.69,0.28,32629,464,450554,250161,2037
525,30,52,118,3496,1662,30,12473,0.69,0.28,32651,478,452921,252359,2046
526,24,47,121,3512,1664,30,12473,0.69,0.28,32689,477,458333,253108,2049
527,19,34,119,3529,1668,30,12473,0.69,0.28,32779,473,460874,254206,2054
528,22,34,129,3546,1672,30,12473,0.69,0.28,32873,471,464828,254720,2059
529,21,34,130,3562,1674,30,12473,0.69,0.29,32873,476,470017,255504,2061
530,22,41,131,3579,1678,30,12473,0.69,0.29,32911,479,479524,257044,2066
531,32,59,135,3596,1680,30,12473,0.69,0.29,32979,473,485672,257258,2069
532,47,79,139,3607,1687,30,12514,0.69,0.29,33004,486,487584,259160,2076
533,68,88,139,3608,1688,30,12565,0.69,0.29,33036,482,487731,259350,2078
534,59,84,123,3609,1705,30,12607,0.69,0.29,33167,496,487879,263559,2099
535,67,76,123,3621,1717,30,12844,0.69,0.29,33303,499,493588,270094,2113
536,65,90,143,3644,1719,30,12860,0.68,0.29,33417,485,499962,270934,2115
537,13,68,138,3654,1732,30,12860,0.68,0.29,33486,501,503479,274623,2130
538,20,40,142,3664,1736,30,12867,0.68,0.29,33555,499,505720,275345,2134
539,17,48,144,3678,1739,30,12883,0.67,0.29,33665,488,511075,276437,2138
540,15,34,145,3681,1740,30,12883,0.67,0.29,33809,483,512059,276626,2139
541,4,19,140,3690,1747,30,12883,0.67,0.29,33942,488,515169,277957,2147
542,12,28,134,3707,1748,30,12883,0.66,0.29,33992,486,520522,278063,2148
543,22,35,115,3724,1749,31,12883,0.65,0.30,34075,477,525425,279302,2150
544,20,47,109,3741,1752,31,12890,0.67,0.30,34126,479,529922,279728,2153
545,27,51,111,3758,1754,31,12925,0.67,0.30,34174,477,538239,281030,2155
546,30,54,119,3775,1754,31,13020,0.67,0.30,34210,473,542589,282731,2155
547,28,62,120,3792,1758,31,13020,0.67,0.30,34224,481,549138,284079,2160
548,42,82,134,3810,1761,31,13020,0.67,0.30,34334,483,557703,284696,2164
549,61,104,146,3823,1762,31,13020,0.72,0.30,34357,482,560898,285931,2179
550,50,80,130,3829,1784,31,13037,0.72,0.30,34390,533,562213,290481,2205
551,50,73,142,3848,1786,31,13066,0.66,0.30,34515,523,568209,292344,2207
552,34,64,138,3863,1789,31,13117,0.66,0.30,34765,498,571611,293084,2210
553,30,57,146,3877,1792,31,13134,0.66,0.30,34936,490,574001,294319,2213
554,13,37,139,3885,1801,31,13154,0.66,0.30,35029,502,576862,296251,2222
555,24,49,146,3898,1802,31,13154,0.66,0.31,35188,490,579494,296394,2223
556,33,57,146,3900,1804,31,13154,0.66,0.31,35278,492,579977,297795,2225
557,34,85,136,3903,1817,31,13208,0.66,0.31,35305,519,580438,300790,2239
558,47,87,140,3914,1824,31,13213,0.67,0.31,35439,526,584203,302308,2247
559,59,78,147,3922,1825,31,13245,0.67,0.31,35789,499,585569,302520,2248
560,49,66,144,3922,1828,31,13262,0.67,0.31,35890,496,585569,304573,2251
561,33,41,147,3927,1829,31,13280,0.67,0.31,35890,498,586089,305143,2253
562,16,28,147,3935,1829,31,13280,0.67,0.31,35911,496,587310,305441,2253
563,10,26,142,3944,1832,31,13294,0.66,0.31,35925,500,590699,305768,2256
564,8,20,116,3954,1836,31,13294,0.66,0.31,35939,507,592941,306647,2260
565,17,30,102,3971,1838,31,13294,0.65,0.31,35994,504,597736,307096,2263
566,20,40,100,3989,1842,31,13294,0.65,0.32,36015,510,603457,308172,2267
567,28,49,100,4006,1843,31,13294,0.64,0.32,36058,508,606014,308394,2268
568,35,48,112,4023,1845,31,13301,0.65,0.32,36130,504,613037,308647,2271
569,39,56,120,4040,1851,31,13301,0.64,0.32,36158,514,616713,310915,2278
570,42,60,117,4057,1853,31,13366,0.66,0.32,36205,516,620013,312439,2280
571,60,85,132,4074,1854,31,13366,0.66,0.32,36481,503,624572,312750,2282
572,67,87,129,4091,1874,31,13439,0.66,0.32,36635,533,628748,318999,2306
573,71,82,126,4108,1892,32,13661,0.66,0.32,36859,544,632719,326035,2325
574,77,97,131,4126,1904,32,13781,0.66,0.32,37376,527,640598,327228,2341
575,90,115,139,4142,1912,32,13928,0.72,0.32,37681,507,644860,329920,2358
576,88,114,136,4155,1928,32,14106,0.72,0.32,37830,527,653329,335552,2377
577,77,102,129,4171,1950,32,14260,0.72,0.32,38002,559,661497,341637,2401
578,76,107,136,4188,1959,32,14310,0.72,0.33,38583,531,666009,345376,2410
579,75,98,142,4202,1964,32,14320,0.65,0.33,38964,519,671613,348244,2415
580,51,80,133,4210,1969,32,14374,0.65,0.33,39039,522,674265,350281,2420
581,34,72,148,4226,1970,32,14374,0.65,0.33,39092,518,681223,351130,2421
582,24,46,138,4228,1972,32,14374,0.65,0.33,39215,514,681442,351922,2423
583,24,42,132,4239,1974,32,14374,0.65,0.33,39431,510,686012,352211,2426
584,27,37,147,4256,1976,32,14374,0.65,0.33,39452,511,689491,352809,2429
585,22,33,143,4272,1985,32,14374,0.64,0.33,39495,527,694553,354246,2438
586,25,32,123,4289,1994,32,14374,0.65,0.33,39633,529,700995,355677,2447
587,24,39,116,4306,1999,33,14374,0.65,0.33,39684,533,705125,357118,2452
588,22,37,111,4323,2000,33,14478,0.65,0.33,39797,520,709657,358058,2453
589,29,40,114,4341,2004,33,14478,0.65,0.34,39895,516,716292,361543,2457
590,38,61,124,4358,2005,33,14478,0.65,0.34,40050,511,719400,361913,2458
591,49,79,134,4375,2012,33,14520,0.64,0.34,40233,518,722967,363863,2465
592,66,86,145,4390,2016,33,14536,0.64,0.34,40360,515,726294,365621,2469
593,75,95,143,4399,2023,33,14642,0.64,0.34,40472,523,730149,368838,2478
594,79,95,148,4411,2026,33,14642,0.64,0.34,40656,512,735042,370624,2482
595,87,105,142,4417,2034,33,14642,0.64,0.34,40684,531,737258,372876,2490
596,107,126,148,4429,2039,33,14721,0.64,0.34,40957,517,743130,374983,2495
597,109,125,143,4438,2053,33,14790,0.64,0.34,40990,554,748273,380405,2512
598,108,113,132,4445,2071,33,15006,0.64,0.34,41512,550,749361,385259,2531
599,107,119,137,4462,2082,33,15125,0.64,0.34,41887,549,754647,389382,2545
600,109,123,135,4477,2099,33,15324,0.64,0.34,42351,558,758852,394929,2565
601,103,112,129,4494,2122,34,15406,0.64,0.35,42788,576,765863,403465,2593
602,115,130,142,4512,2127,34,15827,0.64,0.35,43022,567,770402,406275,2599
603,125,136,148,4524,2133,34,16334,0.64,0.35,43209,564,773145,411279,2605
604,110,138,153,4546,2150,34,16534,0.63,0.35,43265,602,776418,421176,2622
605,31,98,153,4550,2152,34,16534,0.62,0.35,43462,594,776872,421770,2624
606,1,81,150,4554,2153,34,16534,0.62,0.35,44454,552,777772,421888,2625
607,50,116,146,4554,2157,34,16534,0.62,0.35,44468,558,777772,424408,2635
608,31,98,119,4555,2185,34,16582,0.72,0.35,44591,593,777972,430793,2713
609,26,96,113,4556,2192,34,16776,0.72,0.35,44941,576,778221,432694,2732
610,25,84,109,4568,2208,34,16792,0.72,0.35,45251,604,781098,436783,2772
611,24,68,117,4581,2212,34,16792,0.62,0.35,45450,598,784202,438686,2782
612,24,42,128,4598,2216,35,16792,0.61,0.35,45958,573,790319,440870,2790
613,13,28,137,4615,2221,35,16792,0.60,0.35,45965,587,794409,441380,2802
614,15,34,139,4631,2223,35,16803,0.62,0.35,46035,584,797972,442393,2806
615,19,32,128,4648,2227,35,16803,0.63,0.36,46071,591,802460,443962,2816
616,19,31,113,4665,2230,35,16977,0.62,0.36,46093,595,806786,445813,2826
617,19,40,103,4681,2236,35,16977,0.62,0.36,46252,589,810981,448643,2838
618,28,58,114,4698,2242,35,17003,0.62,0.36,46383,584,813866,450636,2852
619,34,75,125,4715,2248,35,17023,0.62,0.36,46429,589,820618,453104,2864
620,33,74,125,4731,2264,35,17023,0.62,0.36,46486,616,823910,458184,2906
621,52,87,127,4748,2279,35,17069,0.62,0.36,46681,624,827818,461634,2946
622,72,106,135,4764,2287,35,17126,0.62,0.36,46810,624,832232,463717,2962
623,71,105,134,4775,2299,35,17181,0.62,0.36,46939,634,835995,466410,2990
624,68,99,130,4784,2312,35,17198,0.62,0.36,46984,657,842992,472440,3018
625,84,104,137,4797,2318,35,17276,0.62,0.36,47088,656,846305,474895,3034
626,79,107,126,4811,2343,35,17422,0.62,0.36,47307,683,850590,481211,3092
627,62,108,122,4812,2348,35,17485,0.62,0.36,47678,644,850904,485106,3104
628,44,94,118,4818,2358,35,17588,0.62,0.36,47834,646,851881,487134,3128
629,33,62,128,4831,2361,35,17588,0.59,0.36,48001,633,855283,487837,3134
630,28,45,141,4847,2364,35,17588,0.60,0.36,48044,636,859486,488618,3142
631,23,41,148,4859,2369,35,17588,0.60,0.36,48094,639,862766,490656,3152
632,16,43,151,4865,2370,35,17588,0.60,0.37,48123,638,864359,492387,3154
633,13,35,142,4871,2374,35,17588,0.61,0.37,48188,639,865786,493095,3166
634,14,33,120,4885,2376,35,17588,0.62,0.37,48188,643,868955,493726,3172
635,17,33,105,4902,2381,35,17606,0.62,0.37,48231,652,873587,495202,3182
636,20,38,98,4919,2385,35,17606,0.62,0.37,48335,650,877437,496096,3192
637,25,46,104,4935,2389,35,17606,0.62,0.37,48436,648,882115,497120,3198
638,37,56,107,4952,2390,35,17606,0.62,0.37,48458,648,886697,498876,3199
639,36,67,113,4969,2397,35,17622,0.62,0.37,48537,655,890967,500599,3207
640,55,78,127,4985,2399,35,17653,0.62,0.37,48573,654,894251,502287,3217
641,63,96,141,5002,2401,35,17714,0.62,0.37,48617,652,897924,502504,3220
642,62,86,133,5016,2408,35,17792,0.62,0.37,48682,661,901497,505591,3227
643,44,61,130,5033,2414,35,17835,0.61,0.37,48754,666,906151,507655,3235
644,43,59,139,5050,2416,35,17917,0.61,0.37,48897,653,913039,508556,3237
645,32,58,145,5067,2424,35,17947,0.61,0.37,48934,667,916608,511287,3245
646,18,52,149,5083,2430,36,17984,0.61,0.37,49158,653,924471,514328,3252
647,27,43,144,5087,2436,36,17993,0.60,0.37,49255,651,925200,517248,3258
648,28,53,144,5098,2445,36,18236,0.60,0.37,49461,646,927291,524520,3267
649,34,61,146,5107,2450,36,18396,0.60,0.38,49592,640,930120,526960,3283
650,31,69,141,5114,2462,36,18485,0.72,0.38,50088,652,931955,531865,3310
651,35,78,138,5123,2474,36,18500,0.72,0.38,50322,649,934812,536391,3326
652,40,84,149,5140,2480,36,18543,0.72,0.38,50421,653,939486,537664,3333
653,41,59,153,5153,2481,36,18543,0.59,0.38,50452,651,945842,538951,3334
654,30,51,145,5169,2482,36,18543,0.59,0.38,50461,653,949540,541734,3335
655,33,45,137,5186,2486,36,18543,0.60,0.38,50595,647,956236,544214,3339
656,24,42,143,5203,2492,36,18601,0.60,0.38,50904,624,960135,545797,3346
657,31,53,152,5218,2494,36,18601,0.60,0.38,51054,611,967306,547869,3348
658,37,55,152,5223,2499,36,18634,0.60,0.38,51076,620,969375,550410,3354
659,35,67,150,5229,2507,36,18685,0.60,0.38,51202,624,971724,554147,3362
660,58,91,153,5238,2513,36,18720,0.60,0.38,51224,635,974524,555877,3368
661,67,89,153,5240,2515,36,18799,0.59,0.38,51387,619,974982,556653,3370
662,7,57,148,5241,2521,36,18835,0.59,0.38,51482,621,975326,558977,3376
663,9,46,145,5251,2534,36,18835,0.67,0.38,51548,648,977202,562945,3390
664,9,28,152,5264,2540,36,18835,0.67,0.38,51677,647,980606,563598,3396
665,6,21,149,5274,2545,36,18835,0.67,0.39,51715,656,987919,564795,3401
666,18,22,154,5285,2545,36,18877,0.60,0.39,51748,651,992942,566409,3401
667,16,25,138,5298,2546,36,18877,0.60,0.39,51833,642,997434,567837,3402
668,19,38,104,5314,2549,36,18905,0.60,0.39,51833,648,1002040,568981,3405
669,20,36,90,5331,2554,36,18914,0.59,0.39,51879,651,1009032,570350,3411
670,22,42,99,5348,2558,36,18914,0.59,0.39,51937,651,1013404,571589,3415
671,30,57,96,5365,2569,36,18914,0.59,0.39,52017,662,1017366,574717,3427
672,43,82,109,5381,2572,36,18976,0.59,0.39,52129,650,1025920,576727,3431
673,60,99,121,5398,2577,36,19074,0.59,0.39,52197,652,1031379,579110,3436
674,81,118,136,5415,2579,36,19318,0.59,0.39,52232,650,1038216,579880,3439
675,87,110,137,5425,2588,36,19392,0.59,0.39,52244,666,1043107,584600,3448
676,76,94,138,5441,2601,36,19426,0.58,0.39,52341,677,1048121,588465,3462
677,78,98,149,5458,2602,37,19459,0.58,0.39,52503,654,1053746,589452,3463
678,77,98,133,5466,2625,37,19469,0.58,0.39,52568,690,1057193,596918,3490
679,82,101,134,5478,2636,37,19585,0.58,0.39,52810,673,1062956,602336,3502
680,49,68,132,5495,2655,37,19585,0.58,0.39,52963,699,1066939,605008,3527
681,38,59,147,5512,2657,37,19602,0.58,0.39,53022,693,1077195,607697,3529
682,35,51,154,5521,2658,37,19602,0.58,0.40,53034,694,1080243,608830,3530
683,18,35,142,5530,2661,37,19637,0.58,0.40,53268,669,1083519,610774,3533
684,22,37,144,5547,2662,37,19637,0.58,0.40,53327,664,1087812,611246,3534
685,20,32,140,5564,2666,37,19637,0.58,0.40,53409,664,1092336,612733,3539
686,11,29,124,5580,2668,37,19637,0.58,0.40,53490,659,1096284,612811,3542
687,18,33,131,5597,2669,37,19637,0.58,0.40,53515,659,1101089,613275,3543
688,26,42,124,5614,2670,37,19637,0.68,0.40,53537,659,1105869,613763,3544
689,6,31,118,5630,2674,37,19637,0.68,0.40,53545,666,1110145,616201,3550
690,5,36,105,5647,2675,37,19637,0.58,0.40,53609,659,1115271,616785,3552
691,17,56,121,5664,2676,37,19637,0.58,0.40,53624,660,1120969,616980,3553
692,56,103,137,5682,2678,37,19670,0.68,0.40,53624,665,1127910,617657,3555
693,103,120,139,5686,2680,37,19687,0.68,0.40,53659,666,1129340,622628,3557
694,94,105,126,5687,2694,37,19720,0.68,0.40,53732,694,1129715,627399,3572
695,73,100,134,5700,2699,37,19720,0.59,0.40,53880,689,1133596,629700,3579
696,39,73,147,5717,2703,37,19720,0.59,0.40,54037,680,1139416,631456,3583
697,21,40,154,5726,2705,37,19720,0.59,0.40,54126,674,1142937,633490,3585
698,18,34,156,5731,2706,37,19754,0.59,0.41,54207,671,1144450,633819,3587
699,12,26,145,5736,2706,37,19754,0.59,0.41,54307,661,1145399,634132,3587
700,12,19,130,5752,2708,37,19754,0.59,0.41,54307,667,1151245,634862,3590
701,13,24,99,5769,2711,37,19754,0.59,0.41,54338,670,1155504,635929,3594
702,15,35,91,5786,2713,37,19754,0.58,0.41,54347,673,1159952,637404,3596
703,22,46,93,5803,2717,37,19771,0.58,0.41,54347,684,1164848,640360,3601
704,18,42,89,5819,2724,37,19771,0.58,0.41,54495,684,1168423,642966,3611
705,16,45,91,5836,2729,37,19771,0.69,0.41,54673,673,1172791,645405,3618
706,23,41,98,5853,2734,37,19771,0.69,0.41,54752,672,1177532,647203,3623
707,26,40,103,5870,2739,37,19771,0.56,0.41,54789,677,1182103,649138,3628
708,24,54,114,5886,2744,37,19771,0.55,0.41,54971,665,1187490,650236,3634
709,14,76,123,5903,2752,38,19804,0.55,0.41,56863,676,1198093,651431,3642
710,34,91,133,5920,2759,38,19821,0.55,0.41,56967,672,1205057,653117,3650
711,60,100,142,5937,2761,38,19838,0.56,0.41,57001,670,1212888,655258,3652
712,63,87,148,5953,2763,38,19850,0.56,0.41,57039,668,1217441,656152,3654
713,67,104,157,5963,2764,38,19922,0.56,0.41,57080,665,1223144,658830,3655
714,52,95,135,5964,2787,38,20067,0.56,0.41,57123,707,1223539,664991,3681
715,47,106,135,5975,2798,38,20172,0.56,0.42,57376,688,1227786,668841,3694
716,47,108,136,5992,2813,38,20292,0.56,0.42,57539,699,1233961,671516,3710
717,80,123,146,6005,2816,38,20487,0.56,0.42,57632,692,1239169,673832,3714
718,94,125,144,6012,2825,38,20622,0.56,0.42,57770,698,1241760,677488,3725
719,91,120,140,6023,2840,38,20850,0.56,0.42,57876,719,1247252,682881,3741
720,99,130,146,6033,2844,38,21054,0.56,0.42,57935,720,1251658,685269,3745
721,100,131,147,6043,2853,38,21193,0.56,0.42,58035,725,1257312,689842,3756
722,90,121,139,6051,2869,38,21406,0.56,0.42,58080,758,1262891,694399,3773
723,93,132,144,6056,2869,38,21605,0.56,0.42,58193,744,1265717,695402,3773
724,86,128,141,6065,2881,38,21759,0.55,0.42,58342,753,1268754,700795,3787
725,84,124,137,6068,2888,38,21958,0.55,0.42,58424,760,1270216,706973,3794
726,72,118,133,6083,2907,38,22200,0.55,0.42,58451,803,1278160,714460,3813
727,72,127,140,6099,2916,38,22429,0.55,0.42,58530,821,1286162,717445,3824
728,78,129,140,6105,2922,38,22613,0.55,0.42,58704,814,1287390,720832,3830
729,72,124,141,6113,2929,38,22664,0.56,0.42,58819,814,1293752,726388,3850
730,75,123,142,6121,2934,38,22700,0.55,0.42,59256,771,1301163,728415,3855
731,83,120,151,6134,2937,38,22700,0.55,0.43,59392,763,1304462,730267,3858
732,73,105,150,6142,2946,38,22737,0.55,0.43,59503,776,1306406,733444,3869
733,40,74,153,6152,2953,39,22812,0.56,0.43,59701,771,1309598,735417,3877
734,23,38,158,6163,2954,39,22812,0.56,0.43,59807,761,1315638,735768,3878
735,7,30,159,6165,2954,39,22812,0.56,0.43,59807,761,1316250,735887,3878
736,10,32,157,6174,2955,39,22812,0.56,0.43,59807,763,1319833,738339,3879
737,11,31,157,6176,2957,39,22812,0.56,0.43,59807,768,1320922,738775,3881
738,4,16,141,6186,2959,39,22812,0.57,0.43,59846,768,1324803,739183,3883
739,2,38,131,6203,2959,39,22812,0.57,0.43,59858,766,1331756,739183,3883
740,13,62,146,6220,2960,39,22812,0.57,0.43,59858,768,1341400,739785,3884
741,53,99,155,6233,2964,39,22812,0.56,0.43,59870,778,1347538,742010,3889
742,71,98,144,6238,2980,39,22812,0.56,0.43,60025,802,1350511,749102,3908
743,64,85,138,6251,2999,39,22900,0.56,0.43,60330,804,1355235,755732,3928
744,76,104,151,6267,3002,39,23013,0.56,0.43,60613,769,1365736,758661,3931
745,40,82,147,6276,3015,39,23047,0.56,0.43,60692,796,1370626,763113,3946
746,61,94,157,6289,3018,39,23058,0.56,0.43,60952,769,1385213,767109,3949
747,70,99,152,6292,3026,39,23164,0.56,0.44,61029,778,1386590,769588,3957
748,80,100,153,6300,3033,39,23404,0.56,0.44,61127,778,1389610,774059,3964
749,95,109,154,6307,3039,39,23654,0.56,0.44,61222,780,1399991,778730,3970
750,107,109,154,6313,3045,39,23654,0.56,0.44,61253,794,1402981,785100,3979
751,87,99,153,6319,3052,39,24004,0.56,0.44,61336,805,1404619,791331,3987
752,53,86,154,6326,3058,39,24033,0.56,0.44,61523,796,1408950,793883,3994
753,6,23,156,6333,3060,39,24033,0.55,0.44,61682,783,1417021,795135,3996
754,2,15,152,6341,3061,39,24033,0.55,0.44,61731,778,1420818,795537,3997
755,9,19,145,6353,3062,39,24033,0.55,0.44,61756,776,1424859,795857,3998
756,16,34,144,6370,3063,39,24033,0.54,0.44,61779,775,1432364,796973,3999
757,22,47,137,6387,3066,39,24043,0.55,0.44,61779,781,1440564,797790,4002
758,31,52,130,6403,3067,39,24043,0.55,0.44,61816,778,1447665,799219,4003
759,35,75,131,6420,3068,39,24060,0.72,0.44,61839,778,1459754,801187,4004
760,47,88,137,6437,3077,39,24108,0.72,0.44,61908,796,1467423,806250,4016
761,77,99,143,6454,3080,39,24156,0.72,0.44,61998,790,1480375,807350,4020
762,52,93,128,6470,3084,39,24176,0.55,0.44,62060,793,1494990,810483,4025
763,47,75,138,6487,3085,39,24296,0.55,0.45,62067,795,1503256,814145,4026
764,53,89,152,6504,3087,39,24326,0.55,0.45,62197,787,1514515,822215,4029
765,64,102,154,6513,3094,39,24341,0.55,0.45,62258,802,1521621,827205,4043
766,79,95,158,6520,3097,39,24374,0.55,0.45,62517,788,1524260,834930,4047
767,48,58,154,6523,3104,39,24636,0.55,0.45,62590,799,1525045,837276,4055
768,27,40,151,6530,3108,39,24636,0.55,0.45,62641,806,1529363,837807,4059
769,19,34,155,6540,3110,39,24636,0.55,0.45,62769,798,1535208,838488,4061
770,12,23,140,6546,3111,39,24636,0.54,0.45,62792,798,1539241,839624,4063
771,18,23,128,6563,3112,39,24636,0.54,0.45,62869,791,1549499,840060,4064
772,22,31,121,6580,3112,39,24667,0.55,0.45,62869,791,1558407,841616,4064
773,29,44,111,6597,3116,39,24667,0.54,0.45,62900,797,1566572,845135,4068
774,40,65,126,6613,3117,39,24701,0.72,0.45,62960,790,1574604,845856,4085
775,65,75,137,6630,3123,39,24767,0.72,0.45,62973,800,1586992,848155,4093
776,65,77,147,6647,3130,39,24798,0.72,0.45,63048,804,1595426,853543,4101
777,48,76,148,6664,3135,39,24871,0.52,0.45,63165,803,1604765,857198,4106
778,48,74,150,6681,3138,39,24888,0.52,0.45,63295,795,1610864,863290,4110
779,44,64,148,6697,3143,39,25002,0.51,0.46,63316,807,1617647,867840,4116
780,58,81,152,6714,3145,39,25002,0.51,0.46,63372,804,1625669,868669,4118
781,65,89,152,6724,3155,40,25035,0.51,0.46,63532,805,1630511,872734,4130
782,52,91,155,6734,3162,40,25035,0.51,0.46,63625,805,1635600,876450,4138
783,38,79,160,6741,3164,40,25063,0.52,0.46,63650,806,1637838,877674,4140
784,39,63,159,6745,3167,40,25136,0.52,0.46,63755,797,1639780,879230,4143
785,29,74,159,6759,3168,40,25136,0.53,0.46,63802,793,1648827,883570,4144
786,44,88,158,6763,3173,40,25170,0.53,0.46,63836,801,1652035,888066,4151
787,45,87,155,6768,3181,40,25219,0.53,0.46,63952,807,1653786,890510,4160
788,21,66,162,6777,3182,40,25219,0.53,0.46,64063,797,1657344,891788,4162
789,12,47,160,6788,3186,40,25239,0.53,0.46,64098,801,1663587,893427,4167
790,9,26,158,6794,3191,40,25265,0.53,0.46,64164,802,1666620,896734,4172
791,13,31,151,6806,3192,40,25265,0.53,0.46,64174,804,1671979,897286,4173
792,22,49,158,6823,3194,40,25265,0.53,0.46,66333,797,1677851,897622,4175
793,25,53,154,6828,3203,40,25281,0.53,0.46,66361,812,1680162,900118,4184
794,26,51,159,6837,3207,40,25312,0.53,0.46,66497,798,1683437,902825,4188
795,17,49,162,6848,3209,40,25338,0.53,0.47,66511,801,1687225,903792,4190
796,20,52,154,6856,3209,40,25338,0.52,0.47,66539,797,1690047,904540,4190
797,25,70,163,6868,3210,40,25360,0.72,0.47,66586,795,1696974,905302,4191
798,27,66,153,6869,3220,40,25469,0.72,0.47,66636,812,1697220,908295,4203
799,21,60,159,6881,3226,40,25487,0.72,0.47,66636,824,1701654,911596,4209
800,14,39,160,6885,3229,40,25522,0.51,0.47,66717,819,1702840,912930,4213
801,36,67,162,6890,3230,41,25540,0.51,0.47,68828,816,1704475,913439,4214
802,50,79,162,6894,3233,41,25540,0.51,0.47,68828,822,1705519,915249,4218
803,44,72,162,6902,3240,41,25622,0.52,0.47,68884,830,1707713,917779,4227
804,22,44,158,6915,3241,41,25622,0.52,0.47,68955,824,1712679,918389,4228
805,19,38,154,6932,3250,41,25643,0.50,0.47,69016,834,1723902,921256,4238
806,22,36,148,6949,3255,41,25783,0.50,0.47,69016,849,1733044,923865,4244
807,27,48,163,6966,3256,41,25783,0.50,0.47,69246,819,1745469,926448,4245
808,33,51,163,6967,3257,41,25783,0.51,0.47,69277,819,1745889,929759,4247
809,37,51,159,6970,3264,41,25816,0.51,0.47,69325,832,1747409,932372,4264
810,32,58,155,6977,3275,41,25881,0.51,0.48,69488,849,1750455,936289,4277
811,40,56,163,6990,3277,41,25976,0.50,0.48,69589,840,1757307,938754,4280
812,36,66,154,6999,3279,41,26093,0.50,0.48,69775,824,1765545,941543,4283
813,41,78,163,7015,3285,41,26187,0.50,0.48,69806,838,1777567,943536,4291
814,52,78,161,7019,3289,41,26327,0.49,0.48,69861,839,1779106,945209,4297
815,34,74,140,7030,3293,41,26327,0.50,0.48,69966,836,1785280,947196,4302
816,24,66,137,7047,3293,41,26345,0.50,0.48,70071,822,1793032,948079,4302
817,17,47,146,7064,3296,41,26345,0.50,0.48,70111,824,1799373,949738,4306
818,22,50,158,7080,3296,41,26345,0.50,0.48,70150,819,1809446,950342,4306
819,19,47,149,7095,3298,41,26345,0.51,0.48,70150,823,1818262,951527,4308
820,16,65,158,7112,3304,41,26345,0.51,0.48,70214,828,1827120,954460,4314
821,43,75,164,7120,3306,41,26345,0.51,0.48,70296,823,1831088,954947,4316
822,60,82,165,7123,3307,41,26361,0.51,0.48,70328,821,1832240,956667,4317
823,59,84,161,7127,3315,41,26460,0.51,0.48,70369,831,1833537,964234,4326
824,57,83,152,7131,3328,41,26622,0.51,0.48,70415,850,1834589,969674,4339
825,54,96,158,7147,3338,41,26812,0.51,0.48,70695,838,1842137,972207,4349
826,72,102,162,7154,3341,41,27034,0.51,0.49,70750,839,1846281,974809,4352
827,80,102,164,7161,3346,41,27260,0.51,0.49,70829,842,1848670,978478,4358
828,87,102,164,7163,3348,41,27612,0.51,0.49,70925,834,1849326,984215,4360
829,85,100,156,7168,3361,41,27981,0.51,0.49,71075,850,1851283,992047,4374
830,79,95,153,7178,3374,41,28315,0.51,0.49,71330,850,1858098,998158,4391
831,78,105,162,7192,3379,41,28715,0.51,0.49,71492,844,1863817,1001474,4396
832,71,102,161,7198,3386,42,28879,0.50,0.49,71621,850,1866453,1007989,4403
833,53,88,152,7205,3402,42,28914,0.50,0.49,71687,881,1868591,1011943,4423
834,39,92,159,7222,3412,42,29020,0.50,0.49,72010,869,1880644,1017301,4435
835,42,78,157,7231,3423,42,29074,0.49,0.49,72264,871,1884687,1022876,4453
836,44,69,162,7245,3431,42,29170,0.49,0.49,72528,859,1895143,1030539,4463
837,44,68,161,7251,3438,42,29209,0.49,0.49,72738,850,1896750,1034403,4472
838,48,78,161,7258,3445,42,29209,0.49,0.49,72913,849,1902229,1040709,4482
839,43,73,153,7264,3459,42,29314,0.49,0.50,73226,852,1906215,1050439,4501
840,28,59,165,7279,3462,42,29439,0.48,0.50,73424,841,1916752,1054655,4505
841,30,44,161,7289,3467,42,29439,0.48,0.50,73750,814,1927574,1060407,4510
842,35,45,159,7306,3469,42,29475,0.48,0.50,73981,797,1936104,1064610,4513
843,31,50,161,7324,3472,42,29475,0.48,0.50,73981,806,1958308,1069141,4517
844,33,59,156,7341,3472,42,29475,0.69,0.50,74163,797,1971682,1074051,4517
845,33,52,142,7358,3474,42,29650,0.69,0.50,74297,795,1985400,1079387,4519
846,32,65,135,7376,3475,42,29650,0.69,0.50,74342,791,2003720,1081667,4520
847,22,62,132,7393,3483,42,29725,0.50,0.50,74446,804,2011970,1085020,4530
848,25,46,133,7410,3488,42,29753,0.50,0.50,74513,807,2023107,1086926,4535
849,22,43,131,7428,3493,42,29753,0.50,0.50,74800,795,2031131,1091210,4540
850,24,51,126,7445,3499,42,29753,0.50,0.51,74922,793,2039289,1095334,4548
851,25,44,131,7462,3505,42,29781,0.50,0.51,75239,779,2055270,1098639,4556
852,21,48,139,7479,3506,42,29790,0.50,0.51,75387,764,2068395,1102636,4557
853,23,49,129,7497,3508,42,29799,0.50,0.51,75499,763,2081756,1105321,4559
854,25,49,127,7514,3515,42,29853,0.50,0.51,75515,778,2088633,1111394,4568
855,25,64,129,7531,3519,42,29893,0.50,0.51,75696,780,2095686,1114022,4573
856,48,84,145,7549,3521,43,29910,0.50,0.51,76045,765,2105324,1119022,4576
857,54,93,150,7566,3533,43,30038,0.49,0.51,76161,783,2113317,1125820,4593
858,49,92,162,7583,3538,43,30051,0.49,0.51,76346,778,2126109,1129808,4600
859,44,73,166,7591,3541,43,30092,0.48,0.51,76403,778,2134003,1133985,4603
860,22,55,160,7604,3545,43,30092,0.48,0.52,76618,773,2140991,1137928,4608
861,21,45,163,7621,3549,43,30092,0.47,0.52,76699,772,2147312,1140127,4615
862,21,44,164,7638,3554,43,30146,0.46,0.52,76767,778,2156876,1144646,4623
863,24,48,165,7650,3560,43,30174,0.46,0.52,76943,774,2165180,1148955,4633
864,26,53,166,7653,3562,43,30174,0.47,0.52,77286,765,2166215,1154279,4636
865,26,68,167,7660,3568,43,30196,0.47,0.52,77449,775,2171151,1159141,4656
866,30,69,161,7667,3581,43,30293,0.46,0.52,77726,790,2173719,1165712,4672
867,25,57,162,7684,3588,43,30373,0.46,0.52,78051,784,2186580,1172130,4681
868,32,59,151,7701,3593,43,30373,0.48,0.52,78405,780,2197061,1176350,4688
869,32,62,136,7718,3600,43,30373,0.49,0.52,78721,786,2205702,1180995,4696
870,36,82,151,7736,3602,43,30373,0.49,0.53,79037,763,2224904,1185705,4698
871,41,86,149,7753,3621,43,30388,0.72,0.53,79256,798,2237367,1195676,4729
872,40,92,149,7771,3639,43,30397,0.72,0.53,79638,813,2248050,1204915,4748
873,53,86,154,7790,3652,44,30450,0.72,0.53,80311,798,2261464,1210818,4763
874,42,79,155,7809,3659,44,30459,0.50,0.53,80805,787,2271701,1216649,4771
875,41,93,149,7827,3665,44,30532,0.50,0.53,81275,777,2286585,1223875,4777
876,72,109,158,7844,3672,44,30532,0.50,0.53,81639,774,2294677,1230184,4787
877,79,107,162,7861,3678,44,30585,0.50,0.53,81704,784,2311877,1237851,4794
878,74,87,166,7871,3681,44,30585,0.50,0.53,81962,778,2316982,1241809,4797
879,44,74,166,7884,3685,44,30650,0.50,0.53,82100,781,2325943,1246684,4801
880,60,97,163,7890,3694,44,30759,0.50,0.54,82461,783,2332995,1254322,4814
881,71,100,158,7899,3708,44,30801,0.50,0.54,82854,791,2342007,1262567,4834
882,59,76,161,7916,3718,44,30818,0.49,0.54,83090,803,2353335,1267619,4846
883,48,62,150,7932,3724,44,30818,0.48,0.54,83274,805,2372186,1272476,4853
884,32,63,149,7952,3732,44,30880,0.48,0.54,83741,795,2383860,1278989,4865
885,25,58,160,7969,3735,44,30892,0.48,0.54,84252,777,2394304,1283461,4869
886,35,79,160,7978,3744,44,30892,0.48,0.54,84463,780,2399896,1290584,4883
887,48,85,160,7989,3755,45,30929,0.48,0.54,84733,789,2406174,1294288,4896
888,60,95,168,8000,3758,45,31000,0.48,0.54,85056,776,2423488,1300525,4901
889,55,81,156,8003,3772,45,31000,0.47,0.54,85468,786,2424225,1306318,4919
890,49,80,151,8020,3779,45,31129,0.47,0.54,85685,786,2436652,1317234,4928
891,49,90,148,8043,3789,45,31129,0.47,0.55,86064,777,2444405,1326163,4942
892,45,66,138,8063,3802,45,31129,0.45,0.55,86202,799,2453184,1334846,4963
893,30,68,142,8080,3807,45,31129,0.45,0.55,86455,795,2464842,1338738,4969
894,29,52,139,8097,3814,45,31129,0.45,0.55,86974,782,2482997,1344563,4977
895,31,61,143,8115,3821,45,31129,0.44,0.55,87308,784,2500700,1349022,4989
896,43,74,148,8132,3833,45,31129,0.44,0.55,87567,791,2510801,1355085,5011
897,57,91,156,8149,3842,45,31129,0.44,0.55,87803,786,2518948,1359406,5023
898,46,65,151,8167,3847,45,31188,0.44,0.55,87977,779,2541042,1365693,5031
899,31,50,137,8186,3857,45,31234,0.44,0.55,88035,797,2552125,1373101,5046
900,35,58,151,8203,3858,45,31264,0.44,0.55,88422,776,2567034,1376406,5047
901,49,76,159,8221,3863,45,31264,0.44,0.56,88685,773,2586565,1381880,5056
902,72,99,166,8234,3868,45,31264,0.44,0.56,88860,767,2611576,1387935,5064
903,65,99,158,8242,3884,45,31351,0.44,0.56,88934,798,2615142,1397947,5084
904,73,103,168,8258,3890,46,31403,0.44,0.56,89426,774,2626939,1408593,5091
905,66,98,168,8272,3901,46,31403,0.44,0.56,89626,791,2635498,1417711,5116
906,84,115,157,8287,3914,46,31533,0.44,0.56,90206,799,2641780,1427527,5152
907,72,111,149,8303,3938,46,31600,0.72,0.56,90791,809,2655867,1440211,5214
908,79,121,161,8320,3943,46,31621,0.72,0.56,91472,779,2677889,1447287,5228
909,83,115,164,8332,3952,46,31724,0.72,0.56,91513,787,2684685,1459943,5250
910,69,103,167,8341,3958,46,31734,0.44,0.56,91764,784,2691759,1469214,5266
911,37,96,168,8346,3962,46,31784,0.43,0.56,92122,774,2693874,1473442,5276
912,29,96,162,8349,3971,46,31822,0.72,0.56,92297,792,2695022,1477218,5296
913,32,119,168,8359,3975,46,31838,0.72,0.56,92976,778,2708303,1481702,5306
914,42,111,163,8365,3986,46,31838,0.72,0.57,93238,796,2711525,1485493,5332
915,41,83,168,8380,3991,46,31838,0.72,0.57,93632,782,2719874,1491048,5348
916,27,66,167,8395,3996,46,31857,0.43,0.57,93712,788,2729656,1497382,5360
917,25,63,168,8407,3999,46,31876,0.44,0.57,94012,777,2742544,1501881,5370
918,21,42,166,8421,4006,46,31876,0.44,0.57,94054,787,2747797,1507011,5390
919,19,39,169,8430,4009,47,31876,0.44,0.57,94143,783,2752995,1510015,5398
920,8,26,154,8442,4019,47,31876,0.44,0.57,94164,804,2763560,1513537,5426
921,12,35,123,8459,4021,47,31876,0.44,0.57,94270,793,2777558,1516709,5432
922,15,44,118,8476,4025,47,31887,0.43,0.57,94327,794,2787971,1520689,5442
923,23,46,111,8493,4028,47,31941,0.43,0.57,94424,788,2799776,1525483,5452
924,24,42,97,8510,4037,47,31941,0.44,0.57,94456,808,2816624,1532062,5472
925,42,48,104,8526,4044,47,32027,0.44,0.57,94503,818,2825970,1535798,5490
926,36,57,93,8543,4053,47,32027,0.72,0.57,94798,806,2840342,1545008,5514
927,57,71,104,8560,4059,47,32027,0.72,0.57,94991,796,2852406,1552542,5526
928,64,74,109,8577,4070,47,32062,0.72,0.57,95109,811,2862609,1563354,5548
929,48,63,108,8594,4087,47,32136,0.72,0.58,95257,832,2874048,1574301,5584
930,28,54,113,8611,4096,47,32136,0.44,0.58,95555,815,2891125,1578859,5606
931,29,60,118,8627,4102,47,32234,0.43,0.58,95683,812,2903130,1584522,5622
932,35,69,123,8644,4114,47,32246,0.43,0.58,95896,812,2916144,1591372,5660
933,42,82,132,8661,4122,47,32279,0.43,0.58,96108,805,2926465,1595391,5680
934,64,97,142,8678,4129,47,32412,0.43,0.58,96276,798,2933672,1600546,5696
935,50,89,147,8695,4138,47,32463,0.43,0.58,96360,807,2946228,1606242,5718
936,35,79,148,8712,4146,47,32534,0.42,0.58,96512,805,2959449,1609546,5730
937,42,83,159,8728,4151,47,32534,0.42,0.58,96663,795,2969000,1619062,5737
938,30,70,168,8742,4156,47,32563,0.41,0.58,96760,793,2979877,1624795,5746
939,40,87,161,8747,4168,47,32598,0.41,0.58,96896,800,2984572,1632443,5766
940,39,95,158,8762,4186,47,32645,0.41,0.58,97085,815,2996931,1640028,5789
941,45,100,165,8779,4192,47,32677,0.41,0.58,97278,801,3013547,1645078,5799
942,31,87,171,8791,4195,47,32677,0.41,0.58,97364,798,3022220,1648457,5805
943,25,71,172,8800,4196,47,32720,0.41,0.58,97459,790,3027373,1653916,5807
944,18,50,169,8809,4198,47,32720,0.41,0.59,97527,788,3033454,1657763,5809
945,9,56,196,8847,4204,47,32764,0.41,0.59,97561,801,3061281,1662480,5817
946,54,61,195,8847,4205,47,32764,0.40,0.59,97654,793,3061281,1665737,5818
947,47,70,183,8847,4217,47,32851,0.41,0.59,97741,819,3061281,1681624,5835
948,44,62,166,8847,4234,47,32895,0.41,0.59,98089,828,3061281,1693300,5858
949,39,76,159,8855,4249,47,32895,0.41,0.59,98469,824,3069074,1700516,5880
950,30,87,170,8869,4252,47,32895,0.41,0.59,98720,802,3079104,1705187,5885
951,37,102,167,8874,4260,47,32895,0.41,0.59,98861,802,3081085,1709936,5897
952,40,113,171,8883,4265,47,32966,0.41,0.59,98951,802,3089990,1715264,5903
953,35,113,161,8886,4278,47,33004,0.72,0.59,99048,823,3091096,1720885,5924
954,48,126,169,8901,4285,48,33004,0.72,0.59,99273,813,3099778,1726223,5931
955,61,128,170,8909,4292,48,33110,0.72,0.59,99395,815,3104822,1732299,5940
956,36,108,163,8917,4306,48,33127,0.72,0.59,99655,821,3108393,1739016,5955
957,44,128,169,8932,4313,48,33194,0.72,0.59,99803,820,3116818,1743965,5963
958,54,120,163,8941,4327,48,33378,0.72,0.59,99907,837,3124965,1753598,5982
959,27,80,169,8956,4331,48,33554,0.42,0.60,100011,835,3136508,1761194,5986
960,26,51,166,8962,4334,48,33554,0.42,0.60,100201,821,3149350,1765025,5989
961,17,32,157,8971,4339,48,33554,0.42,0.60,100294,824,3155901,1767844,5995
962,18,38,171,8987,4340,48,33554,0.42,0.60,100335,823,3167686,1770657,5997
963,32,45,171,8990,4341,48,33607,0.72,0.60,100449,811,3170411,1776887,6007
964,29,46,164,8997,4355,48,33607,0.72,0.60,100573,828,3175575,1785477,6025
965,33,66,172,9009,4359,48,33624,0.72,0.60,100770,814,3186686,1790890,6033
966,34,82,160,9016,4378,48,33624,0.72,0.60,100901,842,3193661,1802431,6066
967,32,90,165,9033,4390,48,33624,0.72,0.60,101204,832,3209657,1808752,6083
968,63,92,169,9046,4399,48,33799,0.72,0.60,101470,832,3218843,1815707,6093
969,48,66,172,9055,4405,48,33835,0.72,0.60,101607,828,3223048,1822091,6100
970,25,39,169,9067,4412,48,33871,0.41,0.60,101624,841,3233920,1828629,6109
971,25,42,146,9084,4412,48,33871,0.40,0.60,101740,825,3245392,1832848,6109
972,16,44,139,9101,4418,48,33871,0.40,0.60,101788,831,3271240,1839361,6117
973,17,47,149,9118,4421,48,33890,0.39,0.61,101883,826,3281970,1843551,6121
974,32,54,149,9135,4424,48,33890,0.39,0.61,101900,831,3297227,1846987,6125
975,42,62,154,9152,4432,48,33924,0.39,0.61,102003,839,3310749,1854649,6135
976,36,60,150,9168,4436,48,33941,0.39,0.61,102150,831,3327968,1859270,6140
977,32,69,135,9185,4442,48,33976,0.39,0.61,102244,834,3344650,1867671,6147
978,42,91,144,9202,4446,48,33976,0.38,0.61,102409,827,3359798,1873310,6152
979,58,110,155,9219,4451,48,34010,0.38,0.61,102460,836,3374833,1880906,6158
980,59,93,168,9236,4454,48,34010,0.38,0.61,102623,827,3388875,1886418,6162
981,65,84,173,9253,4457,48,34046,0.41,0.61,102675,829,3398879,1892117,6166
982,48,75,173,9266,4458,48,34046,0.41,0.61,102709,828,3404825,1897372,6168
983,53,86,169,9278,4468,48,34058,0.41,0.61,102791,840,3418209,1905278,6182
984,76,102,173,9289,4475,48,34058,0.41,0.61,102946,835,3431017,1909242,6194
985,88,120,167,9293,4485,48,34110,0.41,0.61,103077,846,3433503,1916701,6209
986,116,134,162,9306,4503,48,34110,0.41,0.61,103291,861,3445411,1932545,6235
987,103,136,169,9322,4512,48,34335,0.41,0.61,103583,846,3458366,1946744,6248
988,67,126,171,9334,4522,48,34418,0.39,0.62,103778,845,3466023,1956749,6260
989,21,96,171,9344,4532,48,34436,0.39,0.62,103887,857,3473107,1964190,6274
990,9,45,171,9352,4540,48,34455,0.39,0.62,104018,862,3480835,1970910,6286
991,13,23,176,9362,4544,48,34455,0.40,0.62,104163,856,3503668,1975111,6291
992,16,19,175,9363,4545,49,34500,0.40,0.62,104313,840,3506937,1983681,6292
993,9,22,163,9373,4551,49,34500,0.40,0.62,104402,848,3515952,1986232,6299
994,13,31,158,9390,4555,49,34500,0.40,0.62,104431,853,3534304,1989427,6304
995,17,44,162,9407,4560,49,34500,0.40,0.62,104660,841,3546082,1992744,6310
996,39,60,175,9423,4563,49,34517,0.72,0.62,104800,831,3557231,1996735,6314
997,39,60,175,9427,4566,49,34517,0.72,0.62,104828,835,3563030,2003103,6317
998,26,51,144,9436,4572,49,34517,0.72,0.62,104863,844,3569422,2010846,6323
999,25,62,128,9453,4586,49,34517,0.72,0.62,105011,860,3577578,2017755,6342
1000,39,80,138,9470,4590,49,34549,0.39,0.62,105264,838,3600050,2023166,6346
1001,48,78,143,9487,4599,49,34784,0.38,0.62,105379,850,3613545,2032471,6356
1002,60,75,153,9504,4602,49,34914,0.38,0.62,105543,840,3629650,2042079,6360
1003,52,70,154,9521,4610,49,34914,0.37,0.63,105637,851,3641931,2046245,6371
1004,35,69,161,9538,4612,49,34914,0.38,0.63,105715,847,3653568,2051397,6373
1005,31,76,159,9554,4618,49,34977,0.39,0.63,105888,841,3666388,2057650,6381
1006,59,103,167,9571,4627,49,34992,0.39,0.63,105991,848,3685913,2065404,6395
1007,71,121,167,9585,4641,49,35008,0.40,0.63,108974,851,3694186,2073445,6415
1008,89,129,171,9598,4650,49,35047,0.40,0.63,109176,844,3704067,2083717,6428
1009,96,131,165,9607,4665,49,35225,0.40,0.63,109305,858,3709991,2096168,6444
1010,69,114,166,9623,4680,50,35237,0.40,0.63,109531,863,3725583,2107903,6464
1011,54,105,168,9634,4689,50,35264,0.39,0.63,109691,862,3732713,2113593,6477
1012,19,57,167,9646,4695,50,35276,0.39,0.63,109812,859,3742792,2118432,6485
1013,6,24,160,9661,4705,50,35289,0.39,0.63,109909,867,3757638,2124895,6498
1014,15,31,169,9678,4708,50,35289,0.39,0.63,110127,845,3776975,2128928,6502
1015,15,29,157,9691,4717,50,35289,0.69,0.63,110199,856,3789321,2136141,6512
1016,21,44,157,9708,4719,50,35289,0.69,0.63,110342,841,3804485,2140056,6515
1017,28,70,168,9725,4725,50,35289,0.69,0.64,110427,846,3825683,2147087,6521
1018,51,74,167,9738,4739,50,35318,0.69,0.64,110558,860,3837695,2155507,6536
1019,69,101,170,9753,4751,50,35365,0.39,0.64,110633,876,3846873,2173255,6551
1020,96,121,175,9762,4755,50,35500,0.39,0.64,110954,841,3853025,2185622,6555
1021,80,114,157,9770,4781,50,35615,0.39,0.64,111021,898,3858758,2208682,6589
1022,69,100,159,9786,4794,50,35810,0.38,0.64,111466,877,3871457,2219392,6606
1023,66,108,161,9803,4800,50,35922,0.38,0.64,111698,866,3889442,2229955,6614
1024,72,103,164,9820,4807,50,35922,0.37,0.64,111830,872,3905584,2240421,6624
1025,65,99,172,9834,4811,50,35934,0.37,0.64,112084,850,3919447,2246426,6632
1026,40,65,151,9844,4829,50,35959,0.37,0.64,112218,872,3934663,2255827,6656
1027,20,52,138,9861,4837,50,36021,0.37,0.64,112357,871,3948933,2262240,6664
1028,23,35,146,9878,4842,50,36051,0.37,0.64,112480,865,3972732,2267827,6671
1029,22,33,146,9895,4848,50,36076,0.37,0.64,112711,848,3996679,2272988,6679
1030,13,35,141,9911,4850,50,36076,0.36,0.64,112807,841,4009560,2279486,6682
1031,31,61,158,9928,4850,50,36076,0.38,0.64,112904,830,4044683,2282779,6682
1032,50,69,171,9945,4854,50,36076,0.38,0.65,112904,839,4059708,2291394,6687
1033,52,69,165,9962,4856,50,36092,0.38,0.65,112932,839,4080089,2296053,6690
1034,55,81,153,9979,4871,50,36092,0.38,0.65,113042,860,4109285,2307454,6709
1035,74,117,174,10008,4879,50,36216,0.38,0.65,113174,862,4138690,2312755,6719
1036,93,112,169,10014,4890,50,36428,0.38,0.65,113382,862,4143274,2329663,6734
1037,85,104,167,10029,4906,51,36734,0.38,0.65,117658,865,4153419,2346597,6763
1038,75,98,159,10046,4920,51,36749,0.38,0.65,118023,865,4168686,2357069,6784
1039,74,107,152,10063,4933,51,36785,0.38,0.65,118304,861,4183910,2367173,6802
1040,90,123,154,10079,4946,51,36926,0.38,0.65,118687,848,4198243,2378831,6818
1041,113,130,156,10096,4961,51,36983,0.38,0.65,118913,865,4211868,2396668,6841
1042,104,124,156,10113,4978,51,37420,0.37,0.65,119350,870,4231686,2421358,6863
1043,93,110,161,10130,4990,51,37504,0.37,0.65,119696,859,4248618,2444319,6877
1044,65,89,175,10148,4994,51,37524,0.36,0.65,119862,849,4274772,2450463,6883
1045,51,65,179,10157,4997,51,37524,0.36,0.65,120056,838,4281156,2457431,6888
1046,28,36,168,10161,5009,51,37593,0.36,0.66,120269,840,4290187,2467061,6901
1047,13,33,175,10176,5014,51,37632,0.37,0.66,120326,843,4310039,2471141,6906
1048,18,40,177,10192,5016,52,37632,0.38,0.66,120477,829,4323760,2473811,6909
1049,21,43,166,10205,5018,52,37632,0.38,0.66,120571,822,4331824,2480142,6913
1050,29,50,145,10222,5022,52,37727,0.37,0.66,120711,814,4342319,2486593,6918
1051,43,52,124,10239,5030,52,37799,0.37,0.66,120856,818,4352111,2494673,6926
1052,33,55,113,10256,5037,52,37834,0.37,0.66,121104,810,4367224,2499856,6937
1053,29,50,103,10273,5043,52,37834,0.37,0.66,121136,818,4389980,2507863,6946
1054,23,52,114,10290,5045,52,37834,0.67,0.66,121214,812,4409753,2515470,6948
1055,31,54,119,10307,5047,52,37867,0.37,0.66,121305,806,4424561,2521174,6951
1056,25,50,122,10324,5055,52,37910,0.37,0.66,121353,816,4454179,2527857,6963
1057,21,60,125,10341,5060,52,37910,0.37,0.66,121460,812,4481487,2530507,6971
1058,64,96,140,10358,5062,52,37910,0.37,0.66,121527,807,4506539,2532765,6973
1059,82,113,146,10375,5073,52,37928,0.37,0.66,121570,828,4519137,2542628,6985
1060,91,118,143,10391,5092,52,37928,0.37,0.67,121878,830,4527340,2556594,7012
1061,100,118,140,10408,5112,52,37984,0.37,0.67,122210,833,4541439,2572313,7040
1062,105,119,142,10425,5127,52,38106,0.37,0.67,122540,837,4557343,2585177,7063
1063,82,107,152,10442,5133,52,38296,0.36,0.67,122976,801,4583194,2596493,7075
1064,57,77,155,10459,5144,52,38336,0.36,0.67,123053,820,4595532,2606183,7090
1065,46,73,165,10476,5147,52,38349,0.35,0.67,123178,810,4608727,2615266,7094
1066,31,39,168,10493,5160,52,38439,0.34,0.67,123272,828,4624594,2624928,7111
1067,34,45,175,10510,5163,52,38439,0.33,0.67,123537,802,4636230,2629120,7117
1068,29,43,155,10520,5170,52,38465,0.33,0.67,123582,815,4642016,2637237,7129
1069,26,42,150,10537,5178,52,38465,0.34,0.67,123701,817,4655613,2643045,7141
1070,22,38,125,10554,5183,52,38513,0.36,0.67,123894,804,4675568,2649563,7147
1071,26,41,110,10570,5186,52,38513,0.36,0.67,123944,807,4699050,2653495,7150
1072,24,44,104,10587,5193,52,38513,0.36,0.67,124007,820,4711179,2659406,7157
1073,22,47,110,10604,5197,52,38539,0.36,0.67,124154,815,4725629,2663419,7162
1074,27,46,113,10621,5201,52,38591,0.36,0.67,124332,805,4737517,2669735,7166
1075,20,48,113,10638,5201,52,38591,0.36,0.68,124449,792,4748320,2676547,7166
1076,29,40,109,10655,5209,52,38672,0.35,0.68,124466,809,4764923,2684722,7176
1077,33,48,118,10672,5211,52,38692,0.35,0.68,124583,800,4778098,2689987,7178
1078,25,49,121,10689,5216,52,38718,0.35,0.68,124666,801,4797996,2695280,7185
1079,27,43,123,10706,5218,52,38738,0.35,0.68,124724,799,4813739,2699180,7188
1080,19,39,125,10723,5223,52,38764,0.35,0.68,124751,808,4839672,2703866,7195
1081,19,42,121,10740,5225,52,38805,0.34,0.68,124819,806,4876460,2710702,7198
1082,17,45,123,10757,5231,52,38836,0.34,0.68,124924,810,4899802,2713469,7204
1083,26,54,128,10774,5233,52,38836,0.34,0.68,125052,797,4924454,2720054,7206
1084,29,62,122,10791,5235,52,38836,0.34,0.68,125061,802,4941274,2729927,7208
1085,43,66,125,10809,5235,52,38836,0.33,0.68,125148,794,4972776,2739545,7208
1086,39,81,130,10826,5236,52,38861,0.33,0.68,125197,793,4997783,2744347,7209
1087,48,90,137,10843,5246,52,38861,0.33,0.68,125227,817,5016370,2751427,7228
1088,82,107,148,10861,5253,52,39140,0.33,0.68,125318,820,5034518,2758042,7238
1089,59,83,146,10878,5267,52,39268,0.33,0.69,125436,835,5052975,2781010,7255
1090,49,67,147,10897,5272,52,39444,0.33,0.69,125674,823,5090366,2791234,7261
1091,49,65,155,10915,5279,52,39464,0.33,0.69,125902,813,5115379,2799647,7270
1092,58,84,165,10932,5286,52,39489,0.33,0.69,126077,801,5137276,2808303,7279
1093,70,109,163,10949,5305,53,39542,0.33,0.69,126214,820,5157131,2823533,7303
1094,101,132,168,10966,5317,53,39590,0.33,0.69,126467,810,5184346,2840206,7318
1095,108,134,159,10981,5341,53,39759,0.33,0.69,126688,831,5217787,2867002,7348
1096,95,142,158,11000,5361,53,39801,0.33,0.69,127071,835,5240660,2891504,7373
1097,77,134,150,11019,5388,53,40022,0.33,0.69,127604,836,5263949,2922679,7406
1098,81,135,151,11037,5405,53,40381,0.33,0.69,128002,826,5288726,2944171,7430
1099,85,120,150,11058,5427,53,40688,0.32,0.69,128306,858,5314909,2977715,7457
1100,68,114,166,11081,5434,53,40915,0.31,0.69,128658,837,5343790,2995872,7466
1101,37,82,182,11100,5437,53,40992,0.33,0.69,128895,816,5371500,3004416,7471
1102,14,48,182,11106,5443,53,40992,0.33,0.69,129079,812,5377832,3013662,7478
1103,8,33,183,11109,5444,53,41004,0.34,0.70,129213,802,5379273,3020934,7480
1104,5,26,178,11122,5450,53,41004,0.34,0.70,129267,807,5407030,3026959,7487
1105,11,42,182,11137,5452,53,41004,0.34,0.70,129345,805,5441914,3032061,7497
1106,18,53,182,11139,5454,53,41004,0.34,0.70,129391,806,5446499,3037441,7499
1107,28,43,182,11141,5456,53,41004,0.34,0.70,129409,810,5447949,3042005,7502
1108,19,40,177,11155,5459,53,41004,0.34,0.70,129449,812,5469738,3048435,7505
1109,22,36,158,11172,5459,53,41048,0.33,0.70,129489,807,5498937,3053489,7505
1110,24,43,131,11189,5461,53,41048,0.33,0.70,129544,806,5519092,3058918,7508
1111,40,73,145,11207,5463,53,41080,0.33,0.70,129590,807,5545991,3063925,7510
1112,45,90,156,11224,5469,53,41136,0.33,0.70,129672,817,5583115,3073262,7518
1113,55,112,165,11241,5477,54,41156,0.33,0.70,132926,815,5601559,3084705,7530
1114,73,127,174,11261,5488,54,41168,0.33,0.70,133054,821,5624466,3099312,7544
1115,53,102,171,11275,5505,54,41190,0.32,0.70,133274,828,5652129,3111930,7573
1116,35,63,166,11292,5516,54,41279,0.31,0.70,133402,835,5682282,3128042,7588
1117,34,57,169,11314,5521,54,41329,0.31,0.71,133568,823,5706726,3132279,7595
1118,40,60,180,11333,5524,54,41329,0.30,0.71,133677,818,5724228,3142886,7599
1119,29,48,175,11346,5534,54,41404,0.31,0.71,133745,833,5747727,3155793,7613
1120,34,57,176,11356,5538,54,41420,0.31,0.71,133963,811,5767524,3159705,7619
1121,48,72,179,11365,5544,54,41420,0.31,0.71,134003,812,5777061,3165838,7629
1122,61,74,180,11371,5549,54,41446,0.31,0.71,134040,815,5780031,3177205,7636
1123,40,62,178,11382,5556,54,41457,0.31,0.71,134088,824,5792777,3185297,7646
1124,38,52,164,11404,5563,54,41546,0.31,0.71,134102,838,5822007,3198779,7655
1125,25,45,148,11421,5573,54,41579,0.31,0.71,134360,829,5851959,3206536,7669
1126,19,46,146,11438,5582,54,41604,0.32,0.71,134489,828,5887833,3213706,7681
1127,37,72,155,11456,5587,54,41604,0.72,0.71,134687,816,5917077,3219706,7688
1128,56,90,167,11473,5592,54,41604,0.72,0.71,134762,816,5954165,3226909,7694
1129,52,82,168,11490,5607,54,41604,0.72,0.71,134835,825,5975288,3238984,7715
1130,51,82,168,11506,5613,54,41629,0.32,0.71,134895,824,5996345,3249506,7722
1131,65,97,171,11523,5616,54,41629,0.32,0.72,135061,815,6019800,3258070,7726
1132,53,90,163,11540,5641,54,41799,0.32,0.72,135201,840,6059279,3277916,7765
1133,67,104,174,11558,5648,54,41825,0.32,0.72,135473,820,6096000,3286388,7773
1134,82,109,181,11574,5651,54,41877,0.32,0.72,135628,807,6121486,3296430,7777
1135,55,87,183,11585,5655,54,41877,0.32,0.72,135628,817,6135627,3316369,7783
1136,30,61,164,11592,5661,54,41910,0.31,0.72,135661,829,6142717,3325282,7793
1137,16,46,165,11609,5667,54,41922,0.31,0.72,135774,822,6155597,3332594,7801
1138,7,35,168,11626,5672,54,41922,0.31,0.72,135950,809,6185769,3338041,7808
1139,13,34,165,11644,5674,54,41922,0.31,0.72,135950,812,6229514,3344353,7810
1140,22,35,147,11661,5677,54,42085,0.30,0.72,135998,809,6265632,3354455,7813
1141,32,40,136,11678,5679,54,42102,0.29,0.72,136016,810,6278951,3360521,7815
1142,29,43,129,11697,5691,54,42114,0.29,0.72,136041,821,6314632,3371811,7832
1143,35,49,123,11714,5697,54,42114,0.30,0.72,136136,817,6331882,3377320,7839
1144,32,62,127,11732,5706,54,42114,0.30,0.72,136227,816,6374945,3386309,7851
1145,45,80,133,11749,5717,54,42156,0.30,0.73,136319,821,6411459,3396833,7868
1146,77,100,144,11766,5722,54,42190,0.30,0.73,136514,814,6442728,3406226,7876
1147,91,113,151,11784,5733,54,42286,0.30,0.73,136663,816,6464930,3419837,7891
1148,99,125,154,11801,5746,54,42507,0.30,0.73,136794,821,6490368,3449474,7907
1149,110,128,159,11818,5758,54,42671,0.29,0.73,136971,823,6502411,3469963,7922
1150,115,129,159,11836,5776,54,42884,0.29,0.73,137176,839,6526328,3495571,7950
1151,103,122,151,11853,5801,54,43140,0.29,0.73,137747,820,6543850,3525158,7979
1152,107,132,158,11870,5811,54,43446,0.29,0.73,137908,822,6560259,3553135,7991
1153,95,117,147,11892,5842,55,43659,0.29,0.73,138121,864,6579921,3602698,8034
1154,99,128,155,11909,5851,55,44015,0.29,0.73,138811,824,6608058,3626517,8048
1155,110,133,157,11926,5865,55,44355,0.29,0.73,139113,824,6630553,3649919,8066
1156,76,131,158,11944,5874,55,44406,0.29,0.73,139307,824,6654813,3668784,8079
1157,55,112,172,11967,5876,55,44432,0.28,0.73,139572,810,6674133,3680807,8082
1158,21,84,186,11982,5877,55,44432,0.28,0.73,139596,809,6719147,3688253,8083
1159,23,76,186,11993,5882,55,44458,0.28,0.74,139606,818,6740776,3698409,8088
1160,12,55,172,11998,5900,55,44509,0.29,0.74,139688,838,6746752,3708696,8111
1161,26,67,178,12015,5906,55,44546,0.72,0.74,140063,832,6758729,3716044,8118
1162,33,72,174,12029,5922,55,44546,0.72,0.74,140261,834,6773398,3726912,8135
1163,34,76,178,12045,5934,55,44581,0.72,0.74,140529,833,6792898,3739047,8147
1164,42,71,181,12059,5945,55,44641,0.72,0.74,140893,827,6801877,3749777,8161
1165,34,69,183,12070,5954,55,44899,0.72,0.74,141105,826,6810405,3766057,8172
1166,19,59,174,12089,5961,55,44953,0.29,0.74,141228,827,6849029,3776100,8180
1167,18,49,157,12107,5971,55,44976,0.29,0.74,141564,835,6880798,3788423,8192
1168,15,59,145,12125,5972,55,44976,0.30,0.75,141802,815,6898034,3792164,8193
1169,30,75,147,12145,5982,55,45044,0.30,0.75,142025,821,6923692,3801687,8205
1170,46,89,151,12163,5996,55,45044,0.30,0.75,142264,839,6951219,3815908,8237
1171,40,78,158,12181,6007,55,45101,0.30,0.75,142584,841,6972514,3824607,8252
1172,39,64,154,12198,6015,55,45137,0.29,0.75,142885,837,6985593,3839493,8264
1173,42,59,156,12216,6019,55,45137,0.29,0.75,143035,833,7008317,3850343,8269
1174,18,63,154,12241,6029,55,45159,0.29,0.75,143201,839,7026108,3863206,8286
1175,19,55,162,12259,6035,55,45159,0.29,0.75,143640,824,7050269,3870515,8292
1176,20,46,145,12277,6044,55,45202,0.29,0.75,143815,834,7067582,3879561,8303
1177,22,59,132,12294,6053,55,45202,0.28,0.76,144031,840,7092396,3887387,8314
1178,42,80,145,12312,6057,56,45202,0.28,0.76,144430,816,7117286,3894295,8318
1179,55,86,142,12330,6078,56,45235,0.28,0.76,144623,858,7146544,3910354,8349
1180,51,81,132,12347,6103,56,45353,0.28,0.76,145445,853,7168717,3932276,8384
1181,68,95,138,12365,6115,56,45497,0.28,0.76,146053,827,7198100,3949411,8401
1182,88,103,144,12382,6126,56,45524,0.28,0.76,146304,836,7224963,3977438,8416
1183,84,97,148,12406,6146,56,45548,0.28,0.76,146685,844,7259763,3999203,8443
1184,73,93,163,12430,6155,56,45604,0.28,0.76,147016,847,7283394,4012171,8455
1185,43,68,165,12447,6170,56,45713,0.28,0.76,147316,865,7308662,4022727,8475
1186,34,51,176,12465,6176,56,45740,0.28,0.77,147674,847,7332056,4029982,8484
1187,32,49,188,12479,6177,56,45740,0.27,0.77,148015,828,7349962,4040000,8485
1188,31,56,183,12493,6179,56,45740,0.27,0.77,148324,816,7365786,4047840,8487
1189,32,45,144,12509,6189,56,45740,0.26,0.77,148349,838,7388475,4055454,8499
1190,26,48,126,12527,6191,56,45740,0.25,0.77,148479,833,7407291,4061923,8502
1191,36,57,122,12544,6193,56,45740,0.25,0.77,148733,818,7439951,4072826,8505
1192,45,60,117,12562,6199,56,45740,0.26,0.77,148819,826,7473252,4078939,8514
1193,38,64,126,12579,6200,56,45760,0.27,0.77,148933,820,7512515,4087934,8516
1194,33,63,127,12597,6205,56,45772,0.27,0.77,149105,820,7542765,4096159,8523
1195,39,67,129,12615,6208,56,45798,0.27,0.78,149136,824,7560517,4106462,8528
1196,57,79,139,12632,6211,56,45798,0.26,0.78,149415,814,7584912,4114983,8533
1197,44,63,136,12650,6224,56,45798,0.26,0.78,149510,841,7615154,4126811,8552
1198,37,56,148,12668,6226,56,45809,0.26,0.78,149988,823,7630935,4132428,8554
1199,24,46,157,12685,6227,56,45809,0.27,0.78,150313,812,7647179,4136615,8555
1200,26,41,150,12703,6236,56,45844,0.27,0.78,150389,827,7681402,4145153,8566
1201,22,45,145,12721,6241,56,45884,0.26,0.78,150428,835,7717731,4153469,8574
1202,32,47,147,12738,6242,57,45884,0.26,0.78,150726,818,7733125,4159758,8575
1203,35,50,140,12756,6250,57,45933,0.26,0.78,150864,826,7777456,4172093,8587
1204,35,72,147,12774,6261,57,45933,0.26,0.79,151098,833,7808436,4180755,8604
1205,66,95,157,12791,6267,57,45980,0.26,0.79,151523,824,7834374,4191787,8610
1206,64,97,168,12809,6269,57,46193,0.26,0.79,151842,819,7856746,4211022,8613
1207,56,95,173,12827,6274,57,46210,0.26,0.79,152094,820,7892686,4223462,8620
1208,76,115,166,12846,6285,57,46210,0.26,0.79,152218,844,7915317,4234574,8633
1209,95,112,164,12864,6297,57,46210,0.26,0.79,152509,849,7941276,4249728,8647
1210,111,127,171,12882,6308,57,46226,0.72,0.79,152946,841,7963891,4260263,8673
1211,95,113,153,12899,6343,57,46275,0.72,0.79,153397,880,7994563,4287549,8714
1212,113,133,165,12927,6359,57,46370,0.72,0.79,154154,848,8026347,4316167,8730
1213,73,126,175,12949,6371,57,46440,0.26,0.80,154523,846,8054497,4328701,8746
1214,54,116,186,12966,6374,57,46458,0.25,0.80,154877,823,8080712,4337356,8749
1215,24,83,187,12975,6378,57,46514,0.25,0.80,155041,821,8106570,4346369,8755
1216,15,49,187,12984,6381,57,46514,0.24,0.80,155090,825,8122664,4350773,8760
1217,17,37,188,12992,6386,57,46582,0.24,0.80,155240,825,8129613,4361350,8766
1218,15,34,177,13003,6392,57,46600,0.23,0.80,155369,835,8146010,4369547,8776
1219,22,41,164,13021,6397,57,46600,0.23,0.80,155667,826,8174961,4375935,8784
1220,20,43,136,13038,6409,57,46631,0.25,0.80,155842,840,8213515,4391379,8806
1221,20,45,150,13056,6413,57,46643,0.25,0.80,156021,833,8261666,4397083,8812
1222,27,49,131,13074,6416,57,46660,0.25,0.81,156429,818,8273747,4406157,8818
1223,34,67,115,13091,6418,57,46660,0.25,0.81,156623,810,8290782,4411171,8821
1224,55,91,120,13109,6428,57,46660,0.25,0.81,156695,829,8321129,4422915,8835
1225,77,95,122,13127,6444,57,46748,0.25,0.81,156983,842,8357858,4438482,8860
1226,92,101,126,13148,6461,58,47028,0.24,0.81,157340,848,8385832,4467086,8886
1227,81,94,130,13168,6477,58,47293,0.24,0.81,157799,861,8406034,4493115,8913
1228,84,106,140,13190,6489,58,47317,0.21,0.81,158420,838,8457979,4505590,8938
1229,51,103,145,13207,6501,58,47330,0.22,0.81,158906,836,8494512,4516446,8980
1230,80,124,156,13226,6509,58,47330,0.72,0.81,159374,828,8521996,4529715,9018
1231,92,142,162,13244,6521,58,47469,0.72,0.81,159634,831,8556635,4552764,9044
1232,73,131,166,13261,6534,58,47615,0.72,0.81,160149,833,8583069,4581885,9070
1233,44,89,182,13285,6542,58,47615,0.23,0.82,160305,832,8612781,4597077,9086
1234,20,66,186,13296,6548,58,47669,0.23,0.82,160496,821,8636277,4603907,9104
1235,13,39,185,13302,6555,58,47669,0.23,0.82,160697,820,8646472,4612665,9126
1236,12,41,189,13314,6559,58,47669,0.23,0.82,160747,820,8679197,4618575,9136
1237,14,40,193,13325,6559,58,47669,0.23,0.82,160808,813,8698354,4624033,9136
1238,20,34,182,13338,6563,58,47669,0.24,0.82,160896,818,8722607,4630454,9146
1239,33,43,162,13355,6565,58,47709,0.23,0.82,160916,820,8744208,4636209,9150
1240,25,46,126,13373,6575,58,47845,0.23,0.82,160992,821,8779054,4647053,9180
1241,29,50,129,13390,6576,58,47845,0.23,0.82,161090,813,8829936,4656223,9184
1242,44,71,127,13408,6578,58,47920,0.23,0.82,161143,813,8848583,4665103,9192
1243,37,70,139,13425,6581,58,48096,0.22,0.82,161202,814,8887740,4674873,9202
1244,29,77,139,13443,6589,58,48109,0.22,0.82,161270,819,8915530,4684776,9226
1245,42,105,153,13460,6590,58,48109,0.22,0.82,161349,814,8955302,4689416,9240
1246,51,126,168,13478,6593,58,48173,0.22,0.83,161457,811,8995252,4701565,9248
1247,71,143,178,13495,6600,58,48224,0.21,0.83,161526,815,9051285,4721014,9272
1248,82,156,188,13510,6605,58,48248,0.21,0.83,161585,822,9089544,4735059,9288
1249,67,139,184,13517,6615,58,48348,0.21,0.83,161644,841,9097731,4750857,9318
1250,32,92,186,13529,6622,58,48479,0.20,0.83,161947,827,9120797,4765801,9340
1251,34,122,194,13544,6627,58,48479,0.20,0.83,162190,815,9152959,4774086,9358
1252,34,128,188,13544,6633,58,48557,0.20,0.83,162269,819,9152959,4783489,9378
1253,74,137,172,13554,6659,58,48597,0.20,0.83,162354,854,9191704,4806830,9454
1254,97,147,183,13575,6669,58,48597,0.20,0.83,162834,824,9240278,4828441,9482
1255,108,141,180,13590,6687,58,48697,0.20,0.83,163088,843,9269884,4860217,9540
1256,103,144,180,13606,6703,58,48818,0.20,0.83,163475,848,9298400,4892779,9590
1257,107,148,185,13624,6716,59,49220,0.20,0.83,163899,839,9328184,4934612,9634
1258,119,134,192,13633,6718,59,49220,0.20,0.83,164169,819,9351861,4947529,9640
1259,100,116,193,13638,6720,59,49302,0.20,0.84,164321,814,9356174,4958416,9643
1260,48,64,193,13643,6723,59,49302,0.20,0.84,164361,816,9365741,4966786,9648
1261,24,36,189,13653,6728,59,49315,0.22,0.84,164400,819,9377178,4972202,9655
1262,24,32,190,13662,6732,59,49315,0.20,0.84,164493,814,9407874,4978616,9660
1263,18,26,178,13673,6735,59,49352,0.20,0.84,164513,815,9433366,4984622,9666
1264,19,33,169,13691,6739,59,49396,0.19,0.84,164563,818,9462864,4989841,9673
1265,31,49,135,13708,6741,59,49396,0.19,0.84,164646,810,9491164,4997380,9675
1266,33,59,116,13726,6743,59,49410,0.20,0.84,164656,811,9536956,5001947,9679
1267,35,64,114,13743,6745,59,49422,0.20,0.84,164676,813,9575580,5013103,9682
1268,43,62,120,13761,6749,59,49436,0.21,0.84,164706,814,9610764,5034695,9689
1269,53,68,126,13778,6753,59,49454,0.21,0.84,164743,816,9657089,5044664,9696
1270,60,80,131,13798,6768,59,49496,0.21,0.84,164827,827,9685999,5061241,9718
1271,73,94,142,13817,6775,59,49565,0.21,0.84,165009,824,9726307,5077224,9727
1272,86,114,154,13837,6783,59,49632,0.21,0.84,165222,823,9777246,5093898,9741
1273,84,121,151,13858,6807,59,49937,0.21,0.85,165563,844,9799850,5116965,9780
1274,96,134,157,13876,6819,59,50093,0.21,0.85,166014,832,9827102,5137449,9804
1275,108,136,158,13895,6837,59,50412,0.21,0.85,166380,824,9851244,5161952,9833
1276,120,148,171,13913,6842,59,50522,0.21,0.85,166513,819,9880555,5180952,9842
1277,110,141,166,13932,6866,59,50842,0.21,0.85,166672,832,9912006,5224220,9877
1278,110,148,172,13950,6878,59,51027,0.21,0.85,166938,827,9957858,5248134,9896
1279,113,139,167,13969,6901,59,51329,0.21,0.85,167139,846,10003334,5281783,9931
1280,123,153,175,13987,6910,59,51850,0.21,0.85,167537,835,10045319,5316369,9947
1281,126,156,177,14006,6927,59,52456,0.21,0.85,167852,845,10086218,5353388,9975
1282,144,169,191,14025,6932,59,52789,0.21,0.85,168173,831,10110245,5377766,9983
1283,138,158,181,14031,6948,59,53196,0.21,0.85,168372,853,10120166,5426423,10012
1284,131,154,180,14047,6965,59,53517,0.72,0.85,169008,836,10165436,5474817,10037
1285,131,159,181,14064,6981,59,54228,0.72,0.85,169244,851,10185023,5517999,10055
1286,123,149,185,14084,6997,59,54952,0.21,0.86,169564,854,10207374,5558661,10072
1287,98,129,197,14100,7001,59,55134,0.20,0.86,169969,831,10217447,5574880,10081
1288,56,84,196,14104,7006,59,55217,0.20,0.86,170055,831,10220001,5584288,10090
1289,17,52,190,14108,7013,59,55245,0.62,0.86,170214,830,10222585,5595209,10103
1290,17,34,176,14126,7022,59,55245,0.20,0.86,170219,839,10255472,5604330,10115
1291,15,35,178,14143,7030,59,55245,0.19,0.86,170274,852,10285815,5614158,10127
1292,27,48,175,14161,7033,59,55245,0.19,0.86,170477,836,10309196,5620539,10131
1293,24,54,168,14178,7042,59,55302,0.19,0.86,170571,841,10332612,5630204,10146
1294,26,52,127,14196,7049,59,55321,0.19,0.86,170700,833,10363425,5639456,10156
1295,31,66,119,14213,7053,60,55378,0.17,0.86,170797,828,10385743,5648462,10162
1296,49,83,126,14231,7059,60,55481,0.19,0.86,170862,828,10421493,5659219,10172
1297,64,94,131,14248,7070,60,55481,0.19,0.86,174657,836,10466852,5678783,10189
1298,74,109,142,14266,7077,60,55552,0.19,0.86,174753,837,10498389,5687772,10201
1299,77,113,149,14283,7086,60,55643,0.19,0.87,174911,833,10547186,5704178,10216
1300,59,100,156,14307,7097,60,55643,0.18,0.87,174950,851,10600769,5726003,10234
1301,58,87,165,14326,7105,60,55715,0.18,0.87,175039,852,10634357,5742935,10248
1302,47,87,180,14344,7108,60,55741,0.16,0.87,175172,839,10664050,5752268,10251
1303,61,108,187,14361,7113,60,55779,0.16,0.87,175326,834,10707534,5769212,10260
1304,71,114,187,14371,7123,60,55779,0.72,0.87,175449,850,10722754,5778419,10271
1305,68,96,195,14381,7125,60,55928,0.72,0.87,175546,839,10736076,5795171,10274
1306,34,62,195,14390,7131,60,55928,0.17,0.87,175620,844,10747345,5810635,10282
1307,14,39,185,14403,7139,60,55928,0.16,0.87,175707,858,10776215,5816504,10295
1308,21,41,183,14421,7142,60,56014,0.16,0.87,175870,851,10841493,5825800,10300
1309,25,43,172,14438,7145,60,56014,0.17,0.87,176089,835,10886327,5832715,10306
1310,21,40,165,14456,7153,60,56091,0.17,0.87,176148,843,10922681,5845343,10318
1311,19,48,145,14473,7155,60,56120,0.58,0.87,176220,834,10968462,5851554,10322
1312,20,45,116,14491,7158,60,56120,0.58,0.88,176261,831,10997085,5861145,10326
1313,28,41,114,14509,7161,60,56190,0.18,0.88,176266,835,11069949,5868546,10329
1314,41,55,127,14526,7164,60,56190,0.18,0.88,176300,836,11102771,5877497,10333
1315,36,62,142,14544,7166,60,56209,0.18,0.88,176365,832,11167630,5888861,10335
1316,34,76,150,14561,7167,60,56209,0.18,0.88,176390,831,11210009,5895533,10337
1317,24,57,140,14579,7174,60,56209,0.16,0.88,176432,838,11249745,5907396,10347
1318,30,75,137,14596,7183,60,56224,0.16,0.88,176494,845,11286360,5915057,10360
1319,46,98,149,14615,7189,60,56249,0.16,0.88,176663,838,11317370,5921046,10370
1320,67,102,162,14632,7193,60,56315,0.17,0.88,176771,835,11340184,5930453,10375
1321,59,92,159,14650,7208,60,56352,0.17,0.88,176803,861,11388124,5953451,10402
1322,64,96,176,14677,7212,60,56503,0.18,0.88,176991,844,11433444,5964513,10408
1323,40,63,164,14695,7233,60,56542,0.18,0.88,177078,870,11469134,5984623,10440
1324,23,69,169,14712,7243,60,56542,0.18,0.88,177463,854,11488814,5999749,10457
1325,43,91,178,14730,7251,60,56636,0.18,0.88,177687,844,11514002,6008848,10469
1326,39,83,190,14748,7256,61,56636,0.18,0.89,177846,839,11542111,6025243,10478
1327,23,76,176,14761,7267,61,56650,0.17,0.89,177932,858,11561952,6036320,10496
1328,37,57,174,14779,7272,61,56670,0.16,0.89,178150,843,11587400,6042921,10503
1329,38,81,170,14796,7279,61,56733,0.15,0.89,178270,842,11622459,6052375,10516
1330,42,89,175,14814,7288,61,56757,0.15,0.89,178415,842,11661852,6066462,10531
1331,52,81,175,14831,7297,61,56835,0.15,0.89,178543,847,11689494,6073014,10547
1332,53,92,175,14849,7305,61,56835,0.15,0.89,178699,845,11716484,6085335,10560
1333,60,108,186,14866,7310,61,56924,0.15,0.89,178817,836,11760842,6101003,10569
1334,64,123,185,14883,7328,61,57093,0.15,0.89,178909,858,11789631,6116056,10594
1335,78,134,196,14898,7331,61,57264,0.15,0.89,179177,826,11829757,6127894,10599
1336,72,123,181,14905,7349,61,57358,0.15,0.89,179198,869,11840417,6158676,10628
1337,78,143,195,14924,7354,61,57451,0.15,0.89,179576,846,11879788,6168593,10634
1338,53,120,206,14938,7357,61,57464,0.15,0.89,179748,832,11899293,6181698,10639
1339,36,112,183,14938,7380,61,57464,0.72,0.90,179837,860,11899293,6208381,10680
1340,45,122,184,14955,7396,61,57592,0.72,0.90,180210,866,11939181,6237957,10703
1341,57,121,180,14973,7418,61,57831,0.72,0.90,180663,874,11975904,6257816,10730
1342,82,140,194,14993,7424,61,57978,0.72,0.90,181162,833,12000435,6270189,10736
1343,89,136,188,15001,7438,61,58135,0.72,0.90,181296,846,12009450,6297284,10752
1344,39,118,184,15014,7446,61,58135,0.72,0.90,181331,856,12028571,6319525,10763
1345,19,58,177,15032,7446,61,58135,0.16,0.90,181502,837,12079359,6330585,10763
1346,17,40,173,15050,7453,61,58135,0.16,0.90,181600,836,12113471,6340738,10777
1347,11,39,168,15067,7461,61,58165,0.16,0.90,181631,846,12157212,6351179,10792
1348,18,55,182,15085,7465,61,58165,0.16,0.90,181744,832,12191861,6358278,10797
1349,41,81,196,15103,7468,61,58245,0.16,0.90,181754,836,12219882,6366525,10802
1350,48,81,192,15115,7484,61,58349,0.16,0.90,181947,839,12261777,6390847,10830
1351,60,81,190,15123,7494,61,58545,0.16,0.90,182079,837,12289176,6405331,10847
1352,57,77,186,15137,7512,61,58545,0.16,0.91,182231,846,12334529,6429459,10877
1353,72,91,195,15156,7522,61,58646,0.16,0.91,182397,833,12350382,6468622,10893
1354,75,96,194,15165,7532,61,58806,0.16,0.91,182485,832,12373042,6491176,10911
1355,72,92,190,15173,7544,61,58854,0.16,0.91,182572,843,12381656,6516172,10930
1356,76,94,189,15189,7561,61,59210,0.16,0.91,182811,855,12396615,6564817,10956
1357,87,107,196,15201,7566,61,60176,0.16,0.91,183281,831,12419445,6591081,10963
1358,72,86,176,15212,7597,61,60682,0.16,0.91,183462,886,12428453,6646521,11013
1359,70,92,180,15225,7606,61,61456,0.16,0.91,184008,855,12440728,6676251,11029
1360,77,98,188,15243,7616,61,62038,0.16,0.91,184342,846,12464181,6696105,11045
1361,59,87,176,15261,7646,62,62302,0.16,0.91,185025,860,12511000,6741944,11098
1362,55,86,170,15278,7669,62,62711,0.16,0.91,185382,868,12565015,6780175,11135
1363,71,96,181,15296,7676,62,62876,0.16,0.91,185792,844,12604133,6800937,11145
1364,74,98,187,15313,7687,62,63067,0.16,0.91,185903,852,12638945,6827929,11164
1365,82,107,193,15331,7699,62,63442,0.16,0.92,186173,849,12671485,6850325,11185
1366,90,113,194,15343,7710,62,63710,0.16,0.92,186393,850,12685078,6880294,11199
1367,107,116,194,15350,7717,62,64167,0.16,0.92,186542,850,12692541,6918976,11208
1368,100,123,188,15376,7749,62,64384,0.15,0.92,186879,900,12725944,6975016,11262
1369,86,126,183,15394,7772,62,64436,0.15,0.92,187706,866,12750360,7008346,11297
1370,85,126,186,15414,7789,62,64494,0.15,0.92,188033,854,12797234,7039866,11326
1371,85,128,188,15435,7808,62,64816,0.15,0.92,188368,849,12843586,7065577,11358
1372,114,152,211,15466,7816,62,65274,0.15,0.92,188518,842,12884789,7094411,11368
1373,93,119,179,15475,7857,62,66004,0.15,0.92,188809,899,12891983,7162660,11429
1374,81,119,173,15491,7879,63,66345,0.15,0.92,195097,870,12931571,7194031,11472
1375,100,145,196,15518,7883,63,66399,0.15,0.92,195670,833,12974714,7217177,11477
1376,97,146,193,15530,7898,63,66463,0.14,0.92,195695,856,12998759,7241134,11501
1377,62,123,201,15540,7900,63,66491,0.13,0.92,195961,841,13011693,7256820,11505
1378,34,63,200,15541,7902,63,66519,0.13,0.93,196074,836,13012438,7270140,11509
1379,13,35,200,15545,7906,63,66519,0.12,0.93,196126,836,13026615,7276850,11516
1380,2,20,202,15548,7907,63,66548,0.12,0.93,196136,836,13033338,7281393,11518
1381,5,18,189,15557,7910,63,66548,0.14,0.93,196163,840,13082749,7286823,11523
1382,22,35,164,15574,7910,63,66548,0.14,0.93,196261,831,13115275,7291830,11523
1383,22,43,115,15592,7915,63,66866,0.14,0.93,196261,841,13169713,7311706,11531
1384,35,51,97,15610,7920,63,66866,0.13,0.93,196313,842,13219566,7322510,11539
1385,33,58,99,15627,7921,63,66866,0.12,0.93,196339,839,13273487,7330961,11540
1386,29,60,106,15645,7923,63,66866,0.14,0.93,196391,835,13307658,7340363,11544
1387,25,49,120,15663,7925,63,66928,0.12,0.93,196401,838,13334709,7350817,11547
1388,34,48,134,15680,7927,63,66928,0.12,0.93,196427,839,13372693,7360137,11550
1389,27,49,138,15698,7931,63,67047,0.12,0.93,196466,843,13419306,7370192,11556
1390,34,49,142,15716,7932,63,67170,0.11,0.94,196518,835,13474871,7376777,11558
1391,46,73,153,15733,7936,63,67416,0.12,0.94,196559,837,13507874,7394178,11565
1392,62,91,160,15751,7947,63,67752,0.11,0.94,196601,852,13576730,7416521,11590
1393,80,104,168,15768,7956,63,67952,0.11,0.94,196812,843,13626986,7439005,11604
1394,75,94,165,15786,7962,63,68036,0.11,0.94,196918,842,13678565,7460677,11614
1395,58,77,148,15804,7978,63,68145,0.11,0.94,197004,871,13716828,7483652,11641
1396,52,67,146,15821,7984,63,68217,0.11,0.94,197218,856,13754391,7496133,11650
1397,68,90,161,15839,7987,63,68217,0.11,0.94,197407,841,13837305,7518256,11660
1398,83,117,172,15857,7994,63,68336,0.10,0.94,197545,839,13897668,7535613,11669
1399,90,100,175,15874,8008,63,68448,0.10,0.94,197594,860,13938486,7561683,11692
1400,77,92,180,15892,8015,63,68477,0.10,0.94,197647,867,13977050,7586151,11703
1401,54,85,182,15910,8018,63,68503,0.10,0.94,197845,847,14036463,7599777,11708
1402,65,89,186,15927,8021,63,68565,0.13,0.94,197985,835,14096431,7606990,11714
1403,70,103,188,15945,8025,63,68565,0.10,0.95,198017,837,14128596,7627001,11721
1404,56,91,186,15962,8029,63,68565,0.12,0.95,198049,842,14176645,7645194,11729
1405,64,78,182,15979,8031,63,68607,0.12,0.95,198070,843,14212880,7657956,11733
1406,67,87,187,15997,8035,63,68642,0.12,0.95,198154,841,14236635,7669871,11741
1407,78,101,195,16015,8045,63,68721,0.12,0.95,198239,850,14291010,7681367,11767
1408,79,107,195,16026,8056,63,68805,0.12,0.95,198377,848,14313738,7699847,11785
1409,74,88,184,16038,8062,63,68821,0.12,0.95,198419,853,14331330,7718842,11796
1410,84,94,199,16063,8064,63,68860,0.11,0.95,198502,844,14361246,7728297,11799
1411,73,79,196,16069,8073,63,68860,0.11,0.95,198594,851,14374351,7750471,11817
1412,42,59,196,16086,8081,63,68902,0.10,0.95,198635,856,14395659,7756179,11830
1413,55,85,192,16104,8084,63,68902,0.10,0.95,198768,846,14443462,7766497,11835
1414,70,97,187,16121,8099,63,68932,0.10,0.95,198889,860,14485339,7786592,11861
1415,83,104,195,16139,8108,63,69056,0.10,0.95,199050,853,14517571,7798218,11872
1416,69,82,189,16157,8121,63,69085,0.10,0.96,199157,863,14566789,7817078,11895
1417,80,94,181,16174,8131,63,69085,0.10,0.96,199454,846,14599676,7832407,11910
1418,68,90,184,16192,8140,63,69143,0.10,0.96,199502,855,14651663,7848769,11925
1419,55,79,172,16211,8153,63,69206,0.10,0.96,199568,872,14708040,7867756,11945
1420,59,99,164,16228,8163,64,69206,0.72,0.96,199823,851,14743796,7881207,11966
1421,83,120,174,16246,8171,64,69206,0.72,0.96,199957,843,14768203,7899861,11975
1422,81,112,178,16264,8185,64,69282,0.72,0.96,200030,865,14808635,7935335,11992
1423,42,80,185,16281,8193,64,69282,0.09,0.96,200158,869,14847037,7944809,12003
1424,27,63,192,16299,8198,64,69282,0.09,0.96,200349,860,14879176,7952933,12012
1425,40,68,196,16317,8198,64,69282,0.09,0.96,200579,839,14909843,7959879,12012
1426,41,62,194,16331,8209,64,69364,0.09,0.96,200622,856,14932921,7981730,12031
1427,45,59,198,16347,8214,64,69385,0.10,0.96,200709,856,14986080,7993412,12039
1428,40,55,193,16364,8220,64,69463,0.10,0.96,200840,849,15020768,8003655,12050
1429,35,50,168,16382,8225,64,69556,0.10,0.97,200977,846,15094044,8014200,12059
1430,33,57,139,16399,8229,64,69556,0.10,0.97,201036,845,15125356,8025360,12065
1431,38,56,142,16417,8229,64,69556,0.09,0.97,201094,836,15205506,8035469,12065
1432,36,53,144,16435,8236,64,69556,0.09,0.97,201143,847,15250564,8051912,12078
1433,51,80,148,16452,8243,64,69556,0.72,0.97,201315,843,15288450,8068011,12097
1434,74,100,151,16470,8258,64,69695,0.72,0.97,201486,854,15328511,8083462,12115
1435,63,91,160,16494,8273,64,69725,0.72,0.97,201611,868,15376588,8106690,12133
1436,35,74,166,16511,8276,64,69767,0.08,0.97,201703,861,15442104,8125102,12137
1437,24,53,167,16531,8286,64,69876,0.08,0.97,201845,866,15486925,8138370,12153
1438,23,80,178,16549,8291,64,69876,0.09,0.97,202146,841,15534456,8150816,12160
1439,55,105,187,16567,8300,64,69931,0.09,0.97,202206,850,15562856,8166319,12176
1440,70,122,189,16584,8315,64,70020,0.07,0.97,202468,854,15600181,8182135,12199
1441,62,94,186,16602,8334,64,70020,0.08,0.98,202645,869,15667698,8204996,12230
1442,51,67,189,16624,8339,64,70020,0.08,0.98,202725,864,15727715,8221384,12239
1443,43,62,188,16641,8345,64,70020,0.09,0.98,202850,853,15761171,8232647,12247
1444,29,64,194,16659,8348,64,70020,0.09,0.98,202920,845,15787403,8242729,12253
1445,26,63,195,16677,8351,64,70080,0.10,0.98,202941,846,15831743,8251200,12259
1446,24,64,185,16695,8352,64,70144,0.10,0.98,202996,840,15907530,8260090,12261
1447,34,66,163,16712,8357,64,70144,0.09,0.98,203046,844,15950343,8272758,12270
1448,46,72,165,16730,8360,64,70144,0.09,0.98,203133,841,16028032,8279213,12276
1449,50,66,153,16748,8364,64,70144,0.09,0.98,203160,844,16069317,8294222,12281
1450,43,58,153,16765,8367,64,70144,0.09,0.98,203187,846,16111084,8304571,12286
1451,33,56,141,16783,8372,64,70144,0.06,0.98,203257,844,16146223,8316169,12294
1452,40,69,141,16801,8382,64,70174,0.07,0.98,203333,856,16180999,8332186,12311
1453,60,84,145,16819,8396,64,70199,0.07,0.98,203632,857,16260481,8347096,12345
1454,74,90,152,16836,8406,64,70287,0.07,0.99,203784,849,16289066,8360948,12363
1455,78,96,153,16854,8423,64,70329,0.07,0.99,203883,867,16318115,8384651,12389
1456,82,101,155,16872,8436,64,70505,0.07,0.99,204074,867,16372941,8402306,12409
1457,90,109,175,16900,8443,64,70590,0.07,0.99,204226,857,16453126,8423346,12420
1458,85,106,178,16927,8456,64,70655,0.08,0.99,204346,859,16504074,8453736,12440
1459,67,97,177,16946,8465,64,70704,0.08,0.99,204477,849,16540176,8469438,12454
1460,50,74,179,16964,8472,64,70750,0.08,0.99,204519,855,16602492,8484628,12464
1461,52,69,185,16998,8476,64,70780,0.08,0.99,204594,849,16693063,8494962,12470
1462,61,72,181,17016,8480,64,70884,0.09,0.99,204659,848,16720453,8519747,12476
1463,60,75,176,17034,8495,64,71452,0.08,0.99,204833,868,16759585,8543797,12498
1464,68,81,173,17052,8516,64,72032,0.08,1.00,205388,876,16797662,8579979,12531
1465,83,100,182,17070,8525,64,72577,0.08,1.00,205852,852,16833636,8601491,12546
1466,79,93,172,17088,8537,64,72659,0.08,1.00,206047,861,16866367,8623379,12562
1467,75,87,164,17108,8539,64,72694,0.08,1.00,206368,844,16916318,8649817,12566
1468,82,95,164,17126,8549,64,72694,0.08,1.00,206431,863,16936231,8670173,12583
1469,86,96,155,17144,8576,64,72796,0.08,1.00,206996,897,16963547,8702706,12627
1470,97,119,157,17169,8599,65,73036,0.08,1.00,207932,882,17024871,8736970,12667
1471,94,131,166,17189,8610,65,73144,0.08,1.00,208414,874,17043357,8765138,12687
1472,96,142,184,17221,8624,65,73360,0.08,1.00,209255,868,17075268,8808649,12711
1473,71,136,194,17245,8638,65,73495,0.08,1.00,209399,888,17105809,8827753,12730
1474,86,124,207,17261,8641,65,73495,0.07,1.00,210078,847,17131071,8849298,12736
1475,69,85,204,17264,8646,65,73640,0.07,1.00,210305,845,17143990,8864333,12744
1476,29,59,207,17277,8648,65,73640,0.07,1.00,210442,842,17186974,8871440,12746
1477,20,40,202,17288,8655,65,73689,0.07,1.00,210504,856,17206941,8885956,12757
1478,27,48,200,17306,8660,65,73689,0.07,1.00,210656,856,17251530,8894938,12765
1479,40,72,203,17319,8667,65,73689,0.07,1.00,211019,844,17288230,8908658,12776
1480,40,100,197,17329,8683,65,73739,0.07,1.00,211262,875,17345291,8928574,12803
1481,39,107,194,17341,8698,65,73739,0.07,1.00,211705,880,17370984,8945022,12828
1482,57,112,203,17359,8707,65,73798,0.07,1.00,212096,861,17414313,8963228,12841
1483,85,124,207,17367,8711,65,73911,0.07,1.00,212314,845,17422371,8981079,12848
1484,74,117,206,17371,8715,65,74077,0.06,1.00,212516,840,17435861,8996386,12854
1485,50,80,204,17380,8722,65,74116,0.06,1.00,212642,845,17448107,9010331,12865
1486,27,42,206,17393,8725,65,74116,0.06,1.00,212741,843,17467751,9022112,12870
1487,20,28,203,17407,8731,65,74293,0.06,1.00,212851,852,17491376,9037328,12882
1488,24,36,196,17422,8733,65,74365,0.06,1.00,213087,846,17513257,9048351,12885
1489,20,32,184,17440,8744,65,74423,0.05,1.00,213312,860,17540531,9063583,12903
1490,24,37,160,17458,8746,65,74485,0.05,1.00,213730,839,17559440,9072405,12907
1491,41,58,128,17477,8755,65,74526,0.05,1.00,214132,847,17637782,9083992,12920
1492,51,67,137,17495,8762,65,74658,0.05,1.00,214463,841,17697115,9098428,12931
1493,52,65,150,17515,8769,65,74658,0.05,1.00,214567,849,17740893,9117389,12941
1494,46,66,155,17535,8784,65,74929,0.05,1.00,214675,883,17799713,9141238,12963
1495,39,67,166,17553,8790,65,74929,0.05,1.00,215006,856,17836506,9154016,12971
1496,38,62,177,17571,8792,65,75030,0.05,1.00,215144,851,17873670,9168331,12973
1497,30,57,170,17589,8796,66,75030,0.05,1.00,215411,838,17903179,9187327,12979
1498,43,80,159,17607,8800,66,75030,0.05,1.00,215641,832,17921545,9201418,12985
1499,64,102,171,17626,8807,66,75055,0.05,1.00,215730,844,17987705,9219426,12999
